fold,target,smiles,y_true,prob
0,VAV1,C#CCN(C)C(=O)Nc1ccc(-c2cccc(C3CCC(=O)NC3=O)c2Cl)cc1C,1,0.4436227659834235
0,VAV1,C#CCN(C)C(=O)Oc1ccc(-c2cccc(C3CCC(=O)NC3=O)c2Cl)cc1C,1,0.4720811697528046
0,VAV1,C#Cc1c(-c2ccc(-c3c(C)ccn(C)c3=O)cc2)cccc1C1CCC(=O)NC1=O,1,0.35426224280005164
0,VAV1,C#Cc1c(-c2ccc(-c3c(COC)ccn(C)c3=O)cc2)cccc1C1CCC(=O)NC1=O,1,0.4791421918300382
0,VAV1,C#Cc1c(-c2ccc(-c3c(OCC(F)(F)F)cc[nH]c3=O)cc2)cccc1C1CCC(=O)NC1=O,1,0.4718221935366352
0,VAV1,C#Cc1c(-c2ccc(-c3c(OCC(F)(F)F)ccn(C)c3=O)cc2)cccc1C1CCC(=O)NC1=O,1,0.4887212709625032
0,VAV1,C#Cc1c(-c2ccc(-c3c(OCC(F)(F)F)ccn(C4CC4)c3=O)cc2)cccc1C1CCC(=O)NC1=O,1,0.4855773463274083
0,VAV1,C#Cc1c(-c2ccc(-c3c(OCC(F)(F)F)ccn(CC)c3=O)cc2)cccc1C1CCC(=O)NC1=O,1,0.5066856044069388
0,VAV1,C#Cc1c(-c2ccc(-c3c(OCCC(F)(F)F)cc[nH]c3=O)cc2)cccc1C1CCC(=O)NC1=O,1,0.4718221935366352
0,VAV1,C#Cc1c(-c2ccc(-c3c(OCCC(F)(F)F)ccn(C)c3=O)cc2)cccc1C1CCC(=O)NC1=O,1,0.4887212709625032
0,VAV1,C#Cc1c(-c2ccc(-c3c(OCCC(F)(F)F)ccn(C4CC4)c3=O)cc2)cccc1C1CCC(=O)NC1=O,1,0.4855773463274083
0,VAV1,C#Cc1c(-c2ccc(-c3c(OCCC(F)(F)F)ccn(CC)c3=O)cc2)cccc1C1CCC(=O)NC1=O,1,0.5066856044069388
0,VAV1,C#Cc1c(-c2ccc(-n3c(-n4cccn4)cc(C(F)(F)F)cc3=O)cc2)cccc1C1CCC(=O)NC1=O,1,0.49598424590093965
0,VAV1,C#Cc1c(-c2ccc(-n3c(C(F)(F)F)cc(C(F)F)cc3=O)cc2)cccc1C1CCC(=O)NC1=O,1,0.42775517582267
0,VAV1,C#Cc1c(-c2ccc(-n3c(C(F)(F)F)cc(C)cc3=O)cc2)cccc1C1(F)CCC(=O)NC1=O,1,0.4205011836934612
0,VAV1,C#Cc1c(-c2ccc(-n3c(C(F)(F)F)cc(C)cc3=O)cc2)cccc1C1CCC(=O)NC1=O,1,0.42735218874022246
0,VAV1,C#Cc1c(-c2ccc(-n3c(C(F)(F)F)cc(C)cc3=O)cc2)cccc1[C@@H]1CCC(=O)NC1=O,1,0.42735218874022246
0,VAV1,C#Cc1c(-c2ccc(-n3c(C(F)(F)F)cc(C)cc3=O)cc2)cccc1[C@H]1CCC(=O)NC1=O,1,0.42735218874022246
0,VAV1,C#Cc1c(-c2ccc(-n3c(C(F)(F)F)cc(OC)cc3=O)cc2)cccc1C1CCC(=O)NC1=O,1,0.4513512982330146
0,VAV1,C#Cc1c(-c2ccc(-n3c(C(F)F)cccc3=O)cc2)cccc1C1CCC(=O)NC1=O,1,0.4032426624423304
0,VAV1,C#Cc1c(-c2ccc(-n3c(C)c(C)c(C)cc3=O)cc2)cccc1C1CCC(=O)NC1=O,1,0.40880530440259655
0,VAV1,C#Cc1c(-c2ccc(-n3c(C)c(C)c(OC)cc3=O)cc2)cccc1C1CCC(=O)NC1=O,1,0.4249334952562737
0,VAV1,C#Cc1c(-c2ccc(-n3c(C)cc(C)cc3=O)cc2)cccc1C1CCC(=O)NC1=O,1,0.4008382933307801
0,VAV1,C#Cc1c(-c2ccc(-n3c(C)cc(OC)cc3=O)cc2)cccc1C1CCC(=O)NC1=O,1,0.4174173461879508
0,VAV1,C#Cc1c(-c2ccc(-n3c(C)cccc3=O)cc2)cccc1C1CCC(=O)NC1=O,1,0.4010056509731377
0,VAV1,C#Cc1c(-c2ccc(-n3c(C4CC4)cc(C(F)(F)F)cc3=O)cc2)cccc1C1CCC(=O)NC1=O,1,0.4243349632790414
0,VAV1,C#Cc1c(-c2ccc(-n3c(C4CC4)cc(C)cc3=O)cc2)cccc1C1CCC(=O)NC1=O,1,0.39648313230016324
0,VAV1,C#Cc1c(-c2ccc(-n3c(C4CC4)cccc3=O)cc2)cccc1C1CCC(=O)NC1=O,1,0.39200086642402315
0,VAV1,C#Cc1c(-c2ccc(-n3c(C4CCCCC4)cc(C(F)F)cc3=O)cc2)cccc1C1CCC(=O)NC1=O,1,0.3962426190942057
0,VAV1,C#Cc1c(-c2ccc(-n3c(CC4CC4)cc(C(F)(F)F)cc3=O)cc2)cccc1C1CCC(=O)NC1=O,1,0.43650424128259174
0,VAV1,C#Cc1c(-c2ccc(-n3c(CCC(F)(F)F)cc(C)cc3=O)cc2)cccc1C1CCC(=O)NC1=O,1,0.4490579976676322
0,VAV1,C#Cc1c(-c2ccc(-n3c(CCC(F)(F)F)cc(OC)cc3=O)cc2)cccc1C1CCC(=O)NC1=O,1,0.4768830868336512
0,VAV1,C#Cc1c(-c2ccc(-n3c(CCC(F)(F)F)cc(OCC)cc3=O)cc2)cccc1C1CCC(=O)NC1=O,1,0.5134961067451258
0,VAV1,C#Cc1c(-c2ccc(-n3c(CN(C)C)cccc3=O)cc2)cccc1C1CCC(=O)NC1=O,1,0.4542984275894608
0,VAV1,C#Cc1c(-c2ccc(-n3c(CO)cccc3=O)cc2)cccc1C1CCC(=O)NC1=O,1,0.4678845030148323
0,VAV1,C#Cc1c(-c2ccc(-n3c(COC)cccc3=O)cc2)cccc1C1CCC(=O)NC1=O,1,0.5238026900697585
0,VAV1,C#Cc1c(-c2ccc(-n3c(N4CC5CC5C4)cc(C(F)F)cc3=O)cc2)cccc1C1CCC(=O)NC1=O,1,0.5025607536138141
0,VAV1,C#Cc1c(-c2ccc(-n3c(N4CCCC4)cc(C(F)(F)F)cc3=O)cc2)cccc1C1CCC(=O)NC1=O,1,0.5186596212230792
0,VAV1,C#Cc1c(-c2ccc(-n3c(N4CCOCC4)cc(C(F)F)cc3=O)cc2)cccc1C1CCC(=O)NC1=O,1,0.5397699464600716
0,VAV1,C#Cc1c(-c2ccc(-n3c(OC4CC(F)(F)C4)cc(C(F)(F)F)cc3=O)cc2)cccc1C1CCC(=O)NC1=O,1,0.4707515017293446
0,VAV1,C#Cc1c(-c2ccc(-n3c(OC4CC4)cc(C(F)(F)F)cc3=O)cc2)cccc1C1CCC(=O)NC1=O,1,0.45634687159173243
0,VAV1,C#Cc1c(-c2ccc(-n3c(OC4CC4)cc(C(F)F)cc3=O)cc2)cccc1C1CCC(=O)NC1=O,1,0.4331876095150316
0,VAV1,C#Cc1c(-c2ccc(-n3c(OCC(F)(F)F)cc(C(F)(F)F)cc3=O)cc2)cccc1C1CCC(=O)NC1=O,1,0.5091092583494014
0,VAV1,C#Cc1c(-c2ccc(-n3c(OCC(F)(F)F)cc(C(F)F)cc3=O)cc2)cccc1C1CCC(=O)NC1=O,1,0.5091092583494014
0,VAV1,C#Cc1c(-c2ccc(-n3c(OCC(F)(F)F)cc(C)cc3=O)cc2)cccc1C1CCC(=O)NC1=O,1,0.5063288037962319
0,VAV1,C#Cc1c(-c2ccc(-n3c(OCCC(F)(F)F)cc(C(F)(F)F)cc3=O)cc2)cccc1C1CCC(=O)NC1=O,1,0.5091092583494014
0,VAV1,C#Cc1c(-c2ccc(-n3c(O[C@@H]4CCOC4)cc(C(F)(F)F)cc3=O)cc2)cccc1C1CCC(=O)NC1=O,1,0.5742315975660764
0,VAV1,C#Cc1c(-c2ccc(-n3c(O[C@@H]4CCOC4)cc(C(F)F)cc3=O)cc2)cccc1C1CCC(=O)NC1=O,1,0.560050619135099
0,VAV1,C#Cc1c(-c2ccc(-n3c(O[C@H]4CCOC4)cc(C(F)(F)F)cc3=O)cc2)cccc1C1CCC(=O)NC1=O,1,0.5742315975660764
0,VAV1,C#Cc1c(-c2ccc(-n3c(O[C@H]4CCOC4)cc(C(F)F)cc3=O)cc2)cccc1C1CCC(=O)NC1=O,1,0.560050619135099
0,VAV1,C#Cc1c(-c2ccc(-n3ccccc3=O)cc2)cccc1C1CCC(=O)NC1=O,1,0.39830495075356326
0,VAV1,C#Cc1c(-c2ccc(N3C(=O)COCC34CC4)cc2)cccc1C1CCC(=O)NC1=O,1,0.4817258832904188
0,VAV1,C#Cc1c(OC)cc(=O)n(-c2ccc(-c3cccc(N4CCC(=O)NC4=O)c3Cl)cc2)c1C,1,0.4781941953929874
0,VAV1,C=C1CN(C(=O)Nc2ccc(-c3cccc(C4CCC(=O)NC4=O)c3Cl)cc2C)C1,1,0.4953785529949725
0,VAV1,CC#Cc1c(-c2ccc(-n3c(C(F)(F)F)cc(C)cc3=O)cc2)cccc1C1CCC(=O)NC1=O,1,0.4255598090610781
0,VAV1,CC(=O)N(C)CCn1cc2ccc3cc(-c4cccc(C5CCC(=O)NC5=O)c4Cl)ccc3c2n1,1,0.4293036610488587
0,VAV1,CC(=O)N(Cc1ccn(C)n1)c1ccc(-c2cccc(C3CCC(=O)NC3=O)c2Cl)cc1,1,0.40357827010717656
0,VAV1,CC(=O)N1CC2CC2c2cc(-c3cccc(C4CCC(=O)NC4=O)c3Cl)ccc21,1,0.3566363955064398
0,VAV1,CC(=O)N1CCCOc2cc(-c3cccc(C4CCC(=O)NC4=O)c3Cl)ccc21,1,0.45691775468376555
0,VAV1,CC(=O)N1CCSc2cc(-c3cccc(C4CCC(=O)NC4=O)c3Cl)ccc21,1,0.4215580124078398
0,VAV1,CC(=O)NCCn1cc2c(n1)-c1ccc(-c3cccc(C4CCC(=O)NC4=O)c3Cl)cc1CC2,1,0.3752165959157908
0,VAV1,CC(=O)Nc1sc(-c2cccc(C3CCC(=O)NC3=O)c2Cl)cc1C,1,0.34506303369683766
0,VAV1,CC(=O)Nc1sc(-c2cccc(C3CCC(=O)NC3=O)c2Cl)cc1C1CC1,1,0.34503202864944427
0,VAV1,CC(=O)Nc1sc(-c2cccc(C3CCC(=O)NC3=O)c2Cl)cc1Cl,1,0.3473144073232113
0,VAV1,CC(C)(C)c1cnc(N2CC3(C2)CN(c2cccc(C4CCC(=O)NC4=O)c2Cl)C3)o1,0,0.48727726903755636
0,VAV1,CC(C)(C)c1cnc(N2CCN(c3cccc(C4CCC(=O)NC4=O)c3Cl)CC2)o1,0,0.4674773260619524
0,VAV1,CC(C)(O)Cn1cc2c(n1)CCc1cc(-c3cccc(C4CCC(=O)NC4=O)c3Cl)ccc1-2,1,0.3531145036945131
0,VAV1,CC(C)(O)Cn1ncc2c1CCc1cc(-c3cccc(C4CCC(=O)NC4=O)c3Cl)ccc1-2,1,0.3394764695064789
0,VAV1,CC(C)(O)c1cccn(-c2ccc(-c3cccc(C4CCC(=O)NC4=O)c3Cl)s2)c1=O,1,0.4131448729681704
0,VAV1,CC(C)Cn1cncc(N2CCN(c3cccc(C4CCC(=O)NC4=O)c3Cl)CC2)c1=O,1,0.4814837861547852
0,VAV1,CC(C)Cn1nccc(N2CCC(c3cccc(C4CCC(=O)NC4=O)c3Cl)CC2)c1=O,1,0.43496151324583004
0,VAV1,CC(C)N1CCc2cc(-c3cccc(C4CCC(=O)NC4=O)c3Cl)ccc2C(=O)N1,1,0.31369537940366704
0,VAV1,CC(C)Oc1cc(C(F)F)cc(=O)n1-c1cccc(-n2ncc3c(C4CCC(=O)NC4=O)cccc32)c1,1,0.4331781566766814
0,VAV1,CC(C)n1cccc(N2CCN(c3cccc(C4CCC(=O)NC4=O)c3Cl)CC2)c1=O,1,0.44435824353202696
0,VAV1,CC(F)(F)c1cccn(-c2ccc(-c3cccc(C4CCC(=O)NC4=O)c3Cl)cc2)c1=O,1,0.379937007501438
0,VAV1,CC(Oc1cc(C(F)(F)F)cc(=O)n1-c1cccc(-n2ncc3c(C4CCC(=O)NC4=O)cccc32)c1)C(F)(F)F,1,0.45230224555909737
0,VAV1,CC(Oc1cc(C(F)F)cc(=O)n1-c1cccc(-n2ncc3c(C4CCC(=O)NC4=O)cccc32)c1)C(F)(F)F,1,0.45230224555909737
0,VAV1,CC1(C)C=Cc2cc(-c3cccc(C4(F)CCC(=O)NC4=O)c3Cl)ccc2C(=O)N1,1,0.28440999946108525
0,VAV1,CC1(C)C=Cc2cc(-c3cccc(C4CCC(=O)NC4=O)c3Cl)ccc2C(=O)N1,1,0.2843311312029067
0,VAV1,CC1(C)C=Cc2cc(-c3cccc(C4CCC(=O)NC4=O)c3Cl)ccc2NC1=O,1,0.3344756347063587
0,VAV1,CC1(C)CCCc2cc(-c3cccc(C4CCC(=O)NC4=O)c3Cl)ccc2N1,1,0.3623390590888136
0,VAV1,CC1(C)CCc2cc(-c3cccc(C4CCC(=O)NC4=O)c3Cl)ccc2C(=O)N1,1,0.306290959487413
0,VAV1,CC1(C)CCc2cc(-c3cccc(C4CCC(=O)NC4=O)c3Cl)ccc2NC1=O,1,0.35183831443084224
0,VAV1,CC1(C)CCn2c1nc1ccc(=O)n(-c3ccc(-c4cccc(C5CCC(=O)NC5=O)c4Cl)cc3)c12,1,0.4389629787468358
0,VAV1,CC1(C)Cc2nc3c(ccc(=O)n3-c3ccc(-c4cccc(C5CCC(=O)NC5=O)c4Cl)cc3)n2C1,1,0.4187150898382941
0,VAV1,CC1(C)Cc2nc3ccc(=O)n(-c4ccc(-c5cccc(C6CCC(=O)NC6=O)c5Cl)cc4)c3n2C1,1,0.4187150898382941
0,VAV1,CC1(C)Cc2nc3cn(-c4ccc(-c5cccc(C6CCC(=O)NC6=O)c5Cl)cc4)c(=O)cc3n2C1,1,0.4187150898382941
0,VAV1,CC1(Cl)CCc2cc(-c3cccc(C4CCC(=O)NC4=O)c3Cl)ccc2NC1=O,1,0.35210697392636087
0,VAV1,CC1(F)Cc2nc3cn(-c4ccc(-c5cccc(C6CCC(=O)NC6=O)c5Cl)cc4)c(=O)cc3n2C1,1,0.43410584696745325
0,VAV1,CC1=Cc2cc(-c3cccc(C4CCC(=O)NC4=O)c3Cl)ccc2C(=O)NC1,1,0.28677217944867217
0,VAV1,CC1=Cn2c(nc3cn(-c4ccc(-c5cccc(C6CCC(=O)NC6=O)c5Cl)cc4)c(=O)cc32)C1,1,0.4567065666339165
0,VAV1,CC1C=Cc2cc(-c3cccc(C4CCC(=O)NC4=O)c3Cl)ccc2NC1=O,1,0.33572845285373126
0,VAV1,CC1CCCC(=O)N1c1cccc(-n2ncc3c(C4CCC(=O)NC4=O)cccc32)c1,0,0.41897051979941147
0,VAV1,CC1CCCc2cc(-c3cccc(C4CCC(=O)NC4=O)c3Cl)ccc2N1,1,0.36541325866503643
0,VAV1,CC1CCc2cc(-c3cccc(C4CCC(=O)NC4=O)c3Cl)ccc2C(=O)N1,1,0.29724415218987116
0,VAV1,CC1CCc2cc(-c3cccc(C4CCC(=O)NC4=O)c3Cl)ccc2NC1=O,1,0.3550853550376268
0,VAV1,CC1CCn2c1nc1ccc(=O)n(-c3ccc(-c4cccc(C5CCC(=O)NC5=O)c4Cl)cc3)c12,1,0.4548515417803954
0,VAV1,CC1Cc2nc3ccc(=O)n(-c4ccc(-c5cccc(C6CCC(=O)NC6=O)c5Cl)cc4)c3n2C1,1,0.4342708175189739
0,VAV1,CC1Cc2nc3cn(-c4ccc(-c5cccc(C6CCC(=O)NC6=O)c5Cl)cc4)c(=O)cc3n2C1,1,0.4342708175189739
0,VAV1,CCC(=O)Nc1sc(-c2cccc(C3CCC(=O)NC3=O)c2Cl)cc1C,1,0.35593510936716205
0,VAV1,CCC(CC)Oc1cc(C(F)F)cc(=O)n1-c1cccc(-n2ncc3c(C4CCC(=O)NC4=O)cccc32)c1,1,0.4477818731774463
0,VAV1,CCCn1cc(F)cc(N2CCC(c3cccc(C4CCC(=O)NC4=O)c3Cl)CC2)c1=O,1,0.4587919135568422
0,VAV1,CCCn1cc(F)cc(N2CCN(c3cccc(C4CCC(=O)NC4=O)c3Cl)CC2)c1=O,1,0.4587919135568422
0,VAV1,CCCn1cccc(N2CCC(c3cccc(C4CCC(=O)NC4=O)c3Cl)CC2)c1=O,1,0.4611539690754849
0,VAV1,CCCn1cccc(N2CCN(c3cccc(C4CCC(=O)NC4=O)c3Cl)CC2)c1=O,1,0.4611539690754849
0,VAV1,CCCn1cncc(N2CCC(c3cccc(C4CCC(=O)NC4=O)c3Cl)CC2)c1=O,1,0.49134336513221594
0,VAV1,CCCn1cncc(N2CCN(c3cccc(C4CCC(=O)NC4=O)c3Cl)CC2)c1=O,1,0.49134336513221594
0,VAV1,CCCn1nccc(N2CCC(c3cccc(C4CCC(=O)NC4=O)c3Cl)CC2)c1=O,0,0.4517327380601128
0,VAV1,CCN(C)C(=O)Nc1c(C)cc(-c2cccc(C3CCC(=O)NC3=O)c2Cl)cc1F,1,0.42969677918002763
0,VAV1,CCN(C)C(=O)Nc1ccc(-c2cccc(C3CCC(=O)NC3=O)c2Cl)cc1C,1,0.4282361983914229
0,VAV1,CCN(C)C(=O)c1cccc2cc(-c3cccc(C4CCC(=O)NC4=O)c3Cl)ccc12,1,0.3481077283833116
0,VAV1,CCN(CC)C(=O)c1ccc2cc(-c3cccc(C4CCC(=O)NC4=O)c3Cl)ccc2c1,1,0.39089864884352993
0,VAV1,CCN1C(=O)CCc2cc(-c3cccc(C4CCC(=O)NC4=O)c3Cl)sc21,1,0.3654972482362884
0,VAV1,CCN1CCc2cc(-c3cccc(C4CCC(=O)NC4=O)c3Cl)ccc2C(=O)N1,1,0.39415728320467297
0,VAV1,CCNC(=O)N(c1ccc(-c2cccc(C3CCC(=O)NC3=O)c2Cl)cc1)C12CC(C1)C2,1,0.37353472548925687
0,VAV1,CCNC(=O)N(c1ccc(-c2cccc(C3CCC(=O)NC3=O)c2Cl)cc1)C1CC1,1,0.3768754302655972
0,VAV1,CCNC(=O)N1CCCOc2cc(-c3cccc(C4CCC(=O)NC4=O)c3Cl)ccc21,1,0.4608897029294222
0,VAV1,CCNC(=O)N1CCOCc2cc(-c3cccc(C4CCC(=O)NC4=O)c3Cl)ccc21,1,0.4968539994522666
0,VAV1,CCNC(=O)Nc1c(C)cc(-c2cccc(C3CCC(=O)NC3=O)c2Cl)cc1C#N,1,0.39660677571700886
0,VAV1,CCNC(=O)Nc1c(C)cc(-c2cccc(C3CCC(=O)NC3=O)c2Cl)cc1OC,1,0.43294949585750303
0,VAV1,CCNC(=O)Nc1c(Cl)cc(-c2cccc(C3CCC(=O)NC3=O)c2Cl)cc1OC,1,0.42720170225325793
0,VAV1,CCNC(=O)Nc1c(F)cc(-c2cccc(C3CCC(=O)NC3=O)c2Cl)cc1F,1,0.3881517573474773
0,VAV1,CCNC(=O)c1ccc2cc(-c3cccc(C4CCC(=O)NC4=O)c3Cl)ccc2c1,1,0.2806300072330935
0,VAV1,CCNC(=O)c1cccc2cc(-c3cccc(C4CCC(=O)NC4=O)c3Cl)ccc12,1,0.2806300072330935
0,VAV1,CCOCCn1cccc(N2CCN(c3cccc(C4CCC(=O)NC4=O)c3Cl)CC2)c1=O,1,0.5213683083403321
0,VAV1,CCOc1cc(C(F)(F)F)n(-c2cccc(-n3ncc4c(C5CCC(=O)NC5=O)cccc43)c2)c(=O)c1,1,0.4805846193598865
0,VAV1,CCOc1cc(CCC(F)(F)F)n(-c2ccc(-c3cccc(N4CCC(=O)NC4=O)c3Cl)cc2)c(=O)c1,1,0.5437195060876632
0,VAV1,CCOc1cc(CCC(F)(F)F)n(-c2cccc(-n3ncc4c(C5CCC(=O)NC5=O)cccc43)c2)c(=O)c1,1,0.4805846193598865
0,VAV1,CCOc1cc(OCC(F)(F)F)n(-c2cccc(-n3ncc4c(C5CCC(=O)NC5=O)cccc43)c2)c(=O)c1,1,0.5065298241846036
0,VAV1,CCOc1cc(OCCC(F)(F)F)n(-c2cccc(-n3ncc4c(C5CCC(=O)NC5=O)cccc43)c2)c(=O)c1,1,0.5065298241846036
0,VAV1,CCOc1ncccc1N1CCN(c2cccc(C3CCC(=O)NC3=O)c2Cl)CC1,0,0.49986551083682806
0,VAV1,CCc1cc(-c2cccc(C3CCC(=O)NC3=O)c2Cl)ccc1N,1,0.33549564009868627
0,VAV1,CCc1cc(-c2cccc(C3CCC(=O)NC3=O)c2Cl)sc1-n1ccccc1=O,1,0.39262704725065833
0,VAV1,CCc1cc(-c2cccc(C3CCC(=O)NC3=O)c2Cl)sc1NC(C)=O,1,0.35593510936716205
0,VAV1,CCc1cccc(=O)n1-c1ccc(-c2cccc(N3CCC(=O)NC3=O)c2Cl)cc1,1,0.43092671725396664
0,VAV1,CCc1cccc(=O)n1-c1cccc(-n2ncc3c(C4CCC(=O)NC4=O)cccc32)c1,1,0.40758568305569803
0,VAV1,CCn1cc(F)cc(N2CCC(c3cccc(C4CCC(=O)NC4=O)c3Cl)CC2)c1=O,0,0.45788630233487154
0,VAV1,CCn1ccc(F)c(N2CCC(c3cccc(C4CCC(=O)NC4=O)c3Cl)CC2)c1=O,1,0.45788630233487154
0,VAV1,CCn1ccc(F)c(N2CCN(c3cccc(C4CCC(=O)NC4=O)c3Cl)CC2)c1=O,1,0.45788630233487154
0,VAV1,CCn1ccc(OCC(F)(F)F)c(-c2ccc(-c3cccc(C4CCC(=O)NC4=O)c3Cl)cc2)c1=O,1,0.47964068305120455
0,VAV1,CCn1ccc(OCC(F)(F)F)c(-c2cccc(-n3ncc4c(C5CCC(=O)NC5=O)cccc43)c2)c1=O,1,0.5061583956131751
0,VAV1,CCn1ccc(OCCC(F)(F)F)c(-c2cccc(-n3ncc4c(C5CCC(=O)NC5=O)cccc43)c2)c1=O,1,0.5061583956131751
0,VAV1,CCn1cccc(N2CCC(c3cccc(C4CCC(=O)NC4=O)c3Cl)CC2)c1=O,1,0.46051502452018095
0,VAV1,CCn1cccc(N2CCN(c3cccc(C4CCC(=O)NC4=O)c3Cl)CC2)c1=O,0,0.46051502452018095
0,VAV1,CCn1cncc(N2CCN(c3cccc(C4CCC(=O)NC4=O)c3Cl)CC2)c1=O,0,0.488541642419397
0,VAV1,CCn1ncc2c1CCc1cc(-c3cccc(C4CCC(=O)NC4=O)c3Cl)ccc1-2,1,0.31271940122629893
0,VAV1,CCn1nccc(N2CCC(c3cccc(C4CCC(=O)NC4=O)c3Cl)CC2)c1=O,0,0.4494278407441193
0,VAV1,CCn1nccc(N2CCN(c3cccc(C4CCC(=O)NC4=O)c3Cl)CC2)c1=O,0,0.4494278407441193
0,VAV1,CN(C)C(=O)C[C@H]1CCCN1C(=O)Nc1ccc(-c2cccc(C3CCC(=O)NC3=O)c2Cl)cc1,1,0.4218697703011395
0,VAV1,CN(C)C(=O)Cn1cc2c(ccc3cc(-c4cccc(C5CCC(=O)NC5=O)c4Cl)ccc32)n1,1,0.3713780495715373
0,VAV1,CN(C)C(=O)Cn1cc2c(n1)-c1ccc(-c3cccc(C4CCC(=O)NC4=O)c3Cl)cc1CC2,1,0.3577340646675524
0,VAV1,CN(C)C(=O)Cn1ncc2c1CCc1cc(-c3cccc(C4CCC(=O)NC4=O)c3Cl)ccc1-2,1,0.3434298363377428
0,VAV1,CN(C)C(=O)N(Cc1ccn(C)n1)c1ccc(-c2cccc(C3CCC(=O)NC3=O)c2Cl)cc1,1,0.456462685340497
0,VAV1,CN(C)C(=O)Nc1c(F)cc(-c2cccc(C3CCC(=O)NC3=O)c2Cl)cc1F,1,0.44125540267643704
0,VAV1,CN(C)C(=O)Nc1ccc(-c2cccc(C3CCC(=O)NC3=O)c2Cl)cc1C(F)F,1,0.44125540267643704
0,VAV1,CN(C)C(=O)Nc1ccc(-c2cccc(C3CCC(=O)NC3=O)c2Cl)cc1C1CC1,1,0.43269841640785334
0,VAV1,CN(C)C(=O)Nc1ccc(-c2cccc(C3CCC(=O)NC3=O)c2Cl)cc1CC(F)F,1,0.44287877505648304
0,VAV1,CN(C)C(=O)Nc1cccn(-c2ccc(-c3cccc(C4CCC(=O)NC4=O)c3Cl)cc2)c1=O,1,0.4817859459554347
0,VAV1,CN(C)C(=O)Oc1ccc(-c2cccc(C3CCC(=O)NC3=O)c2Cl)cc1,1,0.4383381270416661
0,VAV1,CN(C)C(=O)Oc1ccc(-c2cccc(C3CCC(=O)NC3=O)c2Cl)cc1C(F)F,1,0.4465472459975836
0,VAV1,CN(C)C(=O)c1ccc2cc(-c3cccc(C4CCC(=O)NC4=O)c3Cl)ccc2c1,1,0.34201905104221086
0,VAV1,CN(C)CCN(C)C(=O)c1ccc2cc(-c3cccc(C4CCC(=O)NC4=O)c3Cl)ccc2c1,1,0.4026555516050665
0,VAV1,CN(C)CCN(C)C(=O)c1cccc2cc(-c3cccc(C4CCC(=O)NC4=O)c3Cl)ccc12,1,0.4026555516050665
0,VAV1,CN(C)CCNC(=O)c1ccc2cc(-c3cccc(C4CCC(=O)NC4=O)c3Cl)ccc2c1,1,0.40451830788407794
0,VAV1,CN(C)CCNC(=O)c1cccc2cc(-c3cccc(C4CCC(=O)NC4=O)c3Cl)ccc12,1,0.40451830788407794
0,VAV1,CN(C)CCn1cc2c(n1)CCc1cc(-c3cccc(C4CCC(=O)NC4=O)c3Cl)ccc1-2,1,0.39326677515905345
0,VAV1,CN(C)c1cc(C(F)(F)F)n(-c2cccc(-n3ncc4c(C5CCC(=O)NC5=O)cccc43)c2)c(=O)c1,1,0.4320247200653563
0,VAV1,CN(C)c1cccc(=O)n1-c1cccc(-n2ncc3c(C4CCC(=O)NC4=O)cccc32)c1,1,0.46393135763900417
0,VAV1,CN(CCN)C(=O)c1ccc2cc(-c3cccc(C4CCC(=O)NC4=O)c3Cl)ccc2c1,1,0.40380863615935353
0,VAV1,CN(CCN)C(=O)c1cccc2cc(-c3cccc(C4CCC(=O)NC4=O)c3Cl)ccc12,1,0.40380863615935353
0,VAV1,CN(CCO)C(=O)Oc1ccc(-c2cccc(C3CCC(=O)NC3=O)c2Cl)cc1C1CC1,1,0.5010026685831837
0,VAV1,CN(CCO)C(=O)c1ccc2cc(-c3cccc(C4CCC(=O)NC4=O)c3Cl)ccc2c1,1,0.4244876878219213
0,VAV1,CN(CCO)C(=O)c1cccc2cc(-c3cccc(C4CCC(=O)NC4=O)c3Cl)ccc12,1,0.4244876878219213
0,VAV1,CN1CCC2(CC1)Cc1nc3cn(-c4ccc(-c5cccc(C6CCC(=O)NC6=O)c5Cl)cc4)c(=O)cc3n1C2,1,0.4747355550469859
0,VAV1,CN1CCC2(COc3cc(-c4cccc(C5CCC(=O)NC5=O)c4Cl)ccc32)C1=O,1,0.4379624847207278
0,VAV1,CN1CCCC(N2CCN(c3cccc(C4CCC(=O)NC4=O)c3Cl)CC2)C1=O,0,0.4085046833184914
0,VAV1,CN1CCC[C@]2(COc3cc(-c4cccc([C@H]5CCC(=O)NC5=O)c4Cl)ccc32)C1=O,1,0.4379624847207278
0,VAV1,CN1CCCc2cc(-c3cccc(C4CCC(=O)NC4=O)c3Cl)ccc2C1,1,0.38268160818121716
0,VAV1,CN1CCN(CCOc2ccc(-c3cccc(C4CCC(=O)NC4=O)c3Cl)cc2)CC1,1,0.4643565875959615
0,VAV1,CN1CC[C@@H](Oc2cc(C(F)(F)F)cc(=O)n2-c2cccc(-n3ncc4c(C5CCC(=O)NC5=O)cccc43)c2)C1,1,0.5057903381699402
0,VAV1,CN1CC[C@H](Oc2cc(C(F)(F)F)cc(=O)n2-c2cccc(-n3ncc4c(C5CCC(=O)NC5=O)cccc43)c2)C1,1,0.5057903381699402
0,VAV1,CN1CCc2cc(-c3cccc(C4CCC(=O)NC4=O)c3Cl)ccc2C(=O)N1,1,0.3645278702879833
0,VAV1,CN1CCc2cc(-c3cccc(C4CCC(=O)NC4=O)c3Cl)ccc2N(Cc2ccn(C)n2)C1=O,1,0.4920834114039947
0,VAV1,CN1CCc2cc(-c3cccc(C4CCC(=O)NC4=O)c3Cl)ccc2NC1=O,1,0.4483448975821185
0,VAV1,CNC(=O)CN1C(=O)CCOc2cc(-c3cccc(C4CCC(=O)NC4=O)c3Cl)ccc21,1,0.43676786733838047
0,VAV1,CNC(=O)Cn1cc2c(ccc3cc(-c4cccc(C5CCC(=O)NC5=O)c4Cl)ccc32)n1,1,0.32544201398268735
0,VAV1,CNC(=O)Cn1cc2c(n1)-c1ccc(-c3cccc(C4CCC(=O)NC4=O)c3Cl)cc1CC2,1,0.3068046957453692
0,VAV1,CNC(=O)Cn1ncc2c1-c1ccc(-c3cccc(C4CCC(=O)NC4=O)c3Cl)cc1CC2,1,0.3068046957453692
0,VAV1,CNC(=O)N(C)c1ccc(-c2cccc(C3CCC(=O)NC3=O)c2Cl)cc1,1,0.3857487830490395
0,VAV1,CNC(=O)N(CC1CC1)c1ccc(-c2cccc(C3CCC(=O)NC3=O)c2Cl)cc1,1,0.3842515714002296
0,VAV1,CNC(=O)N(CCO)c1ccc(-c2cccc(C3CCC(=O)NC3=O)c2Cl)cc1C,1,0.4761496492576668
0,VAV1,CNC(=O)N(c1ccc(-c2cccc(C3CCC(=O)NC3=O)c2Cl)cc1)C(C)C,1,0.39688381843045106
0,VAV1,CNC(=O)N(c1ccc(-c2cccc(C3CCC(=O)NC3=O)c2Cl)cc1)C1(C)CC1,1,0.3891531382556048
0,VAV1,CNC(=O)N(c1ccc(-c2cccc(C3CCC(=O)NC3=O)c2Cl)cc1)C1CC1,1,0.38369953984544714
0,VAV1,CNC(=O)N(c1ccc(-c2cccc(C3CCC(=O)NC3=O)c2Cl)cc1)C1CCC1,1,0.3910713815360323
0,VAV1,CNC(=O)N1CCCOc2cc(-c3cccc(C4CCC(=O)NC4=O)c3Cl)ccc21,1,0.46192895939939627
0,VAV1,CNC(=O)Nc1c(C)cc(-c2cccc(C3CCC(=O)NC3=O)c2Cl)cc1F,1,0.3880225499152883
0,VAV1,CNC(=O)Nc1c(C)cc(-c2cccc(C3CCC(=O)NC3=O)c2Cl)cc1OC,1,0.4343025762254398
0,VAV1,CNC(=O)Nc1c(Cl)cc(-c2cccc(C3CCC(=O)NC3=O)c2Cl)cc1OC,1,0.4247967636169956
0,VAV1,CNC(=O)Nc1c(F)cc(-c2cccc(C3CCC(=O)NC3=O)c2Cl)cc1F,1,0.3912367783339284
0,VAV1,CNC(=O)Nc1ccc(-c2cccc(C3CCC(=O)NC3=O)c2Cl)cc1C,1,0.3816154497157062
0,VAV1,CNC(=O)c1ccc2cc(-c3cccc(C4CCC(=O)NC4=O)c3Cl)ccc2c1,1,0.2669070040777046
0,VAV1,CNC(=O)c1cccc2cc(-c3cccc(C4CCC(=O)NC4=O)c3Cl)ccc12,1,0.2669070040777046
0,VAV1,CNCCN(C)C(=O)c1ccc2cc(-c3cccc(C4CCC(=O)NC4=O)c3Cl)ccc2c1,1,0.40025737104314113
0,VAV1,CNCCN(C)C(=O)c1cccc2cc(-c3cccc(C4CCC(=O)NC4=O)c3Cl)ccc12,1,0.40025737104314113
0,VAV1,CNCCn1cc2ccc3cc(-c4cccc(C5CCC(=O)NC5=O)c4Cl)ccc3c2n1,1,0.4219938542123525
0,VAV1,CNc1ccc(-c2cccc(C3CCC(=O)NC3=O)c2Cl)cc1C,1,0.3216398712400347
0,VAV1,COC(=O)N(CCO)c1ccc(-c2cccc(C3CCC(=O)NC3=O)c2Cl)cc1C,1,0.49109628457509297
0,VAV1,COC(=O)N(c1ccc(-c2cccc(C3CCC(=O)NC3=O)c2Cl)cc1)C(C)C,1,0.4332444262859819
0,VAV1,COC(=O)N(c1ccc(-c2cccc(C3CCC(=O)NC3=O)c2Cl)cc1)C1CC1,1,0.42356270630869935
0,VAV1,COC(=O)N1CCCOc2cc(-c3cccc(C4CCC(=O)NC4=O)c3Cl)ccc21,1,0.5230143736287851
0,VAV1,COC(=O)Nc1ccc(-c2cccc(C3CCC(=O)NC3=O)c2Cl)cc1C,1,0.40385430558048957
0,VAV1,COC(=O)Nc1sc(-c2cccc(C3CCC(=O)NC3=O)c2Cl)cc1C,1,0.4111105665887938
0,VAV1,COC1(C)CCN(C(=O)Nc2ccc(-c3cccc(C4CCC(=O)NC4=O)c3Cl)cc2C)CC1,1,0.49952596567929275
0,VAV1,COC1(CN(C)C(=O)Nc2ccc(-c3cccc(C4CCC(=O)NC4=O)c3Cl)cc2C)CC1,1,0.46867392155754106
0,VAV1,COC1CCN(C(=O)Nc2c(C)cc(-c3cccc(C4CCC(=O)NC4=O)c3Cl)cc2F)CC1,1,0.5105193019939791
0,VAV1,COC1CCN(C(=O)Nc2ccc(-c3cccc(C4CCC(=O)NC4=O)c3Cl)cc2C)CC1,1,0.5071782229880475
0,VAV1,COC1CN(C(=O)Nc2ccc(-c3cccc(C4CCC(=O)NC4=O)c3Cl)cc2C)C1,1,0.5161921137150329
0,VAV1,COCC1(C)CN(C(=O)Nc2ccc(-c3cccc(C4CCC(=O)NC4=O)c3Cl)cc2C)C1,1,0.5267110947382976
0,VAV1,COCC1(N(C)C(=O)Nc2ccc(-c3cccc(C4CCC(=O)NC4=O)c3Cl)cc2C)CC1,1,0.4965054627849012
0,VAV1,COCC1CCc2ccc(N3CCC(c4cccc(C5CCC(=O)NC5=O)c4Cl)CC3)c(=O)n21,1,0.5058216048307748
0,VAV1,COCC1CN(C(=O)Nc2c(C)cc(-c3cccc(C4CCC(=O)NC4=O)c3Cl)cc2F)C1,1,0.5362461163316083
0,VAV1,COCC1CN(C(=O)Nc2ccc(-c3cccc(C4CCC(=O)NC4=O)c3Cl)cc2C)C1,1,0.5321271894228906
0,VAV1,COCCN(C)C(=O)Nc1ccc(-c2cccc(C3CCC(=O)NC3=O)c2Cl)cc1,1,0.5260856152514557
0,VAV1,COCCN(C)C(=O)Nc1ccc(-c2cccc(C3CCC(=O)NC3=O)c2Cl)cc1C,1,0.5326383246105741
0,VAV1,COCCN(C)C(=O)Oc1ccc(-c2cccc(C3CCC(=O)NC3=O)c2Cl)cc1C,1,0.5141818581126979
0,VAV1,COCCN(C)C(=O)c1ccc2cc(-c3cccc(C4CCC(=O)NC4=O)c3Cl)ccc2c1,1,0.4336418839583735
0,VAV1,COCCN(C)C(=O)c1cccc2cc(-c3cccc(C4CCC(=O)NC4=O)c3Cl)ccc12,1,0.4336418839583735
0,VAV1,COCCNC(=O)N(c1ccc(-c2cccc(C3CCC(=O)NC3=O)c2Cl)cc1)C1CC1,1,0.5328313899284858
0,VAV1,COCCNC(=O)Nc1ccc(-c2cccc(C3CCC(=O)NC3=O)c2Cl)cc1C,1,0.527758432711773
0,VAV1,COCCOC(=O)Nc1ccc(-c2cccc(C3CCC(=O)NC3=O)c2Cl)cc1C,1,0.5050057232930957
0,VAV1,COCCOc1cc(C(F)(F)F)cc(=O)n1-c1cccc(-n2ncc3c(C4CCC(=O)NC4=O)cccc32)c1,1,0.5245977090011358
0,VAV1,COCCn1c(C)ccc(N2CCN(c3cccc(C4CCC(=O)NC4=O)c3Cl)CC2)c1=O,1,0.51498810287306
0,VAV1,COCCn1c(F)ccc(N2CCN(c3cccc(C4CCC(=O)NC4=O)c3Cl)CC2)c1=O,1,0.5116569167798245
0,VAV1,COCCn1cc(C)cc(N2CCN(c3cccc(C4CCC(=O)NC4=O)c3Cl)CC2)c1=O,1,0.51498810287306
0,VAV1,COCCn1cc(F)cc(N2CCC(c3cccc(C4CCC(=O)NC4=O)c3Cl)CC2)c1=O,1,0.5116569167798245
0,VAV1,COCCn1cc(F)cc(N2CCN(c3cccc(C4CCC(=O)NC4=O)c3Cl)CC2)c1=O,1,0.5116569167798245
0,VAV1,COCCn1cc2c(n1)-c1ccc(-c3cccc(C4CCC(=O)NC4=O)c3Cl)cc1CC2,1,0.42899700492300913
0,VAV1,COCCn1cc2c(n1)CCc1cc(-c3cccc(C4CCC(=O)NC4=O)c3Cl)ccc1-2,1,0.42899700492300913
0,VAV1,COCCn1cc2ccc3cc(-c4cccc(C5CCC(=O)NC5=O)c4Cl)ccc3c2n1,1,0.4459255763515804
0,VAV1,COCCn1ccc(F)c(N2CCN(c3cccc(C4CCC(=O)NC4=O)c3Cl)CC2)c1=O,1,0.5116569167798245
0,VAV1,COCCn1cccc(N2CCC(c3cccc(C4CCC(=O)NC4=O)c3Cl)CC2)c1=O,1,0.5105613498142252
0,VAV1,COCCn1cccc(N2CCN(c3cccc(C4CCC(=O)NC4=O)c3Cl)CC2)c1=O,1,0.5105613498142252
0,VAV1,COCCn1ncc2c1-c1ccc(-c3cccc(C4CCC(=O)NC4=O)c3Cl)cc1CC2,1,0.42899700492300913
0,VAV1,COCCn1ncc2c1CCc1cc(-c3cccc(C4CCC(=O)NC4=O)c3Cl)ccc1-2,1,0.41287882310482715
0,VAV1,COC[C@@H](C)N(C)C(=O)Nc1ccc(-c2cccc(C3CCC(=O)NC3=O)c2Cl)cc1C,1,0.5105613355052047
0,VAV1,COC[C@@H]1CCCN1C(=O)Nc1ccc(-c2cccc(C3CCC(=O)NC3=O)c2Cl)cc1C,1,0.5030659988297311
0,VAV1,COC[C@@H]1CCCN1S(=O)(=O)Nc1ccc(-c2cccc(C3CCC(=O)NC3=O)c2Cl)cc1C,1,0.5110919510368067
0,VAV1,COC[C@@H]1CCN1C(=O)Nc1ccc(-c2cccc(C3CCC(=O)NC3=O)c2Cl)cc1C,1,0.5019381316393144
0,VAV1,COC[C@@H]1CN(C(=O)Nc2ccc(-c3cccc(C4CCC(=O)NC4=O)c3Cl)cc2C)CCO1,1,0.5220676454308714
0,VAV1,COC[C@@H]1COCCN1C(=O)Nc1ccc(-c2cccc(C3CCC(=O)NC3=O)c2Cl)cc1C,1,0.5232244059061429
0,VAV1,COC[C@@H]1C[C@@H](O)CN1C(=O)Nc1ccc(-c2cccc(C3CCC(=O)NC3=O)c2Cl)cc1C,1,0.5238911156402107
0,VAV1,COC[C@@H]1C[C@H](O)CN1C(=O)Nc1ccc(-c2cccc(C3CCC(=O)NC3=O)c2Cl)cc1C,1,0.5238911156402107
0,VAV1,COC[C@H](C)N(C)C(=O)Nc1ccc(-c2cccc(C3CCC(=O)NC3=O)c2Cl)cc1C,1,0.5105613355052047
0,VAV1,COC[C@H]1CCCN1C(=O)Nc1ccc(-c2cccc(C3CCC(=O)NC3=O)c2Cl)cc1C,1,0.5030659988297311
0,VAV1,COC[C@H]1CCN1C(=O)Nc1ccc(-c2cccc(C3CCC(=O)NC3=O)c2Cl)cc1C,1,0.5019381316393144
0,VAV1,COC[C@H]1CN(C(=O)Nc2ccc(-c3cccc(C4CCC(=O)NC4=O)c3Cl)cc2C)CCO1,1,0.5220676454308714
0,VAV1,COC[C@H]1COCCN1C(=O)Nc1ccc(-c2cccc(C3CCC(=O)NC3=O)c2Cl)cc1C,1,0.5232244059061429
0,VAV1,COC[C@H]1C[C@@H](O)CN1C(=O)Nc1ccc(-c2cccc(C3CCC(=O)NC3=O)c2Cl)cc1C,1,0.5238911156402107
0,VAV1,COCc1cc(N2CCN(c3cccc(C4CCC(=O)NC4=O)c3Cl)CC2)c(=O)n(C)c1,0,0.5112706240767416
0,VAV1,COCc1cc2cccc(N3CCN(c4cccc(C5CCC(=O)NC5=O)c4Cl)CC3)n2n1,1,0.5042511619833746
0,VAV1,COCc1ccc(N2CCN(c3cccc(C4CCC(=O)NC4=O)c3Cl)CC2)c(=O)n1C,0,0.5089217776238233
0,VAV1,COCc1ccc(N2CCN(c3cccc(C4CCC(=O)NC4=O)c3Cl)CC2)n2nccc12,1,0.5060170441259487
0,VAV1,COCc1cnn2c(N3CCN(c4cccc(C5CCC(=O)NC5=O)c4Cl)CC3)cccc12,1,0.5060170441259487
0,VAV1,CON(C)C(=O)c1cccc2cc(-c3cccc(C4CCC(=O)NC4=O)c3Cl)ccc12,1,0.3188314423203615
0,VAV1,CONC(=O)Nc1ccc(-c2cccc(C3CCC(=O)NC3=O)c2Cl)cc1C,1,0.4146723362211687
0,VAV1,CO[C@@H]1CCN(C(=O)Nc2c(C)cc(-c3cccc(C4CCC(=O)NC4=O)c3Cl)cc2F)C1,1,0.5003477318422568
0,VAV1,CO[C@@H]1CCN(C(=O)Nc2ccc(-c3cccc(C4CCC(=O)NC4=O)c3Cl)cc2C)C1,1,0.49679395442362684
0,VAV1,CO[C@@H]1CN(C(=O)Nc2ccc(-c3cccc(C4CCC(=O)NC4=O)c3Cl)cc2C)C[C@@H]1F,1,0.5003477318422568
0,VAV1,CO[C@@H]1CN(C(=O)Nc2ccc(-c3cccc(C4CCC(=O)NC4=O)c3Cl)cc2C)C[C@H]1F,1,0.5003477318422568
0,VAV1,CO[C@@H]1CN(C(=O)Nc2ccc(-c3cccc(C4CCC(=O)NC4=O)c3Cl)cc2C)C[C@H]1OC,1,0.48440963321045816
0,VAV1,CO[C@@]1(C)CCN(C(=O)Nc2ccc(-c3cccc(C4CCC(=O)NC4=O)c3Cl)cc2C)C1,1,0.496952077029066
0,VAV1,CO[C@@]1(O)CN(C(=O)Nc2ccc(-c3cccc(C4CCC(=O)NC4=O)c3Cl)cc2C)C[C@@H]1F,1,0.5160819859903156
0,VAV1,CO[C@H]1CCN(C(=O)Nc2c(C)cc(-c3cccc(C4CCC(=O)NC4=O)c3Cl)cc2F)C1,1,0.5003477318422568
0,VAV1,CO[C@H]1CCN(C(=O)Nc2ccc(-c3cccc(C4CCC(=O)NC4=O)c3Cl)cc2C)C1,1,0.49679395442362684
0,VAV1,CO[C@H]1CN(C(=O)Nc2ccc(-c3cccc(C4CCC(=O)NC4=O)c3Cl)cc2C)C[C@H]1F,1,0.5003477318422568
0,VAV1,CO[C@H]1CN(C(=O)Nc2ccc(-c3cccc(C4CCC(=O)NC4=O)c3Cl)cc2C)C[C@H]1OC,1,0.48440963321045816
0,VAV1,CO[C@]1(C)CCN(C(=O)Nc2ccc(-c3cccc(C4CCC(=O)NC4=O)c3Cl)cc2C)C1,1,0.496952077029066
0,VAV1,COc1cc(-c2cccc(C3CCC(=O)NC3=O)c2Cl)cc(C)c1NC(=O)N(C)C,1,0.5042128346173516
0,VAV1,COc1cc(-c2cccc(C3CCC(=O)NC3=O)c2Cl)cc(C)c1NC(=O)N1CCCC1,1,0.4922261517960322
0,VAV1,COc1cc(-c2cccc(C3CCC(=O)NC3=O)c2Cl)cc(Cl)c1NC(=O)N(C)C,1,0.5042128346173516
0,VAV1,COc1cc(-c2cccc(C3CCC(=O)NC3=O)c2Cl)ccc1OC(=O)N(C)C,1,0.43610582489130584
0,VAV1,COc1cc(C(F)(F)F)n(-c2ccc(-c3cccc(C4CCC(=O)NC4=O)c3C#C[Si](C)(C)C)cc2)c(=O)c1,1,0.5098541604976334
0,VAV1,COc1cc(C(F)(F)F)n(-c2ccc(-c3cccc(N4CCC(=O)NC4=O)c3Cl)cc2)c(=O)c1,1,0.4718025643381875
0,VAV1,COc1cc(C(F)(F)F)n(-c2cccc(-n3ncc4c(C5CCC(=O)NC5=O)cccc43)c2)c(=O)c1,1,0.4368620047885536
0,VAV1,COc1cc(C)n(-c2ccc(F)c(-n3ncc4c(C5CCC(=O)NC5=O)cccc43)c2)c(=O)c1,1,0.4220956814999523
0,VAV1,COc1cc(C)n(-c2cccc(-n3ncc4c(C5CCC(=O)NC5=O)cccc43)c2)c(=O)c1,1,0.40842630894411575
0,VAV1,COc1cc(CCC(F)(F)F)n(-c2ccc(-c3cccc(N4CCC(=O)NC4=O)c3Cl)cc2)c(=O)c1,1,0.4833849671894383
0,VAV1,COc1cc(CCC(F)(F)F)n(-c2cccc(-n3ncc4c(C5CCC(=O)NC5=O)cccc43)c2)c(=O)c1,1,0.4556953283348377
0,VAV1,COc1cc(N2CCN(c3cccc(C4CCC(=O)NC4=O)c3Cl)CC2)n2nccc2n1,0,0.49758674981146056
0,VAV1,COc1cc(OC(C)C(F)(F)F)n(-c2cccc(-n3ncc4c(C5CCC(=O)NC5=O)cccc43)c2)c(=O)c1,1,0.4329793403534511
0,VAV1,COc1cc(OCC(F)(F)F)n(-c2cccc(-n3ncc4c(C5CCC(=O)NC5=O)cccc43)c2)c(=O)c1,1,0.4871019774804322
0,VAV1,COc1cc2cccc(N3CCN(c4cccc(C5CCC(=O)NC5=O)c4Cl)CC3)n2n1,1,0.4986165707503385
0,VAV1,COc1ccc(-c2cccc(C3CCC(=O)NC3=O)c2Cl)cc1OC(F)F,0,0.37054291234455994
0,VAV1,COc1ccc(N2CCN(c3cccc(C4CCC(=O)NC4=O)c3Cl)CC2)n2nccc12,1,0.5033923642378967
0,VAV1,COc1cccc(=O)n1-c1cccc(-n2ncc3c(C4CCC(=O)NC4=O)cccc32)c1,1,0.41882832387373203
0,VAV1,COc1cccn(-c2ccc(-c3cccc(C4CCC(=O)NC4=O)c3Cl)s2)c1=O,1,0.4019806140669953
0,VAV1,COc1cccn(-c2sc(-c3cccc(C4CCC(=O)NC4=O)c3Cl)cc2C)c1=O,1,0.3994220006216172
0,VAV1,COc1ccn(-c2sc(-c3cccc(C4CCC(=O)NC4=O)c3Cl)cc2C)c(=O)c1,1,0.40864435373986335
0,VAV1,COc1cnn2c(N3CCN(c4cccc(C5CCC(=O)NC5=O)c4Cl)CC3)cccc12,1,0.5033923642378967
0,VAV1,COc1nc(C)ccc1N1CCC(c2cccc(C3CCC(=O)NC3=O)c2Cl)CC1,0,0.4622528695055079
0,VAV1,COc1nc(C)ccc1N1CCN(c2cccc(C3CCC(=O)NC3=O)c2Cl)CC1,0,0.4622528695055079
0,VAV1,COc1ncccc1N1CCC(c2cccc(C3CCC(=O)NC3=O)c2Cl)CC1,0,0.4683885993530025
0,VAV1,CS(=O)(=O)CCn1cc2c(n1)-c1ccc(-c3cccc(C4CCC(=O)NC4=O)c3Cl)cc1CC2,1,0.424961168671739
0,VAV1,C[C@@H](O)Cn1cc2c(n1)-c1ccc(-c3cccc(C4CCC(=O)NC4=O)c3Cl)cc1CC2,1,0.34497138585287324
0,VAV1,C[C@@H](O)Cn1cc2c(n1)CCc1cc(-c3cccc(C4CCC(=O)NC4=O)c3Cl)ccc1-2,1,0.34497138585287324
0,VAV1,C[C@@H](O)Cn1ncc2c1-c1ccc(-c3cccc(C4CCC(=O)NC4=O)c3Cl)cc1CC2,1,0.34497138585287324
0,VAV1,C[C@@H](O)Cn1ncc2c1CCc1cc(-c3cccc(C4CCC(=O)NC4=O)c3Cl)ccc1-2,1,0.3304643151458025
0,VAV1,C[C@@H](Oc1cc(C(F)(F)F)cc(=O)n1-c1cccc(-n2ncc3c(C4CCC(=O)NC4=O)cccc32)c1)C(F)(F)F,1,0.45230224555909737
0,VAV1,C[C@@H]1C=Cc2cc(-c3cccc(C4CCC(=O)NC4=O)c3Cl)ccc2C(=O)N1,1,0.27283816533573535
0,VAV1,C[C@H](Oc1cc(C(F)(F)F)cc(=O)n1-c1ccc(-c2cccc(C3CCC(=O)NC3=O)c2Cl)cc1)C(F)(F)F,1,0.44681910725002283
0,VAV1,C[C@H](Oc1cc(C(F)(F)F)cc(=O)n1-c1cccc(-n2ncc3c(C4CCC(=O)NC4=O)cccc32)c1)C(F)(F)F,1,0.45230224555909737
0,VAV1,C[C@H](Oc1cc(C(F)F)cc(=O)n1-c1cccc(-n2ncc3c(C4CCC(=O)NC4=O)cccc32)c1)C(F)(F)F,1,0.45230224555909737
0,VAV1,C[C@H]1C=Cc2cc(-c3cccc(C4CCC(=O)NC4=O)c3Cl)ccc2C(=O)N1,1,0.27283816533573535
0,VAV1,C[C@H]1CCCN1C(=O)Oc1ccc(-c2cccc(C3CCC(=O)NC3=O)c2Cl)cc1,1,0.408392121312972
0,VAV1,Cc1c(F)ccc(=O)n1-c1cccc(-n2ncc3c(C4CCC(=O)NC4=O)cccc32)c1,1,0.41206731211286834
0,VAV1,Cc1c(NC(=O)N(C)C)ccc(-c2cccc(C3CCC(=O)NC3=O)c2Cl)c1F,1,0.44987537048452025
0,VAV1,Cc1cc(-c2c(C)noc2C)n(-c2cccc(-n3ncc4c(C5CCC(=O)NC5=O)cccc43)c2)c(=O)c1,1,0.42270262919337714
0,VAV1,Cc1cc(-c2cccc(C3CCC(=O)NC3=O)c2Cl)c(F)cc1NC(=O)N(C)C,1,0.44987537048452025
0,VAV1,Cc1cc(-c2cccc(C3CCC(=O)NC3=O)c2Cl)cc(F)c1NC(=O)N(C)C,1,0.44987537048452025
0,VAV1,Cc1cc(-c2cccc(C3CCC(=O)NC3=O)c2Cl)cc(F)c1NC(=O)N1CCC(F)(F)C1,1,0.47189698511582473
0,VAV1,Cc1cc(-c2cccc(C3CCC(=O)NC3=O)c2Cl)cc(F)c1NC(=O)N1CCCC1,1,0.4724650764251435
0,VAV1,Cc1cc(-c2cccc(C3CCC(=O)NC3=O)c2Cl)cc(F)c1NC(=O)N1CC[C@H](F)C1,1,0.4724650764251435
0,VAV1,Cc1cc(-c2cccc(C3CCC(=O)NC3=O)c2Cl)cc(F)c1NC(=O)N1CC[C@H](OC(F)F)C1,1,0.5077994598020472
0,VAV1,Cc1cc(-c2cccc(C3CCC(=O)NC3=O)c2Cl)ccc1N1CCC(OC(F)F)C1=O,1,0.40070136328770195
0,VAV1,Cc1cc(-c2cccc(C3CCC(=O)NC3=O)c2Cl)ccc1NC(=O)C(=O)N(C)C,1,0.3903508892354008
0,VAV1,Cc1cc(-c2cccc(C3CCC(=O)NC3=O)c2Cl)ccc1NC(=O)N(C)C,1,0.4464191187002446
0,VAV1,Cc1cc(-c2cccc(C3CCC(=O)NC3=O)c2Cl)ccc1NC(=O)N(C)C1(CO)CC1,1,0.43826136689173617
0,VAV1,Cc1cc(-c2cccc(C3CCC(=O)NC3=O)c2Cl)ccc1NC(=O)N(C)C1CC1,1,0.39060701232174516
0,VAV1,Cc1cc(-c2cccc(C3CCC(=O)NC3=O)c2Cl)ccc1NC(=O)N(C)CC(=O)N(C)C,1,0.4552410460763249
0,VAV1,Cc1cc(-c2cccc(C3CCC(=O)NC3=O)c2Cl)ccc1NC(=O)N(C)CC(C)(C)O,1,0.4520726747520763
0,VAV1,Cc1cc(-c2cccc(C3CCC(=O)NC3=O)c2Cl)ccc1NC(=O)N(C)CC(F)F,1,0.4319575891962706
0,VAV1,Cc1cc(-c2cccc(C3CCC(=O)NC3=O)c2Cl)ccc1NC(=O)N(C)CCC#N,1,0.43794955450990475
0,VAV1,Cc1cc(-c2cccc(C3CCC(=O)NC3=O)c2Cl)ccc1NC(=O)N(C)CCN(C)C,1,0.47980070722020696
0,VAV1,Cc1cc(-c2cccc(C3CCC(=O)NC3=O)c2Cl)ccc1NC(=O)N(C)CCO,1,0.5047419936411703
0,VAV1,Cc1cc(-c2cccc(C3CCC(=O)NC3=O)c2Cl)ccc1NC(=O)N(C)CCOC(F)F,1,0.5274908370613207
0,VAV1,Cc1cc(-c2cccc(C3CCC(=O)NC3=O)c2Cl)ccc1NC(=O)N(C)CCS(C)(=O)=O,1,0.4810350997309634
0,VAV1,Cc1cc(-c2cccc(C3CCC(=O)NC3=O)c2Cl)ccc1NC(=O)N(C)[C@@H]1CCOC1,1,0.488618834437467
0,VAV1,Cc1cc(-c2cccc(C3CCC(=O)NC3=O)c2Cl)ccc1NC(=O)N(C)[C@H]1CCOC1,1,0.488618834437467
0,VAV1,Cc1cc(-c2cccc(C3CCC(=O)NC3=O)c2Cl)ccc1NC(=O)N(C)c1cnn(C)c1,1,0.4176827431874745
0,VAV1,Cc1cc(-c2cccc(C3CCC(=O)NC3=O)c2Cl)ccc1NC(=O)N1CC(C#N)C1,1,0.48415495325963115
0,VAV1,Cc1cc(-c2cccc(C3CCC(=O)NC3=O)c2Cl)ccc1NC(=O)N1CC(C(F)F)C1,1,0.4861158390401667
0,VAV1,Cc1cc(-c2cccc(C3CCC(=O)NC3=O)c2Cl)ccc1NC(=O)N1CC(C)(CO)C1,1,0.5019833011701965
0,VAV1,Cc1cc(-c2cccc(C3CCC(=O)NC3=O)c2Cl)ccc1NC(=O)N1CC(C)(O)C1,1,0.494956434982893
0,VAV1,Cc1cc(-c2cccc(C3CCC(=O)NC3=O)c2Cl)ccc1NC(=O)N1CC(C)C1,1,0.47239128110512046
0,VAV1,Cc1cc(-c2cccc(C3CCC(=O)NC3=O)c2Cl)ccc1NC(=O)N1CC(CO)C1,1,0.5225511542472862
0,VAV1,Cc1cc(-c2cccc(C3CCC(=O)NC3=O)c2Cl)ccc1NC(=O)N1CC(F)(F)C1,1,0.4816242739809546
0,VAV1,Cc1cc(-c2cccc(C3CCC(=O)NC3=O)c2Cl)ccc1NC(=O)N1CC(F)C1,1,0.4861158390401667
0,VAV1,Cc1cc(-c2cccc(C3CCC(=O)NC3=O)c2Cl)ccc1NC(=O)N1CC(N(C)C)C1,1,0.47269523006345193
0,VAV1,Cc1cc(-c2cccc(C3CCC(=O)NC3=O)c2Cl)ccc1NC(=O)N1CC(O)C1,1,0.5086209963752893
0,VAV1,Cc1cc(-c2cccc(C3CCC(=O)NC3=O)c2Cl)ccc1NC(=O)N1CC(S(C)(=O)=O)C1,1,0.4803238749624047
0,VAV1,Cc1cc(-c2cccc(C3CCC(=O)NC3=O)c2Cl)ccc1NC(=O)N1CC2(CC2)C1,1,0.45439532075399225
0,VAV1,Cc1cc(-c2cccc(C3CCC(=O)NC3=O)c2Cl)ccc1NC(=O)N1CC2(COC2)C1,1,0.5036436687387836
0,VAV1,Cc1cc(-c2cccc(C3CCC(=O)NC3=O)c2Cl)ccc1NC(=O)N1CCC(C)(O)CC1,1,0.49003127715295747
0,VAV1,Cc1cc(-c2cccc(C3CCC(=O)NC3=O)c2Cl)ccc1NC(=O)N1CCC(F)(F)C1,1,0.47189698511582473
0,VAV1,Cc1cc(-c2cccc(C3CCC(=O)NC3=O)c2Cl)ccc1NC(=O)N1CCC(O)CC1,1,0.4977992951222386
0,VAV1,Cc1cc(-c2cccc(C3CCC(=O)NC3=O)c2Cl)ccc1NC(=O)N1CCC1,1,0.4787468201079765
0,VAV1,Cc1cc(-c2cccc(C3CCC(=O)NC3=O)c2Cl)ccc1NC(=O)N1CCCC1,1,0.4707471696292129
0,VAV1,Cc1cc(-c2cccc(C3CCC(=O)NC3=O)c2Cl)ccc1NC(=O)N1CCC[C@@H]1C(F)F,1,0.3821248645012157
0,VAV1,Cc1cc(-c2cccc(C3CCC(=O)NC3=O)c2Cl)ccc1NC(=O)N1CCC[C@@H]1CC#N,1,0.3900807817338414
0,VAV1,Cc1cc(-c2cccc(C3CCC(=O)NC3=O)c2Cl)ccc1NC(=O)N1CCC[C@H]1C(F)F,1,0.3821248645012157
0,VAV1,Cc1cc(-c2cccc(C3CCC(=O)NC3=O)c2Cl)ccc1NC(=O)N1CCC[C@H]1CC#N,1,0.3900807817338414
0,VAV1,Cc1cc(-c2cccc(C3CCC(=O)NC3=O)c2Cl)ccc1NC(=O)N1CCC[C@H]1CO,1,0.470974292738809
0,VAV1,Cc1cc(-c2cccc(C3CCC(=O)NC3=O)c2Cl)ccc1NC(=O)N1CCN(C)C(=O)C1,1,0.4723452115601073
0,VAV1,Cc1cc(-c2cccc(C3CCC(=O)NC3=O)c2Cl)ccc1NC(=O)N1CCN(C)CC1,1,0.47735996730225455
0,VAV1,Cc1cc(-c2cccc(C3CCC(=O)NC3=O)c2Cl)ccc1NC(=O)N1CCOCC1,1,0.4958534442500812
0,VAV1,Cc1cc(-c2cccc(C3CCC(=O)NC3=O)c2Cl)ccc1NC(=O)N1CCOC[C@@H]1CC#N,1,0.5088162151559891
0,VAV1,Cc1cc(-c2cccc(C3CCC(=O)NC3=O)c2Cl)ccc1NC(=O)N1CCOC[C@@H]1CO,1,0.5124611066999387
0,VAV1,Cc1cc(-c2cccc(C3CCC(=O)NC3=O)c2Cl)ccc1NC(=O)N1CCOC[C@H]1CC#N,1,0.5088162151559891
0,VAV1,Cc1cc(-c2cccc(C3CCC(=O)NC3=O)c2Cl)ccc1NC(=O)N1CCOC[C@H]1CF,1,0.5010585212541965
0,VAV1,Cc1cc(-c2cccc(C3CCC(=O)NC3=O)c2Cl)ccc1NC(=O)N1CCOC[C@H]1CO,1,0.5124611066999387
0,VAV1,Cc1cc(-c2cccc(C3CCC(=O)NC3=O)c2Cl)ccc1NC(=O)N1CCOC[C@H]1COC(F)F,1,0.5272949172058461
0,VAV1,Cc1cc(-c2cccc(C3CCC(=O)NC3=O)c2Cl)ccc1NC(=O)N1CCS(=O)(=O)CC1,1,0.46572413425678405
0,VAV1,Cc1cc(-c2cccc(C3CCC(=O)NC3=O)c2Cl)ccc1NC(=O)N1CC[C@@H](C(F)F)C1,1,0.4724650764251435
0,VAV1,Cc1cc(-c2cccc(C3CCC(=O)NC3=O)c2Cl)ccc1NC(=O)N1CC[C@@H](F)C1,1,0.4724650764251435
0,VAV1,Cc1cc(-c2cccc(C3CCC(=O)NC3=O)c2Cl)ccc1NC(=O)N1CC[C@@H](N(C)C)C1,1,0.4788296980949718
0,VAV1,Cc1cc(-c2cccc(C3CCC(=O)NC3=O)c2Cl)ccc1NC(=O)N1CC[C@@H](O)C1,1,0.4812127246184953
0,VAV1,Cc1cc(-c2cccc(C3CCC(=O)NC3=O)c2Cl)ccc1NC(=O)N1CC[C@@H](OC(F)F)C1,1,0.5077994598020472
0,VAV1,Cc1cc(-c2cccc(C3CCC(=O)NC3=O)c2Cl)ccc1NC(=O)N1CC[C@@](C)(O)C1,1,0.4792190244995041
0,VAV1,Cc1cc(-c2cccc(C3CCC(=O)NC3=O)c2Cl)ccc1NC(=O)N1CC[C@H](C(F)F)C1,1,0.4724650764251435
0,VAV1,Cc1cc(-c2cccc(C3CCC(=O)NC3=O)c2Cl)ccc1NC(=O)N1CC[C@H](F)C1,1,0.4724650764251435
0,VAV1,Cc1cc(-c2cccc(C3CCC(=O)NC3=O)c2Cl)ccc1NC(=O)N1CC[C@H](N(C)C)C1,1,0.4788296980949718
0,VAV1,Cc1cc(-c2cccc(C3CCC(=O)NC3=O)c2Cl)ccc1NC(=O)N1CC[C@H](O)C1,1,0.4812127246184953
0,VAV1,Cc1cc(-c2cccc(C3CCC(=O)NC3=O)c2Cl)ccc1NC(=O)N1CC[C@H](OC(F)F)C1,1,0.5077994598020472
0,VAV1,Cc1cc(-c2cccc(C3CCC(=O)NC3=O)c2Cl)ccc1NC(=O)N1CC[C@](C)(O)C1,1,0.4792190244995041
0,VAV1,Cc1cc(-c2cccc(C3CCC(=O)NC3=O)c2Cl)ccc1NC(=O)N1C[C@@H]2OCCO[C@@H]2C1,1,0.45761506397414503
0,VAV1,Cc1cc(-c2cccc(C3CCC(=O)NC3=O)c2Cl)ccc1NC(=O)N1C[C@H]2COC[C@@H]2C1,1,0.4714110052183043
0,VAV1,Cc1cc(-c2cccc(C3CCC(=O)NC3=O)c2Cl)ccc1NC(=O)N1C[C@H]2COC[C@H]2C1,1,0.4714110052183043
0,VAV1,Cc1cc(-c2cccc(C3CCC(=O)NC3=O)c2Cl)ccc1NC(=O)N1C[C@H]2OCCO[C@@H]2C1,1,0.45761506397414503
0,VAV1,Cc1cc(-c2cccc(C3CCC(=O)NC3=O)c2Cl)ccc1NC(=O)NC1CC1,1,0.38567881274645927
0,VAV1,Cc1cc(-c2cccc(C3CCC(=O)NC3=O)c2Cl)ccc1NC(=O)OC1CN(C)C1,1,0.5023916517604876
0,VAV1,Cc1cc(-c2cccc(C3CCC(=O)NC3=O)c2Cl)ccc1NC(=O)OCCO,1,0.482445074324284
0,VAV1,Cc1cc(-c2cccc(C3CCC(=O)NC3=O)c2Cl)ccc1NC(=O)O[C@@H]1CCOC1,1,0.510990736487878
0,VAV1,Cc1cc(-c2cccc(C3CCC(=O)NC3=O)c2Cl)ccc1NC(=O)O[C@H]1CCOC1,1,0.510990736487878
0,VAV1,Cc1cc(-c2cccc(C3CCC(=O)NC3=O)c2Cl)ccc1NC(N)=O,1,0.3848922843686918
0,VAV1,Cc1cc(-c2cccc(C3CCC(=O)NC3=O)c2Cl)ccc1OC(=O)N(C)C,1,0.4417449053510759
0,VAV1,Cc1cc(-c2cccc(C3CCC(=O)NC3=O)c2Cl)ccc1OC(=O)N(C)C1(CO)CC1,1,0.4285880128798083
0,VAV1,Cc1cc(-c2cccc(C3CCC(=O)NC3=O)c2Cl)ccc1OC(=O)N(C)CCN(C)C,1,0.4812228883371337
0,VAV1,Cc1cc(-c2cccc(C3CCC(=O)NC3=O)c2Cl)ccc1OC(=O)N(C)CCO,1,0.4997494114657776
0,VAV1,Cc1cc(-c2cccc(C3CCC(=O)NC3=O)c2Cl)ccc1OC(=O)N(C)[C@@H](C)CO,1,0.4349426793742172
0,VAV1,Cc1cc(-c2cccc(C3CCC(=O)NC3=O)c2Cl)ccc1OC(=O)N(C)[C@H](C)CO,1,0.4349426793742172
0,VAV1,Cc1cc(-c2cccc(C3CCC(=O)NC3=O)c2Cl)ccc1OC(=O)N1CC(O)C1,1,0.47462683241174264
0,VAV1,Cc1cc(-c2cccc(C3CCC(=O)NC3=O)c2Cl)ccc1OC(=O)N1CCC(N(C)C)C1,1,0.46747925790797606
0,VAV1,Cc1cc(-c2cccc(C3CCC(=O)NC3=O)c2Cl)ccc1OC(=O)N1CCC1,1,0.4776037581932676
0,VAV1,Cc1cc(-c2cccc(C3CCC(=O)NC3=O)c2Cl)ccc1OC(=O)N1CCCC1,1,0.45297512403287227
0,VAV1,Cc1cc(-c2cccc(C3CCC(=O)NC3=O)c2Cl)ccc1OC(=O)N1CCC[C@@H]1CO,1,0.4236000246502684
0,VAV1,Cc1cc(-c2cccc(C3CCC(=O)NC3=O)c2Cl)ccc1OC(=O)N1CCC[C@H]1CO,1,0.4236000246502684
0,VAV1,Cc1cc(-c2cccc(C3CCC(=O)NC3=O)c2Cl)ccc1OC(=O)N1CCN(C)CC1,1,0.46624097444702445
0,VAV1,Cc1cc(-c2cccc(C3CCC(=O)NC3=O)c2Cl)ccc1OC(=O)N1CCOCC1,1,0.48528645909203566
0,VAV1,Cc1cc(-c2cccc(C3CCC(=O)NC3=O)c2Cl)ccc1OC(=O)N1CCOC[C@@H]1CO,1,0.49238160771803374
0,VAV1,Cc1cc(-c2cccc(C3CCC(=O)NC3=O)c2Cl)ccc1OC(=O)N1CCOC[C@H]1CO,1,0.49238160771803374
0,VAV1,Cc1cc(-c2cccc(C3CCC(=O)NC3=O)c2Cl)ccc1OC(=O)N1CCS(=O)(=O)CC1,1,0.4643101067251928
0,VAV1,Cc1cc(-c2cccc(C3CCC(=O)NC3=O)c2Cl)ccc1OC(=O)N1CC[C@@H](N(C)C)C1,1,0.46747925790797606
0,VAV1,Cc1cc(-c2cccc(C3CCC(=O)NC3=O)c2Cl)ccc1OC(=O)N1CC[C@@H](O)C1,1,0.4568796503769736
0,VAV1,Cc1cc(-c2cccc(C3CCC(=O)NC3=O)c2Cl)ccc1OC(=O)N1CC[C@@H]1CO,1,0.4185527101270379
0,VAV1,Cc1cc(-c2cccc(C3CCC(=O)NC3=O)c2Cl)ccc1OC(=O)N1CC[C@H](O)C1,1,0.4568796503769736
0,VAV1,Cc1cc(-c2cccc(C3CCC(=O)NC3=O)c2Cl)ccc1OC(=O)N1CC[C@H]1CO,1,0.4185527101270379
0,VAV1,Cc1cc(-c2cccc(C3CCC(=O)NC3=O)c2Cl)ccc1OC(=O)N[C@@H]1CCOC1,1,0.48398141201097294
0,VAV1,Cc1cc(-c2cccc(C3CCC(=O)NC3=O)c2Cl)ccc1OC(=O)N[C@H]1CCOC1,1,0.48398141201097294
0,VAV1,Cc1cc(-c2cccc(C3CCC(=O)NC3=O)c2Cl)sc1-n1cc(F)ccc1=O,1,0.39203250320778626
0,VAV1,Cc1cc(-c2cccc(C3CCC(=O)NC3=O)c2Cl)sc1-n1ccc(C2CC2)cc1=O,1,0.38065113415939505
0,VAV1,Cc1cc(-c2cccc(C3CCC(=O)NC3=O)c2Cl)sc1-n1ccc(F)cc1=O,1,0.39203250320778626
0,VAV1,Cc1cc(-c2cccc(C3CCC(=O)NC3=O)c2Cl)sc1-n1cccc(C)c1=O,1,0.3819781205087681
0,VAV1,Cc1cc(-c2cccc(C3CCC(=O)NC3=O)c2Cl)sc1-n1cccc(F)c1=O,1,0.39203250320778626
0,VAV1,Cc1cc(-c2cccc(C3CCC(=O)NC3=O)c2Cl)sc1-n1ccccc1=O,1,0.3857700672874796
0,VAV1,Cc1cc(-c2cccc(C3CCC(=O)NC3=O)c2Cl)sc1-n1ccncc1=O,1,0.38958639621331276
0,VAV1,Cc1cc(-c2cccc(C3CCC(=O)NC3=O)c2Cl)sc1N1CCOC1=O,1,0.47985872965164156
0,VAV1,Cc1cc(-c2cccc(C3CCC(=O)NC3=O)c2Cl)sc1NC(=O)C1CC1,1,0.34503202864944427
0,VAV1,Cc1cc(-c2cccc(C3CCC(=O)NC3=O)c2Cl)sc1NC(=O)c1ccccc1,1,0.3473144073232113
0,VAV1,Cc1cc(-c2cccc(C3CCC(=O)NC3=O)c2Cl)sc1NC(=O)c1ccn(C)n1,1,0.3865930546153583
0,VAV1,Cc1cc(-c2cccc(C3CCC(=O)NC3=O)c2Cl)sc1Oc1ccccn1,1,0.3533594152616437
0,VAV1,Cc1cc(-c2cccc(C3CCC(=O)NC3=O)c2Cl)sc1Oc1ccncn1,1,0.39488960995276245
0,VAV1,Cc1cc(-c2cccc(C3CCC(=O)NC3=O)c2Cl)sc1Oc1cnccn1,1,0.3547189244935315
0,VAV1,Cc1cc(-c2cccc(C3CCC(=O)NC3=O)c2Cl)sc1Oc1ncc(Cl)cn1,1,0.42361046200096775
0,VAV1,Cc1cc(-c2cccc(C3CCC(=O)NC3=O)c2Cl)sc1Oc1ncc(F)cn1,1,0.42940443386898675
0,VAV1,Cc1cc(-c2cccc(C3CCC(=O)NC3=O)c2Cl)sc1Oc1ncccn1,1,0.42361046200096775
0,VAV1,Cc1cc(-c2cccc(C3CCC(=O)NC3=O)c2Cl)sc1Oc1nccnc1C,1,0.35225078723862946
0,VAV1,Cc1cc(-c2ccccc2)n(-c2cccc(-n3ncc4c(C5CCC(=O)NC5=O)cccc43)c2)c(=O)c1,1,0.4032879883011636
0,VAV1,Cc1cc(-c2ccoc2)n(-c2cccc(-n3ncc4c(C5CCC(=O)NC5=O)cccc43)c2)c(=O)c1,1,0.40681609029169635
0,VAV1,Cc1cc(-c2cnco2)n(-c2cccc(-n3ncc4c(C5CCC(=O)NC5=O)cccc43)c2)c(=O)c1,1,0.4178522885491627
0,VAV1,Cc1cc(-c2cscn2)n(-c2cccc(-n3ncc4c(C5CCC(=O)NC5=O)cccc43)c2)c(=O)c1,1,0.4146652860942307
0,VAV1,Cc1cc(-n2cc(F)c(F)c2)n(-c2cccc(-n3ncc4c(C5CCC(=O)NC5=O)cccc43)c2)c(=O)c1,1,0.44939338799001166
0,VAV1,Cc1cc(=O)n(-c2ccc(-c3cccc(C4CCC(=O)NC4=O)c3Cl)cc2)c2c1CCCCCC2,1,0.3918764031232076
0,VAV1,Cc1cc(=O)n(-c2ccc(-c3cccc(C4CCC(=O)NC4=O)c3Cl)cc2)c2c1nc1n2CCC1,1,0.42824866888283275
0,VAV1,Cc1cc(=O)n(-c2ccc(-c3cccc(N4CCC(=O)NC4=O)c3Cl)cc2)c(C)c1C,1,0.43788486410891253
0,VAV1,Cc1cc(=O)n(-c2cccc(-n3ncc4c(C5CCC(=O)NC5=O)cccc43)c2)c(C)c1C,1,0.4102501067166168
0,VAV1,Cc1cc(B2OC(C)(C)C(C)(C)O2)c(Cl)c(C2CCC(=O)NC2=O)c1,1,0.31110523804273604
0,VAV1,Cc1cc(C(F)(F)C(F)(F)F)n(-c2cccc(-n3ncc4c(C5CCC(=O)NC5=O)cccc43)c2)c(=O)c1,1,0.4178415140007565
0,VAV1,Cc1cc(C(F)(F)F)cc(=O)n1-c1ccc(F)c(-n2ncc3c(C4CCC(=O)NC4=O)cccc32)c1,0,0.4174614426084566
0,VAV1,Cc1cc(C(F)(F)F)n(-c2ccc(-c3cccc(N4CCC(=O)NC4=O)c3Cl)cc2)c(=O)c1,1,0.4334969370844028
0,VAV1,Cc1cc(C(F)(F)F)n(-c2ccc(F)c(-n3ncc4c(C5CCC(=O)NC5=O)cccc43)c2)c(=O)c1,1,0.4174614426084566
0,VAV1,Cc1cc(C(F)(F)F)n(-c2cccc(-n3ncc4c(C5CCC(=O)NC5=O)cccc43)c2)c(=O)c1,1,0.4178415140007565
0,VAV1,Cc1cc(C(F)(F)F)nc(=O)n1-c1cccc(-n2ncc3c(C4CCC(=O)NC4=O)cccc32)c1,1,0.45149313665275204
0,VAV1,Cc1cc(C)n(-c2cc(-c3cccc(C4CCC(=O)NC4=O)c3Cl)cs2)c(=O)c1,1,0.3819781205087681
0,VAV1,Cc1cc(C)n(-c2ccc(-c3cccc(C4CCC(=O)NC4=O)c3Cl)s2)c(=O)c1,1,0.3819781205087681
0,VAV1,Cc1cc(C)n(-c2ccc(-c3cccc(C4CCC(=O)NC4=O)c3Cl)s2)c(=O)c1C#N,1,0.4015127355259854
0,VAV1,Cc1cc(C)n(-c2ccc(F)c(-n3ncc4c(C5CCC(=O)NC5=O)cccc43)c2)c(=O)c1,1,0.4075014086728406
0,VAV1,Cc1cc(C)n(-c2cccc(-n3ncc4c(C5CCC(=O)NC5=O)cccc43)c2)c(=O)c1,1,0.4021402385019432
0,VAV1,Cc1cc(C)n(-c2cccc(-n3ncc4c(C5CCC(=O)NC5=O)cccc43)c2)c(=O)n1,1,0.4439956716344496
0,VAV1,Cc1cc(C)n(-c2csc(-c3cccc(C4CCC(=O)NC4=O)c3Cl)c2)c(=O)c1,1,0.38288369464477706
0,VAV1,Cc1cc(C2CC2)n(-c2ccc(-c3cccc(N4CCC(=O)NC4=O)c3Cl)cc2)c(=O)c1,1,0.4278887652896943
0,VAV1,Cc1cc(C2CC2)n(-c2cccc(-n3ncc4c(C5CCC(=O)NC5=O)cccc43)c2)c(=O)c1,1,0.3994976409656236
0,VAV1,Cc1cc(C2CCCCC2)n(-c2cccc(-n3ncc4c(C5CCC(=O)NC5=O)cccc43)c2)c(=O)c1,1,0.3814993735244675
0,VAV1,Cc1cc(CC(F)(F)F)n(-c2ccc(-c3cccc(N4CCC(=O)NC4=O)c3Cl)cc2)c(=O)c1,1,0.4441760542523034
0,VAV1,Cc1cc(CCC(F)(F)F)n(-c2ccc(-c3cccc(N4CCC(=O)NC4=O)c3Cl)cc2)c(=O)c1,1,0.4441760542523034
0,VAV1,Cc1cc(CCC(F)(F)F)n(-c2cccc(-n3ncc4c(C5CCC(=O)NC5=O)cccc43)c2)c(=O)c1,1,0.4382551643058075
0,VAV1,Cc1cc(CN2C(=O)CCOc3cc(-c4cccc(C5CCC(=O)NC5=O)c4Cl)ccc32)n[nH]1,1,0.46255125910561545
0,VAV1,Cc1cc(Cl)cc(=O)n1-c1ccc(-c2cccc(C3CCC(=O)NC3=O)c2Cl)s1,1,0.3857700672874796
0,VAV1,Cc1cc(N2CC3CC3C2)n(-c2cccc(-n3ncc4c(C5CCC(=O)NC5=O)cccc43)c2)c(=O)c1,1,0.47931043043334937
0,VAV1,Cc1cc(N2CC3CCC2C3)n(-c2cccc(-n3ncc4c(C5CCC(=O)NC5=O)cccc43)c2)c(=O)c1,1,0.41361165967674446
0,VAV1,Cc1cc(N2CCC(F)(F)CC2)n(-c2cccc(-n3ncc4c(C5CCC(=O)NC5=O)cccc43)c2)c(=O)c1,1,0.4753997713515454
0,VAV1,Cc1cc(N2CCC3(CC3)C2)n(-c2cccc(-n3ncc4c(C5CCC(=O)NC5=O)cccc43)c2)c(=O)c1,1,0.4557912852162159
0,VAV1,Cc1cc(N2CCC3CC32)n(-c2cccc(-n3ncc4c(C5CCC(=O)NC5=O)cccc43)c2)c(=O)c1,1,0.41221683903673123
0,VAV1,Cc1cc(N2CCCCC2)n(-c2cccc(-n3ncc4c(C5CCC(=O)NC5=O)cccc43)c2)c(=O)c1,1,0.4817887028115458
0,VAV1,Cc1cc(N2CCN(c3cccc(C4CCC(=O)NC4=O)c3Cl)CC2)c(=O)n(C)c1,0,0.44196985443369474
0,VAV1,Cc1cc(N2CCOCC2)n(-c2cccc(-n3ncc4c(C5CCC(=O)NC5=O)cccc43)c2)c(=O)c1,1,0.5231515642781142
0,VAV1,Cc1cc(OC2CCOC2)n(-c2cccc(-n3ncc4c(C5CCC(=O)NC5=O)cccc43)c2)c(=O)c1,1,0.5006585458545472
0,VAV1,Cc1cc(OCC(F)(F)F)n(-c2ccc(-c3cccc(N4CCC(=O)NC4=O)c3Cl)cc2)c(=O)c1,1,0.5428005008766845
0,VAV1,Cc1cc(OCC(F)(F)F)n(-c2cccc(-n3ncc4c(C5CCC(=O)NC5=O)cccc43)c2)c(=O)c1,1,0.491434997227555
0,VAV1,Cc1cc2cccc(N3CCN(c4cccc(C5CCC(=O)NC5=O)c4Cl)CC3)n2n1,1,0.47602919577023206
0,VAV1,Cc1cc2n(n1)CC1(CC1)N(c1ccc(-c3cccc(C4CCC(=O)NC4=O)c3Cl)cc1)C2=O,1,0.37814022148625753
0,VAV1,Cc1cc2n(n1)CCc1cc(-c3cccc([C@@H]4CCC(=O)NC4=O)c3Cl)ccc1-2,1,0.3246873916651701
0,VAV1,Cc1cc2n(n1)CCc1cc(-c3cccc([C@H]4CCC(=O)NC4=O)c3Cl)ccc1-2,1,0.3246873916651701
0,VAV1,Cc1cc2nc3n(c2n(-c2ccc(-c4cccc(C5CCC(=O)NC5=O)c4Cl)cc2)c1=O)CCC3,1,0.42824866888283275
0,VAV1,Cc1ccc(=O)n(-c2cccc(-n3ncc4c(C5CCC(=O)NC5=O)cccc43)c2)c1,0,0.4032879883011636
0,VAV1,Cc1ccc(=O)n(-c2sc(-c3cccc(C4CCC(=O)NC4=O)c3Cl)cc2C)c1,1,0.3819781205087681
0,VAV1,Cc1ccc(C#N)c(=O)n1-c1cccc(-n2ncc3c(C4CCC(=O)NC4=O)cccc32)c1,0,0.40048805742159926
0,VAV1,Cc1ccc(C)n(-c2cccc(-n3ncc4c(C5CCC(=O)NC5=O)cccc43)c2)c1=O,1,0.4021402385019432
0,VAV1,Cc1ccc(N2CCN(c3cccc(C4CCC(=O)NC4=O)c3Cl)CC2)c(=O)n1C,0,0.44196985443369474
0,VAV1,Cc1ccc2c(n1)-c1ccc(-c3cccc(C4CCC(=O)NC4=O)c3Cl)cc1CC2,1,0.2983062375505507
0,VAV1,Cc1cccc(=O)n1-c1cc(F)cc(-n2ncc3c(C4CCC(=O)NC4=O)cccc32)c1,1,0.41206731211286834
0,VAV1,Cc1cccc(=O)n1-c1ccc(-c2cccc(C3CCC(=O)NC3=O)c2Cl)s1,1,0.3857700672874796
0,VAV1,Cc1cccc(=O)n1-c1ccc(-c2cccc(N3CCC(=O)NC3=O)c2Cl)cc1,1,0.433029195894149
0,VAV1,Cc1cccc(=O)n1-c1ccc(F)c(-n2ncc3c(C4CCC(=O)NC4=O)cccc32)c1,1,0.41206731211286834
0,VAV1,Cc1cccc(=O)n1-c1cccc(-n2nc(F)c3c(C4CCC(=O)NC4=O)cccc32)c1,0,0.41206731211286834
0,VAV1,Cc1cccc(=O)n1-c1cccc(-n2ncc3c(C4CCC(=O)NC4=O)cc(F)cc32)c1,1,0.41206731211286834
0,VAV1,Cc1cccc(=O)n1-c1cccc(-n2ncc3c(C4CCC(=O)NC4=O)ccc(F)c32)c1,0,0.41206731211286834
0,VAV1,Cc1cccc(=O)n1-c1cccc(-n2ncc3c(C4CCC(=O)NC4=O)cccc32)c1,1,0.4032879883011636
0,VAV1,Cc1cccn(-c2ccc(-c3cccc(C4CCC(=O)NC4=O)c3Cl)s2)c1=O,1,0.3857700672874796
0,VAV1,Cc1ccn(-c2ccc(-c3cccc(C4CCC(=O)NC4=O)c3Cl)s2)c(=O)c1,1,0.3857700672874796
0,VAV1,Cc1ccn(-c2sc(-c3cccc(C4CCC(=O)NC4=O)c3Cl)cc2C)c(=O)c1,1,0.3819781205087681
0,VAV1,Cc1ccn(-c2sc(-c3cccc(C4CCC(=O)NC4=O)c3Cl)cc2Cl)c(=O)c1,1,0.3857700672874796
0,VAV1,Cc1ccn(C)c(=O)c1-c1cccc(-n2ncc3c(C4CCC(=O)NC4=O)cccc32)c1,0,0.39578733995121856
0,VAV1,Cc1ccn(C)c(=O)c1N1CC2CN(c3cccc(C4CCC(=O)NC4=O)c3Cl)CC2C1,0,0.4464446934362903
0,VAV1,Cc1ccn(C)c(=O)c1N1CCN(c2cccc(C3CCC(=O)NC3=O)c2Cl)CC1,0,0.4519898227960905
0,VAV1,Cc1ccnc(Oc2sc(-c3cccc(C4CCC(=O)NC4=O)c3Cl)cc2C)n1,1,0.41853881061313986
0,VAV1,Cc1cn2cccc(N3CCN(c4cccc(C5CCC(=O)NC5=O)c4Cl)CC3)c2n1,1,0.47655533439905556
0,VAV1,Cc1cnc(Oc2ccc(-c3cccc(C4CCC(=O)NC4=O)c3Cl)s2)nc1,1,0.42361046200096775
0,VAV1,Cc1cnc(Oc2sc(-c3cccc(C4CCC(=O)NC4=O)c3Cl)cc2C)cn1,1,0.35225078723862946
0,VAV1,Cc1cnc(Oc2sc(-c3cccc(C4CCC(=O)NC4=O)c3Cl)cc2C)nc1,1,0.41853881061313986
0,VAV1,Cc1cnc(Oc2sc(-c3cccc(C4CCC(=O)NC4=O)c3Cl)cc2C)nc1C,1,0.4216591569334862
0,VAV1,Cc1cncc(=O)n1-c1cccc(-n2ncc3c(C4CCC(=O)NC4=O)cccc32)c1,1,0.40761659547162793
0,VAV1,Cc1cncc(Oc2sc(-c3cccc(C4CCC(=O)NC4=O)c3Cl)cc2C)n1,1,0.35225078723862946
0,VAV1,Cc1cnn(-c2cc(C(F)(F)F)cc(=O)n2-c2cccc(-n3ncc4c(C5CCC(=O)NC5=O)cccc43)c2)c1,1,0.45804958125686723
0,VAV1,Cc1nc2c(o1)CCc1cc(-c3cccc(C4CCC(=O)NC4=O)c3Cl)ccc1-2,1,0.3263135101633627
0,VAV1,Cc1ncc(-c2cc(C(F)(F)F)cc(=O)n2-c2cccc(-n3ncc4c(C5CCC(=O)NC5=O)cccc43)c2)s1,1,0.43524457984655424
0,VAV1,Cc1ncc(-c2cc(C(F)F)cc(=O)n2-c2cccc(-n3ncc4c(C5CCC(=O)NC5=O)cccc43)c2)s1,1,0.4278494115708999
0,VAV1,Cc1nccc(=O)n1-c1cccc(-n2ncc3c(C4CCC(=O)NC4=O)cccc32)c1,0,0.44277766770292787
0,VAV1,Cc1noc(C)c1-c1cc(C(F)F)cc(=O)n1-c1cccc(-n2ncc3c(C4CCC(=O)NC4=O)cccc32)c1,1,0.423253551824367
0,VAV1,Cc1noc2c(N3CCC(c4cccc(C5CCC(=O)NC5=O)c4Cl)CC3)cccc12,0,0.44889049028805167
0,VAV1,Cc1onc2c(N3CCC(c4cccc(C5CCC(=O)NC5=O)c4Cl)CC3)cccc12,0,0.44442513283354235
0,VAV1,Cc1onc2c(N3CCN(c4cccc(C5CCC(=O)NC5=O)c4Cl)CC3)cccc12,0,0.44442513283354235
0,VAV1,Cn1cc(-c2cc(C(F)(F)F)cc(=O)n2-c2cccc(-n3ncc4c(C5CCC(=O)NC5=O)cccc43)c2)cn1,1,0.419798983435423
0,VAV1,Cn1cc(-c2cc(C(F)F)cc(=O)n2-c2cccc(-n3ncc4c(C5CCC(=O)NC5=O)cccc43)c2)cn1,1,0.4116264702824239
0,VAV1,Cn1cc(OC(F)F)c(=O)n1-c1ccc(-c2cccc(C3CCC(=O)NC3=O)c2Cl)cc1,1,0.4160390037640744
0,VAV1,Cn1cc2c(ccc3cc(-c4cccc(C5CCC(=O)NC5=O)c4Cl)ccc32)n1,1,0.33464958181657584
0,VAV1,Cn1cc2c(n1)-c1ccc(-c3cccc(C4CCC(=O)NC4=O)c3Cl)cc1CC2,1,0.3392879320494215
0,VAV1,Cn1cc2c(n1)CCc1cc(-c3cccc(C4CCC(=O)NC4=O)c3Cl)ccc1-2,1,0.3392879320494215
0,VAV1,Cn1cc2c(n1)Cc1cc(-c3cccc(C4CCC(=O)NC4=O)c3Cl)ccc1-2,1,0.3392879320494215
0,VAV1,Cn1cc2cccc(N3CCN(c4cccc(C5CCC(=O)NC5=O)c4Cl)CC3)c2n1,1,0.43202828435338925
0,VAV1,Cn1ccc(-c2cc(C(F)(F)F)cc(=O)n2-c2cccc(-n3ncc4c(C5CCC(=O)NC5=O)cccc43)c2)n1,1,0.4235481812963856
0,VAV1,Cn1ccc(-c2cc(C(F)F)cc(=O)n2-c2cccc(-n3ncc4c(C5CCC(=O)NC5=O)cccc43)c2)n1,1,0.41737566814338645
0,VAV1,Cn1ccc(C(=O)N2CCCOc3cc(-c4cccc(C5CCC(=O)NC5=O)c4Cl)ccc32)n1,1,0.4738528064523314
0,VAV1,Cn1ccc(C(F)(F)F)c(N2CC3(CN(c4cccc(C5CCC(=O)NC5=O)c4Cl)C3)C2)c1=O,0,0.4559982773499779
0,VAV1,Cn1ccc(CN2C(=O)C3(CC3)Oc3cc(-c4cccc(C5CCC(=O)NC5=O)c4Cl)ccc32)n1,1,0.412422512986185
0,VAV1,Cn1ccc(CN2C(=O)CCOc3cc(-c4cccc(C5CCC(=O)NC5=O)c4Cl)ccc32)n1,1,0.4593442865310014
0,VAV1,Cn1ccc(CN2C(=O)COCc3cc(-c4cccc(C5CCC(=O)NC5=O)c4Cl)ccc32)n1,1,0.4578531631272531
0,VAV1,Cn1ccc(CN2C(=O)CSc3cc(-c4cccc(C5CCC(=O)NC5=O)c4Cl)ccc32)n1,1,0.44350754553492794
0,VAV1,Cn1ccc(CN2C(=O)NCCc3cc(-c4cccc(C5CCC(=O)NC5=O)c4Cl)ccc32)n1,1,0.4392429068765374
0,VAV1,Cn1ccc(CN2CC3(CC3)Oc3cc(-c4cccc(C5CCC(=O)NC5=O)c4Cl)ccc32)n1,1,0.4717574927274213
0,VAV1,Cn1ccc(CN2CC3(CC3)c3cc(-c4cccc(C5CCC(=O)NC5=O)c4Cl)ccc32)n1,1,0.4286922499101587
0,VAV1,Cn1ccc(Cn2c(=O)sc3cc(-c4cccc(C5CCC(=O)NC5=O)c4Cl)ccc32)n1,1,0.38467509216776047
0,VAV1,Cn1ccc(F)c(N2CCC(c3cccc(C4CCC(=O)NC4=O)c3Cl)CC2)c1=O,0,0.44511019542921315
0,VAV1,Cn1ccc(F)c(N2CCN(c3cccc(C4CCC(=O)NC4=O)c3Cl)CC2)c1=O,0,0.44511019542921315
0,VAV1,Cn1ccc(N2CC3CC3C2)c(-c2cccc(-n3ncc4c(C5CCC(=O)NC5=O)cccc43)c2)c1=O,1,0.4299093802437778
0,VAV1,Cn1ccc(N2CCCC(c3cccc(C4CCC(=O)NC4=O)c3Cl)C2)cc1=O,0,0.4431508571985997
0,VAV1,Cn1ccc(OCC(F)(F)F)c(-c2ccc(-c3cccc(C4CCC(=O)NC4=O)c3Cl)cc2)c1=O,1,0.4614961375658464
0,VAV1,Cn1ccc(OCC(F)(F)F)c(-c2cccc(-n3ncc4c(C5CCC(=O)NC5=O)cccc43)c2)c1=O,1,0.4871019774804322
0,VAV1,Cn1ccc(OCCC(F)(F)F)c(-c2cccc(-n3ncc4c(C5CCC(=O)NC5=O)cccc43)c2)c1=O,1,0.4871019774804322
0,VAV1,Cn1ccc2nc(Nc3ccc(F)c(-n4ncc5c(C6CCC(=O)NC6=O)cccc54)c3)ccc21,1,0.44122693545035363
0,VAV1,Cn1cccc(C2CCN(c3cccc(C4CCC(=O)NC4=O)c3Cl)C2)c1=O,0,0.4408201130242573
0,VAV1,Cn1cccc(CN2CCN(c3cccc(C4CCC(=O)NC4=O)c3Cl)CC2)c1=O,0,0.453760839856622
0,VAV1,Cn1cccc(N2CCC(c3cccc(C4CCC(=O)NC4=O)c3Cl)CC2)c1=O,0,0.44823891761452256
0,VAV1,Cn1cccc(N2CCCOc3cc(-c4cccc(C5CCC(=O)NC5=O)c4Cl)ccc32)c1=O,1,0.4573750321321858
0,VAV1,Cn1cccc(N2CCN(c3cccc(C4CCC(=O)NC4=O)c3Cl)CC2)c1=O,0,0.44823891761452256
0,VAV1,Cn1cnc(CN2C(=O)CCOc3cc(-c4cccc(C5CCC(=O)NC5=O)c4Cl)ccc32)c1,1,0.48745403330351794
0,VAV1,Cn1nc2c(n1)-c1ccc(-c3cccc(C4CCC(=O)NC4=O)c3Cl)cc1CC2,1,0.3685625108937952
0,VAV1,Cn1ncc2c1CC1(CC1)N(c1ccc(-c3cccc(C4CCC(=O)NC4=O)c3Cl)cc1)C2=O,1,0.3838335739580872
0,VAV1,Cn1ncc2c1CCc1cc(-c3cccc(C4CCC(=O)NC4=O)c3Cl)ccc1-2,1,0.34848283019087145
0,VAV1,Cn1nccc(N2CCC(c3cccc(C4CCC(=O)NC4=O)c3Cl)CC2)c1=O,0,0.45114822455204173
0,VAV1,N#Cc1cc(-c2cccc(C3CCC(=O)NC3=O)c2Cl)sc1-n1ccccc1=O,0,0.4119660415656758
0,VAV1,N#Cc1cccn(-c2ccc(-c3cccc(C4CCC(=O)NC4=O)c3Cl)s2)c1=O,0,0.40616859863709043
0,VAV1,NCCNC(=O)c1ccc2cc(-c3cccc(C4CCC(=O)NC4=O)c3Cl)ccc2c1,1,0.34904750078345653
0,VAV1,NCCNC(=O)c1cccc2cc(-c3cccc(C4CCC(=O)NC4=O)c3Cl)ccc12,1,0.34904750078345653
0,VAV1,Nc1ccc(-c2cccc(C3CCC(=O)NC3=O)c2Cl)cc1Cl,1,0.3217425995018431
0,VAV1,Nc1nc2n(n1)CCc1cc(-c3cccc(C4CCC(=O)NC4=O)c3Cl)ccc1-2,1,0.42765498730308726
0,VAV1,Nc1nccn1Cc1ccc(-c2cccc(C3CCC(=O)NC3=O)c2Cl)cc1,1,0.40235645048684227
0,VAV1,O=C1CCC(F)(c2cccc3c2cnn3-c2cccc(-n3c(OC4CC4)cc(C(F)(F)F)cc3=O)c2)C(=O)N1,1,0.44531377328386074
0,VAV1,O=C1CCC(c2cccc(-c3cc(C(F)(F)F)c(-n4ccccc4=O)s3)c2Cl)C(=O)N1,1,0.4101707988901844
0,VAV1,O=C1CCC(c2cccc(-c3cc(C(F)F)c(-n4ccccc4=O)s3)c2Cl)C(=O)N1,1,0.3914397667083849
0,VAV1,O=C1CCC(c2cccc(-c3cc(C4(F)CC4)c(-n4ccccc4=O)s3)c2Cl)C(=O)N1,1,0.37950494537704105
0,VAV1,O=C1CCC(c2cccc(-c3cc(C4CC4)c(-n4ccccc4=O)s3)c2Cl)C(=O)N1,1,0.3777091913107874
0,VAV1,O=C1CCC(c2cccc(-c3cc(CC(F)(F)F)c(-n4ccccc4=O)s3)c2Cl)C(=O)N1,1,0.4247674542090619
0,VAV1,O=C1CCC(c2cccc(-c3cc(Cl)c(-n4ccccc4=O)s3)c2Cl)C(=O)N1,1,0.3846059022166497
0,VAV1,O=C1CCC(c2cccc(-c3cc(Cl)c4c(c3)CCCC(=O)N4)c2Cl)C(=O)N1,1,0.3340493906773991
0,VAV1,O=C1CCC(c2cccc(-c3cc(F)c(-n4ccccc4=O)s3)c2Cl)C(=O)N1,1,0.3914397667083849
0,VAV1,O=C1CCC(c2cccc(-c3cc(F)c(Oc4ccccn4)s3)c2Cl)C(=O)N1,1,0.3549889055463071
0,VAV1,O=C1CCC(c2cccc(-c3cc4c(s3)NC(=O)CC4)c2Cl)C(=O)N1,1,0.3515659595721364
0,VAV1,O=C1CCC(c2cccc(-c3cc4c(s3)NC(=O)CCC4)c2Cl)C(=O)N1,1,0.3510034752528027
0,VAV1,O=C1CCC(c2cccc(-c3ccc(-c4c(OCC(F)(F)F)cc[nH]c4=O)cc3)c2Cl)C(=O)N1,1,0.44657104406662795
0,VAV1,O=C1CCC(c2cccc(-c3ccc(-c4c(OCC(F)(F)F)ccn(C5CC5)c4=O)cc3)c2Cl)C(=O)N1,1,0.4605924271956903
0,VAV1,O=C1CCC(c2cccc(-c3ccc(-c4ccc5n(c4=O)C4(CC4)COC5)cc3)c2Cl)C(=O)N1,1,0.44419783208203983
0,VAV1,O=C1CCC(c2cccc(-c3ccc(-c4cccc(OC(F)F)[n+]4[O-])cc3)c2Cl)C(=O)N1,1,0.3907053112501017
0,VAV1,O=C1CCC(c2cccc(-c3ccc(-c4cccc5c4nc4n5CCC4)cc3)c2Cl)C(=O)N1,1,0.3306935162584156
0,VAV1,O=C1CCC(c2cccc(-c3ccc(-c4cccc[n+]4[O-])cc3)c2Cl)C(=O)N1,1,0.3457972609410922
0,VAV1,O=C1CCC(c2cccc(-c3ccc(-n4c(=O)c(F)cc5nc6n(c54)CCC6)cc3)c2Cl)C(=O)N1,1,0.4374348495095541
0,VAV1,O=C1CCC(c2cccc(-c3ccc(-n4c(=O)ccc5c4nc4n5CCC4)cc3)c2Cl)C(=O)N1,1,0.42883494827678215
0,VAV1,O=C1CCC(c2cccc(-c3ccc(-n4c(=O)ccc5c4nc4n5CCCC4)cc3)c2Cl)C(=O)N1,1,0.42485484884405117
0,VAV1,O=C1CCC(c2cccc(-c3ccc(-n4c(=O)ccc5nc6n(c54)CCC6)cc3)c2Cl)C(=O)N1,1,0.42883494827678215
0,VAV1,O=C1CCC(c2cccc(-c3ccc(-n4c(=O)ccc5nc6n(c54)[C@H](C(F)(F)F)CC6)cc3)c2Cl)C(=O)N1,1,0.45878218018940464
0,VAV1,O=C1CCC(c2cccc(-c3ccc(-n4c(OCC(F)(F)F)cc(C(F)(F)F)cc4=O)cc3)c2Cl)C(=O)N1,1,0.4799795340258633
0,VAV1,O=C1CCC(c2cccc(-c3ccc(-n4c(OCC(F)(F)F)cccc4=O)cc3)c2Cl)C(=O)N1,1,0.4799795340258633
0,VAV1,O=C1CCC(c2cccc(-c3ccc(-n4c(OCCC(F)(F)F)cc(C(F)(F)F)cc4=O)cc3)c2Cl)C(=O)N1,1,0.4799795340258633
0,VAV1,O=C1CCC(c2cccc(-c3ccc(-n4c(OCCC(F)(F)F)cccc4=O)cc3)c2Cl)C(=O)N1,1,0.4799795340258633
0,VAV1,O=C1CCC(c2cccc(-c3ccc(-n4c5c(c(C(F)(F)F)cc4=O)CCCCC5)cc3)c2Cl)C(=O)N1,1,0.3980598948238439
0,VAV1,O=C1CCC(c2cccc(-c3ccc(-n4c5c(ccc4=O)C4CCC5C4)cc3)c2Cl)C(=O)N1,1,0.3748192915085573
0,VAV1,O=C1CCC(c2cccc(-c3ccc(-n4c5c(ccc4=O)CCCCC5)cc3)c2Cl)C(=O)N1,1,0.37363231390473045
0,VAV1,O=C1CCC(c2cccc(-c3ccc(-n4c5c(ccc4=O)CCCCCC5)cc3)c2Cl)C(=O)N1,1,0.3741281315573975
0,VAV1,O=C1CCC(c2cccc(-c3ccc(-n4cc(F)ccc4=O)s3)c2Cl)C(=O)N1,1,0.3914397667083849
0,VAV1,O=C1CCC(c2cccc(-c3ccc(-n4cc(OC(F)F)ccc4=O)cc3)c2Cl)C(=O)N1,1,0.4463305384806083
0,VAV1,O=C1CCC(c2cccc(-c3ccc(-n4cc(OC5CC5)ccc4=O)cc3)c2Cl)C(=O)N1,1,0.40482692493831013
0,VAV1,O=C1CCC(c2cccc(-c3ccc(-n4cc5c(cc4=O)nc4n5CCC4)cc3)c2Cl)C(=O)N1,1,0.42883494827678215
0,VAV1,O=C1CCC(c2cccc(-c3ccc(-n4cc5cc6n(c5cc4=O)CCC6)cc3)c2Cl)C(=O)N1,1,0.37120585421217606
0,VAV1,O=C1CCC(c2cccc(-c3ccc(-n4cc5nc6n(c5cc4=O)CC(C(F)(F)F)C6)cc3)c2Cl)C(=O)N1,1,0.45012766239431073
0,VAV1,O=C1CCC(c2cccc(-c3ccc(-n4cc5nc6n(c5cc4=O)CC(C(F)F)C6)cc3)c2Cl)C(=O)N1,1,0.4374348495095541
0,VAV1,O=C1CCC(c2cccc(-c3ccc(-n4cc5nc6n(c5cc4=O)CC(CF)C6)cc3)c2Cl)C(=O)N1,1,0.48930401529438994
0,VAV1,O=C1CCC(c2cccc(-c3ccc(-n4cc5nc6n(c5cc4=O)CC(CO)C6)cc3)c2Cl)C(=O)N1,1,0.5265968767230166
0,VAV1,O=C1CCC(c2cccc(-c3ccc(-n4cc5nc6n(c5cc4=O)CC(F)(F)C6)cc3)c2Cl)C(=O)N1,1,0.43899417221299436
0,VAV1,O=C1CCC(c2cccc(-c3ccc(-n4cc5nc6n(c5cc4=O)CC4(C6)CC(F)(F)C4)cc3)c2Cl)C(=O)N1,1,0.4192781591835239
0,VAV1,O=C1CCC(c2cccc(-c3ccc(-n4cc5nc6n(c5cc4=O)CC4(CC4)C6)cc3)c2Cl)C(=O)N1,1,0.4119874712690588
0,VAV1,O=C1CCC(c2cccc(-c3ccc(-n4cc5nc6n(c5cc4=O)CC4(CCOC4)C6)cc3)c2Cl)C(=O)N1,1,0.526115951445855
0,VAV1,O=C1CCC(c2cccc(-c3ccc(-n4cc5nc6n(c5cc4=O)CCC6)cc3)c2Cl)C(=O)N1,1,0.42883494827678215
0,VAV1,O=C1CCC(c2cccc(-c3ccc(-n4cc5nc6n(c5cc4=O)CCCC6)cc3)c2Cl)C(=O)N1,1,0.42485484884405117
0,VAV1,O=C1CCC(c2cccc(-c3ccc(-n4cc5nc6n(c5cc4=O)C[C@H](C(F)F)C6)cc3)c2Cl)C(=O)N1,1,0.4374348495095541
0,VAV1,O=C1CCC(c2cccc(-c3ccc(-n4cc5oc6c(c5cc4=O)CCC6)cc3)c2Cl)C(=O)N1,1,0.3918810577921545
0,VAV1,O=C1CCC(c2cccc(-c3ccc(-n4ccc(F)cc4=O)s3)c2Cl)C(=O)N1,1,0.3914397667083849
0,VAV1,O=C1CCC(c2cccc(-c3ccc(-n4ccc5c(nc6n5CCC6)c4=O)cc3)c2Cl)C(=O)N1,1,0.43398942068465063
0,VAV1,O=C1CCC(c2cccc(-c3ccc(-n4ccc5c(nc6n5CCCC6)c4=O)cc3)c2Cl)C(=O)N1,1,0.4292414641090625
0,VAV1,O=C1CCC(c2cccc(-c3ccc(-n4ccc5nn6c(c5c4=O)CCC6)cc3)c2Cl)C(=O)N1,1,0.38194275595476346
0,VAV1,O=C1CCC(c2cccc(-c3ccc(-n4cccc(Cl)c4=O)s3)c2Cl)C(=O)N1,1,0.3846059022166497
0,VAV1,O=C1CCC(c2cccc(-c3ccc(-n4cccc(F)c4=O)s3)c2Cl)C(=O)N1,1,0.3914397667083849
0,VAV1,O=C1CCC(c2cccc(-c3ccc(-n4cccc(OC(F)F)c4=O)c(F)c3)c2Cl)C(=O)N1,1,0.43155959112730796
0,VAV1,O=C1CCC(c2cccc(-c3ccc(-n4cccc(OC(F)F)c4=O)cc3)c2Cl)C(=O)N1,1,0.43155959112730796
0,VAV1,O=C1CCC(c2cccc(-c3ccc(-n4cccc(OC5(CO)CC5)c4=O)cc3)c2Cl)C(=O)N1,1,0.45093847651717345
0,VAV1,O=C1CCC(c2cccc(-c3ccc(-n4cccc(OC5CC5)c4=O)cc3)c2Cl)C(=O)N1,1,0.3894499169789493
0,VAV1,O=C1CCC(c2cccc(-c3ccc(-n4cccc(OCCO)c4=O)s3)c2Cl)C(=O)N1,1,0.4878217144784419
0,VAV1,O=C1CCC(c2cccc(-c3ccc(-n4ccccc4=O)cc3)c2Cl)C(=O)N1,1,0.378148949608378
0,VAV1,O=C1CCC(c2cccc(-c3ccc(-n4ccccc4=O)s3)c2Cl)C(=O)N1,1,0.3846059022166497
0,VAV1,O=C1CCC(c2cccc(-c3ccc(-n4ccn5c6c(cc5c4=O)CCCC6)cc3)c2Cl)C(=O)N1,1,0.36899399602867405
0,VAV1,O=C1CCC(c2cccc(-c3ccc(-n4ccn5cc6c(c5c4=O)CCC6)cc3)c2Cl)C(=O)N1,1,0.3733245499192279
0,VAV1,O=C1CCC(c2cccc(-c3ccc(C#CCn4ccccc4=O)cc3)c2Cl)C(=O)N1,1,0.36873609696617543
0,VAV1,O=C1CCC(c2cccc(-c3ccc(C4COC(=O)N4)c(F)c3)c2Cl)C(=O)N1,0,0.34519636193606046
0,VAV1,O=C1CCC(c2cccc(-c3ccc(C4COC(=O)N4)cc3)c2Cl)C(=O)N1,0,0.345192161942107
0,VAV1,O=C1CCC(c2cccc(-c3ccc(N(C(=O)NCC(F)F)C4CC4)cc3)c2Cl)C(=O)N1,1,0.3954909834386648
0,VAV1,O=C1CCC(c2cccc(-c3ccc(N(C(=O)NCCO)C4CC4)cc3)c2Cl)C(=O)N1,1,0.4795803715546397
0,VAV1,O=C1CCC(c2cccc(-c3ccc(N4C(=O)Cn5ccc6cccc4c65)cc3)c2Cl)C(=O)N1,1,0.3535959117505569
0,VAV1,O=C1CCC(c2cccc(-c3ccc(N4C(=O)c5ccnn5CC45CC5)cc3)c2Cl)C(=O)N1,1,0.3703218320013273
0,VAV1,O=C1CCC(c2cccc(-c3ccc(N4CCCCC4=O)cc3)c2Cl)C(=O)N1,1,0.34185448934964874
0,VAV1,O=C1CCC(c2cccc(-c3ccc(N4CCc5c(cc6n5CC(F)(F)C6)C4=O)cc3)c2Cl)C(=O)N1,1,0.396849092107683
0,VAV1,O=C1CCC(c2cccc(-c3ccc(N4CCc5c(cc6n5CCC6=O)C4=O)cc3)c2Cl)C(=O)N1,1,0.4114032729264118
0,VAV1,O=C1CCC(c2cccc(-c3ccc(N4CCc5c(nc6n5CCCC6)C4=O)cc3)c2Cl)C(=O)N1,1,0.454928156537659
0,VAV1,O=C1CCC(c2cccc(-c3ccc(N4CCc5cc6c(cc5C4=O)CCC6)cc3)c2Cl)C(=O)N1,1,0.34488919749727553
0,VAV1,O=C1CCC(c2cccc(-c3ccc(N4CCn5c(cc6c5CCCC6)C4=O)cc3)c2Cl)C(=O)N1,1,0.39091978098083646
0,VAV1,O=C1CCC(c2cccc(-c3ccc(N4CCn5cc6c(c5C4=O)CCC6)cc3)c2Cl)C(=O)N1,1,0.39091978098083646
0,VAV1,O=C1CCC(c2cccc(-c3ccc(N4CCn5cc6c(c5C4=O)CCCC6)cc3)c2Cl)C(=O)N1,1,0.39091978098083646
0,VAV1,O=C1CCC(c2cccc(-c3ccc(OC(=O)N4CCCC4)c(C(F)F)c3)c2Cl)C(=O)N1,1,0.4656278361499982
0,VAV1,O=C1CCC(c2cccc(-c3ccc(OC(=O)N4CCCC4)c(F)c3)c2Cl)C(=O)N1,1,0.4656278361499982
0,VAV1,O=C1CCC(c2cccc(-c3ccc(OC(=O)N4CCCC4)cc3)c2Cl)C(=O)N1,1,0.455203938758271
0,VAV1,O=C1CCC(c2cccc(-c3ccc(OC(=O)N4CCCC45CC5)cc3)c2Cl)C(=O)N1,1,0.3749310369488495
0,VAV1,O=C1CCC(c2cccc(-c3ccc(OC(=O)N4CCC[C@@H]4CO)cc3)c2Cl)C(=O)N1,1,0.4316891839518289
0,VAV1,O=C1CCC(c2cccc(-c3ccc(OC(=O)N4CCC[C@H]4CO)cc3)c2Cl)C(=O)N1,1,0.4316891839518289
0,VAV1,O=C1CCC(c2cccc(-c3ccc(OC(=O)N4CC[C@@H](F)C4)cc3)c2Cl)C(=O)N1,1,0.4656278361499982
0,VAV1,O=C1CCC(c2cccc(-c3ccc(OC(=O)N4CC[C@H](F)C4)cc3)c2Cl)C(=O)N1,1,0.4656278361499982
0,VAV1,O=C1CCC(c2cccc(-c3ccc(OCc4ccccn4)cc3)c2Cl)C(=O)N1,1,0.414047372454174
0,VAV1,O=C1CCC(c2cccc(-c3ccc(Oc4cc5c(cn4)nc4n5CC5(C4)CC(F)(F)C5)cc3)c2Cl)C(=O)N1,1,0.42235768037132476
0,VAV1,O=C1CCC(c2cccc(-c3ccc(Oc4cc5c(cn4)nc4n5CC5(CC5)C4)cc3)c2Cl)C(=O)N1,1,0.41353508071480793
0,VAV1,O=C1CCC(c2cccc(-c3ccc(Oc4cc5c(cn4)nc4n5CCC4)cc3)c2Cl)C(=O)N1,1,0.41360619945486893
0,VAV1,O=C1CCC(c2cccc(-c3ccc4c(c3)C(=O)NCCC4)c2Cl)C(=O)N1,1,0.26928491953610145
0,VAV1,O=C1CCC(c2cccc(-c3ccc4c(c3)C=CC3(CC(F)(F)C3)NC4=O)c2Cl)C(=O)N1,1,0.27247778952160434
0,VAV1,O=C1CCC(c2cccc(-c3ccc4c(c3)C=CC3(CC3)C(=O)N4)c2Cl)C(=O)N1,1,0.3210476642857447
0,VAV1,O=C1CCC(c2cccc(-c3ccc4c(c3)C=CC3(CC3)NC4=O)c2Cl)C(=O)N1,1,0.2648525106824767
0,VAV1,O=C1CCC(c2cccc(-c3ccc4c(c3)C=CC3(CCC3)NC4=O)c2Cl)C(=O)N1,1,0.27068603127984614
0,VAV1,O=C1CCC(c2cccc(-c3ccc4c(c3)C=CC3(CCOC3)C(=O)N4)c2Cl)C(=O)N1,1,0.4326830092114221
0,VAV1,O=C1CCC(c2cccc(-c3ccc4c(c3)C=CC3(CCOCC3)NC4=O)c2Cl)C(=O)N1,1,0.3751465990709945
0,VAV1,O=C1CCC(c2cccc(-c3ccc4c(c3)C=CCNC4=O)c2Cl)C(=O)N1,1,0.2701182528694348
0,VAV1,O=C1CCC(c2cccc(-c3ccc4c(c3)CC(F)(F)CNC4=O)c2Cl)C(=O)N1,1,0.27452752945649933
0,VAV1,O=C1CCC(c2cccc(-c3ccc4c(c3)CC(F)CNC4=O)c2Cl)C(=O)N1,1,0.2746253399961963
0,VAV1,O=C1CCC(c2cccc(-c3ccc4c(c3)CCC(C(F)(F)F)NC4=O)c2Cl)C(=O)N1,1,0.2994619651004503
0,VAV1,O=C1CCC(c2cccc(-c3ccc4c(c3)CCC(F)C(=O)N4)c2Cl)C(=O)N1,1,0.34209538266152495
0,VAV1,O=C1CCC(c2cccc(-c3ccc4c(c3)CCC(O)C(=O)N4)c2Cl)C(=O)N1,1,0.34301158661543657
0,VAV1,O=C1CCC(c2cccc(-c3ccc4c(c3)CCC3(CC3)NC4=O)c2Cl)C(=O)N1,1,0.2471099756490018
0,VAV1,O=C1CCC(c2cccc(-c3ccc4c(c3)CCC3(CCCC3)C(=O)N4)c2Cl)C(=O)N1,1,0.3272351277391836
0,VAV1,O=C1CCC(c2cccc(-c3ccc4c(c3)CCC3(CCCC3)NC4=O)c2Cl)C(=O)N1,1,0.2563627680087094
0,VAV1,O=C1CCC(c2cccc(-c3ccc4c(c3)CCCC(=O)N4)c2Cl)C(=O)N1,1,0.3340493906773991
0,VAV1,O=C1CCC(c2cccc(-c3ccc4c(c3)CCCC3(CC3)N4)c2Cl)C(=O)N1,1,0.32079421888604037
0,VAV1,O=C1CCC(c2cccc(-c3ccc4c(c3)CCCCN4)c2Cl)C(=O)N1,1,0.31681966617581564
0,VAV1,O=C1CCC(c2cccc(-c3ccc4c(c3)CCCCO4)c2Cl)C(=O)N1,1,0.35166039666786914
0,VAV1,O=C1CCC(c2cccc(-c3ccc4c(c3)CCCNC4)c2Cl)C(=O)N1,1,0.35836229816221693
0,VAV1,O=C1CCC(c2cccc(-c3ccc4c(c3)CCCNC4=O)c2Cl)C(=O)N1,1,0.26928491953610145
0,VAV1,O=C1CCC(c2cccc(-c3ccc4c(c3)CCNC(=O)N4)c2Cl)C(=O)N1,1,0.3878227079605773
0,VAV1,O=C1CCC(c2cccc(-c3ccc4c(c3)CCc3c-4cnn3C3CC3)c2Cl)C(=O)N1,1,0.3268662823798024
0,VAV1,O=C1CCC(c2cccc(-c3ccc4c(c3)CCc3c-4cnn3C3COC3)c2Cl)C(=O)N1,1,0.4433862670656507
0,VAV1,O=C1CCC(c2cccc(-c3ccc4c(c3)CCc3c-4cnn3CC(F)(F)F)c2Cl)C(=O)N1,1,0.3272480274859846
0,VAV1,O=C1CCC(c2cccc(-c3ccc4c(c3)CCc3c-4cnn3CCCO)c2Cl)C(=O)N1,1,0.37890978686391585
0,VAV1,O=C1CCC(c2cccc(-c3ccc4c(c3)CCc3c-4cnn3CCF)c2Cl)C(=O)N1,1,0.3568926883429156
0,VAV1,O=C1CCC(c2cccc(-c3ccc4c(c3)CCc3c-4cnn3CCO)c2Cl)C(=O)N1,1,0.3817663819909815
0,VAV1,O=C1CCC(c2cccc(-c3ccc4c(c3)CCc3c[nH]nc3-4)c2Cl)C(=O)N1,1,0.33478794796823397
0,VAV1,O=C1CCC(c2cccc(-c3ccc4c(c3)CCc3cccnc3-4)c2Cl)C(=O)N1,1,0.2923717624022014
0,VAV1,O=C1CCC(c2cccc(-c3ccc4c(c3)CCc3cn(CC5(O)CC5)nc3-4)c2Cl)C(=O)N1,1,0.3333920651667789
0,VAV1,O=C1CCC(c2cccc(-c3ccc4c(c3)CCc3cn(CCCO)nc3-4)c2Cl)C(=O)N1,1,0.39386858170891753
0,VAV1,O=C1CCC(c2cccc(-c3ccc4c(c3)CCc3cn(CCNC(=O)C(F)(F)F)nc3-4)c2Cl)C(=O)N1,1,0.3684715564446623
0,VAV1,O=C1CCC(c2cccc(-c3ccc4c(c3)CCc3cn(CCNC(=O)C5CC5)nc3-4)c2Cl)C(=O)N1,1,0.3706300138362231
0,VAV1,O=C1CCC(c2cccc(-c3ccc4c(c3)CCc3cn(CCO)nc3-4)c2Cl)C(=O)N1,1,0.3963251768359832
0,VAV1,O=C1CCC(c2cccc(-c3ccc4c(c3)CCc3cn(CF)nc3-4)c2Cl)C(=O)N1,1,0.32750064972472903
0,VAV1,O=C1CCC(c2cccc(-c3ccc4c(c3)CCc3cnn(CF)c3-4)c2Cl)C(=O)N1,1,0.32750064972472903
0,VAV1,O=C1CCC(c2cccc(-c3ccc4c(c3)CCc3cnoc3-4)c2Cl)C(=O)N1,1,0.32772470815607296
0,VAV1,O=C1CCC(c2cccc(-c3ccc4c(c3)CCc3n[nH]cc3-4)c2Cl)C(=O)N1,1,0.33478794796823397
0,VAV1,O=C1CCC(c2cccc(-c3ccc4c(c3)CCc3nn(C(F)F)cc3-4)c2Cl)C(=O)N1,1,0.3567803127962836
0,VAV1,O=C1CCC(c2cccc(-c3ccc4c(c3)CCc3nn(C5COC5)cc3-4)c2Cl)C(=O)N1,1,0.45764817182755546
0,VAV1,O=C1CCC(c2cccc(-c3ccc4c(c3)CCc3nn(CC(F)(F)F)cc3-4)c2Cl)C(=O)N1,1,0.34226868938222793
0,VAV1,O=C1CCC(c2cccc(-c3ccc4c(c3)CCc3nn(CCCO)cc3-4)c2Cl)C(=O)N1,1,0.39386858170891753
0,VAV1,O=C1CCC(c2cccc(-c3ccc4c(c3)CCc3nn(CCF)cc3-4)c2Cl)C(=O)N1,1,0.37076814985458395
0,VAV1,O=C1CCC(c2cccc(-c3ccc4c(c3)CCc3nn(CCO)cc3-4)c2Cl)C(=O)N1,1,0.3963251768359832
0,VAV1,O=C1CCC(c2cccc(-c3ccc4c(c3)CCc3nn(CF)cc3-4)c2Cl)C(=O)N1,1,0.32750064972472903
0,VAV1,O=C1CCC(c2cccc(-c3ccc4c(c3)CCc3ocnc3-4)c2Cl)C(=O)N1,1,0.31854109476687176
0,VAV1,O=C1CCC(c2cccc(-c3ccc4c(c3)CCc3oncc3-4)c2Cl)C(=O)N1,1,0.32772470815607296
0,VAV1,O=C1CCC(c2cccc(-c3ccc4c(c3)CCc3scnc3-4)c2Cl)C(=O)N1,1,0.3078207341260962
0,VAV1,O=C1CCC(c2cccc(-c3ccc4c(c3)COCCN4C(=O)OCCO)c2Cl)C(=O)N1,1,0.5098834269241793
0,VAV1,O=C1CCC(c2cccc(-c3ccc4c(c3)COCc3cccc(=O)n3-4)c2Cl)C(=O)N1,1,0.5118283777946306
0,VAV1,O=C1CCC(c2cccc(-c3ccc4c(c3)C[C@@H](F)CNC4=O)c2Cl)C(=O)N1,1,0.2746253399961963
0,VAV1,O=C1CCC(c2cccc(-c3ccc4c(c3)C[C@H](F)CNC4=O)c2Cl)C(=O)N1,1,0.2746253399961963
0,VAV1,O=C1CCC(c2cccc(-c3ccc4c(c3)OCCC3CCC(=O)N43)c2Cl)C(=O)N1,1,0.4152812856366029
0,VAV1,O=C1CCC(c2cccc(-c3ccc4c(c3)OCCCN4C(=O)c3ccccn3)c2Cl)C(=O)N1,1,0.4765099993918671
0,VAV1,O=C1CCC(c2cccc(-c3ccc4c(c3)OCCc3cccc(=O)n3-4)c2Cl)C(=O)N1,1,0.4389020645174042
0,VAV1,O=C1CCC(c2cccc(-c3ccc4c(ccc5cn(CCNC(=O)C(F)(F)F)nc54)c3)c2Cl)C(=O)N1,1,0.39129477211787783
0,VAV1,O=C1CCC(c2cccc(-c3ccc4c(ccc5cn(CCO)nc54)c3)c2Cl)C(=O)N1,1,0.41839660540741175
0,VAV1,O=C1CCC(c2cccc(-c3ccc4c(ccc5nn(CCO)cc54)c3)c2Cl)C(=O)N1,1,0.41839660540741175
0,VAV1,O=C1CCC(c2cccc(-c3ccc4cc(-n5ccccc5=O)ccc4c3)c2Cl)C(=O)N1,1,0.37772149293806423
0,VAV1,O=C1CCC(c2cccc(-c3ccc4cc(C(=O)N5CCC(C(F)(F)F)C5)ccc4c3)c2Cl)C(=O)N1,1,0.3959510008523635
0,VAV1,O=C1CCC(c2cccc(-c3ccc4cc(C(=O)N5CCCC(C(F)(F)F)C5)ccc4c3)c2Cl)C(=O)N1,1,0.39009416698574706
0,VAV1,O=C1CCC(c2cccc(-c3ccc4cc(C(=O)N5CCCC5C(F)(F)F)ccc4c3)c2Cl)C(=O)N1,1,0.3178244389892028
0,VAV1,O=C1CCC(c2cccc(-c3ccc4cc(C(=O)N5CCCCC5)ccc4c3)c2Cl)C(=O)N1,1,0.35567350939233233
0,VAV1,O=C1CCC(c2cccc(-c3ccc4cc(C(=O)N5CCOCC5)ccc4c3)c2Cl)C(=O)N1,1,0.3800157677912351
0,VAV1,O=C1CCC(c2cccc(-c3ccc4cc(C(=O)NCC(F)(F)F)ccc4c3)c2Cl)C(=O)N1,1,0.30986382452293293
0,VAV1,O=C1CCC(c2cccc(-c3ccn4c(-n5ccccc5=O)ccc4c3)c2Cl)C(=O)N1,1,0.42010214706120713
0,VAV1,O=C1CCC(c2cccc(-c3ccn4c(-n5ccccc5=O)ncc4c3)c2Cl)C(=O)N1,1,0.4126204298107821
0,VAV1,O=C1CCC(c2cccc(-c3ccn4c(Oc5cccnc5)ccc4c3)c2Cl)C(=O)N1,1,0.36068789096099296
0,VAV1,O=C1CCC(c2cccc(-c3ccn4nccc4c3)c2Cl)C(=O)N1,1,0.3341853220878073
0,VAV1,O=C1CCC(c2cccc(-c3sc(-n4ccccc4=O)cc3F)c2Cl)C(=O)N1,1,0.3914397667083849
0,VAV1,O=C1CCC(c2cccc(C3CCN(c4cc(C(F)F)nc5ccnn45)CC3)c2Cl)C(=O)N1,0,0.48096134796293233
0,VAV1,O=C1CCC(c2cccc(C3CCN(c4cccc5ccnn45)CC3)c2Cl)C(=O)N1,1,0.4787721949357593
0,VAV1,O=C1CCC(c2cccc(C3CCN(c4cccc5conc45)CC3)c2Cl)C(=O)N1,0,0.4378683156097193
0,VAV1,O=C1CCC(c2cccc(C3CCN(c4cccc5nonc45)CC3)c2Cl)C(=O)N1,0,0.46000175062573595
0,VAV1,O=C1CCC(c2cccc(C3CCN(c4cccn(CC(F)F)c4=O)CC3)c2Cl)C(=O)N1,1,0.4667742592944876
0,VAV1,O=C1CCC(c2cccc(C3CCN(c4ccnn(CC(F)F)c4=O)CC3)c2Cl)C(=O)N1,0,0.46146890341711283
0,VAV1,O=C1CCC(c2cccc(C3CCN(c4ccnn(CC5CC5)c4=O)CC3)c2Cl)C(=O)N1,1,0.4612302880488204
0,VAV1,O=C1CCC(c2cccc(C3CCN(c4cncn(CC5CC5)c4=O)CC3)c2Cl)C(=O)N1,1,0.4900300517172472
0,VAV1,O=C1CCC(c2cccc(N3CCC4(CCCN(Cc5ccccc5Cl)C4=O)CC3)c2Cl)C(=O)N1,0,0.41317585571043475
0,VAV1,O=C1CCC(c2cccc(N3CCC4(CCN(Cc5ccccc5Cl)C4=O)CC3)c2Cl)C(=O)N1,0,0.41153860588296753
0,VAV1,O=C1CCC(c2cccc(N3CCN(C(=O)OC4CCCC4)CC3)c2Cl)C(=O)N1,0,0.4797110630776775
0,VAV1,O=C1CCC(c2cccc(N3CCN(CC(=O)N4CCCC4)CC3)c2Cl)C(=O)N1,0,0.3935913966748209
0,VAV1,O=C1CCC(c2cccc(N3CCN(Cc4ccccc4Cl)C(=O)C3)c2Cl)C(=O)N1,0,0.43405867787016633
0,VAV1,O=C1CCC(c2cccc(N3CCN(Cc4ccccc4Cl)CC3)c2Cl)C(=O)N1,0,0.437429932850713
0,VAV1,O=C1CCC(c2cccc(N3CCN(Cc4ccccc4F)CC3)c2Cl)C(=O)N1,0,0.4346989945556601
0,VAV1,O=C1CCC(c2cccc(N3CCN(c4c(F)cnc5ccnn45)CC3)c2Cl)C(=O)N1,0,0.48096134796293233
0,VAV1,O=C1CCC(c2cccc(N3CCN(c4cc(=O)n(CC(F)F)cn4)CC3)c2Cl)C(=O)N1,0,0.5057641391766747
0,VAV1,O=C1CCC(c2cccc(N3CCN(c4cc(C(F)(F)F)nc5ccnn45)CC3)c2Cl)C(=O)N1,0,0.4820688070083467
0,VAV1,O=C1CCC(c2cccc(N3CCN(c4cc(C(F)F)nc5ccnn45)CC3)c2Cl)C(=O)N1,0,0.48096134796293233
0,VAV1,O=C1CCC(c2cccc(N3CCN(c4cc(F)cc5ccnn45)CC3)c2Cl)C(=O)N1,0,0.48096134796293233
0,VAV1,O=C1CCC(c2cccc(N3CCN(c4cc(F)cn(CC(F)F)c4=O)CC3)c2Cl)C(=O)N1,0,0.4667742592944876
0,VAV1,O=C1CCC(c2cccc(N3CCN(c4ccc(F)c5ccnn45)CC3)c2Cl)C(=O)N1,1,0.48096134796293233
0,VAV1,O=C1CCC(c2cccc(N3CCN(c4ccc5n(c4=O)CCC5)CC3)c2Cl)C(=O)N1,0,0.4485080398368147
0,VAV1,O=C1CCC(c2cccc(N3CCN(c4cccc5c(F)cnn45)CC3)c2Cl)C(=O)N1,0,0.48096134796293233
0,VAV1,O=C1CCC(c2cccc(N3CCN(c4cccc5ccnn45)CC3)c2Cl)C(=O)N1,1,0.4787721949357593
0,VAV1,O=C1CCC(c2cccc(N3CCN(c4cccc5conc45)CC3)c2Cl)C(=O)N1,0,0.4378683156097193
0,VAV1,O=C1CCC(c2cccc(N3CCN(c4cccc5ncnn45)CC3)c2Cl)C(=O)N1,0,0.4787721949357593
0,VAV1,O=C1CCC(c2cccc(N3CCN(c4cccc5nonc45)CC3)c2Cl)C(=O)N1,0,0.46000175062573595
0,VAV1,O=C1CCC(c2cccc(N3CCN(c4cccc5nsnc45)CC3)c2Cl)C(=O)N1,0,0.4604797137195083
0,VAV1,O=C1CCC(c2cccc(N3CCN(c4cccc5ocnc45)CC3)c2Cl)C(=O)N1,0,0.442834131515987
0,VAV1,O=C1CCC(c2cccc(N3CCN(c4cccc5scnc45)CC3)c2Cl)C(=O)N1,0,0.4317855062301751
0,VAV1,O=C1CCC(c2cccc(N3CCN(c4cccn(C(F)F)c4=O)CC3)c2Cl)C(=O)N1,0,0.4796198080524689
0,VAV1,O=C1CCC(c2cccc(N3CCN(c4cccn(C5CCC5)c4=O)CC3)c2Cl)C(=O)N1,1,0.44224461482435745
0,VAV1,O=C1CCC(c2cccc(N3CCN(c4cccn(CC(F)(F)F)c4=O)CC3)c2Cl)C(=O)N1,1,0.4801547267479766
0,VAV1,O=C1CCC(c2cccc(N3CCN(c4cccn(CC(F)F)c4=O)CC3)c2Cl)C(=O)N1,1,0.4667742592944876
0,VAV1,O=C1CCC(c2cccc(N3CCN(c4cccn(CC5CC5)c4=O)CC3)c2Cl)C(=O)N1,1,0.46559668154078937
0,VAV1,O=C1CCC(c2cccc(N3CCN(c4cccn(CC5COC5)c4=O)CC3)c2Cl)C(=O)N1,1,0.4982669675654176
0,VAV1,O=C1CCC(c2cccc(N3CCN(c4cccn(CCOC(F)F)c4=O)CC3)c2Cl)C(=O)N1,1,0.5488326745253291
0,VAV1,O=C1CCC(c2cccc(N3CCN(c4cccn5cc(C(F)F)nc45)CC3)c2Cl)C(=O)N1,1,0.4766965149637137
0,VAV1,O=C1CCC(c2cccc(N3CCN(c4cccn5ccnc45)CC3)c2Cl)C(=O)N1,0,0.47216227715579995
0,VAV1,O=C1CCC(c2cccc(N3CCN(c4ccnc5c(F)cnn45)CC3)c2Cl)C(=O)N1,0,0.48096134796293233
0,VAV1,O=C1CCC(c2cccc(N3CCN(c4ccnc5ccnn45)CC3)c2Cl)C(=O)N1,0,0.4787721949357593
0,VAV1,O=C1CCC(c2cccc(N3CCN(c4ccnn(CC(F)(F)F)c4=O)CC3)c2Cl)C(=O)N1,0,0.471655128988355
0,VAV1,O=C1CCC(c2cccc(N3CCN(c4cnc5cccnn45)CC3)c2Cl)C(=O)N1,0,0.4787721949357593
0,VAV1,O=C1CCC(c2cccc(N3CCN(c4cncn(CC(F)(F)F)c4=O)CC3)c2Cl)C(=O)N1,0,0.5057908470151565
0,VAV1,O=C1CCC(c2cccc(N3CCN(c4cncn(CC(F)F)c4=O)CC3)c2Cl)C(=O)N1,0,0.49307400876458746
0,VAV1,O=C1CCC(c2cccc(N3CCN(c4cncn(CC5CC5)c4=O)CC3)c2Cl)C(=O)N1,1,0.4900300517172472
0,VAV1,O=C1CCC(c2cccc(N3CCN(c4cncn(CC5CCC5)c4=O)CC3)c2Cl)C(=O)N1,1,0.47849640332545856
0,VAV1,O=C1CCC(c2cccc(N3CCN(c4cnn5cccnc45)CC3)c2Cl)C(=O)N1,0,0.4787721949357593
0,VAV1,O=C1CCC(c2cccc(N3CCN(c4nccn(CC(F)(F)F)c4=O)CC3)c2Cl)C(=O)N1,0,0.5144566909288661
0,VAV1,O=C1CCC(c2cccc3c2cnn3-c2cc(-n3c(=O)ccc4ccccc43)ccc2F)C(=O)N1,0,0.4147754422406199
0,VAV1,O=C1CCC(c2cccc3c2cnn3-c2cc(Nc3ccc4ccccc4n3)ccc2F)C(=O)N1,1,0.4452555736416473
0,VAV1,O=C1CCC(c2cccc3c2cnn3-c2cc(Nc3ccc4ncccc4n3)ccc2F)C(=O)N1,1,0.44532830091437453
0,VAV1,O=C1CCC(c2cccc3c2cnn3-c2cc(Nc3cnc4ccccc4n3)ccc2F)C(=O)N1,1,0.44532830091437453
0,VAV1,O=C1CCC(c2cccc3c2cnn3-c2cc(Nc3ncc4ccccc4n3)ccc2F)C(=O)N1,1,0.43544505616529355
0,VAV1,O=C1CCC(c2cccc3c2cnn3-c2cc(Oc3ccc4ccccc4n3)ccc2F)C(=O)N1,1,0.42642417471475047
0,VAV1,O=C1CCC(c2cccc3c2cnn3-c2ccc(Oc3ccccn3)cc2)C(=O)N1,0,0.4314417199659422
0,VAV1,O=C1CCC(c2cccc3c2cnn3-c2cccc(-c3c(OCC(F)(F)F)cc[nH]c3=O)c2)C(=O)N1,1,0.5139526255281367
0,VAV1,O=C1CCC(c2cccc3c2cnn3-c2cccc(-c3c(OCC(F)(F)F)ccn(C4CC4)c3=O)c2)C(=O)N1,1,0.5038545244385557
0,VAV1,O=C1CCC(c2cccc3c2cnn3-c2cccc(-c3c(OCC(F)(F)F)ccn(CC4CC4)c3=O)c2)C(=O)N1,1,0.5131711877944958
0,VAV1,O=C1CCC(c2cccc3c2cnn3-c2cccc(-c3c(OCCC(F)(F)F)cc[nH]c3=O)c2)C(=O)N1,1,0.5139526255281367
0,VAV1,O=C1CCC(c2cccc3c2cnn3-c2cccc(-n3c(-c4ccncc4)cc(C(F)(F)F)cc3=O)c2)C(=O)N1,1,0.42502770964378594
0,VAV1,O=C1CCC(c2cccc3c2cnn3-c2cccc(-n3c(-c4ccncn4)cc(C(F)(F)F)cc3=O)c2)C(=O)N1,1,0.45571424579998154
0,VAV1,O=C1CCC(c2cccc3c2cnn3-c2cccc(-n3c(-c4cnccn4)cc(C(F)(F)F)cc3=O)c2)C(=O)N1,1,0.4287769075047485
0,VAV1,O=C1CCC(c2cccc3c2cnn3-c2cccc(-n3c(-c4cncnc4)cc(C(F)(F)F)cc3=O)c2)C(=O)N1,1,0.451965047939019
0,VAV1,O=C1CCC(c2cccc3c2cnn3-c2cccc(-n3c(-c4cnco4)cc(C(F)(F)F)cc3=O)c2)C(=O)N1,1,0.44272365998820457
0,VAV1,O=C1CCC(c2cccc3c2cnn3-c2cccc(-n3c(-c4cnn(C(F)(F)F)c4)cc(C(F)(F)F)cc3=O)c2)C(=O)N1,1,0.42954719016326653
0,VAV1,O=C1CCC(c2cccc3c2cnn3-c2cccc(-n3c(-c4cnn(C5CC5)c4)cc(C(F)(F)F)cc3=O)c2)C(=O)N1,1,0.42706718456546006
0,VAV1,O=C1CCC(c2cccc3c2cnn3-c2cccc(-n3c(-c4ncccn4)cc(C(F)(F)F)cc3=O)c2)C(=O)N1,1,0.474552558467857
0,VAV1,O=C1CCC(c2cccc3c2cnn3-c2cccc(-n3c(-c4ncco4)cc(C(F)(F)F)cc3=O)c2)C(=O)N1,1,0.44081642754776496
0,VAV1,O=C1CCC(c2cccc3c2cnn3-c2cccc(-n3c(-n4cc(Cl)cn4)cc(C(F)(F)F)cc3=O)c2)C(=O)N1,1,0.458989537970534
0,VAV1,O=C1CCC(c2cccc3c2cnn3-c2cccc(-n3c(-n4cc(F)cn4)cc(C(F)(F)F)cc3=O)c2)C(=O)N1,0,0.46069503381228155
0,VAV1,O=C1CCC(c2cccc3c2cnn3-c2cccc(-n3c(-n4cccn4)cc(C(F)(F)F)cc3=O)c2)C(=O)N1,1,0.46737673595057266
0,VAV1,O=C1CCC(c2cccc3c2cnn3-c2cccc(-n3c(-n4cccn4)cc(C(F)F)cc3=O)c2)C(=O)N1,1,0.45861832247789325
0,VAV1,O=C1CCC(c2cccc3c2cnn3-c2cccc(-n3c(-n4ccnc4)cc(C(F)(F)F)cc3=O)c2)C(=O)N1,1,0.46680638963022625
0,VAV1,O=C1CCC(c2cccc3c2cnn3-c2cccc(-n3c(-n4cncn4)cc(C(F)(F)F)cc3=O)c2)C(=O)N1,0,0.46737673595057266
0,VAV1,O=C1CCC(c2cccc3c2cnn3-c2cccc(-n3c(=O)ccc4ccccc43)c2)C(=O)N1,0,0.40645580835139583
0,VAV1,O=C1CCC(c2cccc3c2cnn3-c2cccc(-n3c(=O)ccc4cccnc43)c2)C(=O)N1,1,0.44739347216431596
0,VAV1,O=C1CCC(c2cccc3c2cnn3-c2cccc(-n3c(=O)cnc4ccccc43)c2)C(=O)N1,0,0.4121034692303001
0,VAV1,O=C1CCC(c2cccc3c2cnn3-c2cccc(-n3c(C(F)(F)F)cc(C(F)F)cc3=O)c2)C(=O)N1,1,0.42502770964378594
0,VAV1,O=C1CCC(c2cccc3c2cnn3-c2cccc(-n3c(C(F)(F)F)cc(C4CC4)cc3=O)c2)C(=O)N1,1,0.42254770404597947
0,VAV1,O=C1CCC(c2cccc3c2cnn3-c2cccc(-n3c(C(F)(F)F)cccc3=O)c2)C(=O)N1,1,0.42502770964378594
0,VAV1,O=C1CCC(c2cccc3c2cnn3-c2cccc(-n3c(C(F)F)cccc3=O)c2)C(=O)N1,1,0.41353282455728946
0,VAV1,O=C1CCC(c2cccc3c2cnn3-c2cccc(-n3c(C4CC4)cc(C(F)(F)F)cc3=O)c2)C(=O)N1,1,0.42254770404597947
0,VAV1,O=C1CCC(c2cccc3c2cnn3-c2cccc(-n3c(C4CC4)cc(Cl)cc3=O)c2)C(=O)N1,1,0.4027487831420023
0,VAV1,O=C1CCC(c2cccc3c2cnn3-c2cccc(-n3c(C4CC4)ccc(F)c3=O)c2)C(=O)N1,1,0.41298952033689723
0,VAV1,O=C1CCC(c2cccc3c2cnn3-c2cccc(-n3c(C4CC4)cccc3=O)c2)C(=O)N1,1,0.40088389535929025
0,VAV1,O=C1CCC(c2cccc3c2cnn3-c2cccc(-n3c(C4CCCCC4)cc(C(F)F)cc3=O)c2)C(=O)N1,1,0.3903762610626448
0,VAV1,O=C1CCC(c2cccc3c2cnn3-c2cccc(-n3c(CC4CC4)cc(C(F)(F)F)cc3=O)c2)C(=O)N1,1,0.4194628662262965
0,VAV1,O=C1CCC(c2cccc3c2cnn3-c2cccc(-n3c(CC4CC4)cccc3=O)c2)C(=O)N1,1,0.39121906942314855
0,VAV1,O=C1CCC(c2cccc3c2cnn3-c2cccc(-n3c(Cl)cc(C(F)F)cc3=O)c2)C(=O)N1,1,0.41458548204650203
0,VAV1,O=C1CCC(c2cccc3c2cnn3-c2cccc(-n3c(Cl)cccc3=O)c2)C(=O)N1,1,0.4073189153756251
0,VAV1,O=C1CCC(c2cccc3c2cnn3-c2cccc(-n3c(N4C5CCC4CC5)nc(C(F)(F)F)cc3=O)c2)C(=O)N1,1,0.42581787053079967
0,VAV1,O=C1CCC(c2cccc3c2cnn3-c2cccc(-n3c(N4CC(C(F)(F)F)C4)cc(C(F)(F)F)cc3=O)c2)C(=O)N1,1,0.5271052232542967
0,VAV1,O=C1CCC(c2cccc3c2cnn3-c2cccc(-n3c(N4CC(F)(F)C4)cc(C(F)(F)F)cc3=O)c2)C(=O)N1,1,0.5296015120235678
0,VAV1,O=C1CCC(c2cccc3c2cnn3-c2cccc(-n3c(N4CC5CC5C4)nc(C(F)(F)F)cc3=O)c2)C(=O)N1,1,0.47609746297497996
0,VAV1,O=C1CCC(c2cccc3c2cnn3-c2cccc(-n3c(N4CC5CCC4C5)cc(C(F)(F)F)cc3=O)c2)C(=O)N1,1,0.43046503962575955
0,VAV1,O=C1CCC(c2cccc3c2cnn3-c2cccc(-n3c(N4CC5CCC4C5)cc(C(F)F)cc3=O)c2)C(=O)N1,1,0.4206445770910312
0,VAV1,O=C1CCC(c2cccc3c2cnn3-c2cccc(-n3c(N4CCC(C(F)(F)F)C4)cc(C(F)(F)F)cc3=O)c2)C(=O)N1,1,0.5007231623808405
0,VAV1,O=C1CCC(c2cccc3c2cnn3-c2cccc(-n3c(N4CCC(F)(F)C4)cc(C(F)(F)F)cc3=O)c2)C(=O)N1,1,0.501073070219952
0,VAV1,O=C1CCC(c2cccc3c2cnn3-c2cccc(-n3c(N4CCC(F)(F)CC4)cc(C(F)(F)F)cc3=O)c2)C(=O)N1,1,0.4885593617062434
0,VAV1,O=C1CCC(c2cccc3c2cnn3-c2cccc(-n3c(N4CCC(F)(F)CC4)cc(C(F)F)cc3=O)c2)C(=O)N1,1,0.48085779754909447
0,VAV1,O=C1CCC(c2cccc3c2cnn3-c2cccc(-n3c(N4CCC5CC54)cc(C(F)(F)F)cc3=O)c2)C(=O)N1,1,0.42446410670965734
0,VAV1,O=C1CCC(c2cccc3c2cnn3-c2cccc(-n3c(N4CCC5CC54)cc(C(F)F)cc3=O)c2)C(=O)N1,1,0.41406500059628554
0,VAV1,O=C1CCC(c2cccc3c2cnn3-c2cccc(-n3c(N4CCCC(F)(F)C4)cc(C(F)(F)F)cc3=O)c2)C(=O)N1,1,0.4885593617062434
0,VAV1,O=C1CCC(c2cccc3c2cnn3-c2cccc(-n3c(N4CCCC4)cc(C(F)(F)F)cc3=O)c2)C(=O)N1,1,0.5007231623808405
0,VAV1,O=C1CCC(c2cccc3c2cnn3-c2cccc(-n3c(N4CCCC4)cccc3=O)c2)C(=O)N1,1,0.4942068477707061
0,VAV1,O=C1CCC(c2cccc3c2cnn3-c2cccc(-n3c(N4CCCCC4)nc(C(F)(F)F)cc3=O)c2)C(=O)N1,1,0.48277817483147506
0,VAV1,O=C1CCC(c2cccc3c2cnn3-c2cccc(-n3c(N4CCOCC4)cc(C(F)F)cc3=O)c2)C(=O)N1,1,0.5331749901761538
0,VAV1,O=C1CCC(c2cccc3c2cnn3-c2cccc(-n3c(N4CC[C@@H](O)C4)cc(C(F)(F)F)cc3=O)c2)C(=O)N1,1,0.5395755449243839
0,VAV1,O=C1CCC(c2cccc3c2cnn3-c2cccc(-n3c(N4CC[C@H](O)C4)cc(C(F)(F)F)cc3=O)c2)C(=O)N1,1,0.5395755449243839
0,VAV1,O=C1CCC(c2cccc3c2cnn3-c2cccc(-n3c(N4C[C@@H](F)[C@@H](F)C4)cc(C(F)F)cc3=O)c2)C(=O)N1,1,0.49949223579059154
0,VAV1,O=C1CCC(c2cccc3c2cnn3-c2cccc(-n3c(NCC(F)(F)F)nc(C(F)(F)F)cc3=O)c2)C(=O)N1,0,0.4454700603515614
0,VAV1,O=C1CCC(c2cccc3c2cnn3-c2cccc(-n3c(OC4CC(F)(F)C4)cc(C(F)(F)F)cc3=O)c2)C(=O)N1,1,0.4541207310676905
0,VAV1,O=C1CCC(c2cccc3c2cnn3-c2cccc(-n3c(OC4CC(F)(F)C4)cc(C(F)F)cc3=O)c2)C(=O)N1,1,0.44320588921729875
0,VAV1,O=C1CCC(c2cccc3c2cnn3-c2cccc(-n3c(OC4CC4)cc(C(F)(F)F)cc3=O)c2)C(=O)N1,1,0.4512534189812731
0,VAV1,O=C1CCC(c2cccc3c2cnn3-c2cccc(-n3c(OC4CC4)cc(C(F)F)cc3=O)c2)C(=O)N1,1,0.43790067408730426
0,VAV1,O=C1CCC(c2cccc3c2cnn3-c2cccc(-n3c(OC4CC4)cccc3=O)c2)C(=O)N1,1,0.4212347593607758
0,VAV1,O=C1CCC(c2cccc3c2cnn3-c2cccc(-n3c(OC4CC5(COC5)C4)cc(C(F)(F)F)cc3=O)c2)C(=O)N1,1,0.5723023030120908
0,VAV1,O=C1CCC(c2cccc3c2cnn3-c2cccc(-n3c(OC4CCC4)cc(C(F)(F)F)cc3=O)c2)C(=O)N1,1,0.45265396956675996
0,VAV1,O=C1CCC(c2cccc3c2cnn3-c2cccc(-n3c(OC4CCC4)cc(C(F)F)cc3=O)c2)C(=O)N1,1,0.4365397192877052
0,VAV1,O=C1CCC(c2cccc3c2cnn3-c2cccc(-n3c(OC4CCCC4)cc(C(F)F)cc3=O)c2)C(=O)N1,1,0.42869489434950486
0,VAV1,O=C1CCC(c2cccc3c2cnn3-c2cccc(-n3c(OC4CCCC4=O)cc(C(F)(F)F)cc3=O)c2)C(=O)N1,1,0.42812754156337596
0,VAV1,O=C1CCC(c2cccc3c2cnn3-c2cccc(-n3c(OC4CCCOC4)cc(C(F)(F)F)cc3=O)c2)C(=O)N1,1,0.5189966958756184
0,VAV1,O=C1CCC(c2cccc3c2cnn3-c2cccc(-n3c(OC4CCOC4)cc(C(F)F)cc3=O)c2)C(=O)N1,1,0.5219555715518862
0,VAV1,O=C1CCC(c2cccc3c2cnn3-c2cccc(-n3c(OC4CCOCC4)cc(C(F)(F)F)cc3=O)c2)C(=O)N1,1,0.5345348107019685
0,VAV1,O=C1CCC(c2cccc3c2cnn3-c2cccc(-n3c(OC4COC4)cc(C(F)(F)F)cc3=O)c2)C(=O)N1,1,0.5636338441764736
0,VAV1,O=C1CCC(c2cccc3c2cnn3-c2cccc(-n3c(OC4COC4)cc(C(F)F)cc3=O)c2)C(=O)N1,1,0.552623278125847
0,VAV1,O=C1CCC(c2cccc3c2cnn3-c2cccc(-n3c(OCC(F)(F)F)cc(C(F)(F)F)cc3=O)c2)C(=O)N1,1,0.4985189886241347
0,VAV1,O=C1CCC(c2cccc3c2cnn3-c2cccc(-n3c(OCC(F)(F)F)cc(C(F)F)cc3=O)c2)C(=O)N1,1,0.4985189886241347
0,VAV1,O=C1CCC(c2cccc3c2cnn3-c2cccc(-n3c(OCC(F)(F)F)cncc3=O)c2)C(=O)N1,1,0.5053126812490707
0,VAV1,O=C1CCC(c2cccc3c2cnn3-c2cccc(-n3c(OCC(F)F)cc(C(F)(F)F)cc3=O)c2)C(=O)N1,1,0.4985189886241347
0,VAV1,O=C1CCC(c2cccc3c2cnn3-c2cccc(-n3c(OCC4CCCO4)cc(C(F)(F)F)cc3=O)c2)C(=O)N1,1,0.49403472685179645
0,VAV1,O=C1CCC(c2cccc3c2cnn3-c2cccc(-n3c(OCC4CCCO4)cc(C(F)F)cc3=O)c2)C(=O)N1,1,0.4754934596787002
0,VAV1,O=C1CCC(c2cccc3c2cnn3-c2cccc(-n3c(OCCC(F)(F)F)cc(C(F)(F)F)cc3=O)c2)C(=O)N1,1,0.4985189886241347
0,VAV1,O=C1CCC(c2cccc3c2cnn3-c2cccc(-n3c(OCCC(F)(F)F)cc(C(F)F)cc3=O)c2)C(=O)N1,1,0.4985189886241347
0,VAV1,O=C1CCC(c2cccc3c2cnn3-c2cccc(-n3c(OCCC(F)(F)F)cc(OC4CC4)cc3=O)c2)C(=O)N1,1,0.5038545244385557
0,VAV1,O=C1CCC(c2cccc3c2cnn3-c2cccc(-n3c(OCCOC(F)(F)F)cc(C(F)(F)F)cc3=O)c2)C(=O)N1,1,0.5148911889554416
0,VAV1,O=C1CCC(c2cccc3c2cnn3-c2cccc(-n3c(OCCOC(F)(F)F)cc(C(F)F)cc3=O)c2)C(=O)N1,1,0.5148911889554416
0,VAV1,O=C1CCC(c2cccc3c2cnn3-c2cccc(-n3c(O[C@@H]4CCOC4)cc(C(F)(F)F)cc3=O)c2)C(=O)N1,1,0.5315162318951544
0,VAV1,O=C1CCC(c2cccc3c2cnn3-c2cccc(-n3c(O[C@@H]4CCOC4)cc(C(F)F)cc3=O)c2)C(=O)N1,1,0.5219555715518862
0,VAV1,O=C1CCC(c2cccc3c2cnn3-c2cccc(-n3c(O[C@H]4CCOC4)cc(C(F)(F)F)cc3=O)c2)C(=O)N1,1,0.5315162318951544
0,VAV1,O=C1CCC(c2cccc3c2cnn3-c2cccc(-n3c4c(c(C(F)(F)F)cc3=O)CCCCC4)c2)C(=O)N1,1,0.39862003381216476
0,VAV1,O=C1CCC(c2cccc3c2cnn3-c2cccc(-n3c4c(ccc3=O)CCC4)c2)C(=O)N1,1,0.39017491918242536
0,VAV1,O=C1CCC(c2cccc3c2cnn3-c2cccc(-n3c4c(ccc3=O)CCCC4)c2)C(=O)N1,1,0.38266719357469975
0,VAV1,O=C1CCC(c2cccc3c2cnn3-c2cccc(-n3ccccc3=O)c2)C(=O)N1,0,0.40645580835139583
0,VAV1,O=C1CCC(c2cccc3c2cnn3-c2cccc(N3C(=O)CCCC34CC4)c2)C(=O)N1,0,0.3730534086507548
0,VAV1,O=C1CCC(c2cccc3c2cnn3-c2cccc(Nc3ccc4cnccc4n3)c2)C(=O)N1,1,0.4380145304943582
0,VAV1,O=C1CCC(c2cccc3c2cnn3-c2cccc(Nc3ccc4ncccc4n3)c2)C(=O)N1,1,0.4414696107082619
0,VAV1,O=C1CCC(c2cccc3c2cnn3-c2cccc(Nc3cnc4ccccc4n3)c2)C(=O)N1,1,0.4414696107082619
0,VAV1,O=C1CCC(c2cccc3c2cnn3-c2cccc(Nc3ncc4ccccc4n3)c2)C(=O)N1,1,0.4302418345658885
0,VAV1,O=C1CCC(c2cccc3c2cnn3-c2cccc(Oc3ccc4c(n3)CCC4)c2)C(=O)N1,1,0.4025061273566885
0,VAV1,O=C1CCC(c2cccc3c2cnn3-c2cccc(Oc3ccc4c(n3)CCCC4)c2)C(=O)N1,1,0.3976442225947838
0,VAV1,O=C1CCC(c2cccc3c2cnn3-c2cccc(Oc3ccc4cccc(F)c4n3)c2)C(=O)N1,1,0.4314200664047598
0,VAV1,O=C1CCC(c2cccc3c2cnn3-c2cccc(Oc3ccc4ccccc4n3)c2)C(=O)N1,1,0.42246142414418436
0,VAV1,O=C1CCC(c2cccc3c2cnn3-c2cccc(Oc3ccc4cnccc4n3)c2)C(=O)N1,1,0.42246142414418436
0,VAV1,O=C1CCC(c2cccc3c2cnn3-c2cccc(Oc3cccc(Cl)n3)c2)C(=O)N1,0,0.43090330906112245
0,VAV1,O=C1CCC(c2cccc3c2cnn3-c2cccc(Oc3cnc4ccccc4n3)c2)C(=O)N1,1,0.42834080270048835
0,VAV1,O=C1CCC(c2cccc3c2cnn3-c2cccc(Oc3ncc4ccccc4n3)c2)C(=O)N1,0,0.4508062358807112
0,VAV1,O=C1CCN(c2cccc(-c3ccc(-n4c(C(F)(F)F)cc(C(F)F)cc4=O)cc3)c2Cl)C(=O)N1,1,0.43905889362906747
0,VAV1,O=C1CCN(c2cccc(-c3ccc(-n4c(C5CC5)cc(C(F)(F)F)cc4=O)cc3)c2Cl)C(=O)N1,1,0.43429011376927523
0,VAV1,O=C1CCN(c2cccc(-c3ccc(-n4c(C5CC5)cccc4=O)cc3)c2Cl)C(=O)N1,1,0.4275429083282532
0,VAV1,O=C1CCN(c2cccc(-c3ccc(-n4c(C5CCCCC5)cc(C(F)F)cc4=O)cc3)c2Cl)C(=O)N1,1,0.4315668655278717
0,VAV1,O=C1CCN(c2cccc(-c3ccc(-n4c(N5CC6CC6C5)cc(C(F)F)cc4=O)cc3)c2Cl)C(=O)N1,1,0.5027395352522888
0,VAV1,O=C1CCN(c2cccc(-c3ccc(-n4c(N5CCOCC5)cc(C(F)F)cc4=O)cc3)c2Cl)C(=O)N1,1,0.55414087650416
0,VAV1,O=C1CCN(c2cccc(-c3ccc(-n4c(OCC(F)(F)F)cc(C(F)(F)F)cc4=O)cc3)c2Cl)C(=O)N1,1,0.5476111262811105
0,VAV1,O=C1CCN(c2cccc(-c3ccc(-n4c(OCC(F)(F)F)cc(C(F)F)cc4=O)cc3)c2Cl)C(=O)N1,1,0.5476111262811105
0,VAV1,O=C1CCN(c2cccc(-c3ccc(-n4c(OCCC(F)(F)F)cc(C(F)(F)F)cc4=O)cc3)c2Cl)C(=O)N1,1,0.5476111262811105
0,VAV1,O=C1CCN(c2cccc(-c3ccc(-n4ccccc4=O)cc3)c2Cl)C(=O)N1,1,0.4344611167104856
0,VAV1,O=C1CCN(c2cccc3c2cnn3-c2cccc(-n3c(OCC(F)(F)F)cc(C(F)(F)F)cc3=O)c2)C(=O)N1,1,0.5377555568819392
0,VAV1,O=C1CC[C@@H](c2cccc(-c3ccc(-n4cccc(OC5CC(O)C5)c4=O)cc3)c2Cl)C(=O)N1,1,0.4041128657807957
0,VAV1,O=C1CC[C@@H](c2cccc3c2cnn3-c2cccc(-c3c(OCCC(F)(F)F)ccn(C4CC4)c3=O)c2)C(=O)N1,1,0.5038545244385557
0,VAV1,O=C1CC[C@@](F)(c2cccc(-c3ccc(-n4cccc(OC(F)F)c4=O)cc3)c2Cl)C(=O)N1,1,0.42678202498650036
0,VAV1,O=C1CC[C@H](c2cccc(-c3ccc(-n4cccc(OC5CC(O)C5)c4=O)cc3)c2Cl)C(=O)N1,1,0.4041128657807957
0,VAV1,O=c1cccc2n1C1(CCC1)COC2,1,0.3853618717046724
0,VAV1,[2H]C(F)(F)Oc1cccn(-c2ccc(-c3cccc(C4CCC(=O)NC4=O)c3Cl)cc2)c1=O,1,0.4288402360096176
0,VAV1,[2H]C([2H])([2H])C1(C([2H])([2H])[2H])C=Cc2cc(-c3cccc(C4CCC(=O)NC4=O)c3Cl)ccc2C(=O)N1,1,0.2843311312029067
0,VAV1,[2H]C([2H])([2H])C1(C([2H])([2H])[2H])C=Cc2cc(-c3cccc(C4CCC(=O)NC4=O)c3Cl)ccc2NC1=O,1,0.3344756347063587
0,VAV1,[2H]C([2H])([2H])C1(C([2H])([2H])[2H])CCc2cc(-c3cccc(C4CCC(=O)NC4=O)c3Cl)ccc2C(=O)N1,1,0.306290959487413
0,VAV1,[2H]C([2H])([2H])C1(C([2H])([2H])[2H])CCc2cc(-c3cccc(C4CCC(=O)NC4=O)c3Cl)ccc2NC1=O,1,0.35183831443084224
0,VAV1,[2H]C([2H])([2H])C1C=Cc2cc(-c3cccc(C4CCC(=O)NC4=O)c3Cl)ccc2C(=O)N1,1,0.2814570835502926
0,VAV1,[2H]C([2H])([2H])C1CCc2cc(-c3cccc(C4CCC(=O)NC4=O)c3Cl)ccc2C(=O)N1,1,0.30949427915328415
0,VAV1,[2H]C([2H])([2H])C1CCc2cc(-c3cccc(C4CCC(=O)NC4=O)c3Cl)ccc2NC1=O,1,0.35942207780088414
0,VAV1,[2H]C([2H])([2H])N(C(=O)Nc1c(C)cc(-c2cccc(C3CCC(=O)NC3=O)c2Cl)cc1F)C([2H])([2H])[2H],1,0.4471219006634035
0,VAV1,[2H]C([2H])([2H])N(C(=O)Nc1ccc(-c2cccc(C3CCC(=O)NC3=O)c2Cl)cc1C)C([2H])([2H])[2H],1,0.4430942203076992
0,VAV1,[2H]C([2H])([2H])NC(=O)N(c1ccc(-c2cccc(C3CCC(=O)NC3=O)c2Cl)cc1)C1CC1,1,0.3831762287544891
0,VAV1,[2H]C([2H])([2H])NC(=O)Nc1c(C)cc(-c2cccc(C3CCC(=O)NC3=O)c2Cl)cc1F,1,0.3872611435862349
0,VAV1,[2H]C([2H])([2H])NC(=O)Nc1ccc(-c2cccc(C3CCC(=O)NC3=O)c2Cl)cc1C,1,0.38028261481522435
0,VAV1,[2H]C([2H])([2H])O[C@@H]1CCN(C(=O)Nc2ccc(-c3cccc(C4CCC(=O)NC4=O)c3Cl)cc2C)C1,1,0.4959662573551906
0,VAV1,[2H]C([2H])([2H])O[C@H]1CCN(C(=O)Nc2ccc(-c3cccc(C4CCC(=O)NC4=O)c3Cl)cc2C)C1,1,0.4959662573551906
0,VAV1,[2H]C([2H])([2H])Oc1cc(C(F)(F)F)n(-c2ccc(-c3cccc(C4CCC(=O)NC4=O)c3C#C)cc2)c(=O)c1,1,0.4513512982330146
0,VAV1,[2H]C([2H])([2H])Oc1cc(OCCC(F)(F)F)n(-c2cccc(-n3ncc4c(C5CCC(=O)NC5=O)cccc43)c2)c(=O)c1,1,0.4871019774804322
0,VAV1,[2H]C([2H])([2H])[C@@H]1C=Cc2cc(-c3cccc(C4CCC(=O)NC4=O)c3Cl)ccc2NC1=O,1,0.33676730020146606
0,VAV1,[2H]C([2H])([2H])c1cc(-c2cccc(C3CCC(=O)NC3=O)c2Cl)ccc1NC(=O)N(C)C,1,0.4430942203076992
0,VAV1,[2H]C([2H])([2H])c1cc(-c2cccc(C3CCC(=O)NC3=O)c2Cl)ccc1NC(=O)N1CC[C@H](OC)C1,1,0.4959662573551906
0,VAV1,[2H]C([2H])([2H])n1cc2c(n1)-c1ccc(-c3cccc(C4CCC(=O)NC4=O)c3Cl)cc1CC2,1,0.3459916215058088
0,VAV1,[2H]C([2H])([2H])n1cc2c(n1)CCc1cc(-c3cccc(C4CCC(=O)NC4=O)c3Cl)ccc1-2,1,0.3459916215058088
0,VAV1,[2H]C1(c2cccc(-c3ccc(-n4cc5nc6n(c5cc4=O)CC(F)(F)C6)cc3)c2Cl)CCC(=O)NC1=O,1,0.4282174544913737
0,VAV1,[2H]C1(c2cccc(-c3ccc4c(c3)CCC(C)(C)C(=O)N4)c2Cl)CCC(=O)NC1=O,1,0.35183831443084224
0,VAV1,[2H]C1CNC(=O)c2ccc(-c3cccc(C4CCC(=O)NC4=O)c3Cl)cc2C1,1,0.26928491953610145
0,VAV1,[2H]C1Cc2cc(-c3cccc(C4CCC(=O)NC4=O)c3Cl)ccc2NC(=O)C1(C)C,1,0.35183831443084224
0,VAV1,[2H]C1Cc2nc3ccc(=O)n(-c4ccc(-c5cccc(C6CCC(=O)NC6=O)c5Cl)cc4)c3n2C1,1,0.42883494827678215
0,VAV1,[2H]C1Cc2nc3ccc(Oc4ccc(-c5cccc(C6CCC(=O)NC6=O)c5Cl)cc4)nc3n2C1,1,0.41360619945486893
0,VAV1,[2H]C1Cc2nc3cn(-c4ccc(-c5cccc(C6CCC(=O)NC6=O)c5Cl)cc4)c(=O)cc3n2C1,1,0.42883494827678215
0,VAV1,[2H]C1Cc2nc3cnc(Oc4ccc(-c5cccc(C6CCC(=O)NC6=O)c5Cl)cc4)cc3n2C1,1,0.41360619945486893
0,VAV1,[2H][C@@]1(c2cccc(-c3ccc4c(c3)CCC(C)(C)C(=O)N4)c2Cl)CCC(=O)NC1=O,1,0.35183831443084224
0,VAV1,[2H][C@]1(c2cccc(-c3ccc4c(c3)CCC(C)(C)C(=O)N4)c2Cl)CCC(=O)NC1=O,1,0.35183831443084224
1,IKZF2,C=C1c2ccc(OC3CN(Cc4ccccc4)CCC3NS(C)(=O)=O)cc2CN1C1CCC(=O)NC1=O,0,0.43212860800937125
1,IKZF2,CC(=O)N1CCC(N[C@H]2CCCC[C@@H]2Cc2ccc3c(c2)CN(C2CCC(=O)NC2=O)C3=O)CC1,1,0.2773762827582127
1,IKZF2,CC(=O)N1CCC2(CC1)CC(N1CCC(c3ccc4c(c3)CN(C3CCC(=O)NC3=O)C4=O)CC1)C2,0,0.2503452214454805
1,IKZF2,CC(=O)NC1CCN(Cc2ccccc2)CC1Oc1ccc2c(c1)CN(C1CCC(=O)NC1=O)C2=O,0,0.43379922985587366
1,IKZF2,CC(C)(C)CCN(CCC(C)(C)C)[C@H]1CCCC[C@@H]1Cc1ccc2c(c1F)CN(C1CCC(=O)NC1=O)C2=O,0,0.31001305129463186
1,IKZF2,CC(C)(C)CCN[C@H]1CCCC[C@@H]1Cc1ccc2c(c1)CN(C1CCC(=O)NC1=O)C2=O,1,0.2674886538675695
1,IKZF2,CC(C)(C)CCN[C@H]1CCCC[C@@H]1Cc1ccc2c(c1F)CN(C1CCC(=O)NC1=O)C2=O,1,0.2891783020721002
1,IKZF2,CC(C)(C)CN[C@H]1CCCC[C@@H]1Cc1ccc2c(c1)CN(C1CCC(=O)NC1=O)C2=O,1,0.25505250869750123
1,IKZF2,CC(C)(CCN[C@H]1CCCC[C@@H]1Cc1ccc2c(c1)CN(C1CCC(=O)NC1=O)C2=O)C(F)(F)F,1,0.28564320355270434
1,IKZF2,CC(C)C(C)N[C@H]1CCCO[C@@H]1Cc1ccc2c(c1F)CN(C1CCC(=O)NC1=O)C2=O,1,0.2774750019559057
1,IKZF2,CC(C)CC(C)N[C@H]1CCCC[C@@H]1Cc1ccc2c(c1)CN(C1CCC(=O)NC1=O)C2=O,1,0.24065537775470666
1,IKZF2,CC(C)CCN[C@H]1CCCC[C@@H]1Cc1ccc2c(c1)CN(C1CCC(=O)NC1=O)C2=O,1,0.25900772077501916
1,IKZF2,CC(C)CN1CCC(NCc2ccccc2)C(Oc2ccc3c(c2)CN(C2CCC(=O)NC2=O)C3=O)C1,0,0.45183356554043674
1,IKZF2,CC(C)N1CCC(NCc2ccccc2)C(Oc2ccc3c(c2)CN(C2CCC(=O)NC2=O)C3=O)C1,0,0.45295174861609333
1,IKZF2,CC(C)NC1CCN(Cc2ccccc2)CC1Oc1ccc2c(c1)CN(C1CCC(=O)NC1=O)C2=O,1,0.4300653308808475
1,IKZF2,CC(C)N[C@H]1CC(F)(F)CC[C@@H]1Cc1ccc2c(c1)CN(C1CCC(=O)NC1=O)C2=O,1,0.2343866881206377
1,IKZF2,CC(C)N[C@H]1CC=CC[C@@H]1Cc1ccc2c(c1)CN(C1CCC(=O)NC1=O)C2=O,1,0.2090733964854729
1,IKZF2,CC(C)N[C@H]1CCC(F)(F)C[C@@H]1Cc1ccc2c(c1)CN(C1CCC(=O)NC1=O)C2=O,1,0.2343866881206377
1,IKZF2,CC(C)N[C@H]1CCCC[C@@H]1Cc1ccc2c(c1)CN(C1CCC(=O)NC1=O)C2=O,1,0.20943776895510857
1,IKZF2,CC(C)N[C@H]1CCCC[C@@H]1Cc1ccc2c(c1F)CN(C1CCC(=O)NC1=O)C2=O,1,0.24025902486333647
1,IKZF2,CC(C)N[C@H]1CCCO[C@@H]1Cc1ccc2c(c1)CN(C1CCC(=O)NC1=O)C2=O,1,0.2465994470081531
1,IKZF2,CC(C)N[C@H]1CCN(Cc2ccn(C)n2)C[C@@H]1Oc1ccc2c(c1)CN(C1CCC(=O)NC1=O)C2=O,0,0.45209478269007897
1,IKZF2,CC(C)N[C@H]1CCN(Cc2cnccn2)C[C@@H]1Oc1ccc2c(c1)CN(C1CCC(=O)NC1=O)C2=O,0,0.43874192561817693
1,IKZF2,CC(C)N[C@H]1CCN(Cc2ncco2)C[C@@H]1Oc1ccc2c(c1)CN(C1CCC(=O)NC1=O)C2=O,0,0.43375327829923577
1,IKZF2,CC(C)N[C@H]1CCN(Cc2nccs2)C[C@@H]1Oc1ccc2c(c1)CN(C1CCC(=O)NC1=O)C2=O,1,0.43805689958167426
1,IKZF2,CC(C)OC1CCC(N[C@H]2CCCC[C@@H]2Cc2ccc3c(c2)CN(C2CCC(=O)NC2=O)C3=O)CC1,1,0.2799086855514851
1,IKZF2,CC(C)OC1CCC(N[C@H]2CCCO[C@@H]2Cc2ccc3c(c2F)CN(C2CCC(=O)NC2=O)C3=O)CC1,1,0.3090874682463759
1,IKZF2,CC(CC(C)(C)C)N[C@H]1CCCC[C@@H]1Cc1ccc2c(c1)CN(C1CCC(=O)NC1=O)C2=O,1,0.23783179207980357
1,IKZF2,CC(CC(F)(F)F)N[C@H]1CCCC[C@@H]1Cc1ccc2c(c1)CN(C1CCC(=O)NC1=O)C2=O,1,0.24294323256512057
1,IKZF2,CC(CCC(F)F)N[C@H]1CCCO[C@@H]1Cc1ccc2c(c1F)CN(C1CCC(=O)NC1=O)C2=O,1,0.26534792885569286
1,IKZF2,CC(CCCC(F)(F)F)N[C@H]1CCCO[C@@H]1Cc1ccc2c(c1F)CN(C1CCC(=O)NC1=O)C2=O,1,0.27277506938656637
1,IKZF2,CC(CF)N[C@H]1CCCC[C@@H]1Cc1ccc2c(c1)CN(C1CCC(=O)NC1=O)C2=O,0,0.2496177168946054
1,IKZF2,CC(COc1ccccc1)N[C@H]1CCCC[C@@H]1Cc1ccc2c(c1)CN(C1CCC(=O)NC1=O)C2=O,1,0.42611088670183145
1,IKZF2,CC(N[C@H]1CC(F)(F)CC[C@@H]1Cc1ccc2c(c1)CN(C1CCC(=O)NC1=O)C2=O)C1CCOCC1,1,0.2686372832677476
1,IKZF2,CC(N[C@H]1CCCC[C@@H]1Cc1ccc2c(c1)CN(C1CCC(=O)NC1=O)C2=O)C(C)(C)F,1,0.23960760627493227
1,IKZF2,CC(N[C@H]1CCCC[C@@H]1Cc1ccc2c(c1)CN(C1CCC(=O)NC1=O)C2=O)C(F)F,0,0.22580248708448417
1,IKZF2,CC(N[C@H]1CCCC[C@@H]1Cc1ccc2c(c1)CN(C1CCC(=O)NC1=O)C2=O)C1(C(F)F)CC1,1,0.21061667792714542
1,IKZF2,CC(N[C@H]1CCCC[C@@H]1Cc1ccc2c(c1)CN(C1CCC(=O)NC1=O)C2=O)C1(C)CC1,1,0.2172188670702229
1,IKZF2,CC(N[C@H]1CCCC[C@@H]1Cc1ccc2c(c1)CN(C1CCC(=O)NC1=O)C2=O)C1(C)CCC1,1,0.21352586538568807
1,IKZF2,CC(N[C@H]1CCCC[C@@H]1Cc1ccc2c(c1)CN(C1CCC(=O)NC1=O)C2=O)C1(C2CC2)CC1,1,0.20845908413281278
1,IKZF2,CC(N[C@H]1CCCC[C@@H]1Cc1ccc2c(c1)CN(C1CCC(=O)NC1=O)C2=O)C1(F)CC1,1,0.21396607424910472
1,IKZF2,CC(N[C@H]1CCCC[C@@H]1Cc1ccc2c(c1)CN(C1CCC(=O)NC1=O)C2=O)C1CC(F)(F)C1,1,0.2173527437353621
1,IKZF2,CC(N[C@H]1CCCC[C@@H]1Cc1ccc2c(c1)CN(C1CCC(=O)NC1=O)C2=O)C1CC1,1,0.20741021153115144
1,IKZF2,CC(N[C@H]1CCCC[C@@H]1Cc1ccc2c(c1)CN(C1CCC(=O)NC1=O)C2=O)C1CCC1,1,0.19743983794022096
1,IKZF2,CC(N[C@H]1CCCC[C@@H]1Cc1ccc2c(c1)CN(C1CCC(=O)NC1=O)C2=O)C1CCCC1,1,0.20993978648740313
1,IKZF2,CC(N[C@H]1CCCC[C@@H]1Cc1ccc2c(c1)CN(C1CCC(=O)NC1=O)C2=O)C1CCCCC1,1,0.20993978648740313
1,IKZF2,CC(N[C@H]1CCCC[C@@H]1Cc1ccc2c(c1)CN(C1CCC(=O)NC1=O)C2=O)C1CCCO1,1,0.2695459867086166
1,IKZF2,CC(N[C@H]1CCCC[C@@H]1Cc1ccc2c(c1)CN(C1CCC(=O)NC1=O)C2=O)C1CCOCC1,1,0.31146826307097764
1,IKZF2,CC(N[C@H]1CCCC[C@@H]1Cc1ccc2c(c1F)CN(C1CCC(=O)NC1=O)C2=O)C1CCOCC1,1,0.27689831388412867
1,IKZF2,CC(N[C@H]1CCCO[C@@H]1Cc1ccc2c(c1F)CN(C1CCC(=O)NC1=O)C2=O)C1CCC1,1,0.2494635748848509
1,IKZF2,CC(N[C@H]1CCCO[C@@H]1Cc1ccc2c(c1F)CN(C1CCC(=O)NC1=O)C2=O)C1COC1,1,0.28793282159240374
1,IKZF2,CC(c1ccc2c(c1)CN(C1CCC(=O)NC1=O)C2=O)[C@H]1CCCC[C@@H]1NC1CCC(F)(F)CC1,0,0.22869134675323202
1,IKZF2,CC1(C)CC(F)(N[C@H]2CCCC[C@@H]2Cc2ccc3c(c2)CN(C2CCC(=O)NC2=O)C3=O)C1,1,0.22223234324108557
1,IKZF2,CC1(C)CC(N[C@H]2CCCC[C@@H]2Cc2ccc3c(c2)CN(C2CCC(=O)NC2=O)C3=O)C1,1,0.21236971572341878
1,IKZF2,CC1(C)CC(N[C@H]2CCCC[C@@H]2Cc2ccc3c(c2)CN(C2CCC(=O)NC2=O)C3=O)CC(C)(C)C1,1,0.23783179207980357
1,IKZF2,CC1(C)CC(N[C@H]2CCCC[C@@H]2Cc2ccc3c(c2)CN(C2CCC(=O)NC2=O)C3=O)CC(C)(C)O1,1,0.2549783534387141
1,IKZF2,CC1(C)CC(N[C@H]2CCCC[C@@H]2Cc2ccc3c(c2)CN(C2CCC(=O)NC2=O)C3=O)CCO1,1,0.2445994773078263
1,IKZF2,CC1(C)CC(N[C@H]2CCCO[C@@H]2Cc2ccc3c(c2F)CN(C2CCC(=O)NC2=O)C3=O)CCO1,1,0.2607836691993391
1,IKZF2,CC1(C)CCC(NCc2ccc3c(c2)CN(C2CCC(=O)NC2=O)C3=O)CC1,1,0.25348290616604724
1,IKZF2,CC1(C)CCC(N[C@H]2CCCC[C@@H]2Cc2ccc3c(c2)CN(C2CCC(=O)NC2=O)C3=O)CC1,1,0.22902249709939715
1,IKZF2,CC1(C)CCC(N[C@H]2CCCO[C@@H]2Cc2ccc3c(c2F)CN(C2CCC(=O)NC2=O)C3=O)C1,1,0.23752744271668355
1,IKZF2,CC1(C)CCCC(NCc2ccc3c(c2)CN(C2CCC(=O)NC2=O)C3=O)C1,1,0.24399762321228605
1,IKZF2,CC1(C)CCCC(N[C@H]2CCCC[C@@H]2Cc2ccc3c(c2)CN(C2CCC(=O)NC2=O)C3=O)C1,1,0.22141221414563597
1,IKZF2,CC1(C)COCCC1N[C@H]1CCCC[C@@H]1Cc1ccc2c(c1)CN(C1CCC(=O)NC1=O)C2=O,1,0.28107416220263715
1,IKZF2,CC1(C)OCC(N[C@H]2CCCC[C@@H]2Cc2ccc3c(c2)CN(C2CCC(=O)NC2=O)C3=O)CO1,1,0.24516692845980484
1,IKZF2,CC1(C)OCCC1N[C@H]1CCCC[C@@H]1Cc1ccc2c(c1)CN(C1CCC(=O)NC1=O)C2=O,1,0.24101851850055173
1,IKZF2,CC1(F)CCC(N[C@H]2CCCO[C@@H]2Cc2ccc3c(c2F)CN(C2CCC(=O)NC2=O)C3=O)CC1,1,0.2455487497818318
1,SALL4,CC1(F)CCC(N[C@H]2CCCO[C@@H]2Cc2ccc3c(c2F)CN(C2CCC(=O)NC2=O)C3=O)CC1,0,0.12456105656795374
1,IKZF2,CC1(NCc2ccc3c(c2)CN(C2CCC(=O)NC2=O)C3=O)CCCCC1,1,0.25787517651497427
1,IKZF2,CC1CCC(C)(NCc2ccc3c(c2)CN(C2CCC(=O)NC2=O)C3=O)CC1,1,0.25597484101691065
1,IKZF2,CC1CCC(N[C@H]2CCCC[C@@H]2Cc2ccc3c(c2)CN(C2CCC(=O)NC2=O)C3=O)CC1,1,0.21958788011851996
1,IKZF2,CC1CC[C@H](NC2CCC(F)(F)CC2)[C@@H](Cc2ccc3c(c2)CN(C2CCC(=O)NC2=O)C3=O)C1,1,0.23638123133867117
1,IKZF2,CCC(C)(C)N[C@H]1CCCC[C@@H]1Cc1ccc2c(c1)CN(C1CCC(=O)NC1=O)C2=O,0,0.23583179207980356
1,IKZF2,CCC(C)N[C@H]1CCCC[C@@H]1Cc1ccc2c(c1)CN(C1CCC(=O)NC1=O)C2=O,1,0.2133394398083422
1,IKZF2,CCC(C)N[C@H]1CCCC[C@@H]1Cc1ccc2c(c1F)CN(C1CCC(=O)NC1=O)C2=O,1,0.2386606952003722
1,IKZF2,CCC(C)N[C@H]1CCCO[C@@H]1Cc1ccc2c(c1F)CN(C1CCC(=O)NC1=O)C2=O,1,0.2577430412164505
1,IKZF2,CCC(CC)N[C@H]1CCCC[C@@H]1Cc1ccc2c(c1)CN(C1CCC(=O)NC1=O)C2=O,1,0.20823747437301213
1,IKZF2,CCC(N[C@H]1CCCC[C@@H]1Cc1ccc2c(c1)CN(C1CCC(=O)NC1=O)C2=O)C1CC1,1,0.19988011153280782
1,IKZF2,CCCC(CCC)N[C@H]1CCCC[C@@H]1Cc1ccc2c(c1)CN(C1CCC(=O)NC1=O)C2=O,1,0.2133394398083422
1,IKZF2,CCCCN[C@H]1CCCC[C@@H]1Cc1ccc2c(c1)CN(C1CCC(=O)NC1=O)C2=O,1,0.2609727174207304
1,IKZF2,CCCC[C@H]1CC[C@@H](NCc2ccc3c(c2)CN(C2CCC(=O)NC2=O)C3=O)CC1,0,0.2609727174207304
1,IKZF2,CCCO[C@H]1CC[C@@H](NCc2ccc3c(c2)CN(C2CCC(=O)NC2=O)C3=O)CC1,1,0.3422846050074727
1,IKZF2,CCN(CC)C1CCN(Cc2ccc3ccccc3c2)CC1Oc1ccc2c(c1)CN(C1CCC(=O)NC1=O)C2=O,1,0.4680883861409417
1,IKZF2,CCN(CC)C1CCN(Cc2ccccc2)CC1Oc1ccc2c(c1)CN(C1CCC(=O)NC1=O)C2=O,1,0.4680883861409417
1,IKZF2,CCN(CC)[C@H]1CCN(Cc2ccc(F)cc2)C[C@@H]1Oc1ccc2c(c1)CN(C1CCC(=O)NC1=O)C2=O,1,0.46403416161967664
1,IKZF2,CCN1CCC(NCc2ccccc2)C(Oc2ccc3c(c2)CN(C2CCC(=O)NC2=O)C3=O)C1,0,0.454997717873778
1,IKZF2,CCNC1CCN(Cc2ccc(F)cc2)CC1Oc1ccc2c(c1)CN(C1CCC(=O)NC1=O)C2=O,1,0.45340422238870876
1,IKZF2,CCNC1CCN(Cc2ccc(F)cc2F)CC1Oc1ccc2c(c1)CN(C1CCC(=O)NC1=O)C2=O,1,0.45340422238870876
1,IKZF2,CCNC1CCN(Cc2ccc3ccccc3c2)CC1Oc1ccc2c(c1)CN(C1CCC(=O)NC1=O)C2=O,1,0.4422761888367773
1,IKZF2,CCNC1CCN(Cc2cccc(-c3ccccc3)c2)CC1Oc1ccc2c(c1)CN(C1CCC(=O)NC1=O)C2=O,1,0.4422761888367773
1,IKZF2,CCNC1CCN(Cc2ccccc2)CC1Oc1ccc2c(c1)CN(C1CCC(=O)NC1=O)C2=O,1,0.4422761888367773
1,IKZF2,CCN[C@H]1CCCC[C@@H]1Cc1ccc2c(c1)CN(C1CCC(=O)NC1=O)C2=O,1,0.23652069750306814
1,IKZF2,CCN[C@H]1CCCC[C@@H]1Oc1ccc2c(c1)CN(C1CCC(=O)NC1=O)C2=O,1,0.32803844328095716
1,IKZF2,CCN[C@H]1CCN(Cc2ccc(F)cc2)C[C@@H]1Oc1ccc2c(c1)CN(C1CCC(=O)NC1=O)C2=O,1,0.45340422238870876
1,IKZF2,CCOC1CC(N[C@H]2CCCC[C@@H]2Cc2ccc3c(c2)CN(C2CCC(=O)NC2=O)C3=O)C1,1,0.31350251712147054
1,IKZF2,CCOC1CN(C2CCN(Cc3ccccc3)CC2Oc2ccc3c(c2)CN(C2CCC(=O)NC2=O)C3=O)C1,1,0.4573386761656882
1,IKZF2,CCOC1CN([C@H]2CCCC[C@@H]2Cc2ccc3c(c2)CN(C2CCC(=O)NC2=O)C3=O)C1,1,0.35435987749580317
1,IKZF2,CCOCC(C)N[C@H]1CCCC[C@@H]1Cc1ccc2c(c1)CN(C1CCC(=O)NC1=O)C2=O,1,0.3787679794207803
1,IKZF2,CC[C@@H]1CCCC[C@H]1NCc1ccc2c(c1)CN(C1CCC(=O)NC1=O)C2=O,0,0.24697547714479592
1,IKZF2,CC[C@H]1CCCC[C@H]1NCc1ccc2c(c1)CN(C1CCC(=O)NC1=O)C2=O,0,0.24697547714479592
1,IKZF2,CC[C@H]1CC[C@H](NC2CCC(F)(F)CC2)[C@@H](Cc2ccc3c(c2)CN(C2CCC(=O)NC2=O)C3=O)C1,1,0.22422531119979236
1,IKZF2,CN(C1CCC(F)(F)CC1)[C@H]1CCCC[C@@H]1Cc1ccc2c(c1)CN(C1CCC(=O)NC1=O)C2=O,1,0.2484589117087406
1,IKZF2,CN(C1CCC(F)(F)CC1)[C@H]1CCCC[C@@H]1Cc1ccc2c(c1F)CN(C1CCC(=O)NC1=O)C2=O,1,0.2484589117087406
1,IKZF2,CN(Cc1ccc2c(c1)CN(C1CCC(=O)NC1=O)C2=O)C1CCN(Cc2ccccc2)CC1,0,0.425197786120834
1,IKZF2,CN(Cc1ccccc1)[C@H]1CCCC[C@@H]1Cc1ccc2c(c1)CN(C1CCC(=O)NC1=O)C2=O,0,0.43297998027034035
1,IKZF2,CN1CCC(NCc2ccccc2)C(Oc2ccc3c(c2)CN(C2CCC(=O)NC2=O)C3=O)C1,0,0.46042402581087677
1,IKZF2,COC(=O)C1(C)CCCC(NCc2ccc3c(c2)CN(C2CCC(=O)NC2=O)C3=O)C1,1,0.30497649677772093
1,IKZF2,COC(C)(C)CCN[C@H]1CCCC[C@@H]1Cc1ccc2c(c1)CN(C1CCC(=O)NC1=O)C2=O,1,0.3115208199682627
1,IKZF2,COC1(C)CCC(N[C@H]2CCCO[C@@H]2Cc2ccc3c(c2F)CN(C2CCC(=O)NC2=O)C3=O)CC1,1,0.3072260030599434
1,IKZF2,COC1CCC(N[C@H]2CCCC[C@@H]2Cc2ccc3c(c2)CN(C2CCC(=O)NC2=O)C3=O)CC1,1,0.2898830794022444
1,IKZF2,COC1CCC(N[C@H]2CCCO[C@@H]2Cc2ccc3c(c2F)CN(C2CCC(=O)NC2=O)C3=O)CC1,1,0.3239556071472391
1,IKZF2,COCC1(NCc2ccc3c(c2)CN(C2CCC(=O)NC2=O)C3=O)CCCCC1,0,0.3617856186550766
1,IKZF2,COCC1CCC(N[C@H]2CCCC[C@@H]2Cc2ccc3c(c2)CN(C2CCC(=O)NC2=O)C3=O)CC1,1,0.37749110196271785
1,IKZF2,COCC1CCC(N[C@H]2CCCO[C@@H]2Cc2ccc3c(c2F)CN(C2CCC(=O)NC2=O)C3=O)CC1,1,0.3646852502439981
1,IKZF2,COCCN[C@H]1CCCC[C@@H]1Cc1ccc2c(c1)CN(C1CCC(=O)NC1=O)C2=O,0,0.403442504039086
1,IKZF2,COC[C@@H]1CCCC[C@@H]1NCc1ccc2c(c1)CN(C1CCC(=O)NC1=O)C2=O,1,0.39238284350523406
1,IKZF2,CO[C@@H]1CCCC[C@@H]1NCc1ccc2c(c1)CN(C1CCC(=O)NC1=O)C2=O,1,0.32280242889754623
1,IKZF2,CO[C@@H]1CCCC[C@H]1NCc1ccc2c(c1)CN(C1CCC(=O)NC1=O)C2=O,1,0.32280242889754623
1,IKZF2,CO[C@@H]1CCC[C@H](Cc2ccc3c(c2)CN(C2CCC(=O)NC2=O)C3=O)[C@H]1NC1CCC(F)(F)CC1,1,0.28975060895107474
1,IKZF2,CO[C@H]1CCCC[C@H]1NCc1ccc2c(c1)CN(C1CCC(=O)NC1=O)C2=O,0,0.32280242889754623
1,IKZF2,CO[C@H]1CC[C@@H](NCc2ccc3c(c2)CN(C2CCC(=O)NC2=O)C3=O)CC1,1,0.32280242889754623
1,IKZF2,CO[C@H]1CC[C@H](Cc2ccc3c(c2)CN(C2CCC(=O)NC2=O)C3=O)[C@@H](NC2CCC(F)(F)CC2)C1,1,0.2980361699554179
1,IKZF2,CO[C@H]1CC[C@H](NCc2ccc3c(c2)CN(C2CCC(=O)NC2=O)C3=O)CC1,1,0.32280242889754623
1,IKZF2,COc1ccc(CN2CCC(NCc3ccccc3)C(Oc3ccc4c(c3)CN(C3CCC(=O)NC3=O)C4=O)C2)cc1,1,0.4302495129408258
1,IKZF2,COc1ccc(CN[C@H]2CCCC[C@@H]2Cc2ccc3c(c2)CN(C2CCC(=O)NC2=O)C3=O)cc1,1,0.3924943341412836
1,IKZF2,COc1ccccc1CCN[C@H]1CCCC[C@@H]1Cc1ccc2c(c1)CN(C1CCC(=O)NC1=O)C2=O,1,0.4012700851562483
1,IKZF2,CS(=O)(=O)NC1CCN(Cc2ccccc2)CC1Oc1ccc2c(c1)CN(C1CCC(=O)NC1=O)C2=O,0,0.40541654023872786
1,IKZF2,CS(=O)(=O)c1ccc(CN[C@H]2CCCC[C@@H]2Cc2ccc3c(c2)CN(C2CCC(=O)NC2=O)C3=O)cc1,1,0.3084015711376607
1,IKZF2,C[C@@H](NCc1ccc2c(c1)CN(C1CCC(=O)NC1=O)C2=O)c1ccccc1,0,0.35458542155141987
1,IKZF2,C[C@@H](N[C@H]1CCCC[C@@H]1Cc1ccc2c(c1)CN(C1CCC(=O)NC1=O)C2=O)c1ccccc1,1,0.27049260693670196
1,IKZF2,C[C@@H](c1ccccc1)N1CCC(NCc2ccccc2)C(Oc2ccc3c(c2)CN(C2CCC(=O)NC2=O)C3=O)C1,0,0.4582879776140377
1,IKZF2,C[C@@H]1CCCC[C@@H]1NCc1ccc2c(c1)CN(C1CCC(=O)NC1=O)C2=O,0,0.2643977625360884
1,IKZF2,C[C@@H]1CCCC[C@H]1NCc1ccc2c(c1)CN(C1CCC(=O)NC1=O)C2=O,0,0.2643977625360884
1,IKZF2,C[C@@H]1CCCC[C@H]1N[C@H]1CCCC[C@@H]1Cc1ccc2c(c1)CN(C1CCC(=O)NC1=O)C2=O,1,0.22210460814485897
1,IKZF2,C[C@@H]1[C@@H](NCc2ccc3c(c2)CN(C2CCC(=O)NC2=O)C3=O)C[C@H]2C[C@@H]1C2(C)C,1,0.23372034028215777
1,IKZF2,C[C@@H]1[C@H]2C[C@@H](C[C@H]1NCc1ccc3c(c1)CN(C1CCC(=O)NC1=O)C3=O)C2(C)C,0,0.23372034028215777
1,IKZF2,C[C@@]1(O)CC[C@H](NC2CCC(F)(F)CC2)[C@@H](Cc2ccc3c(c2)CN(C2CCC(=O)NC2=O)C3=O)C1,1,0.2505170028802035
1,IKZF2,C[C@H](N[C@H]1CCCC[C@@H]1Cc1ccc2c(c1)CN(C1CCC(=O)NC1=O)C2=O)c1ccccc1,1,0.27049260693670196
1,IKZF2,C[C@H](c1ccccc1)N1CCC(NCc2ccccc2)C(Oc2ccc3c(c2)CN(C2CCC(=O)NC2=O)C3=O)C1,0,0.4582879776140377
1,IKZF2,C[C@H]1CCCC[C@@H]1NCc1ccc2c(c1)CN(C1CCC(=O)NC1=O)C2=O,0,0.2643977625360884
1,IKZF2,C[C@H]1CCCC[C@H]1NCc1ccc2c(c1)CN(C1CCC(=O)NC1=O)C2=O,1,0.2643977625360884
1,IKZF2,C[C@H]1CCC[C@H](N[C@H]2CCCC[C@@H]2Cc2ccc3c(c2)CN(C2CCC(=O)NC2=O)C3=O)C1,1,0.22210460814485897
1,IKZF2,C[C@H]1CC[C@@H](NCc2ccc3c(c2)CN(C2CCC(=O)NC2=O)C3=O)CC1,0,0.2632727174207305
1,IKZF2,C[C@H]1CC[C@H](NCc2ccc3c(c2)CN(C2CCC(=O)NC2=O)C3=O)CC1,1,0.2632727174207305
1,IKZF2,C[C@]1(O)CC[C@H](NC2CCC(F)(F)CC2)[C@@H](Cc2ccc3c(c2)CN(C2CCC(=O)NC2=O)C3=O)C1,1,0.2505170028802035
1,IKZF2,Cc1n[nH]c2c1CC(N[C@H]1CCCC[C@@H]1Cc1ccc3c(c1)CN(C1CCC(=O)NC1=O)C3=O)CC2,1,0.31754777257667577
1,IKZF2,Cn1cc(CN[C@H]2CCCC[C@@H]2Cc2ccc3c(c2)CN(C2CCC(=O)NC2=O)C3=O)cn1,0,0.39740950942341197
1,IKZF2,Cn1ccc(CN[C@H]2CCCC[C@@H]2Cc2ccc3c(c2)CN(C2CCC(=O)NC2=O)C3=O)n1,1,0.39740950942341197
1,IKZF2,Cn1ncc2c1CCC(N[C@H]1CCCC[C@@H]1Cc1ccc3c(c1)CN(C1CCC(=O)NC1=O)C3=O)C2,1,0.3206676074201948
1,IKZF2,N#CC1CCC(N[C@H]2CCCC[C@@H]2Cc2ccc3c(c2)CN(C2CCC(=O)NC2=O)C3=O)CC1,1,0.20653344256260156
1,IKZF2,N#CC1CCCC(NCc2ccc3c(c2)CN(C2CCC(=O)NC2=O)C3=O)C1,0,0.2395092987618484
1,IKZF2,N#CCC1CCC(N[C@H]2CCCC[C@@H]2Cc2ccc3c(c2)CN(C2CCC(=O)NC2=O)C3=O)CC1,1,0.20653344256260156
1,IKZF2,N#CCN1CCC(NCc2ccccc2)C(Oc2ccc3c(c2)CN(C2CCC(=O)NC2=O)C3=O)C1,0,0.45268598934495585
1,IKZF2,N#CC[C@H]1CC[C@@H](NCc2ccc3c(c2)CN(C2CCC(=O)NC2=O)C3=O)CC1,1,0.2395092987618484
1,IKZF2,N#C[C@H]1CC[C@@H](NCc2ccc3c(c2)CN(C2CCC(=O)NC2=O)C3=O)CC1,1,0.2395092987618484
1,IKZF2,N#C[C@H]1CC[C@H](NCc2ccc3c(c2)CN(C2CCC(=O)NC2=O)C3=O)CC1,1,0.2395092987618484
1,IKZF2,N#Cc1ccc(CN2CCC(NCc3ccccc3)C(Oc3ccc4c(c3)CN(C3CCC(=O)NC3=O)C4=O)C2)cc1,1,0.45268598934495585
1,IKZF2,N#Cc1ccc(CN[C@H]2CCCC[C@@H]2Cc2ccc3c(c2)CN(C2CCC(=O)NC2=O)C3=O)c(F)c1,0,0.38942092251859145
1,IKZF2,N#Cc1ccc(CN[C@H]2CCCC[C@@H]2Cc2ccc3c(c2)CN(C2CCC(=O)NC2=O)C3=O)cc1,1,0.30674147188385426
1,IKZF2,NC(=O)C1CCCC(NCc2ccc3c(c2)CN(C2CCC(=O)NC2=O)C3=O)C1,0,0.2061809802084928
1,IKZF2,NC1CCN(Cc2ccccc2)CC1Oc1ccc2c(c1)CN(C1CCC(=O)NC1=O)C2=O,1,0.39861937371780465
1,IKZF2,N[C@H]1CCCC[C@@H]1Cc1ccc2c(c1)CN(C1CCC(=O)NC1=O)C2=O,1,0.17888304243188347
1,IKZF2,N[C@H]1CCN(Cc2ccccc2)C[C@@H]1Oc1ccc2c(c1)CN(C1CCC(=O)NC1=O)C2=O,1,0.39861937371780465
1,IKZF2,Nc1nc(-c2ccc3c(c2F)CN(C2CCC(=O)NC2=O)C3=O)ccc1CN1CC(C2CCC(F)(F)CC2)C1,1,0.3629333843114261
1,IKZF4,Nc1nc(-c2ccc3c(c2F)CN(C2CCC(=O)NC2=O)C3=O)ccc1CN1CC(C2CCC(F)(F)CC2)C1,0,0.327652141032201
1,IKZF2,O=C(O)[C@H]1CCCC[C@H]1C(=O)N1CC2c3ccc(CN4C(=O)c5ccccc5S4=O)cc3OC21,0,0.3823804310452057
1,IKZF2,O=C1CCC(N2Cc3c(ccc(C[C@H]4CCCC[C@@H]4N(Cc4ccccc4)Cc4ccccc4)c3F)C2=O)C(=O)N1,1,0.37449840617138425
1,IKZF2,O=C1CCC(N2Cc3c(ccc(C[C@H]4CCCC[C@@H]4NC4(Cl)CCCC4)c3F)C2=O)C(=O)N1,1,0.23557102261424084
1,IKZF2,O=C1CCC(N2Cc3c(ccc(C[C@H]4CCCC[C@@H]4NC4(O)CCC(F)(F)CC4)c3F)C2=O)C(=O)N1,1,0.24995953101546953
1,IKZF2,O=C1CCC(N2Cc3c(ccc(C[C@H]4CCCC[C@@H]4NC4CCC(F)(F)CC4)c3F)C2=O)C(=O)N1,1,0.2138976048012095
1,IKZF2,O=C1CCC(N2Cc3c(ccc(C[C@H]4CCCC[C@@H]4NC4CCCC4)c3F)C2=O)C(=O)N1,1,0.2205985543662711
1,IKZF2,O=C1CCC(N2Cc3c(ccc(C[C@H]4CCCC[C@@H]4NC4CCCCC4)c3F)C2=O)C(=O)N1,1,0.2205985543662711
1,IKZF2,O=C1CCC(N2Cc3c(ccc(C[C@H]4CCCC[C@@H]4NC4CCOC4)c3F)C2=O)C(=O)N1,1,0.29677672419465706
1,IKZF2,O=C1CCC(N2Cc3c(ccc(C[C@H]4CCCC[C@@H]4NC4CCOCC4)c3F)C2=O)C(=O)N1,1,0.29677672419465706
1,IKZF2,O=C1CCC(N2Cc3c(ccc(C[C@H]4CCCC[C@@H]4NCC4CC(F)(F)C4)c3F)C2=O)C(=O)N1,1,0.24592871512568454
1,IKZF2,O=C1CCC(N2Cc3c(ccc(C[C@H]4CCCC[C@@H]4NCC4CCC(F)(F)CC4)c3F)C2=O)C(=O)N1,1,0.26738269045107554
1,IKZF2,O=C1CCC(N2Cc3c(ccc(C[C@H]4CCCC[C@@H]4NCC4CCOCC4)c3F)C2=O)C(=O)N1,1,0.2846205401620349
1,IKZF2,O=C1CCC(N2Cc3c(ccc(C[C@H]4CCCC[C@@H]4NCC4COC4)c3F)C2=O)C(=O)N1,1,0.2796735351059198
1,IKZF2,O=C1CCC(N2Cc3c(ccc(C[C@H]4CCCC[C@@H]4NCc4ccccc4)c3F)C2=O)C(=O)N1,1,0.3655951465233932
1,IKZF2,O=C1CCC(N2Cc3c(ccc(C[C@H]4OCCC[C@@H]4NC4CCC(C(F)(F)F)CC4)c3F)C2=O)C(=O)N1,1,0.25446523571348656
1,IKZF2,O=C1CCC(N2Cc3c(ccc(C[C@H]4OCCC[C@@H]4NC4CCC(C(F)F)CC4)c3F)C2=O)C(=O)N1,1,0.24618210789660772
1,IKZF2,O=C1CCC(N2Cc3c(ccc(C[C@H]4OCCC[C@@H]4NC4CCC(F)(F)CC4)c3F)C2=O)C(=O)N1,1,0.23541516155079917
1,IKZF2,O=C1CCC(N2Cc3c(ccc(C[C@H]4OCCC[C@@H]4NC4CCC(OC(F)F)CC4)c3F)C2=O)C(=O)N1,1,0.32487122818715447
1,IKZF2,O=C1CCC(N2Cc3c(ccc(C[C@H]4OCCC[C@@H]4NC4CCCC4)c3F)C2=O)C(=O)N1,1,0.24618210789660772
1,IKZF2,O=C1CCC(N2Cc3c(ccc(C[C@H]4OCCC[C@@H]4NC4CCCCC4)c3F)C2=O)C(=O)N1,1,0.24618210789660772
1,IKZF2,O=C1CCC(N2Cc3c(ccc(C[C@H]4OCCC[C@@H]4NC4CCCOC4)c3F)C2=O)C(=O)N1,1,0.2780439669812067
1,IKZF2,O=C1CCC(N2Cc3c(ccc(C[C@H]4OCCC[C@@H]4NC4CCCOCC4)c3F)C2=O)C(=O)N1,1,0.3128363734949273
1,IKZF2,O=C1CCC(N2Cc3c(ccc(C[C@H]4OCCC[C@@H]4NC4CCN(CC(F)(F)F)CC4)c3F)C2=O)C(=O)N1,1,0.29779731736990583
1,IKZF2,O=C1CCC(N2Cc3c(ccc(C[C@H]4OCCC[C@@H]4NC4CCN(CC(F)F)CC4)c3F)C2=O)C(=O)N1,1,0.2875389336691082
1,IKZF2,O=C1CCC(N2Cc3c(ccc(C[C@H]4OCCC[C@@H]4NC4CCOC4)c3F)C2=O)C(=O)N1,1,0.313500556656941
1,IKZF2,O=C1CCC(N2Cc3c(ccc(C[C@H]4OCCC[C@@H]4NC4CCOCC4)c3F)C2=O)C(=O)N1,1,0.313500556656941
1,IKZF2,O=C1CCC(N2Cc3c(ccc(C[C@H]4OCCC[C@@H]4NC4CCc5cn[nH]c5C4)c3F)C2=O)C(=O)N1,1,0.3387046348035902
1,IKZF2,O=C1CCC(N2Cc3c(ccc(C[C@H]4OCCC[C@@H]4NCC4CC(F)(F)C4)c3F)C2=O)C(=O)N1,0,0.23434211683867107
1,IKZF2,O=C1CCC(N2Cc3c(ccc(C[C@H]4OCCC[C@@H]4NCC4CCC4)c3F)C2=O)C(=O)N1,0,0.2438898703043545
1,IKZF2,O=C1CCC(N2Cc3c(ccc(C[C@H]4OCCC[C@@H]4N[C@H]4CC[C@@H](F)CC4)c3F)C2=O)C(=O)N1,1,0.24618210789660772
1,IKZF2,O=C1CCC(N2Cc3c(ccc(O[C@H]4CCCC[C@@H]4NC4CCC(F)(F)CC4)c3F)C2=O)C(=O)N1,1,0.2953400889962932
1,IKZF2,O=C1CCC(N2Cc3cc(C4(O)CCN(C5CC6(CCOCC6)C5)CC4)ccc3C2=O)C(=O)N1,0,0.24531793229648388
1,IKZF2,O=C1CCC(N2Cc3cc(C4(O)CCN(C5CC6(COC6)C5)CC4)ccc3C2=O)C(=O)N1,0,0.2367846844922216
1,IKZF2,O=C1CCC(N2Cc3cc(C4(O)CCN(C5CC6CCC(C5)O6)CC4)c(F)cc3C2=O)C(=O)N1,0,0.26399541577651325
1,IKZF2,O=C1CCC(N2Cc3cc(C4(O)CCN(C5CCC6(CC5)COC6)CC4)ccc3C2=O)C(=O)N1,0,0.2367846844922216
1,IKZF2,O=C1CCC(N2Cc3cc(C4CCN(C5(c6ccc(C(F)(F)F)cc6)CC5)CC4)ccc3C2=O)C(=O)N1,0,0.3369122609281858
1,IKZF2,O=C1CCC(N2Cc3cc(C4CCN(C5(c6ccccc6)CCC5)CC4)ccc3C2=O)C(=O)N1,0,0.2583085895651841
1,IKZF2,O=C1CCC(N2Cc3cc(C4CCN(C5(c6ccccc6)COC5)CC4)ccc3C2=O)C(=O)N1,0,0.24745548850467494
1,IKZF2,O=C1CCC(N2Cc3cc(C4CCN(C5(c6cccnc6)CC5)CC4)ccc3C2=O)C(=O)N1,0,0.2945710965759842
1,IKZF2,O=C1CCC(N2Cc3cc(C4CCN(C5CC6(CCN(c7ccccc7)CC6)C5)CC4)ccc3C2=O)C(=O)N1,0,0.2899504878375573
1,IKZF2,O=C1CCC(N2Cc3cc(C4CCN(C5CC6CCC(C5)O6)CC4)ccc3C2=O)C(=O)N1,0,0.29586308995474003
1,IKZF2,O=C1CCC(N2Cc3cc(C4CCN(C5CCC6(CC5)COC6)CC4)ccc3C2=O)C(=O)N1,0,0.21715327943297302
1,IKZF2,O=C1CCC(N2Cc3cc(C4CCN(Cc5ccccc5)CC4)ccc3C2=O)C(=O)N1,1,0.32112441659300356
1,SALL4,O=C1CCC(N2Cc3cc(C4CCN(Cc5ccccc5)CC4)ccc3C2=O)C(=O)N1,0,0.2021406876165272
1,IKZF2,O=C1CCC(N2Cc3cc(CNC4(C5CC5)CCCCC4)ccc3C2=O)C(=O)N1,0,0.1947982091678682
1,IKZF2,O=C1CCC(N2Cc3cc(CNC4(CCc5ccccc5)CCCCC4)ccc3C2=O)C(=O)N1,0,0.26173401790257234
1,IKZF2,O=C1CCC(N2Cc3cc(CNC4(c5ccc(F)cc5)CCCCC4)ccc3C2=O)C(=O)N1,0,0.32274548880090603
1,IKZF2,O=C1CCC(N2Cc3cc(CNC45CC(C4)C5)ccc3C2=O)C(=O)N1,0,0.18281019366302426
1,IKZF2,O=C1CCC(N2Cc3cc(CNC45CCCC(O)(C4)C5)ccc3C2=O)C(=O)N1,0,0.24399312241496063
1,IKZF2,O=C1CCC(N2Cc3cc(CNC4CC5CCC4C5)ccc3C2=O)C(=O)N1,0,0.20651539658281326
1,IKZF2,O=C1CCC(N2Cc3cc(CNC4CCC(F)(F)CC4)ccc3C2=O)C(=O)N1,1,0.26738269045107554
1,IKZF2,O=C1CCC(N2Cc3cc(CNC4CCCC(C(F)(F)F)C4)ccc3C2=O)C(=O)N1,0,0.2769867713194468
1,IKZF2,O=C1CCC(N2Cc3cc(CNC4CCCC(CO)C4)ccc3C2=O)C(=O)N1,0,0.2554496302256774
1,IKZF2,O=C1CCC(N2Cc3cc(CNC4CCCCC4)ccc3C2=O)C(=O)N1,0,0.20651539658281326
1,IKZF2,O=C1CCC(N2Cc3cc(CNC4CCCCC4O)ccc3C2=O)C(=O)N1,0,0.27872990687875443
1,IKZF2,O=C1CCC(N2Cc3cc(CNC4CCN(Cc5ccccc5)CC4)ccc3C2=O)C(=O)N1,0,0.3200752681093821
1,IKZF2,O=C1CCC(N2Cc3cc(CNCc4ccccc4)ccc3C2=O)C(=O)N1,0,0.30998366555984475
1,IKZF2,O=C1CCC(N2Cc3cc(CN[C@@H]4CC5CCC4C5)ccc3C2=O)C(=O)N1,0,0.20651539658281326
1,IKZF2,O=C1CCC(N2Cc3cc(CN[C@@H]4CCCC[C@@H]4CO)ccc3C2=O)C(=O)N1,0,0.24623991691694677
1,IKZF2,O=C1CCC(N2Cc3cc(CN[C@@H]4CCCC[C@H]4CO)ccc3C2=O)C(=O)N1,0,0.24623991691694677
1,IKZF2,O=C1CCC(N2Cc3cc(CN[C@@H]4CCCC[C@H]4O)ccc3C2=O)C(=O)N1,0,0.27872990687875443
1,IKZF2,O=C1CCC(N2Cc3cc(CN[C@@H]4CCC[C@H](O)C4)ccc3C2=O)C(=O)N1,0,0.25868970742972264
1,IKZF2,O=C1CCC(N2Cc3cc(CN[C@@H]4C[C@@H]5CC[C@H]4C5)ccc3C2=O)C(=O)N1,0,0.20651539658281326
1,IKZF2,O=C1CCC(N2Cc3cc(CN[C@H](CO)c4ccccc4)ccc3C2=O)C(=O)N1,0,0.31904266149848837
1,IKZF2,O=C1CCC(N2Cc3cc(CN[C@H]4CC5CCC4C5)ccc3C2=O)C(=O)N1,0,0.20651539658281326
1,IKZF2,O=C1CCC(N2Cc3cc(CN[C@H]4CCCC[C@@H]4O)ccc3C2=O)C(=O)N1,0,0.27872990687875443
1,IKZF2,O=C1CCC(N2Cc3cc(CN[C@H]4CCCC[C@H]4CO)ccc3C2=O)C(=O)N1,0,0.24623991691694677
1,IKZF2,O=C1CCC(N2Cc3cc(CN[C@H]4CCC[C@@H](O)C4)ccc3C2=O)C(=O)N1,0,0.25868970742972264
1,IKZF2,O=C1CCC(N2Cc3cc(CN[C@H]4CC[C@@H](C(F)(F)F)CC4)ccc3C2=O)C(=O)N1,1,0.2769867713194468
1,IKZF2,O=C1CCC(N2Cc3cc(CN[C@H]4CC[C@H](C(F)(F)F)CC4)ccc3C2=O)C(=O)N1,0,0.2769867713194468
1,IKZF2,O=C1CCC(N2Cc3cc(CN[C@H]4C[C@H]5CC[C@@H]4C5)ccc3C2=O)C(=O)N1,0,0.20651539658281326
1,IKZF2,O=C1CCC(N2Cc3cc(C[C@H]4CC(F)(F)CC[C@@H]4NC4CCCCC4)ccc3C2=O)C(=O)N1,1,0.2138976048012095
1,IKZF2,O=C1CCC(N2Cc3cc(C[C@H]4CCC(F)(F)C[C@@H]4NC4CCC(F)(F)CC4)ccc3C2=O)C(=O)N1,1,0.2138976048012095
1,IKZF2,O=C1CCC(N2Cc3cc(C[C@H]4CCC(F)(F)C[C@@H]4NC4CCCCC4)ccc3C2=O)C(=O)N1,1,0.2138976048012095
1,IKZF2,O=C1CCC(N2Cc3cc(C[C@H]4CCCCC[C@@H]4NC4CCC(F)(F)CC4)ccc3C2=O)C(=O)N1,0,0.2127155084739297
1,IKZF2,O=C1CCC(N2Cc3cc(C[C@H]4CCCC[C@@H]4N(CC4CCOCC4)CC4CCOCC4)ccc3C2=O)C(=O)N1,0,0.301911960436945
1,IKZF2,O=C1CCC(N2Cc3cc(C[C@H]4CCCC[C@@H]4N4CC(OCC5CC5)C4)ccc3C2=O)C(=O)N1,0,0.33899641568878786
1,IKZF2,O=C1CCC(N2Cc3cc(C[C@H]4CCCC[C@@H]4N4CC(OCc5ccccc5)C4)ccc3C2=O)C(=O)N1,1,0.390867516582068
1,IKZF2,O=C1CCC(N2Cc3cc(C[C@H]4CCCC[C@@H]4N4CC(Oc5ccccc5)C4)ccc3C2=O)C(=O)N1,1,0.38941443190061487
1,IKZF2,O=C1CCC(N2Cc3cc(C[C@H]4CCCC[C@@H]4N4CC(Oc5ccccc5Cl)C4)ccc3C2=O)C(=O)N1,1,0.405775198523718
1,IKZF2,O=C1CCC(N2Cc3cc(C[C@H]4CCCC[C@@H]4N4CC(c5ccccc5)C4)ccc3C2=O)C(=O)N1,1,0.2583449185871424
1,IKZF2,O=C1CCC(N2Cc3cc(C[C@H]4CCCC[C@@H]4NC4(Cl)CCCCC4)ccc3C2=O)C(=O)N1,1,0.24153740319697795
1,IKZF2,O=C1CCC(N2Cc3cc(C[C@H]4CCCC[C@@H]4NC4C5CCC4COC5)ccc3C2=O)C(=O)N1,1,0.29016818155610474
1,IKZF2,O=C1CCC(N2Cc3cc(C[C@H]4CCCC[C@@H]4NC4C5CCCC4CC5)ccc3C2=O)C(=O)N1,1,0.176209702749314
1,IKZF2,O=C1CCC(N2Cc3cc(C[C@H]4CCCC[C@@H]4NC4CC4)ccc3C2=O)C(=O)N1,1,0.18073162289434447
1,IKZF2,O=C1CCC(N2Cc3cc(C[C@H]4CCCC[C@@H]4NC4CC5CCC4O5)ccc3C2=O)C(=O)N1,1,0.22125729751324374
1,IKZF2,O=C1CCC(N2Cc3cc(C[C@H]4CCCC[C@@H]4NC4CCC(C(F)(F)F)CC4)ccc3C2=O)C(=O)N1,1,0.22353752879470973
1,IKZF2,O=C1CCC(N2Cc3cc(C[C@H]4CCCC[C@@H]4NC4CCC(C(F)F)CC4)ccc3C2=O)C(=O)N1,1,0.21155677005701867
1,IKZF2,O=C1CCC(N2Cc3cc(C[C@H]4CCCC[C@@H]4NC4CCC(F)(F)CC4)c(F)cc3C2=O)C(=O)N1,1,0.2138976048012095
1,IKZF2,O=C1CCC(N2Cc3cc(C[C@H]4CCCC[C@@H]4NC4CCC(F)(F)CC4)ccc3C2=O)C(=O)N1,1,0.2138976048012095
1,IKZF2,O=C1CCC(N2Cc3cc(C[C@H]4CCCC[C@@H]4NC4CCC(OC(F)(F)F)CC4)ccc3C2=O)C(=O)N1,1,0.293052978188009
1,IKZF2,O=C1CCC(N2Cc3cc(C[C@H]4CCCC[C@@H]4NC4CCC(OC(F)F)CC4)ccc3C2=O)C(=O)N1,1,0.30799766630428227
1,IKZF2,O=C1CCC(N2Cc3cc(C[C@H]4CCCC[C@@H]4NC4CCC(n5cnnc5)CC4)ccc3C2=O)C(=O)N1,0,0.31658922435845566
1,IKZF2,O=C1CCC(N2Cc3cc(C[C@H]4CCCC[C@@H]4NC4CCC4)ccc3C2=O)C(=O)N1,1,0.17060892566574135
1,IKZF2,O=C1CCC(N2Cc3cc(C[C@H]4CCCC[C@@H]4NC4CCC5COC4O5)ccc3C2=O)C(=O)N1,1,0.2418784679008154
1,IKZF2,O=C1CCC(N2Cc3cc(C[C@H]4CCCC[C@@H]4NC4CCCC4)ccc3C2=O)C(=O)N1,1,0.17813580102519933
1,IKZF2,O=C1CCC(N2Cc3cc(C[C@H]4CCCC[C@@H]4NC4CCCCC4(F)F)ccc3C2=O)C(=O)N1,1,0.2138976048012095
1,IKZF2,O=C1CCC(N2Cc3cc(C[C@H]4CCCC[C@@H]4NC4CCCCC4)ccc3C2=O)C(=O)N1,1,0.17813580102519933
1,IKZF2,O=C1CCC(N2Cc3cc(C[C@H]4CCCC[C@@H]4NC4CCCCC45CC5)ccc3C2=O)C(=O)N1,1,0.18629731167091124
1,IKZF2,O=C1CCC(N2Cc3cc(C[C@H]4CCCC[C@@H]4NC4CCCC[C@H]4F)ccc3C2=O)C(=O)N1,1,0.2205985543662711
1,IKZF2,O=C1CCC(N2Cc3cc(C[C@H]4CCCC[C@@H]4NC4CCCOC4)ccc3C2=O)C(=O)N1,1,0.28293944039303226
1,IKZF2,O=C1CCC(N2Cc3cc(C[C@H]4CCCC[C@@H]4NC4CCOC4)ccc3C2=O)C(=O)N1,1,0.2981848209575312
1,IKZF2,O=C1CCC(N2Cc3cc(C[C@H]4CCCC[C@@H]4NC4CCOCC4)ccc3C2=O)C(=O)N1,1,0.2981848209575312
1,IKZF2,O=C1CCC(N2Cc3cc(C[C@H]4CCCC[C@@H]4NC4CCc5[nH]ncc5C4)ccc3C2=O)C(=O)N1,1,0.2711641916753941
1,IKZF2,O=C1CCC(N2Cc3cc(C[C@H]4CCCC[C@@H]4NC4COC4)ccc3C2=O)C(=O)N1,1,0.2373920340221623
1,IKZF2,O=C1CCC(N2Cc3cc(C[C@H]4CCCC[C@@H]4NC4COc5ccccc5C4)ccc3C2=O)C(=O)N1,1,0.31322969405146117
1,IKZF2,O=C1CCC(N2Cc3cc(C[C@H]4CCCC[C@@H]4NC4C[C@@H]5COC[C@H]5C4)ccc3C2=O)C(=O)N1,1,0.28293944039303226
1,IKZF2,O=C1CCC(N2Cc3cc(C[C@H]4CCCC[C@@H]4NCC45CC(c6ccccc6)(C4)C5(F)F)ccc3C2=O)C(=O)N1,1,0.29638437722884786
1,IKZF2,O=C1CCC(N2Cc3cc(C[C@H]4CCCC[C@@H]4NCC45CC4C5)ccc3C2=O)C(=O)N1,1,0.18761402795700655
1,IKZF2,O=C1CCC(N2Cc3cc(C[C@H]4CCCC[C@@H]4NCC45CCC(CC4)C5)ccc3C2=O)C(=O)N1,1,0.19246827998508045
1,IKZF2,O=C1CCC(N2Cc3cc(C[C@H]4CCCC[C@@H]4NCC4CC(F)(F)C4)ccc3C2=O)C(=O)N1,1,0.24592871512568454
1,IKZF2,O=C1CCC(N2Cc3cc(C[C@H]4CCCC[C@@H]4NCC4CC4)ccc3C2=O)C(=O)N1,1,0.20049190501816933
1,IKZF2,O=C1CCC(N2Cc3cc(C[C@H]4CCCC[C@@H]4NCC4CCC(F)(F)CC4)ccc3C2=O)C(=O)N1,1,0.26738269045107554
1,IKZF2,O=C1CCC(N2Cc3cc(C[C@H]4CCCC[C@@H]4NCC4CCOC4)ccc3C2=O)C(=O)N1,1,0.32257505248732293
1,IKZF2,O=C1CCC(N2Cc3cc(C[C@H]4CCCC[C@@H]4NCC4CCOCC4)ccc3C2=O)C(=O)N1,1,0.30930029497066214
1,IKZF2,O=C1CCC(N2Cc3cc(C[C@H]4CCCC[C@@H]4NCC4COC4)ccc3C2=O)C(=O)N1,1,0.27322261484088217
1,IKZF2,O=C1CCC(N2Cc3cc(C[C@H]4CCCC[C@@H]4NCC4OCCO4)ccc3C2=O)C(=O)N1,0,0.25301364132056237
1,IKZF2,O=C1CCC(N2Cc3cc(C[C@H]4CCCC[C@@H]4NCCC(F)(F)F)ccc3C2=O)C(=O)N1,1,0.2769867713194468
1,IKZF2,O=C1CCC(N2Cc3cc(C[C@H]4CCCC[C@@H]4NCCCC(F)F)ccc3C2=O)C(=O)N1,1,0.26884981009838754
1,IKZF2,O=C1CCC(N2Cc3cc(C[C@H]4CCCC[C@@H]4NCCOc4ccccc4Cl)ccc3C2=O)C(=O)N1,0,0.4364943842587707
1,IKZF2,O=C1CCC(N2Cc3cc(C[C@H]4CCCC[C@@H]4NCCc4ccccc4)ccc3C2=O)C(=O)N1,1,0.27685634569814077
1,IKZF2,O=C1CCC(N2Cc3cc(C[C@H]4CCCC[C@@H]4NCc4c(F)cccc4F)ccc3C2=O)C(=O)N1,1,0.3655951465233932
1,IKZF2,O=C1CCC(N2Cc3cc(C[C@H]4CCCC[C@@H]4NCc4c(F)cncc4F)ccc3C2=O)C(=O)N1,0,0.3676366938875779
1,IKZF2,O=C1CCC(N2Cc3cc(C[C@H]4CCCC[C@@H]4NCc4cc(Cl)cc(Cl)c4)ccc3C2=O)C(=O)N1,0,0.395460690625509
1,IKZF2,O=C1CCC(N2Cc3cc(C[C@H]4CCCC[C@@H]4NCc4cc(F)cc(F)c4)ccc3C2=O)C(=O)N1,1,0.3655951465233932
1,IKZF2,O=C1CCC(N2Cc3cc(C[C@H]4CCCC[C@@H]4NCc4cc(F)ccc4F)ccc3C2=O)C(=O)N1,1,0.3655951465233932
1,IKZF2,O=C1CCC(N2Cc3cc(C[C@H]4CCCC[C@@H]4NCc4ccc(C(F)(F)F)cc4)ccc3C2=O)C(=O)N1,1,0.36040002679084027
1,IKZF2,O=C1CCC(N2Cc3cc(C[C@H]4CCCC[C@@H]4NCc4ccc(F)cc4F)ccc3C2=O)C(=O)N1,1,0.3655951465233932
1,IKZF2,O=C1CCC(N2Cc3cc(C[C@H]4CCCC[C@@H]4NCc4ccc(F)cn4)ccc3C2=O)C(=O)N1,0,0.3676366938875779
1,IKZF2,O=C1CCC(N2Cc3cc(C[C@H]4CCCC[C@@H]4NCc4ccc5ccccc5c4)ccc3C2=O)C(=O)N1,1,0.27685634569814077
1,IKZF2,O=C1CCC(N2Cc3cc(C[C@H]4CCCC[C@@H]4NCc4ccccc4)c(F)cc3C2=O)C(=O)N1,1,0.3655951465233932
1,IKZF2,O=C1CCC(N2Cc3cc(C[C@H]4CCCC[C@@H]4NCc4ccccc4)ccc3C2=O)C(=O)N1,1,0.27685634569814077
1,IKZF2,O=C1CCC(N2Cc3cc(C[C@H]4CCCC[C@@H]4NCc4ccccc4Cl)ccc3C2=O)C(=O)N1,1,0.395460690625509
1,IKZF2,O=C1CCC(N2Cc3cc(C[C@H]4CCCC[C@@H]4NCc4ccccn4)ccc3C2=O)C(=O)N1,0,0.30700929064895216
1,IKZF2,O=C1CCC(N2Cc3cc(C[C@H]4CCCC[C@@H]4NCc4cccnc4)ccc3C2=O)C(=O)N1,1,0.3167222607534015
1,IKZF2,O=C1CCC(N2Cc3cc(C[C@H]4CCCC[C@@H]4NCc4cccnc4C(F)(F)F)ccc3C2=O)C(=O)N1,0,0.35676529907440147
1,IKZF2,O=C1CCC(N2Cc3cc(C[C@H]4CCCC[C@@H]4NCc4cccnc4F)ccc3C2=O)C(=O)N1,0,0.37113140843959114
1,IKZF2,O=C1CCC(N2Cc3cc(C[C@H]4CCCC[C@@H]4NCc4ccncc4)ccc3C2=O)C(=O)N1,1,0.30700929064895216
1,IKZF2,O=C1CCC(N2Cc3cc(C[C@H]4CCCC[C@@H]4NCc4cncc(F)c4)ccc3C2=O)C(=O)N1,1,0.37113140843959114
1,IKZF2,O=C1CCC(N2Cc3cc(C[C@H]4CCCC[C@@H]4NCc4cnccn4)ccc3C2=O)C(=O)N1,0,0.3167222607534015
1,IKZF2,O=C1CCC(N2Cc3cc(C[C@H]4CCCC[C@@H]4NCc4ncc(F)cc4F)ccc3C2=O)C(=O)N1,0,0.3676366938875779
1,IKZF2,O=C1CCC(N2Cc3cc(C[C@H]4CCCC[C@@H]4NCc4ncccc4F)ccc3C2=O)C(=O)N1,0,0.3676366938875779
1,IKZF2,O=C1CCC(N2Cc3cc(C[C@H]4CCCC[C@@H]4NCc4nccs4)ccc3C2=O)C(=O)N1,0,0.28517599553559764
1,IKZF2,O=C1CCC(N2Cc3cc(C[C@H]4CCCC[C@@H]4N[C@@H]4CCC(F)(F)C4)ccc3C2=O)C(=O)N1,1,0.2138976048012095
1,IKZF2,O=C1CCC(N2Cc3cc(C[C@H]4CCCC[C@@H]4N[C@@H]4CCc5[nH]nc(C(F)(F)F)c5C4)ccc3C2=O)C(=O)N1,1,0.3038392503385447
1,SALL4,O=C1CCC(N2Cc3cc(C[C@H]4CCCC[C@@H]4N[C@@H]4CCc5[nH]nc(C(F)(F)F)c5C4)ccc3C2=O)C(=O)N1,0,0.15842430263839605
1,IKZF2,O=C1CCC(N2Cc3cc(C[C@H]4CCC[C@@H](F)[C@@H]4NC4CCCCC4)ccc3C2=O)C(=O)N1,1,0.2205985543662711
1,IKZF2,O=C1CCC(N2Cc3cc(C[C@H]4CCC[C@@H]4NC4CCC(F)(F)CC4)ccc3C2=O)C(=O)N1,0,0.2138976048012095
1,IKZF2,O=C1CCC(N2Cc3cc(C[C@H]4CCC[C@H](F)[C@@H]4NC4CCCCC4)ccc3C2=O)C(=O)N1,0,0.2205985543662711
1,IKZF2,O=C1CCC(N2Cc3cc(C[C@H]4CCC[C@H](O)[C@@H]4NC4CCC(F)(F)CC4)ccc3C2=O)C(=O)N1,1,0.24735884284044873
1,IKZF2,O=C1CCC(N2Cc3cc(C[C@H]4CCC[C@H](O)[C@@H]4NC4CCCCC4)ccc3C2=O)C(=O)N1,1,0.24082486428653888
1,IKZF2,O=C1CCC(N2Cc3cc(C[C@H]4CCOC[C@@H]4NC4CCC(F)(F)CC4)ccc3C2=O)C(=O)N1,1,0.2541137215071593
1,IKZF2,O=C1CCC(N2Cc3cc(C[C@H]4CC[C@@H](F)C[C@@H]4NC4CCC(F)(F)CC4)ccc3C2=O)C(=O)N1,1,0.2138976048012095
1,IKZF2,O=C1CCC(N2Cc3cc(C[C@H]4CC[C@@H](F)C[C@@H]4NC4CCCCC4)ccc3C2=O)C(=O)N1,1,0.2205985543662711
1,IKZF2,O=C1CCC(N2Cc3cc(C[C@H]4CC[C@H](O)C[C@@H]4NC4CCC(F)(F)CC4)ccc3C2=O)C(=O)N1,1,0.2555588744612551
1,IKZF2,O=C1CCC(N2Cc3cc(C[C@H]4C[C@@H](CO)CC[C@@H]4NC4CCCCC4)ccc3C2=O)C(=O)N1,0,0.2554496302256774
1,IKZF2,O=C1CCC(N2Cc3cc(C[C@H]4C[C@@H](F)CC[C@@H]4NC4CCC(F)(F)CC4)ccc3C2=O)C(=O)N1,1,0.2138976048012095
1,IKZF2,O=C1CCC(N2Cc3cc(C[C@H]4C[C@@H](F)CC[C@@H]4NC4CCCCC4)ccc3C2=O)C(=O)N1,1,0.2205985543662711
1,IKZF2,O=C1CCC(N2Cc3cc(C[C@H]4C[C@@H](O)CC[C@@H]4NC4CCC(F)(F)CC4)ccc3C2=O)C(=O)N1,1,0.24743779188503476
1,IKZF2,O=C1CCC(N2Cc3cc(C[C@H]4C[C@H](CO)CC[C@@H]4NC4CCCCC4)ccc3C2=O)C(=O)N1,0,0.2554496302256774
1,IKZF2,O=C1CCC(N2Cc3cc(C[C@H]4C[C@H](F)CC[C@@H]4NC4CCC(F)(F)CC4)ccc3C2=O)C(=O)N1,1,0.2138976048012095
1,IKZF2,O=C1CCC(N2Cc3cc(C[C@H]4C[C@H](O)CC[C@@H]4NC4CCC(F)(F)CC4)ccc3C2=O)C(=O)N1,1,0.24743779188503476
1,IKZF2,O=C1CCC(N2Cc3cc(C[C@H]4OCCC[C@@H]4NC4CCC(F)(F)CC4)ccc3C2=O)C(=O)N1,1,0.23541516155079917
1,IKZF2,O=C1CCC(N2Cc3cc(C[C@H]4OCCC[C@@H]4NC4CCC(F)CC4)ccc3C2=O)C(=O)N1,1,0.24618210789660772
1,IKZF2,O=C1CCC(N2Cc3cc(C[C@H]4OCCC[C@@H]4NC4CCCCC4)ccc3C2=O)C(=O)N1,1,0.24682527169024718
1,IKZF2,O=C1CCC(N2Cc3cc(OC4CN(C5CC5)CCC4NCc4ccccc4)ccc3C2=O)C(=O)N1,0,0.4137531672311943
1,IKZF2,O=C1CCC(N2Cc3cc(OC4CN(CC(F)(F)F)CCC4NCc4ccccc4)ccc3C2=O)C(=O)N1,0,0.45593557017718184
1,IKZF2,O=C1CCC(N2Cc3cc(OC4CN(CC(F)F)CCC4NCc4ccccc4)ccc3C2=O)C(=O)N1,0,0.45398166214348223
1,IKZF2,O=C1CCC(N2Cc3cc(OC4CN(CCC(F)(F)F)CCC4NCc4ccccc4)ccc3C2=O)C(=O)N1,0,0.45593557017718184
1,IKZF2,O=C1CCC(N2Cc3cc(OC4CN(CCF)CCC4NCc4ccccc4)ccc3C2=O)C(=O)N1,0,0.44063170416584946
1,IKZF2,O=C1CCC(N2Cc3cc(OC4CN(Cc5c(F)cccc5F)CCC4NCc4ccccc4)ccc3C2=O)C(=O)N1,1,0.4565965067082073
1,IKZF2,O=C1CCC(N2Cc3cc(OC4CN(Cc5cc(F)cc(F)c5)CCC4NCc4ccccc4)ccc3C2=O)C(=O)N1,0,0.4565965067082073
1,IKZF2,O=C1CCC(N2Cc3cc(OC4CN(Cc5cc(F)ccc5F)CCC4NCc4ccccc4)ccc3C2=O)C(=O)N1,1,0.4565965067082073
1,IKZF2,O=C1CCC(N2Cc3cc(OC4CN(Cc5ccc(-c6ccccc6)cc5)CCC4NCc4ccccc4)ccc3C2=O)C(=O)N1,1,0.4134846470218144
1,IKZF2,O=C1CCC(N2Cc3cc(OC4CN(Cc5ccc(C(F)(F)F)cc5)CCC4NCc4ccccc4)ccc3C2=O)C(=O)N1,1,0.45593557017718184
1,IKZF2,O=C1CCC(N2Cc3cc(OC4CN(Cc5ccc(Cl)cc5)CCC4NCc4ccccc4)ccc3C2=O)C(=O)N1,1,0.45834901500299235
1,IKZF2,O=C1CCC(N2Cc3cc(OC4CN(Cc5ccc(F)c(F)c5)CCC4NCc4ccccc4)ccc3C2=O)C(=O)N1,1,0.4565965067082073
1,IKZF2,O=C1CCC(N2Cc3cc(OC4CN(Cc5ccc(F)cc5)CCC4NCc4ccccc4)ccc3C2=O)C(=O)N1,1,0.4565965067082073
1,IKZF2,O=C1CCC(N2Cc3cc(OC4CN(Cc5ccc(F)cc5F)CCC4NCc4ccccc4)ccc3C2=O)C(=O)N1,1,0.4565965067082073
1,IKZF2,O=C1CCC(N2Cc3cc(OC4CN(Cc5cccc(F)c5)CCC4NCc4ccccc4)ccc3C2=O)C(=O)N1,1,0.4565965067082073
1,IKZF2,O=C1CCC(N2Cc3cc(OC4CN(Cc5cccc(F)c5F)CCC4NCc4ccccc4)ccc3C2=O)C(=O)N1,1,0.4565965067082073
1,IKZF2,O=C1CCC(N2Cc3cc(OC4CN(Cc5ccccc5)CCC4N(C4CC4)C4CC4)ccc3C2=O)C(=O)N1,1,0.4372814768973024
1,IKZF2,O=C1CCC(N2Cc3cc(OC4CN(Cc5ccccc5)CCC4N4CC(Oc5ccccc5Cl)C4)ccc3C2=O)C(=O)N1,1,0.41152731436653145
1,IKZF2,O=C1CCC(N2Cc3cc(OC4CN(Cc5ccccc5)CCC4NC(=O)NCc4ccccc4)ccc3C2=O)C(=O)N1,1,0.476706190061601
1,IKZF2,O=C1CCC(N2Cc3cc(OC4CN(Cc5ccccc5)CCC4NC(=O)c4ccccc4)ccc3C2=O)C(=O)N1,0,0.40170296448180576
1,IKZF2,O=C1CCC(N2Cc3cc(OC4CN(Cc5ccccc5)CCC4NC4CC4)ccc3C2=O)C(=O)N1,1,0.40432840776810874
1,IKZF2,O=C1CCC(N2Cc3cc(OC4CN(Cc5ccccc5)CCC4NCC(F)(F)F)ccc3C2=O)C(=O)N1,0,0.45593557017718184
1,IKZF2,O=C1CCC(N2Cc3cc(OC4CN(Cc5ccccc5)CCC4NCC(F)F)ccc3C2=O)C(=O)N1,0,0.45398166214348223
1,IKZF2,O=C1CCC(N2Cc3cc(OC4CN(Cc5ccccc5)CCC4NCC4CC4)ccc3C2=O)C(=O)N1,1,0.4137531672311943
1,IKZF2,O=C1CCC(N2Cc3cc(OC4CN(Cc5ccccc5)CCC4NCCF)ccc3C2=O)C(=O)N1,1,0.44063170416584946
1,IKZF2,O=C1CCC(N2Cc3cc(OC4CN(Cc5ccccc5)CCC4NCCc4ccccc4)ccc3C2=O)C(=O)N1,1,0.4134846470218144
1,IKZF2,O=C1CCC(N2Cc3cc(OC4CN(Cc5ccccc5)CCC4NCc4ccc(F)cc4)ccc3C2=O)C(=O)N1,1,0.4565965067082073
1,IKZF2,O=C1CCC(N2Cc3cc(OC4CN(Cc5ccccc5)CCC4NCc4cccc(F)c4)ccc3C2=O)C(=O)N1,1,0.4565965067082073
1,IKZF2,O=C1CCC(N2Cc3cc(OC4CN(Cc5ccccc5)CCC4NCc4ccccc4)ccc3C2=O)C(=O)N1,1,0.4134846470218144
1,IKZF2,O=C1CCC(N2Cc3cc(OC4CN(Cc5ccccc5)CCC4NCc4ccccc4Cl)ccc3C2=O)C(=O)N1,0,0.45834901500299235
1,IKZF2,O=C1CCC(N2Cc3cc(OC4CN(Cc5ccccc5)CCC4NCc4ccccc4F)ccc3C2=O)C(=O)N1,1,0.4565965067082073
1,IKZF2,O=C1CCC(N2Cc3cc(OC4CN(Cc5ccccc5)CCC4NCc4ccccn4)ccc3C2=O)C(=O)N1,1,0.4331067952607792
1,IKZF2,O=C1CCC(N2Cc3cc(OC4CN(Cc5ccccc5)CCC4NCc4cccnc4)ccc3C2=O)C(=O)N1,1,0.4331067952607792
1,IKZF2,O=C1CCC(N2Cc3cc(OC4CN(Cc5ccccc5)CCC4NCc4ccncc4)ccc3C2=O)C(=O)N1,0,0.4331067952607792
1,IKZF2,O=C1CCC(N2Cc3cc(OC4CN(Cc5ccccc5)CCC4Nc4ccccc4)ccc3C2=O)C(=O)N1,0,0.45810176075921305
1,IKZF2,O=C1CCC(N2Cc3cc(OC4CN(Cc5ccccc5Cl)CCC4NCc4ccccc4)ccc3C2=O)C(=O)N1,1,0.45834901500299235
1,IKZF2,O=C1CCC(N2Cc3cc(OC4CN(Cc5ccccc5F)CCC4NCc4ccccc4)ccc3C2=O)C(=O)N1,1,0.4565965067082073
1,IKZF2,O=C1CCC(N2Cc3cc(OC4CN(Cc5ccccn5)CCC4NCc4ccccc4)ccc3C2=O)C(=O)N1,0,0.4331067952607792
1,IKZF2,O=C1CCC(N2Cc3cc(OC4CN(Cc5cccnc5)CCC4NCc4ccccc4)ccc3C2=O)C(=O)N1,1,0.4331067952607792
1,IKZF2,O=C1CCC(N2Cc3cc(OC4CN(Cc5ccncc5)CCC4NCc4ccccc4)ccc3C2=O)C(=O)N1,1,0.4331067952607792
1,IKZF2,O=C1CCC(N2Cc3cc(O[C@H]4CCCC[C@@H]4NC4CCC(F)(F)CC4)ccc3C2=O)C(=O)N1,1,0.2953400889962932
1,IKZF2,O=C1CCC(N2Cc3cc(O[C@H]4CCCC[C@@H]4NCc4ccccc4)ccc3C2=O)C(=O)N1,1,0.38603346016667345
1,IKZF2,O=C1CCC(N2Cc3cc(O[C@H]4CN(Cc5ccccc5)CC[C@@H]4NCc4ccccc4)ccc3C2=O)C(=O)N1,1,0.4134846470218144
1,IKZF2,O=C1CCC(N2Cc3cc(O[C@H]4CN(c5ccccc5)C[C@@H]4NCc4ccccc4)ccc3C2=O)C(=O)N1,0,0.43941368448032714
1,IKZF2,O=C1CC[C@@H](N2Cc3c(ccc(C[C@H]4CCCC[C@@H]4NC4CCC(F)(F)CC4)c3F)C2=O)C(=O)N1,1,0.2138976048012095
1,IKZF2,O=C1CC[C@@H](N2Cc3c(ccc(C[C@H]4OCCC[C@@H]4NC4CCC(F)(F)CC4)c3F)C2=O)C(=O)N1,1,0.23541516155079917
1,IKZF2,O=C1CC[C@@H](N2Cc3c(ccc(C[C@H]4OCCC[C@@H]4NC4CCCCC4)c3F)C2=O)C(=O)N1,1,0.24618210789660772
1,IKZF2,O=C1CC[C@@H](N2Cc3c(ccc(C[C@H]4OCCC[C@@H]4N[C@H]4CC[C@@H](F)CC4)c3F)C2=O)C(=O)N1,1,0.24618210789660772
1,IKZF2,O=C1CC[C@@H](N2Cc3c(ccc(C[C@H]4OCCC[C@@H]4N[C@H]4CC[C@H](C(F)F)CC4)c3F)C2=O)C(=O)N1,1,0.24618210789660772
1,IKZF2,O=C1CC[C@@H](N2Cc3c(ccc(C[C@H]4OCCC[C@@H]4N[C@H]4CC[C@H](F)CC4)c3F)C2=O)C(=O)N1,1,0.24618210789660772
1,IKZF2,O=C1CC[C@@H](N2Cc3cc(C[C@H]4CCCC[C@@H]4NC4CCC(F)(F)CC4)ccc3C2=O)C(=O)N1,1,0.2138976048012095
1,IKZF2,O=C1CC[C@@H](N2Cc3cc(C[C@H]4CCCC[C@@H]4NC4CCCCC4)ccc3C2=O)C(=O)N1,1,0.17813580102519933
1,IKZF2,O=C1CC[C@H](N2Cc3c(ccc(C[C@H]4CCCC[C@@H]4NC4CCC(F)(F)CC4)c3F)C2=O)C(=O)N1,1,0.2138976048012095
1,IKZF2,O=C1CC[C@H](N2Cc3c(ccc(C[C@H]4OCCC[C@@H]4NC4CCC(F)(F)CC4)c3F)C2=O)C(=O)N1,1,0.23541516155079917
1,IKZF2,O=C1CC[C@H](N2Cc3c(ccc(C[C@H]4OCCC[C@@H]4NC4CCCCC4)c3F)C2=O)C(=O)N1,1,0.24618210789660772
1,IKZF2,O=C1CC[C@H](N2Cc3c(ccc(C[C@H]4OCCC[C@@H]4N[C@H]4CC[C@@H](C(F)F)CC4)c3F)C2=O)C(=O)N1,1,0.24618210789660772
1,IKZF2,O=C1CC[C@H](N2Cc3c(ccc(C[C@H]4OCCC[C@@H]4N[C@H]4CC[C@H](C(F)F)CC4)c3F)C2=O)C(=O)N1,1,0.24618210789660772
1,IKZF2,O=C1CC[C@H](N2Cc3c(ccc(C[C@H]4OCCC[C@@H]4N[C@H]4CC[C@H](F)CC4)c3F)C2=O)C(=O)N1,1,0.24618210789660772
1,IKZF2,O=C1CC[C@H](N2Cc3cc(C[C@H]4CCCC[C@@H]4NC4CCC(F)(F)CC4)cc(F)c3C2=O)C(=O)N1,0,0.2138976048012095
1,IKZF2,O=C1CC[C@H](N2Cc3cc(C[C@H]4CCCC[C@@H]4NC4CCC(F)(F)CC4)ccc3C2=O)C(=O)N1,1,0.2138976048012095
1,IKZF2,O=C1CC[C@H](N2Cc3cc(C[C@H]4CCCC[C@@H]4NC4CCCCC4)ccc3C2=O)C(=O)N1,1,0.17813580102519933
1,IKZF2,[2H]C([2H])(N[C@H]1CCCC[C@@H]1Cc1ccc2c(c1)CN(C1CCC(=O)NC1=O)C2=O)c1ccccc1,1,0.27565659525407255
1,IKZF2,[2H]C1(N[C@H]2CCCC[C@@H]2Cc2ccc3c(c2)CN(C2CCC(=O)NC2=O)C3=O)CCC(F)(F)CC1,1,0.2138976048012095
1,IKZF2,[2H]C1(N[C@H]2CCCC[C@@H]2Cc2ccc3c(c2F)CN(C2CCC(=O)NC2=O)C3=O)CCCCC1,1,0.2138976048012095
1,IKZF2,[2H]c1c([2H])c([2H])c(C([2H])([2H])N[C@H]2CCCC[C@@H]2Cc2ccc3c(c2)CN(C2CCC(=O)NC2=O)C3=O)c([2H])c1[2H],1,0.27565659525407255
1,IKZF2,[2H]c1c([2H])c([2H])c(C([2H])N[C@H]2CCCC[C@@H]2Cc2ccc3c(c2)CN(C2CCC(=O)NC2=O)C3=O)c([2H])c1[2H],1,0.27685634569814077
1,IKZF2,[2H]c1c([2H])c([2H])c(CN(Cc2c([2H])c([2H])c([2H])c([2H])c2[2H])[C@H]2CCCC[C@@H]2Cc2ccc3c(c2)CN(C2CCC(=O)NC2=O)C3=O)c([2H])c1[2H],0,0.32112441659300356
1,IKZF2,[2H]c1c([2H])c([2H])c(CN[C@H]2CCCC[C@@H]2Cc2ccc3c(c2)CN(C2CCC(=O)NC2=O)C3=O)c([2H])c1[2H],1,0.27685634569814077
2,FBXW7,C=C1c2cnn(-c3ccccc3)c2N=NN1Cc1cccnc1,0,0.3887713840330416
2,GSPT1,CC#Cc1ccc(F)c(NC(=O)OC2CN(c3cc(F)c(N4CCC(=O)NC4=O)c(F)c3)C2)c1,1,0.5100468053687262
2,FBXW7,CC(=O)Nc1ccc(NC(=O)Cn2cnc3c(cnn3C(C)(C)C)c2=O)cc1,0,0.43068587764174115
2,FBXW7,CC(C)(C)OC(=O)N/N=C\c1cccs1,0,0.37549404090104643
2,GSPT1,CC(C)(c1ccc(NC(=O)OCc2ccc3c(c2)C(=O)N(C2CCC(=O)NC2=O)C3)cc1)c1ccc(OC(F)F)cc1,1,0.5003437520023858
2,WIZ,CC(C)CN1CCN(Cc2cc3c(N4CCC(=O)NC4=O)noc3cc2F)C[C@@H]1C,0,0.4743622785711134
2,WIZ,CC(C)CN1CCN(Cc2ccn3nc(F)c(N4CCC(=O)NC4=O)c3c2)C[C@@H]1C,1,0.4899643228056832
2,WIZ,CC(C)CN1CCN(Cc2ccn3ncc(N4CCC(=O)NC4=O)c3c2Cl)C[C@@H]1C,0,0.4833502037574046
2,WIZ,CC(C)OC(=O)N1CCC(CN2CCN(Cc3ccn4nc(F)c(N5CCC(=O)NC5=O)c4c3)C[C@@H]2C)CC1,1,0.5577985434126415
2,WIZ,CC(C)S(=O)(=O)N1CCC(CN2CCN(Cc3ccn4nc(F)c(N5CCC(=O)NC5=O)c4c3)C[C@@H]2C)CC1,1,0.48556179216152945
2,FBXW7,CC(C)c1ccc(Nc2nccn3c(-c4ccoc4)cnc23)cc1,0,0.41424037922544255
2,WIZ,CC(C)n1ccc(N2CCC(CN3CCN(Cc4ccn5nc(F)c(N6CCC(=O)NC6=O)c5c4)C[C@@H]3C)CC2)n1,1,0.5043201114120509
2,WIZ,CC(C1CCC1)N1CCN(Cc2ccn3nc(F)c(N4CCC(=O)NC4=O)c3c2)C[C@@H]1C,1,0.4926775499243614
2,WIZ,CC(CN1CCN(Cc2ccn3nc(F)c(N4CCC(=O)NC4=O)c3c2)C[C@@H]1C)C1CC1,1,0.5054485498181874
2,FBXW7,CC(NC(=O)c1cnc2ccccn12)c1ccc(F)cc1,0,0.3910019806425127
2,FBXW7,CC1=C(C(=O)OC(C)C)C(c2ccncc2)C2=C(CC(c3ccc(C)cc3)CC2=O)N1,0,0.3972237427373819
2,FBXW7,CC1=C(C(=O)OC2CCCCC2)C(c2ccc(F)cc2)C2=C(CC(c3ccccc3)CC2=O)N1,0,0.3992315015774096
2,FBXW7,CC1=C(C(=O)OCCc2ccccc2)C(c2ccc(Cl)cc2Cl)C2=C(CC(C)(C)CC2=O)N1,0,0.4364348944669929
2,FBXW7,CC1=C(C(=O)OCc2ccccc2)C(c2cn(-c3ccccc3)nc2-c2ccc(F)cc2)C(C(=O)OCc2ccccc2)=C(C)N1,0,0.44215496106347585
2,FBXW7,CCC(C)OC(=O)C1=C(C)NC2=C(C(=O)CC(c3ccc(F)cc3)C2)C1c1cccc(Cl)c1,0,0.41992065310565174
2,FBXW7,CCC(c1nnnn1CCC(C)C)N1CCN(C(=O)c2cc(C)co2)CC1,0,0.39186149021356664
2,FBXW7,CCCCCCCC(=O)Nc1ccc(C(=O)Nc2ccc(O)c(C(=O)O)c2)cc1,0,0.4135029866316303
2,FBXW7,CCCOC(=O)C1=C(C)N(CC)C(=O)NC1c1ccccc1[N+](=O)[O-],0,0.457753853933927
2,FBXW7,CCCOc1ccc(C2C(C(=O)OC)=CN(CCOC)C=C2C(=O)OC(F)(F)F)cc1,0,0.46004744785498014
2,FBXW7,CCN(CC)c1ccc2c(c1)OC(N)=C(C#N)C2c1ccccc1,0,0.44640534150801836
2,FBXW7,CCN(CC)c1ccc2cc(-c3ccccn3)c(=O)oc2c1,0,0.4179655825461603
2,FBXW7,CCN(CC)c1ccc2cc(-c3nc(C)cs3)c(=O)oc2c1,0,0.4086047719536822
2,FBXW7,CCN(Cc1ccccc1)C(=O)c1cc2c(=O)n3ccc(C)c(C)c3nc2n1C,0,0.4193683846939527
2,FBXW7,CCN1C(=O)c2cccc3c(N4CCCC4)ccc(c23)C1=O,0,0.33127681461955605
2,FBXW7,CCOC(=O)C1=CN(Cc2ccc(OC)cc2)C=C(C(=O)OCC)C1c1ccccc1OCc1ccccc1,0,0.43775249946771255
2,FBXW7,CCOC(=O)N1CCC(C(=O)Nc2ccc(NC(=O)N3CCC(C(=O)OCC(F)(F)F)CC3)cc2)CC1,0,0.46656480875423834
2,FBXW7,CCOC(=O)c1sc2ncn(CC(=O)NCCC3=CCCCC3)c(=O)c2c1C,0,0.4060770974522892
2,FBXW7,CCOc1ccc(Br)cc1C1C2=C(CCCC2=O)N(CC(=O)O)C2=C1C(=O)CCC2,0,0.42831839942717265
2,FBXW7,CCS(=O)(=O)NCC(c1cccs1)S(=O)(=O)c1ccc(C)cc1,0,0.3650396178089324
2,FBXW7,CCSCCOC(=O)C1=C(C)NC2=C(C(=O)CC(C)C2)C1c1ccc(Br)cc1,0,0.453393556410006
2,FBXW7,CCSCCOC(=O)C1=C(C)NC2=C(C(=O)CC(c3ccccc3)C2)C1c1ccc(OC)cc1OC,0,0.47181566107474104
2,FBXW7,CCSc1nnc(C2CCN(CC(=O)Nc3cccc4cc(C)ccc34)CC2)n1C,0,0.37183908801186305
2,GSPT1,CCc1c(F)ccc(S(=O)(=O)Nc2ccc3c(c2)C(=O)N(C2CCC(=O)NC2=O)C3=O)c1Cl,0,0.485113386331258
2,FBXW7,CCc1ccc(-c2cnc(N3CCN(C(=O)c4cccs4)CC3)c3nccn23)cc1,0,0.34188672336100434
2,FBXW7,CCc1ccc(N2CC(C(=O)NCC(C)(C)CNC(=O)C3CC(=O)N(c4ccc(CC)cc4)C3)CC2=O)cc1,0,0.3645126362297658
2,GSPT1,CCc1cccc(S(=O)(=O)Nc2ccc3c(c2)C(=O)N(C2CCC(=O)NC2=O)C3=O)c1Br,1,0.4792467173638073
2,GSPT1,CCc1cccc(S(=O)(=O)Nc2ccc3c(c2)C(=O)N(C2CCC(=O)NC2=O)C3=O)c1Cl,0,0.48523442978210796
2,GSPT1,CCc1cccc(S(=O)(=O)Nc2ccc3c(c2)C(=O)N(C2CCC(=O)NC2=O)C3=O)c1OC(F)F,0,0.4997304649958899
2,WIZ,CCn1cc(F)c(N2CCC(CN3CCN(Cc4ccn5nc(F)c(N6CCC(=O)NC6=O)c5c4)C[C@@H]3C)CC2)n1,1,0.511042399706657
2,WIZ,CCn1ccc(C2CCC(N3CCN(Cc4ccn5nc(F)c(N6CCC(=O)NC6=O)c5c4)C[C@@H]3C)CC2)n1,1,0.49238895693198165
2,WIZ,CCn1ccc(N2CCC(CN3CCN(Cc4ccn5nc(F)c(N6CCC(=O)NC6=O)c5c4)C[C@@H]3C)CC2)n1,1,0.511042399706657
2,GSPT1,CNCc1cccc(S(=O)(=O)Nc2ccc3c(c2)C(=O)NC3=O)c1Cl,0,0.4514189958011134
2,FBXW7,COC(=O)Cc1cc(-c2ccnc(N)n2)ccc1NC(=O)[C@H]1COc2ccccc2O1,0,0.45927489462538623
2,FBXW7,COCCOC(=O)C1=C(C)NC2=C(C(=O)CC(c3ccccc3)C2)C1c1ccc(OCc2ccccc2)cc1,0,0.4564256416392935
2,FBXW7,COc1cc(C)c(C)cc1N1C(=O)c2ccc(C(=O)Nc3cc([N+](=O)[O-])ccc3O)cc2C1=O,0,0.39450955822116396
2,FBXW7,COc1cc2c(cc1OC)C(COc1ccc([N+](=O)[O-])cc1)N(C(=O)c1ccc3c(c1)OCO3)CC2,0,0.4027638402834778
2,FBXW7,COc1ccc(COC(=O)C2=C(C)NC3=C(C(=O)CC(C)(C)C3)C2c2ccccc2)cc1,0,0.424458130392601
2,FBXW7,COc1ccc(N2C(=O)CC(SCCN)C2=O)cc1,0,0.35357101120747075
2,WIZ,COc1ccc(N2CCC(CN3CCN(Cc4ccn5ncc(N6CCC(=O)NC6=O)c5c4)C[C@@H]3C)CC2)nc1,0,0.4878186518588039
2,FBXW7,COc1ccc(NC(=O)c2cc(S(=O)(=O)N3CCN(c4ccc(C)cn4)CC3)ccc2F)cc1,0,0.387234043380577
2,FBXW7,COc1ccc(OC)c(/C=C2/N=C(c3cccc([N+](=O)[O-])c3)OC2=O)c1,0,0.4190570110532593
2,FBXW7,COc1ccc(SCC(=O)NNC(=S)Nc2ccccc2)cc1,0,0.4245982386774044
2,FBXW7,COc1cccc(/C=N/c2cnn(C)c2C(N)=O)c1O,0,0.3960424346534212
2,FBXW7,COc1cccc(C=O)c1OC(=O)c1cccc(Cl)c1,0,0.3346080810404175
2,FBXW7,COc1ccccc1-c1ccc(N2CCN(C(=O)COc3ccccc3)CC2)nn1,0,0.3865219134540493
2,FBXW7,COc1ccccc1C1C(C(=O)OC2CCCC2)=C(C)NC2=C1C(=O)CC(c1ccccc1)C2,0,0.394082333176151
2,WIZ,C[C@H]1CN(Cc2ccc3occ(N4CCC(=O)NC4=O)c3c2)CCN1CC1CCN(c2ccc(C#N)cc2)CC1,1,0.4545131576532042
2,WIZ,C[C@H]1CN(Cc2ccc3occ(N4CCC(=O)NC4=O)c3c2)CCN1CC1CCN(c2ccc(C#N)cn2)CC1,1,0.46825011083838386
2,WIZ,C[C@H]1CN(Cc2ccc3occ(N4CCC(=O)NC4=O)c3c2)CCN1CC1CCN(c2ccc(Cl)cn2)CC1,1,0.4666891369726764
2,WIZ,C[C@H]1CN(Cc2ccc3occ(N4CCC(=O)NC4=O)c3c2)CCN1CC1CCN(c2ccc(F)cc2F)CC1,1,0.4583307441403489
2,WIZ,C[C@H]1CN(Cc2ccc3occ(N4CCC(=O)NC4=O)c3c2)CCN1CC1CCN(c2ccc(F)cn2)CC1,1,0.47532152454978677
2,WIZ,C[C@H]1CN(Cc2ccc3occ(N4CCC(=O)NC4=O)c3c2)CCN1CC1CCN(c2ncc(Cl)cn2)CC1,1,0.46332040592369883
2,WIZ,C[C@H]1CN(Cc2ccc3occ(N4CCC(=O)NC4=O)c3c2)CCN1CC1CCN(c2ncccn2)CC1,1,0.45322297218393987
2,WIZ,C[C@H]1CN(Cc2ccc3onc(N4CCC(=O)NC4=O)c3c2)CCN1CC1CCN(c2ccc(C#N)cc2)CC1,1,0.4493828898322718
2,WIZ,C[C@H]1CN(Cc2ccc3onc(N4CCC(=O)NC4=O)c3c2)CCN1CC1CCN(c2ccc(C#N)cn2)CC1,1,0.4493828898322718
2,WIZ,C[C@H]1CN(Cc2ccc3onc(N4CCC(=O)NC4=O)c3c2)CCN1CC1CCN(c2ccc(Cl)cn2)CC1,1,0.43360254052197744
2,WIZ,C[C@H]1CN(Cc2ccn3nc(F)c(N4CCC(=O)NC4=O)c3c2)CCN1C1CCC(c2ccn(C(F)F)n2)CC1,1,0.4678566648458533
2,WIZ,C[C@H]1CN(Cc2ccn3nc(F)c(N4CCC(=O)NC4=O)c3c2)CCN1C1CCC(c2ccn(C)n2)CC1,1,0.5014691766551186
2,WIZ,C[C@H]1CN(Cc2ccn3nc(F)c(N4CCC(=O)NC4=O)c3c2)CCN1C1CCN(c2ccc(C#N)cc2Cl)CC1,1,0.47118970772293667
2,WIZ,C[C@H]1CN(Cc2ccn3nc(F)c(N4CCC(=O)NC4=O)c3c2)CCN1C1CCN(c2ccc(C#N)cc2F)CC1,1,0.47557350979639385
2,WIZ,C[C@H]1CN(Cc2ccn3nc(F)c(N4CCC(=O)NC4=O)c3c2)CCN1C1CCN(c2ccc(F)cc2)CC1,1,0.47139110238898646
2,WIZ,C[C@H]1CN(Cc2ccn3nc(F)c(N4CCC(=O)NC4=O)c3c2)CCN1C1CCN(c2ccc(F)cc2F)CC1,1,0.47139110238898646
2,WIZ,C[C@H]1CN(Cc2ccn3nc(F)c(N4CCC(=O)NC4=O)c3c2)CCN1CC1CC2CCC(C1)N2c1ncccn1,1,0.48985620617409026
2,WIZ,C[C@H]1CN(Cc2ccn3nc(F)c(N4CCC(=O)NC4=O)c3c2)CCN1CC1CCC(c2cc3n(n2)CCC3)CC1,1,0.4678566648458533
2,WIZ,C[C@H]1CN(Cc2ccn3nc(F)c(N4CCC(=O)NC4=O)c3c2)CCN1CC1CCC(c2ccn(C(F)F)n2)CC1,1,0.4678566648458533
2,WIZ,C[C@H]1CN(Cc2ccn3nc(F)c(N4CCC(=O)NC4=O)c3c2)CCN1CC1CCC(c2ccn(C)n2)CC1,1,0.5014691766551186
2,WIZ,C[C@H]1CN(Cc2ccn3nc(F)c(N4CCC(=O)NC4=O)c3c2)CCN1CC1CCC(c2ccn(C3CC3)n2)CC1,1,0.48120645117063954
2,WIZ,C[C@H]1CN(Cc2ccn3nc(F)c(N4CCC(=O)NC4=O)c3c2)CCN1CC1CCC(c2ccnn2C)CC1,1,0.5014691766551186
2,WIZ,C[C@H]1CN(Cc2ccn3nc(F)c(N4CCC(=O)NC4=O)c3c2)CCN1CC1CCC(c2cnn(C)c2)CC1,1,0.5014691766551186
2,WIZ,C[C@H]1CN(Cc2ccn3nc(F)c(N4CCC(=O)NC4=O)c3c2)CCN1CC1CCC(c2nn(C)cc2F)CC1,1,0.5014691766551186
2,WIZ,C[C@H]1CN(Cc2ccn3nc(F)c(N4CCC(=O)NC4=O)c3c2)CCN1CC1CCC(n2cc(C(F)(F)F)cn2)CC1,1,0.4656787404911333
2,WIZ,C[C@H]1CN(Cc2ccn3nc(F)c(N4CCC(=O)NC4=O)c3c2)CCN1CC1CCC(n2cc(Cl)cn2)CC1,1,0.4634728627723961
2,WIZ,C[C@H]1CN(Cc2ccn3nc(F)c(N4CCC(=O)NC4=O)c3c2)CCN1CC1CCC(n2ccc(C(F)(F)F)n2)CC1,1,0.4656787404911333
2,WIZ,C[C@H]1CN(Cc2ccn3nc(F)c(N4CCC(=O)NC4=O)c3c2)CCN1CC1CCC(n2ccc(C3CC3)n2)CC1,1,0.48120645117063954
2,WIZ,C[C@H]1CN(Cc2ccn3nc(F)c(N4CCC(=O)NC4=O)c3c2)CCN1CC1CCN(C(=O)C2CC2)CC1,1,0.4939725374250723
2,WIZ,C[C@H]1CN(Cc2ccn3nc(F)c(N4CCC(=O)NC4=O)c3c2)CCN1CC1CCN(C(=O)N(C)C)CC1,1,0.507783119577788
2,WIZ,C[C@H]1CN(Cc2ccn3nc(F)c(N4CCC(=O)NC4=O)c3c2)CCN1CC1CCN(c2cc(C(F)(F)F)n(C)n2)CC1,1,0.5133708962932831
2,WIZ,C[C@H]1CN(Cc2ccn3nc(F)c(N4CCC(=O)NC4=O)c3c2)CCN1CC1CCN(c2cc(F)c(F)cc2F)CC1,1,0.47139110238898646
2,WIZ,C[C@H]1CN(Cc2ccn3nc(F)c(N4CCC(=O)NC4=O)c3c2)CCN1CC1CCN(c2ccc(C#N)c(Cl)c2)CC1,1,0.47118970772293667
2,WIZ,C[C@H]1CN(Cc2ccn3nc(F)c(N4CCC(=O)NC4=O)c3c2)CCN1CC1CCN(c2ccc(C#N)cc2)CC1,1,0.47557350979639385
2,WIZ,C[C@H]1CN(Cc2ccn3nc(F)c(N4CCC(=O)NC4=O)c3c2)CCN1CC1CCN(c2ccc(C#N)cc2Cl)CC1,1,0.47118970772293667
2,WIZ,C[C@H]1CN(Cc2ccn3nc(F)c(N4CCC(=O)NC4=O)c3c2)CCN1CC1CCN(c2ccc(C#N)cc2F)CC1,1,0.47557350979639385
2,WIZ,C[C@H]1CN(Cc2ccn3nc(F)c(N4CCC(=O)NC4=O)c3c2)CCN1CC1CCN(c2ccc(C#N)cn2)CC1,1,0.4960821246040399
2,WIZ,C[C@H]1CN(Cc2ccn3nc(F)c(N4CCC(=O)NC4=O)c3c2)CCN1CC1CCN(c2ccc(C#N)nc2)CC1,1,0.47557350979639385
2,WIZ,C[C@H]1CN(Cc2ccn3nc(F)c(N4CCC(=O)NC4=O)c3c2)CCN1CC1CCN(c2ccc(C(F)(F)F)cc2F)CC1,1,0.4704859053069937
2,WIZ,C[C@H]1CN(Cc2ccn3nc(F)c(N4CCC(=O)NC4=O)c3c2)CCN1CC1CCN(c2ccc(C(F)(F)F)cn2)CC1,1,0.4893984446398324
2,WIZ,C[C@H]1CN(Cc2ccn3nc(F)c(N4CCC(=O)NC4=O)c3c2)CCN1CC1CCN(c2ccc(Cl)cn2)CC1,1,0.4830260045229198
2,WIZ,C[C@H]1CN(Cc2ccn3nc(F)c(N4CCC(=O)NC4=O)c3c2)CCN1CC1CCN(c2ccc(F)cc2)CC1,1,0.47139110238898646
2,WIZ,C[C@H]1CN(Cc2ccn3nc(F)c(N4CCC(=O)NC4=O)c3c2)CCN1CC1CCN(c2ccc(F)cc2F)CC1,1,0.47139110238898646
2,WIZ,C[C@H]1CN(Cc2ccn3nc(F)c(N4CCC(=O)NC4=O)c3c2)CCN1CC1CCN(c2ccc3nn(C)cc3c2)CC1,1,0.5014691766551186
2,WIZ,C[C@H]1CN(Cc2ccn3nc(F)c(N4CCC(=O)NC4=O)c3c2)CCN1CC1CCN(c2ccn(C)n2)CC1,1,0.5197049747805363
2,WIZ,C[C@H]1CN(Cc2ccn3nc(F)c(N4CCC(=O)NC4=O)c3c2)CCN1CC1CCN(c2ccn(C3CC3)n2)CC1,1,0.49788914005235974
2,WIZ,C[C@H]1CN(Cc2ccn3nc(F)c(N4CCC(=O)NC4=O)c3c2)CCN1CC1CCN(c2ccn(CC(F)(F)F)n2)CC1,1,0.486191279823972
2,WIZ,C[C@H]1CN(Cc2ccn3nc(F)c(N4CCC(=O)NC4=O)c3c2)CCN1CC1CCN(c2cscn2)CC1,1,0.49520630534028964
2,WIZ,C[C@H]1CN(Cc2ccn3nc(F)c(N4CCC(=O)NC4=O)c3c2)CCN1CC1CCN(c2ncc(C(F)(F)F)cn2)CC1,1,0.4835662471873356
2,WIZ,C[C@H]1CN(Cc2ccn3nc(F)c(N4CCC(=O)NC4=O)c3c2)CCN1CC1CCN(c2ncc(C3CC3)cn2)CC1,1,0.4950974210703051
2,WIZ,C[C@H]1CN(Cc2ccn3nc(F)c(N4CCC(=O)NC4=O)c3c2)CCN1CC1CCN(c2ncc(Cl)cn2)CC1,1,0.48022097552920445
2,WIZ,C[C@H]1CN(Cc2ccn3nc(F)c(N4CCC(=O)NC4=O)c3c2)CCN1CC1CCN(c2ncc(F)cn2)CC1,1,0.4846047776026617
2,WIZ,C[C@H]1CN(Cc2ccn3nc(F)c(N4CCC(=O)NC4=O)c3c2)CCN1CC1CCN(c2ncccc2Cl)CC1,1,0.4830260045229198
2,WIZ,C[C@H]1CN(Cc2ccn3nc(F)c(N4CCC(=O)NC4=O)c3c2)CCN1CC1CCN(c2ncccc2F)CC1,1,0.4908071246040399
2,WIZ,C[C@H]1CN(Cc2ccn3nc(F)c(N4CCC(=O)NC4=O)c3c2)CCN1CC1CCN(c2ncccn2)CC1,1,0.4846047776026617
2,WIZ,C[C@H]1CN(Cc2ccn3nc(F)c(N4CCC(=O)NC4=O)c3c2)CCN1CC1CCN(c2ncn(C)n2)CC1,1,0.5143495185354605
2,WIZ,C[C@H]1CN(Cc2ccn3nc(F)c(N4CCC(=O)NC4=O)c3c2)CCN1CC1CCN(c2ncns2)CC1,1,0.46988917891543636
2,WIZ,C[C@H]1CN(Cc2ccn3nc(F)c(N4CCC(=O)NC4=O)c3c2)CCN1C[C@@H]1[C@@H]2C[C@H]1CN(c1ncccn1)C2,1,0.48299308784314576
2,WIZ,C[C@H]1CN(Cc2ccn3nc(F)c(N4CCC(=O)NC4=O)c3c2)CCN1C[C@H]1CC[C@@H](c2ccn(C)n2)CC1,1,0.5014691766551186
2,WIZ,C[C@H]1CN(Cc2ccn3nc(F)c(N4CCC(=O)NC4=O)c3c2)CCN1C[C@H]1CC[C@@H](n2cc(F)cn2)CC1,1,0.4678566648458533
2,WIZ,C[C@H]1CN(Cc2ccn3nc(F)c(N4CCC(=O)NC4=O)c3c2)CCN1C[C@H]1CC[C@H](c2ccn(C)n2)CC1,1,0.5014691766551186
2,WIZ,C[C@H]1CN(Cc2ccn3nc(F)c(N4CCC(=O)NC4=O)c3c2)CCN1C[C@H]1CC[C@H](c2ccnn2C)CC1,1,0.5014691766551186
2,WIZ,C[C@H]1CN(Cc2ccn3nc(F)c(N4CCC(=O)NC4=O)c3c2)CCN1C[C@H]1CC[C@H](n2cc(F)cn2)CC1,1,0.4678566648458533
2,WIZ,C[C@H]1CN(Cc2ccn3nc(F)c(N4CCC(=O)NC4=O)c3c2)CCN1C[C@H]1[C@@H]2C[C@H]1CN(c1ncccn1)C2,1,0.48299308784314576
2,WIZ,C[C@H]1CN(Cc2ccn3ncc(N4CCC(=O)NC4=O)c3c2)CCN1CC1CCN(c2cc(Cl)ccn2)CC1,1,0.48052016550625887
2,WIZ,C[C@H]1CN(Cc2ccn3ncc(N4CCC(=O)NC4=O)c3c2)CCN1CC1CCN(c2ccc(C#N)c(F)c2)CC1,1,0.47557350979639385
2,WIZ,C[C@H]1CN(Cc2ccn3ncc(N4CCC(=O)NC4=O)c3c2)CCN1CC1CCN(c2ccc(C#N)cc2)CC1,1,0.47465453944327224
2,WIZ,C[C@H]1CN(Cc2ccn3ncc(N4CCC(=O)NC4=O)c3c2)CCN1CC1CCN(c2ccc(C#N)cc2F)CC1,1,0.47557350979639385
2,WIZ,C[C@H]1CN(Cc2ccn3ncc(N4CCC(=O)NC4=O)c3c2)CCN1CC1CCN(c2ccc(C#N)cn2)CC1,1,0.49290527585309163
2,WIZ,C[C@H]1CN(Cc2ccn3ncc(N4CCC(=O)NC4=O)c3c2)CCN1CC1CCN(c2ccc(C#N)nc2)CC1,1,0.47465453944327224
2,WIZ,C[C@H]1CN(Cc2ccn3ncc(N4CCC(=O)NC4=O)c3c2)CCN1CC1CCN(c2ccc(Cl)c(F)c2)CC1,1,0.46700730031552923
2,WIZ,C[C@H]1CN(Cc2ccn3ncc(N4CCC(=O)NC4=O)c3c2)CCN1CC1CCN(c2ccc(Cl)cc2)CC1,1,0.4667609160952796
2,WIZ,C[C@H]1CN(Cc2ccn3ncc(N4CCC(=O)NC4=O)c3c2)CCN1CC1CCN(c2ccc(Cl)cc2F)CC1,1,0.46700730031552923
2,WIZ,C[C@H]1CN(Cc2ccn3ncc(N4CCC(=O)NC4=O)c3c2)CCN1CC1CCN(c2ccc(Cl)cn2)CC1,1,0.48052016550625887
2,WIZ,C[C@H]1CN(Cc2ccn3ncc(N4CCC(=O)NC4=O)c3c2)CCN1CC1CCN(c2ccc(F)c(Cl)c2)CC1,1,0.46700730031552923
2,WIZ,C[C@H]1CN(Cc2ccn3ncc(N4CCC(=O)NC4=O)c3c2)CCN1CC1CCN(c2ccc(F)cc2)CC1,1,0.46932202930520744
2,WIZ,C[C@H]1CN(Cc2ccn3ncc(N4CCC(=O)NC4=O)c3c2)CCN1CC1CCN(c2ccc(F)cc2F)CC1,0,0.47139110238898646
2,WIZ,C[C@H]1CN(Cc2ccn3ncc(N4CCC(=O)NC4=O)c3c2)CCN1CC1CCN(c2ccc(F)cn2)CC1,1,0.49051582929803866
2,WIZ,C[C@H]1CN(Cc2ccn3ncc(N4CCC(=O)NC4=O)c3c2)CCN1CC1CCN(c2cccnn2)CC1,0,0.4845496261887464
2,WIZ,C[C@H]1CN(Cc2ccn3ncc(N4CCC(=O)NC4=O)c3c2)CCN1CC1CCN(c2ccncc2F)CC1,1,0.47139110238898646
2,WIZ,C[C@H]1CN(Cc2ccn3ncc(N4CCC(=O)NC4=O)c3c2)CCN1CC1CCN(c2ccncn2)CC1,0,0.48637295262076846
2,WIZ,C[C@H]1CN(Cc2ccn3ncc(N4CCC(=O)NC4=O)c3c2)CCN1CC1CCN(c2cnccn2)CC1,1,0.48637295262076846
2,WIZ,C[C@H]1CN(Cc2ccn3ncc(N4CCC(=O)NC4=O)c3c2)CCN1CC1CCN(c2ncc(Cl)cn2)CC1,1,0.4809745913089548
2,WIZ,C[C@H]1CN(Cc2ccn3ncc(N4CCC(=O)NC4=O)c3c2)CCN1CC1CCN(c2ncccn2)CC1,1,0.4800380078267407
2,WIZ,C[C@H]1CN(Cc2ccn3ncc(N4CCC(=O)NC4=O)c3c2)CCN1CC1CCN(c2nccs2)CC1,0,0.4800780078371688
2,WIZ,C[C@H]1CN(Cc2cnn3nc(F)c(N4CCC(=O)NC4=O)c3c2)CCN1CC1CCN(c2ccc3c(cnn3C)c2)CC1,1,0.5014691766551186
2,GSPT1,Cc1c(Cl)cccc1S(=O)(=O)Nc1ccc2c(c1)C(=O)N(C1CCC(=O)NC1=O)C2=O,0,0.4691717660393337
2,GSPT1,Cc1c(F)ccc(S(=O)(=O)Nc2ccc3c(c2)C(=O)N(C2CCC(=O)NC2=O)C3=O)c1Br,1,0.45932057969873336
2,GSPT1,Cc1c(F)ccc(S(=O)(=O)Nc2ccc3c(c2)C(=O)N(C2CCC(=O)NC2=O)C3=O)c1C,0,0.4724930365514018
2,GSPT1,Cc1c(F)ccc(S(=O)(=O)Nc2ccc3c(c2)C(=O)N(C2CCC(=O)NC2=O)C3=O)c1Cl,1,0.4679368635456055
2,GSPT1,Cc1c(F)ccc(S(=O)(=O)Nc2ccc3c(c2)C(=O)N(C2CCC(=O)NC2=O)C3=O)c1OC(F)(F)F,0,0.48415030114656704
2,GSPT1,Cc1c(F)ccc(S(=O)(=O)Nc2ccc3c(c2)C(=O)N(C2CCC(=O)NC2=O)C3=O)c1OC(F)F,0,0.48415030114656704
2,WIZ,Cc1cc(Cl)cnc1N1CCC(CN2CCN(Cc3ccn4ncc(N5CCC(=O)NC5=O)c4c3)C[C@@H]2C)CC1,1,0.5016828516509929
2,WIZ,Cc1cc(N2CCC(CN3CCC(Cc4ccn5nc(F)c(N6CCC(=O)NC6=O)c5c4)C[C@@H]3C)CC2)nn1C,1,0.5168799747805364
2,WIZ,Cc1cc(N2CCC(CN3CCN(Cc4ccn5nc(F)c(N6CCC(=O)NC6=O)c5c4)C[C@@H]3C)CC2)nn1C(C)C,1,0.5043201114120509
2,WIZ,Cc1cc(N2CCC(CN3CCN(Cc4ccn5nc(F)c(N6CCC(=O)NC6=O)c5c4)C[C@@H]3C)CC2)no1,1,0.4745058079519492
2,WIZ,Cc1cc(N2CCC(CN3CCN(Cc4ccn5ncc(N6CCC(=O)NC6=O)c5c4)C[C@@H]3C)CC2)ncc1Cl,1,0.5016828516509929
2,FBXW7,Cc1cc(OCC(=O)Nc2ccc3oc(-c4ccccc4Br)nc3c2)cc(C)c1Cl,0,0.4271374753984325
2,FBXW7,Cc1ccc(-c2ccc(C)c3cnc(Nc4ccc(-n5cnc(-c6ccccn6)n5)cc4)nc23)cn1,0,0.42106975686097325
2,FBXW7,Cc1ccc(-c2nnc(N3CCN(C(=O)c4ccco4)CC3)c3ccccc23)cc1,0,0.31840047623275364
2,FBXW7,Cc1ccc(F)c(-n2nnnc2SCc2ccccc2F)c1,0,0.40936252096671
2,WIZ,Cc1ccc(N2CCC(CN3CCN(Cc4ccn5nc(F)c(N6CCC(=O)NC6=O)c5c4)C[C@@H]3C)CC2)c(F)c1,1,0.49295590635054404
2,WIZ,Cc1ccc(N2CCC(CN3CCN(Cc4ccn5nc(F)c(N6CCC(=O)NC6=O)c5c4)C[C@@H]3C)CC2)nc1,1,0.5104751965394538
2,WIZ,Cc1ccc(N2CCC(CN3CCN(Cc4ccn5ncc(N6CCC(=O)NC6=O)c5c4)C[C@@H]3C)CC2)nc1,0,0.5023499883552792
2,FBXW7,Cc1ccc2nc(SCC(=O)Nc3ncc(C)s3)c(C#N)cc2c1,0,0.42191796845886403
2,FBXW7,Cc1cccc(C(=O)N/C(=C/c2ccccc2)C(=O)Nc2c(C)n(C)n(-c3ccccc3)c2=O)c1,0,0.3763696839344132
2,GSPT1,Cc1cccc(S(=O)(=O)Nc2ccc3c(c2)C(=O)N(C2CCC(=O)NC2=O)C3=O)c1Br,0,0.4603554821924616
2,GSPT1,Cc1cccc(S(=O)(=O)Nc2ccc3c(c2)C(=O)N(C2CCC(=O)NC2=O)C3=O)c1C,0,0.4655326586770308
2,GSPT1,Cc1cccc(S(=O)(=O)Nc2ccc3c(c2)C(=O)N(C2CCC(=O)NC2=O)C3=O)c1C(F)(F)F,1,0.4597220614484837
2,GSPT1,Cc1cccc(S(=O)(=O)Nc2ccc3c(c2)C(=O)N(C2CCC(=O)NC2=O)C3=O)c1Cl,0,0.4691717660393337
2,GSPT1,Cc1cccc(S(=O)(=O)Nc2ccc3c(c2)C(=O)N(C2CCC(=O)NC2=O)C3=O)c1I,1,0.4603554821924616
2,GSPT1,Cc1cccc(S(=O)(=O)Nc2ccc3c(c2)C(=O)N(C2CCC(=O)NC2=O)C3=O)c1OC(F)(F)F,0,0.47566485797741104
2,GSPT1,Cc1cccc(S(=O)(=O)Nc2ccc3c(c2)C(=O)N(C2CCC(=O)NC2=O)C3=O)c1OC(F)F,0,0.47566485797741104
2,FBXW7,Cc1ccnc(N2CCC(C(=O)Nc3ccccc3Br)CC2)n1,0,0.3517315320239255
2,WIZ,Cc1ccnc(N2CCC(CN3CCN(Cc4ccn5nc(F)c(N6CCC(=O)NC6=O)c5c4)C[C@@H]3C)CC2)n1,1,0.5061695815642192
2,WIZ,Cc1cn(C)nc1C1CCC(CN2CCN(Cc3ccn4nc(F)c(N5CCC(=O)NC5=O)c4c3)C[C@@H]2C)CC1,1,0.5013732406945275
2,WIZ,Cc1cnc(N2CCC(CN3CCN(Cc4ccn5nc(F)c(N6CCC(=O)NC6=O)c5c4)C[C@@H]3C)CC2)nc1,1,0.5061695815642192
2,WIZ,Cc1cnc(N2CC[C@@H](CN3CCN(Cc4ccn5nc(F)c(N6CCC(=O)NC6=O)c5c4)C[C@@H]3C)C2)nc1,1,0.5061695815642192
2,WIZ,Cc1cnn(C2CCC(N3CCN(Cc4ccn5nc(F)c(N6CCC(=O)NC6=O)c5c4)C[C@@H]3C)CC2)c1,1,0.4894214688074109
2,WIZ,Cc1nc(N2CCC(CN3CCN(Cc4ccn5ncc(N6CCC(=O)NC6=O)c5c4)C[C@@H]3C)CC2)ccc1Cl,1,0.5016828516509929
2,GSPT1,Cc1nc(NC(=O)OCc2ccc3c(c2)C(=O)N(C2CCC(=O)NC2=O)C3)ncc1C(F)(F)F,1,0.49043621673955834
2,WIZ,Cc1ncc(C2CCC(CN3CCN(Cc4ccn5nc(F)c(N6CCC(=O)NC6=O)c5c4)C[C@@H]3C)CC2)cn1,1,0.5104751965394538
2,WIZ,Cc1nn(C2CCC(CN3CCN(Cc4ccn5nc(F)c(N6CCC(=O)NC6=O)c5c4)C[C@@H]3C)CC2)cc1Cl,1,0.48453766673395365
2,WIZ,Cc1nn2ccc(CN3CCN(CC(C)C)[C@@H](C)C3)cc2c1N1CCC(=O)NC1=O,0,0.484526384685441
2,FBXW7,Cn1nc(CC(=O)Nc2ccc(F)c(Cl)c2)c2ccccc2c1=O,0,0.391430463987109
2,FBXW7,O=C(CCc1nc(-c2ccncc2)no1)N1CCN(c2cccc(C(F)(F)F)c2)C(C(F)(F)F)C1,0,0.29745500231482513
2,FBXW7,O=C(Cc1ccc(Br)cc1)N1CCC(c2nc(O)c3cnccc3n2)C1,0,0.4298409204656743
2,GSPT1,O=C(Cc1cccc(Br)c1)NCC1CCCN(c2cc(F)c(C3CCC(=O)NC3=O)c(F)c2)C1,0,0.38318581126596923
2,GSPT1,O=C(Cc1cccc(Br)c1)NCC1CCN(c2cc(F)c(C3CCC(=O)NC3=O)c(F)c2)CC1,0,0.38604001061744364
2,FBXW7,O=C(NCCCN1CCc2ccccc2C1)Nc1ccc(Br)cc1,0,0.4329947246767236
2,FBXW7,O=C(NCc1ccc(C(=O)NCCc2ccccn2)cc1)Nc1ccc(-c2cn[nH]c2)cc1,0,0.4275084782150247
2,FBXW7,O=C(Nc1ccc2c(c1)OCO2)N1CCC(c2nnc(C3CC3)s2)CC1,0,0.46493661167002265
2,FBXW7,O=C(Nc1ccc2oc(-c3ccc4ccccc4c3)nc2c1)c1cccc(Cl)c1Cl,0,0.37056392969978225
2,FBXW7,O=C([C@H]1CC[C@H](Nc2nccc(-c3ccc4nc(C5CC5)nc(O)c4c3)n2)CC1)N1CCCC1,0,0.4117436858344707
2,FBXW7,O=C(c1ccco1)N1CCN(c2ncc(-c3cccc(NC(=O)C(F)(F)F)c3)n3ccnc23)CC1,0,0.3039863377299859
2,FBXW7,O=C(c1ccco1)N1CCN(c2ncc(-c3ccccc3CO)n3ccnc23)CC1,0,0.3772486029702649
2,GSPT1,O=C1CCC(N2C(=O)c3ccc(NS(=O)(=O)c4cccc(CO)c4Cl)cc3C2=O)C(=O)N1,0,0.449402394478862
2,GSPT1,O=C1CCC(N2C(=O)c3ccc(NS(=O)(=O)c4cccc(COC(F)(F)F)c4Cl)cc3C2=O)C(=O)N1,0,0.49683415977786466
2,GSPT1,O=C1CCC(N2C(=O)c3ccc(NS(=O)(=O)c4ccccc4OC(F)(F)F)cc3C2=O)C(=O)N1,0,0.46790746437939956
2,GSPT1,O=C1CCC(N2Cc3c(F)cc(COC(=O)Nc4ccc(Cl)c(C#CC5CC5)c4)cc3C2=O)C(=O)N1,1,0.4641837186624648
2,GSPT1,O=C1CCC(N2Cc3c(cc(COC(=O)Nc4ccc(Cl)c(C#CC5CC5)c4)cc3C3CC3)C2=O)C(=O)N1,1,0.4592707267372996
2,GSPT1,O=C1CCC(N2Cc3ccc(CNc4c(Nc5cc(OC(F)(F)F)ccc5F)c(=O)c4=O)cc3C2=O)C(=O)N1,0,0.38666277264601373
2,GSPT1,O=C1CCC(N2Cc3ccc(COC(=O)Nc4cc(OC(F)(F)F)ccc4F)cc3C2=O)C(=O)N1,1,0.47501103249019405
2,GSPT1,O=C1CCC(N2Cc3ccc(COC(=O)Nc4ccc(C#CC5CC5)c(Cl)c4)cc3C2=O)C(=O)N1,1,0.4592707267372996
2,GSPT1,O=C1CCC(N2Cc3ccc(COC(=O)Nc4ccc(C(F)(F)F)c(C#CC5CC5)c4)cc3C2=O)C(=O)N1,1,0.46268764143041574
2,GSPT1,O=C1CCC(N2Cc3ccc(COC(=O)Nc4ccc(OC(F)F)c(C#CC5CC5)c4)cc3C2=O)C(=O)N1,1,0.4522682304813592
2,GSPT1,O=C1CCC(N2Cc3ccc(COC(=O)Nc4ccc5c(c4)C4(CC4)CN(C4CC4)C5=O)cc3C2=O)C(=O)N1,1,0.47154764847767583
2,GSPT1,O=C1CCC(N2Cc3ccc(COC(=O)Nc4nc5ccccc5s4)cc3C2=O)C(=O)N1,1,0.45139051486952236
2,GSPT1,O=C1CCC(c2c(F)cc(C3=CCC(C(=O)Nc4cccc(Br)c4)CC3)cc2F)C(=O)N1,0,0.428365273149178
2,GSPT1,O=C1CCC(c2c(F)cc(C3=CCN(C(=O)Nc4cccc(Br)c4)CC3)cc2F)C(=O)N1,1,0.4581025539808251
2,GSPT1,O=C1CCC(c2c(F)cc(C3CCN(C(=O)Nc4cccc(Br)c4)CC3)cc2F)C(=O)N1,1,0.4610854599637311
2,GSPT1,O=C1CCC(c2c(F)cc(N3CC(OC(=O)Nc4ccc(C#CC5CC5)c(Cl)c4)C3)cc2F)C(=O)N1,1,0.4782384532337214
2,GSPT1,O=C1CCC(c2c(F)cc(N3CCC(C(=O)Nc4cccc(Br)c4)CC3)cc2F)C(=O)N1,0,0.36841847300134667
2,GSPT1,O=C1CCC(c2c(F)cc(N3CCC(NC(=O)Cc4cccc(Br)c4)CC3)cc2F)C(=O)N1,0,0.3784282788169454
2,GSPT1,O=C1CCC(c2c(F)cc(N3CCCC(NC(=O)Cc4cccc(Br)c4)C3)cc2F)C(=O)N1,0,0.3354849245365124
2,GSPT1,O=C1CCC(c2c(F)cc(N3CCN(C(=O)Nc4cccc(Br)c4)CC3)cc2F)C(=O)N1,1,0.4091832733545808
2,GSPT1,O=C1CCC(c2c(F)cc([C@H]3CC[C@@H](C(=O)Nc4cccc(Br)c4)CC3)cc2F)C(=O)N1,0,0.4416549490617228
2,GSPT1,O=C1CCN(c2c(F)cc(N3CC(OC(=O)Nc4cc(C#CC5CC5)ccc4F)C3)cc2F)C(=O)N1,1,0.5006743834914025
2,GSPT1,O=C1CCN(c2c(F)cc(N3CC(OC(=O)Nc4cc(OC(F)(F)F)ccc4F)C3)cc2F)C(=O)N1,1,0.5187614935438287
2,GSPT1,O=C1CCN(c2c(F)cc(N3CC(OC(=O)Nc4ccc(C#CC5CC5)c(Cl)c4)C3)cc2F)C(=O)N1,1,0.5132578999749188
2,GSPT1,O=C1CCN(c2c(F)cc(N3CC(OC(=O)Nc4ccc(Cl)c(C#CC5CC5)c4)C3)cc2F)C(=O)N1,1,0.5132578999749188
2,GSPT1,O=C1CCN(c2c(F)cc(N3CC(OC(=O)Nc4ccc(OC(F)F)c(C#CC5CC5)c4)C3)cc2F)C(=O)N1,1,0.5107711107680369
2,GSPT1,O=C1CCN(c2c(F)cc(N3CC(OC(=O)Nc4nc5ccccc5s4)C3)cc2F)C(=O)N1,1,0.47875405607012483
2,GSPT1,O=C1NC(O)CCC1N1C(=O)c2ccc(NS(=O)(=O)c3cccc(CN4CCOCC4)c3Cl)cc2C1=O,0,0.43481134664340504
3,CDK2,CC(C)(C)C1CCCn2nc(COC(=O)NCc3ccc4c(c3F)C(=O)N(C3CCC(=O)NC3=O)C4)cc21,0,0.4111787797294781
3,CDK2,CC(C)C1CCc2nc(COC(=O)NCc3ccc4c(c3)C(=O)N(C3CCC(=O)NC3=O)C4)sc2C1,0,0.45282890128460157
3,SMARCA2,CC(C)c1cn(C2CCN(CC3(F)CCN(C(=O)c4ccc(NC5CC6CN(c7cc(-c8ccccc8Cl)nnc7N)CC5N6)cc4)CC3)CC2)c2ccc(N3CCC(=O)NC3=O)cc12,0,0.595145409420971
3,SMARCA2,CC(C)c1cn(C2CCN(CC3CCN(C(=O)c4ccc(N5C6CCC5CN(c5cc(-c7ccccc7O)nnc5N)C6)cc4)CC3)CC2)c2ccc(N3CCC(=O)NC3=O)cc12,0,0.5583047263963675
3,SMARCA4,CC(C)c1cn(C2CCN(CC3CCN(C(=O)c4ccc(N5C6CCC5CN(c5cc(-c7ccccc7O)nnc5N)C6)cc4)CC3)CC2)c2ccc(N3CCC(=O)NC3=O)cc12,0,0.5032693681149415
3,SMARCA4,CC(C1CCN(C(=O)c2ccc(N3C4CCC3CN(c3cc(-c5ccccc5O)nnc3N)C4)cc2)CC1)N1CCC(n2cc(C3CC3)c3cc(N4CCC(=O)NC4=O)cnc32)CC1,0,0.4999166342436636
3,CDK2,CC1(C)CCCc2nc(COC(=O)NCc3ccc4c(c3F)C(=O)N(C3CCC(=O)NC3=O)C4)sc21,0,0.44393177668030903
3,CDK2,CC1(C)CCCn2nc(COC(=O)NCc3ccc4c(c3F)C(=O)N(C3CCC(=O)NC3=O)C4)cc21,0,0.42016161493065723
3,CDK2,CC1(C)CCc2nc(COC(=O)NCc3cc(Cl)c4c(c3F)C(=O)N(C3CCC(=O)NC3=O)C4)sc2C1,0,0.4394666095506208
3,CDK2,CC1(C)CCc2nc(COC(=O)NCc3ccc4c(c3)C(=O)N(C3CCC(=O)NC3=O)C4)sc2C1,0,0.470771327887489
3,CDK2,CC1(C)CCc2nc(COC(=O)NCc3ccc4c(c3F)C(=O)N(C3CCC(=O)NC3=O)C4)sc2C1,0,0.4400921407862224
3,CDK2,CC1(C)CCc2nc(COC(=O)NCc3ccc4c(c3F)C(=O)N([C@@H]3CCC(=O)NC3=O)C4)sc2C1,0,0.4400921407862224
3,CDK2,CC1(C)CCc2nc(COC(=O)NCc3ccc4c(c3F)C(=O)N([C@H]3CCC(=O)NC3=O)C4)sc2C1,0,0.4400921407862224
3,CDK2,CC1(C)CCc2nc(COC(=O)NCc3ccc4c(c3O)C(=O)N(C3CCC(=O)NC3=O)C4)sc2C1,0,0.45064863625914986
3,CDK2,CC1(C)CCc2sc(COC(=O)NCc3ccc4c(c3F)C(=O)N(C3CCC(=O)NC3=O)C4)nc2C1,0,0.4400921407862224
3,SMARCA2,CC1(CN2CCC(n3ccc4c(N5CCC(=O)NC5=O)cccc43)CC2)CCN(C(=O)c2ccc(N3C4CCC3CN(c3cc(-c5ccccc5O)nnc3N)C4)cc2)CC1,1,0.5720554856714918
3,CDK2,CC1(COC(=O)NCc2ccc3c(c2)C(=O)N(C2CCC(=O)NC2=O)C3)CCCO1,0,0.4653615421405122
3,CDK2,CC1(COC(=O)NCc2ccc3c(c2)C(=O)N(C2CCC(=O)NC2=O)C3)COC1,0,0.4525528042061518
3,CDK2,CC1CCCc2nc(COC(=O)NCc3ccc4c(c3)C(=O)N(C3CCC(=O)NC3=O)C4)sc21,0,0.4559043754319693
3,CDK2,CC1CCCc2sc(COC(=O)NCc3ccc4c(c3)C(=O)N(C3CCC(=O)NC3=O)C4)nc21,0,0.4559043754319693
3,CDK2,CC1CCCn2nc(COC(=O)NCc3ccc4c(c3F)C(=O)N(C3CCC(=O)NC3=O)C4)cc21,0,0.4204448169746672
3,CDK2,CC1CCc2cc(COC(=O)NCc3ccc4c(c3F)C(=O)N(C3CCC(=O)NC3=O)C4)nn2C1,0,0.4161297057933404
3,CDK2,CC1CCc2nc(COC(=O)NCc3ccc4c(c3)C(=O)N(C3CCC(=O)NC3=O)C4)sc2C1,0,0.45913788543722445
3,CDK2,CC1CCc2sc(COC(=O)NCc3ccc4c(c3)C(=O)N(C3CCC(=O)NC3=O)C4)nc2C1,0,0.45913788543722445
3,CDK2,CC1CCn2nc(COC(=O)NCc3ccc4c(c3F)C(=O)N(C3CCC(=O)NC3=O)C4)cc2C1,0,0.4161297057933404
3,SMARCA2,CC1CN(c2cc(-c3ccccc3O)nnc2N)CCN1c1ccc(C(=O)N2CCC(F)(CN3CC[C@@H](n4ccc5cc(N6CCC(=O)NC6=O)ccc54)[C@H](C)C3)CC2)cc1,0,0.7076816078182586
3,ZBTB11,CCC(C)(NCCc1ccc(Cl)c(C(F)(F)F)c1)c1cccc(NC2=CC(=O)N(C3CCC(=O)NC3=O)C2=O)c1,0,0.4646081483848175
3,ZBTB11,CCC(C)(NCCc1cccc(Cl)c1)c1cccc(NC2=CC(=O)N(C3CCC(=O)NC3=O)C2=O)c1,0,0.45108380008638027
3,CDK2,CC[C@H](Cc1ccccc1)OC(=O)NCc1ccc2c(c1)C(=O)N(C1CCC(=O)NC1=O)C2,0,0.4418311417397951
3,SMARCA2,CCc1cn(C2CCC3(CC2)CCN(CC2CCN(c4ccc(N5C6CCC5CN(c5cc(-c7ccccc7O)nnc5N)C6)c(F)c4)CC2)CC3)c2ncc(N3CCC(=O)NC3=O)cc12,0,0.6296335699955858
3,SMARCA2,CCc1cn(C2CCC3(CC2)CCN(CC2CCN(c4ccc(N5C6CCC5CN(c5cc(-c7ccccc7O)nnc5N)C6)cc4)CC2)CC3)c2ncc(N3CCC(=O)NC3=O)cc12,0,0.5686010705382895
3,SMARCA2,CCc1cn(C2CCC3(CC2)CCN(CC2CCN(c4ccc(N5C6CCC5CN(c5cc(-c7ccccc7O)nnc5N)C6)cc4F)CC2)CC3)c2ncc(N3CCC(=O)NC3=O)cc12,1,0.6296335699955858
3,SMARCA2,CCc1cn(C2CCN(CC3(F)CCN(C(=O)c4ccc(N5C6CCC5CN(c5cc(-c7ccccc7O)nnc5N)C6)cc4)CC3)CC2)c2ccc(N3CCC(=O)NC3=O)cc12,0,0.658433006763602
3,SMARCA4,CCc1cn(C2CCN(CC3(F)CCN(C(=O)c4ccc(N5C6CCC5CN(c5cc(-c7ccccc7O)nnc5N)C6)cc4)CC3)CC2)c2ccc(N3CCC(=O)NC3=O)cc12,0,0.5818373077218265
3,SMARCA2,CCc1cn(C2COC3(CCN(CC4CCN(c5ccc(N6C7CCC6CN(c6cc(-c8ccccc8O)nnc6N)C7)cc5F)CC4)CC3)CO2)c2ncc(N3CCC(=O)NC3=O)cc12,0,0.6688837776642281
3,CDK2,CN(C[C@](C)(O)C(=O)Nc1ccc(C#N)c(C(F)(F)F)c1)c1ccc(C#N)cc1,0,0.499328487186852
3,CDK2,CN1C(=O)CCC1COC(=O)NCc1ccc2c(c1)C(=O)N(C1CCC(=O)NC1=O)C2,0,0.45691007324755406
3,SMARCA4,CN1CC(c2cn(C3CCN(CC4(F)CCN(C(=O)c5ccc(N6C7CCC6CN(c6cc(-c8ccccc8O)nnc6N)C7)cc5)CC4)CC3)c3ccc(N4CCC(=O)NC4=O)cc23)C1,0,0.6034536491436671
3,CDK2,CN1CCC(COC(=O)NCc2ccc3c(c2)C(=O)N(C2CCC(=O)NC2=O)C3)C1,0,0.44611578896690435
3,CDK2,CN1CCC(COC(=O)NCc2ccc3c(c2)C(=O)N(C2CCC(=O)NC2=O)C3)CC1,0,0.44135142502932856
3,CDK2,CN1CCC(OC(=O)NCc2ccc3c(c2)C(=O)N(C2CCC(=O)NC2=O)C3)C1,0,0.4350325814869649
3,SMARCA2,CNc1cn(-c2ccc(N3CCN(CC4(F)CCN(C(=O)c5ccc(N6C7CCC6CN(c6cc(-c8ccccc8O)nnc6N)C7)cc5)CC4)CC3)c(C#N)c2)c(=O)[nH]1,0,0.5895492975748534
3,SMARCA4,CNc1cn(-c2ccc(N3CCN(CC4(F)CCN(C(=O)c5ccc(N6C7CCC6CN(c6cc(-c8ccccc8O)nnc6N)C7)cc5)CC4)CC3)c(C#N)c2)c(=O)[nH]1,0,0.5265853735430517
3,SMARCA2,COC1(CN2CCC(n3ccc4cc(N5CCC(=O)NC5=O)ccc43)CC2)CCN(C(=O)c2ccc(N3C4CCC3CN(c3cc(-c5ccccc5O)nnc3N)C4)cc2)CC1,0,0.5659582091413112
3,CDK2,COC12CC(c3nnc(N[C@H]4CN(c5cc(F)c(C6CCC(=O)NC6=O)c(F)c5)[C@@H]4C)o3)(C1)C2,0,0.4744368522575854
3,CDK2,CO[C@H]1C[C@@H](OC(=O)NCc2ccc3c(c2)C(=O)N(C2CCC(=O)NC2=O)C3)C1,0,0.4216700718857593
3,SMARCA2,COc1c(N2CCC(=O)NC2=O)cnc2c1ccn2C1CCN(CC2(F)CCN(C(=O)c3ccc(N4C5CCC4CN(c4cc(-c6ccccc6O)nnc4N)C5)cc3)CC2)CC1,1,0.6484914991745699
3,CDK2,COc1ccc2cc(COC(=O)NCc3ccc4c(c3)C(=O)N(C3CCC(=O)NC3=O)C4)ccc2c1,0,0.46690631170409175
3,SMARCA2,COc1ccccc1-c1cc(N2CC3CCC(C2)N3c2ccc(C(=O)N3CC4(CC(CN5CCC(n6ccc7cc(N8CCC(=O)NNC8=O)ccc76)CC5)C4)C3)cc2)c(N)nn1,0,0.5827549804365911
3,CDK2,COc1ccccc1C1CC(OC(=O)NCc2ccc3c(c2)C(=O)N(C2CCC(=O)NC2=O)C3)C1,0,0.42750959240383113
3,CDK2,C[C@@H]1CCCc2nc(COC(=O)NCc3ccc4c(c3F)C(=O)N(C3CCC(=O)NC3=O)C4)sc21,0,0.4309660418031334
3,SMARCA2,C[C@@H]1CN(CC2(F)CCN(C(=O)c3ccc(N4C5CCC4CN(c4cc(-c6ccccc6O)nnc4N)C5)cc3)CC2)CC[C@@H]1n1cc(C2CC2)c2cc(N3CCC(=O)NC3=O)cnc21,1,0.7065939832544208
3,CDK2,C[C@@H]1[C@@H](Nc2nnc(-c3ccc(C(F)(F)F)cc3)o2)CN1c1cc(F)c(C2CCC(=O)NC2=O)c(F)c1,0,0.47140332574073435
3,CDK2,C[C@@H]1[C@@H](Nc2nnc(-c3ccc(OC(F)(F)F)cc3)o2)CN1c1cc(F)c(C2CCC(=O)NC2=O)c(F)c1,0,0.509103961190615
3,CDK2,C[C@@H]1[C@@H](Nc2nnc(C34CC(C(F)(F)F)(C3)C4)o2)CN1c1cc(F)c(C2CCC(=O)NC2=O)c(F)c1,0,0.4403372411972586
3,CDK2,C[C@@H]1[C@@H](Nc2nnc(C34CC(C(F)(F)F)(C3)C4)o2)CN1c1cc(F)c([C@@H]2CCC(=O)NC2=O)c(F)c1,0,0.4403372411972586
3,CDK2,C[C@@H]1[C@@H](Nc2nnc(C34CC(C(F)(F)F)(C3)C4)o2)CN1c1cc(F)c([C@H]2CCC(=O)NC2=O)c(F)c1,0,0.4403372411972586
3,CDK2,C[C@@H]1[C@@H](Nc2nnc(C3CC4(CCC4)C3)o2)CN1c1cc(F)c(C2CCC(=O)NC2=O)c(F)c1,0,0.40765740599979117
3,CDK2,C[C@H]1CCCc2nc(COC(=O)NCc3ccc4c(c3F)C(=O)N(C3CCC(=O)NC3=O)C4)sc21,0,0.4309660418031334
3,SMARCA2,C[C@H]1CN(CC2(F)CCN(C(=O)c3ccc(N4C5CCC4CN(c4cc(-c6ccccc6O)nnc4N)C5)cc3)CC2)CCN1[C@H]1C=Cc2cc(N3CCC(=O)NC3=O)ccc21,0,0.7037261925550337
3,SMARCA2,C[C@H]1CN(CC2(F)CCN(C(=O)c3ccc(N4C5CCC4CN(c4cc(-c6ccccc6O)nnc4N)C5)cc3)CC2)CC[C@@H]1n1cc(C2CC2)c2cc(N3CCC(=O)NC3=O)ccc21,1,0.7065939832544208
3,SMARCA4,C[C@H]1CN(CC2(F)CCN(C(=O)c3ccc(N4C5CCC4CN(c4cc(-c6ccccc6O)nnc4N)C5)cc3)CC2)CC[C@@H]1n1cc(C2CC2)c2cc(N3CCC(=O)NC3=O)ccc21,0,0.6261699175269494
3,SMARCA2,C[C@H]1CN(CC2(F)CCN(C(=O)c3ccc(N4C5CCC4CN(c4cc(-c6ccccc6O)nnc4N)C5)cc3)CC2)CC[C@@H]1n1cc(C2CC2)c2cc(N3CCC(=O)NC3=O)cnc21,1,0.7065939832544208
3,SMARCA4,C[C@H]1CN(CC2(F)CCN(C(=O)c3ccc(N4C5CCC4CN(c4cc(-c6ccccc6O)nnc4N)C5)cc3)CC2)CC[C@@H]1n1cc(C2CC2)c2cc(N3CCC(=O)NC3=O)cnc21,0,0.6261699175269494
3,SMARCA2,C[C@H]1CN(CC2(F)CCN(C(=O)c3ccc(N4C5CCC4CN(c4cc(-c6ccccc6O)nnc4N)C5)cc3)CC2)CC[C@H]1n1cc(C2CC2)c2cc(N3CCC(=O)NC3=O)cnc21,0,0.7065939832544208
3,SMARCA4,C[C@H]1CN(CC2(F)CCN(C(=O)c3ccc(N4C5CCC4CN(c4cc(-c6ccccc6O)nnc4N)C5)cc3)CC2)CC[C@H]1n1cc(C2CC2)c2cc(N3CCC(=O)NC3=O)cnc21,0,0.6261699175269494
3,CDK2,C[C@H]1COC[C@@H]1OC(=O)NCc1ccc2c(c1)C(=O)N(C1CCC(=O)NC1=O)C2,0,0.4490150479079277
3,CDK2,C[C@H]1C[C@@H]1COC(=O)NCc1ccc2c(c1)C(=O)N(C1CCC(=O)NC1=O)C2,0,0.46913557413175877
3,CDK2,C[C@](O)(CN(Cc1ccccc1)c1ccc(C#N)cc1)C(=O)Nc1ccc(C#N)c(C(F)(F)F)c1,0,0.5078538906109681
3,CDK2,C[C@](O)(CNc1ccc(C#N)c(-c2ccccc2)c1)C(=O)Nc1ccc(C#N)c(C(F)(F)F)c1,0,0.4681136146463636
3,CDK2,C[C@](O)(CNc1ccc(C#N)cc1)C(=O)Nc1ccc(C#N)c(C(F)(F)F)c1,0,0.4676136146463636
3,CDK2,C[C@](O)(CNc1ccc(C#N)cc1-c1ccccc1)C(=O)Nc1ccc(C#N)c(C(F)(F)F)c1,0,0.4681136146463636
3,SMARCA2,Cc1c(C)n(C2CCN(CC3(F)CCN(C(=O)c4ccc(N5C6CCC5CN(c5cc(-c7ccccc7O)nnc5N)C6)cc4)CC3)CC2)c2ccc(N3CCC(=O)NC3=O)cc12,0,0.6618717639035715
3,CDK2,Cc1c(F)cc2scnc2c1C1CC(OC(=O)NCc2ccc3c(c2F)C(=O)N(C2CCC(=O)NC2=O)C3)C1,0,0.40636891867832325
3,CDK2,Cc1c(F)cc2scnc2c1[C@H]1C[C@@H](OC(=O)NCc2ccc3c(c2F)C(=O)N(C2CCC(=O)NC2=O)C3)C1,0,0.40636891867832325
3,SMARCA2,Cc1c(N2CCC(=O)NC2=O)ccc2c1ccn2C1CCN(CC2(F)CCN(C(=O)c3ccc(N4C5CCC4CN(c4cc(-c6ccccc6O)nnc4N)C5)cc3)CC2)CC1,0,0.6632733378499673
3,CDK2,Cc1cc(-c2nnc(NC3(c4cc(Cl)c5c(c4)C(=O)N(C4CCC(=O)NC4=O)C5)CC3)o2)no1,0,0.37050227933345503
3,CDK2,Cc1cc(CNC(=O)OCc2cc3n(n2)CCCC3)c(F)c2c1CN(C1CCC(=O)NC1=O)C2=O,0,0.41336484876734175
3,SMARCA2,Cc1cc(N2C3CCC2CN(c2cc(-c4ccccc4O)nnc2N)C3)cc(F)c1C(=O)N1CCC(F)(CN2CCC(c3cn(C4CCC4)c4cc(N5CCC(=O)NC5=O)ccc34)CC2)CC1,0,0.6515403576216323
3,SMARCA4,Cc1cc(N2C3CCC2CN(c2cc(-c4ccccc4O)nnc2N)C3)cc(F)c1C(=O)N1CCC(F)(CN2CCC(c3cn(C4CCC4)c4cc(N5CCC(=O)NC5=O)ccc34)CC2)CC1,0,0.578864134185091
3,SMARCA2,Cc1cc(N2C3CCC2CN(c2cc(-c4ccccc4O)nnc2N)C3)cc(F)c1C(=O)N1CCC(F)(CN2CCC(n3cc(C4CC4)c4cc(N5CCC(=O)NC5=O)cnc43)CC2)CC1,1,0.663757808798971
3,SMARCA2,Cc1cc(N2C3CCC2CN(c2cc(-c4ccccc4O)nnc2N)C3)ccc1C(=O)N1CCC(CN2CCC(c3cn(C4CCC4)c4cc(N5CCC(=O)NC5=O)ccc34)CC2)CC1,1,0.5715595794727774
3,SMARCA4,Cc1cc(N2C3CCC2CN(c2cc(-c4ccccc4O)nnc2N)C3)ccc1C(=O)N1CCC(CN2CCC(c3cn(C4CCC4)c4cc(N5CCC(=O)NC5=O)ccc34)CC2)CC1,0,0.5116798752838474
3,SMARCA2,Cc1cc(N2C3CCC2CN(c2cc(-c4ccccc4O)nnc2N)C3)ccc1C(=O)N1CCC(F)(CN2CCC(c3cn(C4CCC4)c4c(F)c(N5CCC(=O)NC5=O)ccc34)CC2)CC1,1,0.6515403576216323
3,SMARCA2,Cc1cc(N2C3CCC2CN(c2cc(-c4ccccc4O)nnc2N)C3)ccc1C(=O)N1CCC(F)(CN2CCC(n3cc(C)c4cc(N5CCC(=O)NC5=O)ccc43)CC2)CC1,1,0.6509459759933283
3,SMARCA2,Cc1cc(N2C3CCC2CN(c2cc(-c4ccccc4O)nnc2N)C3)ccc1C(=O)N1CCC(F)(CN2CCN(c3cc4c(C5CC5)cn(C5CCC(=O)NC5=O)c4cn3)CC2)CC1,1,0.6557087471564436
3,SMARCA2,Cc1cc(N2C3CCC2CN(c2cc(-c4ccccc4O)nnc2N)C3)ccc1C(=O)N1CCN(CN2CCC(c3cn(C4CC4)c4cc(N5CCC(=O)NC5=O)ccc34)CC2)CC1,0,0.57906768368549
3,SMARCA4,Cc1cc(N2C3CCC2CN(c2cc(-c4ccccc4O)nnc2N)C3)ccc1C(=O)N1CCN(CN2CCC(c3cn(C4CC4)c4cc(N5CCC(=O)NC5=O)ccc34)CC2)CC1,0,0.5127212319456018
3,SMARCA2,Cc1cc(N2C3CCC2CN(c2cc(-c4ccccc4O)nnc2N)C3)ccc1C(=O)N1CCN(CN2CCC(c3cn(C4CCC4)c4cc(N5CCC(=O)NC5=O)cnc34)CC2)CC1,1,0.5715595794727774
3,SMARCA4,Cc1cc(N2C3CCC2CN(c2cc(-c4ccccc4O)nnc2N)C3)ccc1C(=O)N1CCN(CN2CCC(c3cn(C4CCC4)c4cc(N5CCC(=O)NC5=O)cnc34)CC2)CC1,0,0.5116798752838474
3,SMARCA2,Cc1cc(N2CCC(=O)NC2=O)c2ccn(C3CCN(CC4CCN(C(=O)c5ccc(N6C7CCC6CN(c6cc(-c8ccccc8O)nnc6N)C7)cc5)CC4)CC3)c2c1,1,0.5710705069446044
3,SMARCA2,Cc1cc(N2CCC(=O)NC2=O)cc2ccn(C3CCN(CC4(F)CCN(C(=O)c5ccc(N6C7CCC6CN(c6cc(-c8ccccc8O)nnc6N)C7)cc5)CC4)CC3)c12,0,0.65187828587046
3,SMARCA2,Cc1cc(NC2CCN(c3cc(-c4ccccc4C)nnc3C)C2)ccc1C(=O)N1CCC(CN2CCN(c3ccc(N4CCC(=O)NC4=O)cc3)CC2)CC1,1,0.5574473683367359
3,SMARCA2,Cc1cc2c(N3CCC(=O)NC3=O)cccc2n1C1CCN(CC2CCN(C(=O)c3ccc(N4C5CCC4CN(c4cc(-c6ccccc6O)nnc4N)C5)cc3)CC2)CC1,1,0.5639678745151291
3,SMARCA2,Cc1cc2c(ccn2C2CCN(CC3(F)CCN(C(=O)c4ccc(N5C6CCC5CN(c5cc(-c7ccccc7O)nnc5N)C6)cc4)CC3)CC2)cc1N1CCC(=O)NC1=O,0,0.6632733378499673
3,CDK2,Cc1ccc(-c2nnc(N[C@H]3CN(c4cc(F)c(C5CCC(=O)NC5=O)c(F)c4)[C@@H]3C)o2)cc1,0,0.4817960854411412
3,CDK2,Cc1ccc(C2CC(OC(=O)NCc3ccc4c(c3)C(=O)N(C3CCC(=O)NC3=O)C4)C2)cc1,0,0.4224746451116857
3,CDK2,Cc1ccc(COC(=O)NCc2ccc3c(c2)C(=O)N(C2CCC(=O)NC2=O)C3)cc1,0,0.46821735085894745
3,SMARCA2,Cc1ccc(N2CCC(=O)NC2=O)c2ccn(C3CCN(CC4CCN(C(=O)c5ccc(N6C7CCC6CN(c6cc(-c8ccccc8O)nnc6N)C7)cc5)CC4)CC3)c12,1,0.5710705069446044
3,SMARCA2,Cc1ccc2c(ccn2C2CCN(CC3CCN(C(=O)c4ccc(N5C6CCC5CN(c5cc(-c7ccccc7O)nnc5N)C6)cc4)CC3)CC2)c1N1CCC(=O)NC1=O,1,0.5639678745151291
3,CDK2,Cc1ccc2scnc2c1[C@H]1C[C@@H](OC(=O)NCc2ccc3c(c2)C(=O)N(C2CCC(=O)NC2=O)C3)C1,0,0.425641055606766
3,CDK2,Cc1ccc2scnc2c1[C@H]1C[C@@H](OC(=O)NCc2ccc3c(c2F)C(=O)N(C2CCC(=O)NC2=O)C3)C1,0,0.40636891867832325
3,CDK2,Cc1ccc2scnc2c1[C@H]1C[C@H](OC(=O)NCc2ccc3c(c2)C(=O)N(C2CCC(=O)NC2=O)C3)C1,0,0.425641055606766
3,CDK2,Cc1ccc2scnc2c1[C@H]1C[C@H](OC(=O)NCc2ccc3c(c2F)C(=O)N(C2CCC(=O)NC2=O)C3)C1,0,0.40636891867832325
3,CDK2,Cc1cccc2nc(COC(=O)NCc3ccc4c(c3)C(=O)N(C3CCC(=O)NC3=O)C4)sc12,0,0.4523736278785656
3,CDK2,Cc1cccc2sc(COC(=O)NCc3ccc4c(c3)C(=O)N(C3CCC(=O)NC3=O)C4)nc12,0,0.4523736278785656
3,SMARCA2,Cc1ccccc1-c1cc(N2CC3CCC(C2)N3c2ccc(C(=O)N3CCC(F)(CN4CCC(n5ccc6c(N7CCC(=O)NC7=O)c(C)ccc65)CC4)CC3)cc2)c(N)nn1,0,0.6385311946337612
3,CDK2,Cc1ccccc1C1CC(OC(=O)NCc2ccc3c(c2)C(=O)N(C2CCC(=O)NC2=O)C3)C1,0,0.42797037900741947
3,SMARCA2,Cc1cn(C2CC3(CCN(CC4CCN(c5ccc(N6C7CCC6CN(c6cc(-c8ccccc8O)nnc6N)C7)cc5)CC4)CC3)C2)c2ccc(N3CCC(=O)NC3=O)cc12,0,0.560367182693502
3,SMARCA2,Cc1cn(C2CCC3(CC2)CCN(CC2(F)CCN(C(=O)c4ccc(N5C6CCC5CN(c5cc(-c7ccccc7O)nnc5N)C6)cc4)CC2)CC3)c2ccc(N3CCC(=O)NC3=O)cc12,0,0.65187828587046
3,SMARCA2,Cc1cn(C2CCC3(CC2)CCN(CC2CCN(c4ccc(N5C6CCC5CN(c5cc(-c7ccccc7O)cnc5N)C6)cc4)CC2)CC3)c2ccc(N3CCC(=O)NC3=O)cc12,0,0.6066925738846326
3,SMARCA2,Cc1cn(C2CCN(CC3(F)CCN(C(=O)c4c(F)cc(N5C6CCC5CN(c5cc(-c7ccccc7O)nnc5N)C6)cc4C#N)CC3)CC2)c2ccc(N3CCC(=O)NC3=O)c(F)c12,0,0.6525899129384823
3,SMARCA4,Cc1cn(C2CCN(CC3(F)CCN(C(=O)c4c(F)cc(N5C6CCC5CN(c5cc(-c7ccccc7O)nnc5N)C6)cc4C#N)CC3)CC2)c2ccc(N3CCC(=O)NC3=O)c(F)c12,0,0.5762098190993379
3,SMARCA2,Cc1cn(C2CCN(CC3(F)CCN(C(=O)c4c(F)cc(N5C6CCC5CN(c5cc(-c7ccccc7O)nnc5N)C6)cc4C#N)CC3)CC2)c2ccc(N3CCC(=O)NC3=O)cc12,0,0.6525899129384823
3,SMARCA2,Cc1cn(C2CCN(CC3(F)CCN(C(=O)c4c(F)cc(N5C6CCC5CN(c5cc(-c7ccccc7O)nnc5N)C6)cc4F)CC3)CC2)c2ccc(N3CCC(=O)NC3=O)cc12,1,0.65187828587046
3,SMARCA2,Cc1cn(C2CCN(CC3(F)CCN(C(=O)c4ccc(N5C6CCC5CN(c5cc(-c7c(O)cccc7F)nnc5N)C6)cc4)CC3)CC2)c2ccc(N3CCC(=O)NC3=O)cc12,0,0.65187828587046
3,SMARCA2,Cc1cn(C2CCN(CC3(F)CCN(C(=O)c4ccc(N5C6CCC5CN(c5cc(-c7ccccc7O)nnc5N)C6)c(F)c4)CC3)CC2)c2ccc(N3CCC(=O)NC3=O)c(F)c12,0,0.65187828587046
3,SMARCA2,Cc1cn(C2CCN(CC3(F)CCN(C(=O)c4ccc(N5C6CCC5CN(c5cc(-c7ccccc7O)nnc5N)C6)cc4)CC3)CC2)c2cc(F)c(N3CCC(=O)NC3=O)c(F)c12,1,0.65187828587046
3,SMARCA2,Cc1cn(C2CCN(CC3(F)CCN(C(=O)c4ccc(N5C6CCC5CN(c5cc(-c7ccccc7O)nnc5N)C6)cc4)CC3)CC2)c2ccc(N3CCC(=O)N(COP(=O)(O)O)C3=O)cc12,0,0.6527375498618132
3,SMARCA4,Cc1cn(C2CCN(CC3(F)CCN(C(=O)c4ccc(N5C6CCC5CN(c5cc(-c7ccccc7O)nnc5N)C6)cc4)CC3)CC2)c2ccc(N3CCC(=O)N(COP(=O)(O)O)C3=O)cc12,0,0.5742790856979452
3,SMARCA2,Cc1cn(C2CCN(CC3(F)CCN(C(=O)c4ccc(N5C6CCC5CN(c5cc(-c7ccccc7O)nnc5N)C6)cc4)CC3)CC2)c2ccn(C3CCC(=O)NC3=O)c12,1,0.6454698810549028
3,SMARCA2,Cc1cn(C2CCN(CC3(F)CCN(C(=O)c4ccc(N5C6CCC5CN(c5cc(-c7ccccc7O)nnc5N)C6)cc4)CC3)CC2)c2ncc(N3CCC(=O)NC3=O)cc12,1,0.65187828587046
3,SMARCA4,Cc1cn(C2CCN(CC3(F)CCN(C(=O)c4ccc(N5C6CCC5CN(c5cc(-c7ccccc7O)nnc5N)C6)cc4)CC3)CC2)c2ncc(N3CCC(=O)NC3=O)cc12,0,0.5768817665962854
3,SMARCA2,Cc1cn(C2CCN(CC3(F)CCN(C(=O)c4ccc(N5C6CCC5CN(c5cc(-c7ccccc7O)nnc5N)C6)cc4C#N)CC3)CC2)c2ccc(N3CCC(=O)NC3=O)c(F)c12,0,0.6525899129384823
3,SMARCA2,Cc1cn(C2CCN(CC3(F)CCN(C(=O)c4ccc(N5C6CCC5CN(c5cc(-c7ccccc7O)nnc5N)C6)cc4F)CC3)CC2)c2ccc(N3CCC(=O)NC3=O)cc12,1,0.65187828587046
3,SMARCA2,Cc1cn(C2CCN(CC3(F)CCN(C(=O)c4ccc(N5C6CCC5N(Cc5cc(-c7ccccc7OCOP(=O)(O)O)nnc5N)C6)cc4)CC3)CC2)c2ccc(N3CCC(=O)NC3=O)cc12,1,0.6683002235273856
3,SMARCA4,Cc1cn(C2CCN(CC3(F)CCN(C(=O)c4ccc(N5C6CCC5N(Cc5cc(-c7ccccc7OCOP(=O)(O)O)nnc5N)C6)cc4)CC3)CC2)c2ccc(N3CCC(=O)NC3=O)cc12,0,0.5917302875020456
3,SMARCA2,Cc1cn(C2CCN(CC3(F)CCN(Cc4ccc(N5C6CCC5CN(c5cc(-c7ccccc7O)nnc5N)C6)cc4)CC3)CC2)c2ccc(N3CCC(=O)NC3=O)cc12,0,0.6262788491024439
3,SMARCA2,Cc1cn(C2CCN(CC3CCN(C(=O)c4ccc(N5C6CCC5CN(c5cc(-c7ccccc7O)nnc5N)C6)cc4)CC3)CC2)c2ccc(N3CCC(=O)NC3=O)cc12,0,0.5710705069446044
3,SMARCA2,Cc1cn(C2COC3(CCN(CC4CCN(c5ccc(N6C7CCC6CN(c6cc(-c8ccccc8O)nnc6N)C7)cc5F)CC4)CC3)CO2)c2ccc(N3CCC(=O)NC3=O)cc12,0,0.6658509638114142
3,CDK2,Cc1nc(-c2ccccc2)sc1COC(=O)NCc1ccc2c(c1)C(=O)N(C1CCC(=O)NC1=O)C2,0,0.455678010431053
3,CDK2,Cc1nc(C)c(COC(=O)NCc2ccc3c(c2)C(=O)N(C2CCC(=O)NC2=O)C3)s1,0,0.4541142710645159
3,CDK2,Cc1nc(COC(=O)NCc2ccc3c(c2)C(=O)N(C2CCC(=O)NC2=O)C3)sc1C,0,0.45394854397421336
3,CDK2,Cc1nc2c(C3CC(OC(=O)NCc4ccc5c(c4)C(=O)N(C4CCC(=O)NC4=O)C5)C3)cccc2s1,0,0.42268303399874446
3,CDK2,Cc1nc2cc(COC(=O)NCc3ccc4c(c3)C(=O)N(C3CCC(=O)NC3=O)C4)ccc2s1,0,0.4523736278785656
3,CDK2,Cc1nccc(F)c1[C@H]1C[C@@H](OC(=O)NCc2ccc3c(c2F)C(=O)N(C2CCC(=O)NC2=O)C3)C1,0,0.404058794880082
3,SMARCA2,Cc1nnc(-c2ccccc2O)cc1N1CCC(Nc2ccc(C(=O)N3CCC(F)(CN4CCC(n5cc(CC#N)c6cc(N7CCC(=O)NC7=O)ccc65)CC4)CC3)cc2)CC1,0,0.6694422707119037
3,SMARCA4,Cc1nnc(-c2ccccc2O)cc1N1CCC(Nc2ccc(C(=O)N3CCC(F)(CN4CCC(n5cc(CC#N)c6cc(N7CCC(=O)NC7=O)ccc65)CC4)CC3)cc2)CC1,0,0.5949817984958615
3,SMARCA2,Cn1cc(-c2cn(C3CCN(CC4(F)CCN(C(=O)c5ccc(N6C7CCC6CN(c6cc(-c8ccccc8O)nnc6N)C7)cc5)CC4)CC3)c3ccc(N4CCC(=O)NC4=O)cc23)cn1,0,0.6497223757519447
3,SMARCA4,Cn1cc(-c2cn(C3CCN(CC4(F)CCN(C(=O)c5ccc(N6C7CCC6CN(c6cc(-c8ccccc8O)nnc6N)C7)cc5)CC4)CC3)c3ccc(N4CCC(=O)NC4=O)cc23)cn1,0,0.5750564109637155
3,SMARCA2,Cn1cc(C2CCN(CC3(F)CCN(C(=O)c4ccc(N5C6CCC5CN(c5cc(-c7ccccc7O)nnc5N)C6)cc4)CC3)CC2)c2cccc(N3CCC(=O)NC3=O)c21,1,0.64745889600107
3,SMARCA2,Cn1cc(C2CCN(CC3(F)CCN(C(=O)c4ccc(NC5CCN(c6cc(-c7ccccc7Cl)nnc6N)C5)cc4)CC3)CC2)c2ccc(N3CCC(=O)NC3=O)cc21,0,0.6117098062866694
3,SMARCA4,Cn1cc(C2CCN(CC3(F)CCN(C(=O)c4ccc(NC5CCN(c6cc(-c7ccccc7Cl)nnc6N)C5)cc4)CC3)CC2)c2ccc(N3CCC(=O)NC3=O)cc21,0,0.5427892491526866
3,SMARCA2,Cn1cc(N2CCN(CC3CCN(C(=O)c4ccc(N5C6CCC5CN(c5cc(-c7ccccc7O)nnc5N)C6)cc4)CC3)CC2)c2ccc(N3CCC(=O)NC3=O)cc21,0,0.5721738228979202
3,CDK2,Cn1ccc2c(C3CC(OC(=O)NCc4ccc5c(c4)C(=O)N(C4CCC(=O)NC4=O)C5)C3)cccc21,0,0.419161359866168
3,CDK2,Cn1ccc2cccc(C3CC(OC(=O)NCc4ccc5c(c4)C(=O)N(C4CCC(=O)NC4=O)C5)C3)c21,0,0.419161359866168
3,SMARCA2,N#CC1(CN2CCN(c3ccc(N4CCC(=O)NC4=O)cc3)CC2)CCN(C(=O)c2ccc(N3C4CCC3CN(c3cc(-c5ccccc5O)nnc3N)C4)cc2)CC1,0,0.5576086345872637
3,SMARCA2,N#CC1(CN2CCN(n3cc(C4CC4)c4cc(N5CCC(=O)NC5=O)cnc43)CC2)CCN(C(=O)c2ccc(N3C4CCC3CN(c3cc(-c5ccccc5O)nnc3N)C4)cc2)CC1,0,0.5740947792185878
3,CDK2,N#Cc1cc(CNC(=O)OCc2cc3n(n2)CCCC3)c(F)c2c1CN(C1CCC(=O)NC1=O)C2=O,0,0.39278409939031234
3,SMARCA2,N#Cc1cc(N2C3CCC2CN(c2cc(-c4ccccc4O)nnc2N)C3)cc(F)c1C(=O)N1CCC(F)(CN2CCN(C3CCN4C(C5CC5)=CC(N5CCC(=O)NC5=O)=CN=C34)CC2)CC1,1,0.6441473222016846
3,SMARCA4,N#Cc1cc(N2C3CCC2CN(c2cc(-c4ccccc4O)nnc2N)C3)cc(F)c1C(=O)N1CCC(F)(CN2CCN(C3CCN4C(C5CC5)=CC(N5CCC(=O)NC5=O)=CN=C34)CC2)CC1,0,0.5672349747487077
3,SMARCA2,N#Cc1cc2c(N3CCC(=O)NC3=O)cccc2n1C1CCN(CC2(F)CCN(C(=O)c3ccc(N4C5CCC4CN(c4cc(-c6ccccc6O)nnc4N)C5)cc3)CC2)CC1,0,0.6291420886788585
3,CDK2,N#Cc1ccc2scnc2c1[C@H]1C[C@@H](OC(=O)NCc2ccc3c(c2F)C(=O)N(C2CCC(=O)NC2=O)C3)C1,0,0.38838393272244964
3,SMARCA2,N#Cc1cn(C2CCN(CC3(F)CCN(C(=O)c4ccc(N5C6CCC5CN(c5cc(-c7ccccc7O)nnc5N)C6)cc4)CC3)CC2)c2ccc(N3CCC(=O)NC3=O)c(F)c12,0,0.6291420886788585
3,SMARCA4,N#Cc1cn(C2CCN(CC3(F)CCN(C(=O)c4ccc(N5C6CCC5CN(c5cc(-c7ccccc7O)nnc5N)C6)cc4)CC3)CC2)c2ccc(N3CCC(=O)NC3=O)c(F)c12,0,0.554358122785842
3,SMARCA2,N#Cc1cn(C2CCN(CC3(F)CCN(C(=O)c4ccc(N5C6CCC5CN(c5cc(-c7ccccc7O)nnc5N)C6)cc4F)CC3)CC2)c2ccc(N3CCC(=O)NC3=O)cc12,0,0.6291420886788585
3,SMARCA4,N#Cc1cn(C2CCN(CC3(F)CCN(C(=O)c4ccc(N5C6CCC5CN(c5cc(-c7ccccc7O)nnc5N)C6)cc4F)CC3)CC2)c2ccc(N3CCC(=O)NC3=O)cc12,0,0.554358122785842
3,SMARCA2,N#Cc1cn(C2CCN(CC3CCN(C(=O)c4ccc(N5C6CCC5CN(c5cc(-c7ccccc7O)nnc5N)C6)cc4)CC3)CC2)c2ccc(N3CCC(=O)NC3=O)cc12,0,0.5646294592549528
3,SMARCA4,N#Cc1cn(C2CCN(CC3CCN(C(=O)c4ccc(N5C6CCC5CN(c5cc(-c7ccccc7O)nnc5N)C6)cc4)CC3)CC2)c2ccc(N3CCC(=O)NC3=O)cc12,0,0.5036773063836254
3,SMARCA2,Nc1nnc(-c2cc(F)ccc2O)cc1N1CC2CCC(C1)N2c1ccc(C(=O)N2CCC(F)(CN3CCC(n4ccc5cc(N6CCC(=O)NC6=O)ccc54)CC3)CC2)cc1,0,0.6284304616108363
3,SMARCA2,Nc1nnc(-c2ccccc2O)cc1N1CC2CC(C1)N2c1ccc(C(=O)N2CCC(CN3CCC(c4cn(C5CCC5)c5cc(N6CCC(=O)NC6=O)ccc45)CC3)CC2)c(Cl)c1,1,0.6437320708242921
3,SMARCA4,Nc1nnc(-c2ccccc2O)cc1N1CC2CC(C1)N2c1ccc(C(=O)N2CCC(CN3CCC(c4cn(C5CCC5)c5cc(N6CCC(=O)NC6=O)ccc45)CC3)CC2)c(Cl)c1,0,0.5780761680446804
3,SMARCA2,Nc1nnc(-c2ccccc2O)cc1N1CC2CC(C1)N2c1ccc(C(=O)N2CCC(F)(CN3CCC(c4cn(C5CCC5)c5cc(N6CCC(=O)NC6=O)ccc45)CC3)CC2)c(C(F)(F)F)c1,1,0.636518289494421
3,SMARCA4,Nc1nnc(-c2ccccc2O)cc1N1CC2CC(C1)N2c1ccc(C(=O)N2CCC(F)(CN3CCC(c4cn(C5CCC5)c5cc(N6CCC(=O)NC6=O)ccc45)CC3)CC2)c(C(F)(F)F)c1,0,0.5708520028351095
3,SMARCA4,Nc1nnc(-c2ccccc2O)cc1N1CC2CC(C1)N2c1ccc(C(=O)N2CCC(F)(CN3CCC(c4cn(C5CCC5)c5cc(N6CCC(=O)NC6=O)ccc45)CC3)CC2)c(Cl)c1,0,0.5723570188402688
3,SMARCA2,Nc1nnc(-c2ccccc2O)cc1N1CC2CC(C1)N2c1ccc(C(=O)N2CCC(F)(CN3CCC(c4cn(C5CCC5)c5cc(N6CCC(=O)NC6=O)ccc45)CC3)CC2)c(F)c1,1,0.636518289494421
3,SMARCA4,Nc1nnc(-c2ccccc2O)cc1N1CC2CC(C1)N2c1ccc(C(=O)N2CCC(F)(CN3CCC(c4cn(C5CCC5)c5cc(N6CCC(=O)NC6=O)ccc45)CC3)CC2)c(F)c1,0,0.5708520028351095
3,SMARCA2,Nc1nnc(-c2ccccc2O)cc1N1CC2CC(C1)N2c1ccc(C(=O)N2CCC(F)(CN3CCN(C4=C(C5CC5)c5cc(N6CCC(=O)NC6=O)cnc54)CC3)CC2)c(C(F)(F)F)c1,1,0.6497540005411472
3,SMARCA2,Nc1nnc(-c2ccccc2O)cc1N1CC2CC(C1)N2c1ccc(C(=O)N2CCC(F)(CN3CCN(c4ccc5c(c4)c(-c4ccccc4)cn5C4CCC(=O)NC4=O)CC3)CC2)cc1,1,0.6347157125919785
3,SMARCA4,Nc1nnc(-c2ccccc2O)cc1N1CC2CC(C1)N2c1ccc(C(=O)N2CCC(F)(CN3CCN(c4ccc5c(c4)c(-c4ccccc4)cn5C4CCC(=O)NC4=O)CC3)CC2)cc1,0,0.5549744154224094
3,SMARCA2,Nc1nnc(-c2ccccc2O)cc1N1CC2CCC(C1)N2c1cc(F)c(C(=O)N2CCC(F)(CN3CCC(c4cn(C5CCC5)c5cc(N6CCC(=O)NC6=O)ccc45)CC3)CC2)c(F)c1,1,0.6294912513107265
3,SMARCA4,Nc1nnc(-c2ccccc2O)cc1N1CC2CCC(C1)N2c1cc(F)c(C(=O)N2CCC(F)(CN3CCC(c4cn(C5CCC5)c5cc(N6CCC(=O)NC6=O)ccc45)CC3)CC2)c(F)c1,0,0.5571000447092019
3,SMARCA2,Nc1nnc(-c2ccccc2O)cc1N1CC2CCC(C1)N2c1cc(F)c(C(=O)N2CCC(F)(CN3CCC(n4cc(C5CC5)c5cc(N6CCC(=O)NC6=O)cnc54)CC3)CC2)c(F)c1,1,0.6431655400949026
3,SMARCA2,Nc1nnc(-c2ccccc2O)cc1N1CC2CCC(C1)N2c1ccc(C(=O)N2CCC(CCCN3CCC(n4ccc5cc(N6CCC(=O)NC6=O)ccc54)CC3)CC2)cc1,0,0.560971095396589
3,SMARCA2,Nc1nnc(-c2ccccc2O)cc1N1CC2CCC(C1)N2c1ccc(C(=O)N2CCC(CCN3CCC(n4ccc5c(N6CCC(=O)NC6=O)cccc54)CC3)CC2)cc1,0,0.560971095396589
3,SMARCA2,Nc1nnc(-c2ccccc2O)cc1N1CC2CCC(C1)N2c1ccc(C(=O)N2CCC(CCN3CCC(n4ccc5cc(N6CCC(=O)NC6=O)ccc54)CC3)CC2)cc1,0,0.560971095396589
3,SMARCA2,Nc1nnc(-c2ccccc2O)cc1N1CC2CCC(C1)N2c1ccc(C(=O)N2CCC(CN3CCC(c4c[nH]c5cc(N6CCC(=O)NC6=O)ccc45)CC3)CC2)cc1,1,0.560971095396589
3,SMARCA4,Nc1nnc(-c2ccccc2O)cc1N1CC2CCC(C1)N2c1ccc(C(=O)N2CCC(CN3CCC(c4c[nH]c5cc(N6CCC(=O)NC6=O)ccc45)CC3)CC2)cc1,0,0.4981069767132957
3,SMARCA2,Nc1nnc(-c2ccccc2O)cc1N1CC2CCC(C1)N2c1ccc(C(=O)N2CCC(CN3CCC(c4cn(C5CCC5)c5c(F)c(N6CCC(=O)NC6=O)ccc45)CC3)CC2)c(F)c1,0,0.6260435205447603
3,SMARCA2,Nc1nnc(-c2ccccc2O)cc1N1CC2CCC(C1)N2c1ccc(C(=O)N2CCC(CN3CCC(n4cc(C5CC5)c5cc(N6CCC(=O)NC6=O)ccc54)CC3)CC2)cc1,1,0.5683558623250645
3,SMARCA2,Nc1nnc(-c2ccccc2O)cc1N1CC2CCC(C1)N2c1ccc(C(=O)N2CCC(CN3CCC(n4ccc5c(N6CCC(=O)NC6=O)ccc(F)c54)CC3)CC2)cc1,1,0.6240938419559813
3,SMARCA2,Nc1nnc(-c2ccccc2O)cc1N1CC2CCC(C1)N2c1ccc(C(=O)N2CCC(CN3CCC(n4ccc5c(N6CCC(=O)NC6=O)cccc54)CC3)CC2)cc1,1,0.560971095396589
3,SMARCA2,Nc1nnc(-c2ccccc2O)cc1N1CC2CCC(C1)N2c1ccc(C(=O)N2CCC(CN3CCC(n4ccc5cc(N6CCC(=O)NC6=O)ccc54)CC3)(C(F)F)CC2)cc1,0,0.611237975746979
3,SMARCA2,Nc1nnc(-c2ccccc2O)cc1N1CC2CCC(C1)N2c1ccc(C(=O)N2CCC(CN3CCC(n4ccc5cc(N6CCC(=O)NC6=O)ccc54)CC3)CC2)c(Cl)c1,1,0.6349037447915138
3,SMARCA2,Nc1nnc(-c2ccccc2O)cc1N1CC2CCC(C1)N2c1ccc(C(=O)N2CCC(CN3CCN(C4C=Cc5c4cncc5N4CCC(=O)NC4=O)CC3)CC2)cc1,1,0.5632877620632557
3,SMARCA2,Nc1nnc(-c2ccccc2O)cc1N1CC2CCC(C1)N2c1ccc(C(=O)N2CCC(CN3CCN(C4C=Cc5cc(N6CCC(=O)NC6=O)ccc54)CC3)CC2)cc1,0,0.5632877620632557
3,SMARCA2,Nc1nnc(-c2ccccc2O)cc1N1CC2CCC(C1)N2c1ccc(C(=O)N2CCC(CN3CCN(c4c[nH]c5cc(N6CCC(=O)NC6=O)ccc45)CC3)CC2)cc1,0,0.560971095396589
3,SMARCA4,Nc1nnc(-c2ccccc2O)cc1N1CC2CCC(C1)N2c1ccc(C(=O)N2CCC(CN3CCN(c4c[nH]c5cc(N6CCC(=O)NC6=O)ccc45)CC3)CC2)cc1,0,0.4981069767132957
3,SMARCA2,Nc1nnc(-c2ccccc2O)cc1N1CC2CCC(C1)N2c1ccc(C(=O)N2CCC(CN3CCN(c4ccc5c(c4)c(C4CC4)cn5C4CCC(=O)NC4=O)CC3)CC2)cc1,1,0.5863571235755467
3,SMARCA4,Nc1nnc(-c2ccccc2O)cc1N1CC2CCC(C1)N2c1ccc(C(=O)N2CCC(CN3CCN(c4ccc5c(c4)c(C4CC4)cn5C4CCC(=O)NC4=O)CC3)CC2)cc1,0,0.5004139543286358
3,SMARCA2,Nc1nnc(-c2ccccc2O)cc1N1CC2CCC(C1)N2c1ccc(C(=O)N2CCC(CN3CC[C@@H](n4ccc5cc(N6CCC(=O)NC6=O)ccc54)[C@H](F)C3)CC2)cc1,1,0.6240938419559813
3,SMARCA2,Nc1nnc(-c2ccccc2O)cc1N1CC2CCC(C1)N2c1ccc(C(=O)N2CCC(CN3CC[C@H](n4ccc5cc(N6CCC(=O)NC6=O)ccc54)[C@@H](F)C3)CC2)cc1,1,0.6240938419559813
3,SMARCA2,Nc1nnc(-c2ccccc2O)cc1N1CC2CCC(C1)N2c1ccc(C(=O)N2CCC(F)(CCN3CCC(n4ccc5c(N6CCC(=O)NC6=O)cccc54)CC3)CC2)cc1,1,0.6284304616108363
3,SMARCA2,Nc1nnc(-c2ccccc2O)cc1N1CC2CCC(C1)N2c1ccc(C(=O)N2CCC(F)(CN3C4CCC3CC(n3cc(C5CC5)c5cc(N6CCC(=O)NC6=O)cnc53)C4)CC2)cc1,0,0.6431655400949026
3,SMARCA4,Nc1nnc(-c2ccccc2O)cc1N1CC2CCC(C1)N2c1ccc(C(=O)N2CCC(F)(CN3C4CCC3CC(n3cc(C5CC5)c5cc(N6CCC(=O)NC6=O)cnc53)C4)CC2)cc1,0,0.5655902555789882
3,SMARCA2,Nc1nnc(-c2ccccc2O)cc1N1CC2CCC(C1)N2c1ccc(C(=O)N2CCC(F)(CN3C4CC[C@@H]3C[C@@H](n3ccc5cc(N6CCC(=O)NC6=O)ccc53)C4)CC2)cc1,0,0.6284304616108363
3,SMARCA2,Nc1nnc(-c2ccccc2O)cc1N1CC2CCC(C1)N2c1ccc(C(=O)N2CCC(F)(CN3CCC(c4cn(C5CC5)c5cc(N6CCC(=O)NC6=O)ccc45)CC3)CC2)cc1,0,0.6431655400949026
3,SMARCA4,Nc1nnc(-c2ccccc2O)cc1N1CC2CCC(C1)N2c1ccc(C(=O)N2CCC(F)(CN3CCC(c4cn(C5CC5)c5cc(N6CCC(=O)NC6=O)ccc45)CC3)CC2)cc1,0,0.5655902555789882
3,SMARCA2,Nc1nnc(-c2ccccc2O)cc1N1CC2CCC(C1)N2c1ccc(C(=O)N2CCC(F)(CN3CCC(c4cn(C5CCC5)c5c(F)c(N6CCC(=O)NC6=O)ccc45)CC3)CC2)c(Cl)c1,1,0.6312272243388973
3,SMARCA2,Nc1nnc(-c2ccccc2O)cc1N1CC2CCC(C1)N2c1ccc(C(=O)N2CCC(F)(CN3CCC(c4cn(C5CCC5)c5c(F)c(N6CCC(=O)NC6=O)ccc45)CC3)CC2)c(F)c1,1,0.6294912513107265
3,SMARCA4,Nc1nnc(-c2ccccc2O)cc1N1CC2CCC(C1)N2c1ccc(C(=O)N2CCC(F)(CN3CCC(c4cn(C5CCC5)c5c(F)c(N6CCC(=O)NC6=O)ccc45)CC3)CC2)c(F)c1,0,0.5571000447092019
3,SMARCA2,Nc1nnc(-c2ccccc2O)cc1N1CC2CCC(C1)N2c1ccc(C(=O)N2CCC(F)(CN3CCC(c4cn(C5CCC5)c5cc(N6CCC(=O)NC6=O)ccc45)CC3)CC2)c(C2CC2)c1,1,0.6436828515339232
3,SMARCA2,Nc1nnc(-c2ccccc2O)cc1N1CC2CCC(C1)N2c1ccc(C(=O)N2CCC(F)(CN3CCC(c4cn(C5CCC5)c5cc(N6CCC(=O)NC6=O)ccc45)CC3)CC2)cc1,0,0.6294912513107265
3,SMARCA4,Nc1nnc(-c2ccccc2O)cc1N1CC2CCC(C1)N2c1ccc(C(=O)N2CCC(F)(CN3CCC(c4cn(C5CCC5)c5cc(N6CCC(=O)NC6=O)ccc45)CC3)CC2)cc1,0,0.5571000447092019
3,SMARCA2,Nc1nnc(-c2ccccc2O)cc1N1CC2CCC(C1)N2c1ccc(C(=O)N2CCC(F)(CN3CCC(c4cn(C5CCC5)c5cc(N6CCC(=O)NC6=O)cnc45)CC3)CC2)c(Cl)c1,1,0.6312272243388973
3,SMARCA2,Nc1nnc(-c2ccccc2O)cc1N1CC2CCC(C1)N2c1ccc(C(=O)N2CCC(F)(CN3CCC(c4cn(C5CCC5)c5cc(N6CCC(=O)NC6=O)cnc45)CC3)CC2)c(F)c1,1,0.6294912513107265
3,SMARCA4,Nc1nnc(-c2ccccc2O)cc1N1CC2CCC(C1)N2c1ccc(C(=O)N2CCC(F)(CN3CCC(c4cn(C5CCC5)c5cc(N6CCC(=O)NC6=O)cnc45)CC3)CC2)c(F)c1,0,0.5571000447092019
3,SMARCA2,Nc1nnc(-c2ccccc2O)cc1N1CC2CCC(C1)N2c1ccc(C(=O)N2CCC(F)(CN3CCC(c4cn(C5CCC5)c5cc(N6CCC(=O)NC6=O)cnc45)CC3)CC2)cc1,1,0.6294912513107265
3,SMARCA4,Nc1nnc(-c2ccccc2O)cc1N1CC2CCC(C1)N2c1ccc(C(=O)N2CCC(F)(CN3CCC(c4cn(C5CCC5)c5cc(N6CCC(=O)NC6=O)cnc45)CC3)CC2)cc1,0,0.5571000447092019
3,SMARCA2,Nc1nnc(-c2ccccc2O)cc1N1CC2CCC(C1)N2c1ccc(C(=O)N2CCC(F)(CN3CCC(n4cc(-c5ccccc5)c5cc(N6CCC(=O)NC6=O)cnc54)CC3)CC2)cc1,1,0.6284304616108363
3,SMARCA4,Nc1nnc(-c2ccccc2O)cc1N1CC2CCC(C1)N2c1ccc(C(=O)N2CCC(F)(CN3CCC(n4cc(-c5ccccc5)c5cc(N6CCC(=O)NC6=O)cnc54)CC3)CC2)cc1,0,0.5550300702827894
3,SMARCA2,Nc1nnc(-c2ccccc2O)cc1N1CC2CCC(C1)N2c1ccc(C(=O)N2CCC(F)(CN3CCC(n4cc(-c5ccccn5)c5cc(N6CCC(=O)NC6=O)ccc54)CC3)CC2)cc1,0,0.6284304616108363
3,SMARCA4,Nc1nnc(-c2ccccc2O)cc1N1CC2CCC(C1)N2c1ccc(C(=O)N2CCC(F)(CN3CCC(n4cc(-c5ccccn5)c5cc(N6CCC(=O)NC6=O)ccc54)CC3)CC2)cc1,0,0.5550300702827894
3,SMARCA2,Nc1nnc(-c2ccccc2O)cc1N1CC2CCC(C1)N2c1ccc(C(=O)N2CCC(F)(CN3CCC(n4cc(C(F)(F)F)c5cc(N6CCC(=O)NC6=O)ccc54)CC3)CC2)cc1,0,0.6284304616108363
3,SMARCA4,Nc1nnc(-c2ccccc2O)cc1N1CC2CCC(C1)N2c1ccc(C(=O)N2CCC(F)(CN3CCC(n4cc(C(F)(F)F)c5cc(N6CCC(=O)NC6=O)ccc54)CC3)CC2)cc1,0,0.5550300702827894
3,SMARCA2,Nc1nnc(-c2ccccc2O)cc1N1CC2CCC(C1)N2c1ccc(C(=O)N2CCC(F)(CN3CCC(n4cc(C5CC5)c5cc(N6CCC(=O)N(COP(=O)(O)O)C6=O)cnc54)CC3)CC2)cc1,1,0.6478294162455849
3,SMARCA4,Nc1nnc(-c2ccccc2O)cc1N1CC2CCC(C1)N2c1ccc(C(=O)N2CCC(F)(CN3CCC(n4cc(C5CC5)c5cc(N6CCC(=O)N(COP(=O)(O)O)C6=O)cnc54)CC3)CC2)cc1,0,0.5657850439828342
3,SMARCA2,Nc1nnc(-c2ccccc2O)cc1N1CC2CCC(C1)N2c1ccc(C(=O)N2CCC(F)(CN3CCC(n4cc(C5CC5)c5cc(N6CCC(=O)NC6=O)cnc54)CC3)CC2)cc1,1,0.6431655400949026
3,SMARCA2,Nc1nnc(-c2ccccc2O)cc1N1CC2CCC(C1)N2c1ccc(C(=O)N2CCC(F)(CN3CCC(n4cc(C5CCC5)c5cc(N6CCC(=O)NC6=O)ccc54)CC3)CC2)cc1,0,0.6294912513107265
3,SMARCA4,Nc1nnc(-c2ccccc2O)cc1N1CC2CCC(C1)N2c1ccc(C(=O)N2CCC(F)(CN3CCC(n4cc(C5CCC5)c5cc(N6CCC(=O)NC6=O)ccc54)CC3)CC2)cc1,0,0.5571000447092019
3,SMARCA2,Nc1nnc(-c2ccccc2O)cc1N1CC2CCC(C1)N2c1ccc(C(=O)N2CCC(F)(CN3CCC(n4cc(C5CCC5)c5cc(N6CCC(=O)NC6=O)cnc54)CC3)CC2)cc1,1,0.6294912513107265
3,SMARCA4,Nc1nnc(-c2ccccc2O)cc1N1CC2CCC(C1)N2c1ccc(C(=O)N2CCC(F)(CN3CCC(n4cc(C5CCC5)c5cc(N6CCC(=O)NC6=O)cnc54)CC3)CC2)cc1,0,0.5571000447092019
3,SMARCA2,Nc1nnc(-c2ccccc2O)cc1N1CC2CCC(C1)N2c1ccc(C(=O)N2CCC(F)(CN3CCC(n4cc(Cl)c5cc(N6CCC(=O)NC6=O)ccc54)CC3)CC2)cc1,0,0.6302270406996131
3,SMARCA4,Nc1nnc(-c2ccccc2O)cc1N1CC2CCC(C1)N2c1ccc(C(=O)N2CCC(F)(CN3CCC(n4cc(Cl)c5cc(N6CCC(=O)NC6=O)ccc54)CC3)CC2)cc1,0,0.5557168103609772
3,SMARCA2,Nc1nnc(-c2ccccc2O)cc1N1CC2CCC(C1)N2c1ccc(C(=O)N2CCC(F)(CN3CCC(n4ccc5c(F)c(N6CCC(=O)NC6=O)ccc54)CC3)CC2)cc1F,0,0.6284304616108363
3,SMARCA2,Nc1nnc(-c2ccccc2O)cc1N1CC2CCC(C1)N2c1ccc(C(=O)N2CCC(F)(CN3CCC(n4ccc5c(F)c(N6CCC(=O)NC6=O)cnc54)CC3)CC2)cc1,1,0.6284304616108363
3,SMARCA4,Nc1nnc(-c2ccccc2O)cc1N1CC2CCC(C1)N2c1ccc(C(=O)N2CCC(F)(CN3CCC(n4ccc5c(F)c(N6CCC(=O)NC6=O)cnc54)CC3)CC2)cc1,0,0.5550300702827894
3,SMARCA2,Nc1nnc(-c2ccccc2O)cc1N1CC2CCC(C1)N2c1ccc(C(=O)N2CCC(F)(CN3CCC(n4ccc5c(N6CCC(=O)NC6=O)c(F)ccc54)CC3)CC2)cc1,1,0.6284304616108363
3,SMARCA2,Nc1nnc(-c2ccccc2O)cc1N1CC2CCC(C1)N2c1ccc(C(=O)N2CCC(F)(CN3CCC(n4ccc5c(N6CCC(=O)NC6=O)cccc54)CC3)CC2)cc1,1,0.6284304616108363
3,SMARCA2,Nc1nnc(-c2ccccc2O)cc1N1CC2CCC(C1)N2c1ccc(C(=O)N2CCC(F)(CN3CCC(n4ccc5c(N6CCC(=O)NC6=O)ccnc54)CC3)CC2)cc1,0,0.6284304616108363
3,SMARCA2,Nc1nnc(-c2ccccc2O)cc1N1CC2CCC(C1)N2c1ccc(C(=O)N2CCC(F)(CN3CCC(n4ccc5c(N6CCC(=O)NC6=O)cncc54)CC3)CC2)cc1,1,0.6284304616108363
3,SMARCA2,Nc1nnc(-c2ccccc2O)cc1N1CC2CCC(C1)N2c1ccc(C(=O)N2CCC(F)(CN3CCC(n4ccc5cc(N6CCC(=O)NC6=O)c(F)cc54)CC3)CC2)cc1,0,0.6284304616108363
3,SMARCA2,Nc1nnc(-c2ccccc2O)cc1N1CC2CCC(C1)N2c1ccc(C(=O)N2CCC(F)(CN3CCC(n4ccc5cc(N6CCC(=O)NC6=O)cc(F)c54)CC3)CC2)cc1,0,0.6284304616108363
3,SMARCA2,Nc1nnc(-c2ccccc2O)cc1N1CC2CCC(C1)N2c1ccc(C(=O)N2CCC(F)(CN3CCC(n4ccc5cc(N6CCC(=O)NC6=O)ccc54)CC3)CC2)cc1,0,0.6284304616108363
3,SMARCA2,Nc1nnc(-c2ccccc2O)cc1N1CC2CCC(C1)N2c1ccc(C(=O)N2CCC(F)(CN3CCN(C4=C(C5CC5)c5cc(N6CCC(=O)NC6=O)cnc54)CC3)CC2)c(C2CC2)c1,1,0.6448566610577329
3,SMARCA2,Nc1nnc(-c2ccccc2O)cc1N1CC2CCC(C1)N2c1ccc(C(=O)N2CCC(F)(CN3CCN(C4=C(C5CC5)c5cc(N6CCC(=O)NC6=O)cnc54)CC3)CC2)c(Cl)c1,1,0.6473951790617702
3,SMARCA2,Nc1nnc(-c2ccccc2O)cc1N1CC2CCC(C1)N2c1ccc(C(=O)N2CCC(F)(CN3CCN(C4=C(C5CC5)c5cc(N6CCC(=O)NC6=O)cnc54)CC3)CC2)c(F)c1,1,0.6448566610577329
3,SMARCA2,Nc1nnc(-c2ccccc2O)cc1N1CC2CCC(C1)N2c1ccc(C(=O)N2CCC(F)(CN3CCN(C4=Cc5c4ccc(N4CCC(=O)NC4=O)c5F)CC3)CC2)cc1,1,0.6298079179773933
3,SMARCA2,Nc1nnc(-c2ccccc2O)cc1N1CC2CCC(C1)N2c1ccc(C(=O)N2CCC(F)(CN3CCN(C4C=C(C5CC5)c5cc(N6CCC(=O)NC6=O)c(F)cc54)CC3)CC2)cc1,1,0.6463393496187122
3,SMARCA4,Nc1nnc(-c2ccccc2O)cc1N1CC2CCC(C1)N2c1ccc(C(=O)N2CCC(F)(CN3CCN(C4C=C(C5CC5)c5cc(N6CCC(=O)NC6=O)c(F)cc54)CC3)CC2)cc1,0,0.5707640651027979
3,SMARCA2,Nc1nnc(-c2ccccc2O)cc1N1CC2CCC(C1)N2c1ccc(C(=O)N2CCC(F)(CN3CCN(C4C=C(C5CC5)c5cc(N6CCC(=O)NC6=O)ccc54)CC3)CC2)cc1F,0,0.6463393496187122
3,SMARCA4,Nc1nnc(-c2ccccc2O)cc1N1CC2CCC(C1)N2c1ccc(C(=O)N2CCC(F)(CN3CCN(C4C=C(C5CC5)c5cc(N6CCC(=O)NC6=O)ccc54)CC3)CC2)cc1F,0,0.5707640651027979
3,SMARCA2,Nc1nnc(-c2ccccc2O)cc1N1CC2CCC(C1)N2c1ccc(C(=O)N2CCC(F)(CN3CCN(c4cc(F)c5c(c4)C(F)N5C4CCC(=O)NC4=O)CC3)CC2)cc1,1,0.6315823792586452
3,SMARCA4,Nc1nnc(-c2ccccc2O)cc1N1CC2CCC(C1)N2c1ccc(C(=O)N2CCC(F)(CN3CCN(c4cc(F)c5c(c4)C(F)N5C4CCC(=O)NC4=O)CC3)CC2)cc1,0,0.5531744154224095
3,SMARCA2,Nc1nnc(-c2ccccc2O)cc1N1CC2CCC(C1)N2c1ccc(C(=O)N2CCC(F)(CN3CCN(c4cc5c(C6CC6)cn(C6CCC(=O)NC6=O)c5cn4)CC3)CC2)cc1,1,0.6386537196929573
3,SMARCA2,Nc1nnc(-c2ccccc2O)cc1N1CC2CCC(C1)N2c1ccc(C(=O)N2CCC(N3CCC(n4ccc5c(N6CCC(=O)NC6=O)cccc54)CC3)CC2)cc1,1,0.5529395239658942
3,SMARCA2,Nc1nnc(-c2ccccc2O)cc1N1CC2CCC(C1)N2c1ccc(C(=O)N2CCC(N3CCC(n4ccc5cc(N6CCC(=O)NC6=O)ccc54)CC3)CC2)cc1,0,0.5529395239658942
3,SMARCA2,Nc1nnc(-c2ccccc2O)cc1N1CC2CCC(C1)N2c1ccc(C(=O)N2CCN(CN3CCC(c4cn(C5CC5)c5cc(N6CCC(=O)NC6=O)ccc45)CC3)CC2)c(Cl)c1,0,0.6506119817220599
3,SMARCA2,Nc1nnc(-c2ccccc2O)cc1N1CC2CCC(C1)N2c1ccc(C(=O)N2C[C@@H]3[C@@H](CN4CCC(n5ccc6c(N7CCC(=O)NC7=O)cccc65)CC4)[C@@H]3C2)cc1,0,0.5683558623250645
3,SMARCA2,Nc1nnc(-c2ccccc2O)cc1N1CC2CCC(C1)N2c1ccc(N2CCC(CN3CCC(n4ccc5c(N6CCC(=O)NC6=O)cccc54)CC3)CC2)cc1,0,0.5438725908311841
3,SMARCA2,Nc1nnc(-c2ccccc2O)cc1N1CC2CCC(C1)N2c1ccc(N2CCC(CN3CCC4(CC3)OCC(n3cc(C5CC5)c5cc(N6CCC(=O)NC6=O)cnc53)CO4)CC2)c(F)c1,0,0.6696272783534016
3,SMARCA2,Nc1nnc(-c2ccccc2O)cc1N1CC2CCC(C1)N2c1ccc(N2CCC(CN3CCC4(CC3)OCC(n3ccc5c(N6CCC(=O)NC6=O)cccc53)CO4)CC2)c(F)c1,1,0.6575757138391627
3,SMARCA2,Nc1nnc(-c2ccccc2O)cc1N1CC2CCC(C1)N2c1ccc(N2CCC(CN3CCC4(CCC(n5cc(C6CC6)c6cc(N7CCC(=O)NC7=O)cnc65)CC4)CC3)CC2)c(F)c1,1,0.6149893315479407
3,SMARCA2,Nc1nnc(-c2ccccc2O)cc1N1CC2CCC(C1)N2c1ccc(N2CCC(CN3CCC4(CCC(n5cc(C6CC6)c6cc(N7CCC(=O)NC7=O)cnc65)CC4)CC3)CC2)cc1,1,0.5597910615608854
3,SMARCA2,Nc1nnc(-c2ccccc2O)cc1N1CC2CCC(C1)N2c1ccc(N2CCC(CN3CCC4(CCC(n5cc(C6CC6)c6cc(N7CCC(=O)NC7=O)cnc65)CC4)CC3)CC2)cc1F,0,0.6149893315479407
3,SMARCA2,Nc1nnc(-c2ccccc2O)cc1N1CC2CCC(C1)N2c1ccc(N2CCN(CN3CCC4(CC3)CC(n3cc(C5CC5)c5cc(N6CCC(=O)NC6=O)cnc53)C4)CC2)cc1,0,0.5592199891615222
3,SMARCA2,Nc1nnc(-c2ccccc2O)cc1N1CC2CCC(C1)N2c1ccc(S(=O)(=O)N2CCC(CN3CCC(n4ccc5c(N6CCC(=O)NC6=O)cccc54)CC3)CC2)cc1,0,0.5317704000132389
3,SMARCA2,Nc1nnc(-c2ccccc2O)cc1N1CCC2CCC(C1)N2c1ccc(C(=O)N2CCC(F)(CN3CCC(c4cn(C5CCC5)c5c(F)c(N6CCC(=O)NC6=O)ccc45)CC3)CC2)cc1,1,0.6294912513107265
3,SMARCA4,Nc1nnc(-c2ccccc2O)cc1N1CCC2CCC(C1)N2c1ccc(C(=O)N2CCC(F)(CN3CCC(c4cn(C5CCC5)c5c(F)c(N6CCC(=O)NC6=O)ccc45)CC3)CC2)cc1,0,0.5571000447092019
3,SMARCA2,Nc1nnc(-c2ccccc2O)cc1N1CCC2CCC(C1)N2c1ccc(C(=O)N2CCC(F)(CN3CCN(C4C=C(C5CC5)c5c4ccc(N4CCC(=O)NC4=O)c5F)CC3)CC2)cc1,1,0.6463393496187122
3,SMARCA2,Nc1nnc(-c2ccccc2O)cc1N1CCN(c2ccc(C(=O)N3CCC(F)(CN4CCC(n5cc(C6CC6)c6cc(N7CCC(=O)NC7=O)ccc65)CC4)CC3)cc2)CC1,1,0.6456557361733338
3,SMARCA4,Nc1nnc(-c2ccccc2O)cc1N1CCN(c2ccc(C(=O)N3CCC(F)(CN4CCC(n5cc(C6CC6)c6cc(N7CCC(=O)NC7=O)ccc65)CC4)CC3)cc2)CC1,0,0.5675947373717053
3,SMARCA2,Nc1nnc(-c2ccccc2O)cc1[C@@H]1C[C@H]2CC[C@@H](C1)N2c1ccc(C(=O)N2CCC(F)(CN3CCC(n4ccc5cc(N6CCC(=O)NC6=O)ccc54)CC3)CC2)cc1,0,0.6284304616108363
3,SMARCA4,Nc1nnc(-c2ccccc2O)cc1[C@@H]1C[C@H]2CC[C@@H](C1)N2c1ccc(C(=O)N2CCC(F)(CN3CCC(n4ccc5cc(N6CCC(=O)NC6=O)ccc54)CC3)CC2)cc1,0,0.5550300702827894
3,CDK2,O=C(CCc1cccc(-c2ccc(F)cc2)c1)NCc1ccc2c(c1)C(=O)N(C1CCC(=O)NC1=O)C2,0,0.3915933054461104
3,ZBTB11,O=C1CCC(N2C(=O)C=C(Nc3cccc(C4(NCCc5ccc(Cl)c(C(F)(F)F)c5)CCC4)c3)C2=O)C(=O)N1,0,0.4244013808618502
3,CDK2,O=C1CCC(N2C(=O)c3cc(Br)cc4cccc2c34)C(=O)N1,0,0.400827698706847
3,CDK2,O=C1CCC(N2C(=O)c3cc(CNC(=O)OCC4CC5(CCCCC5)C4)cc4cccc2c34)C(=O)N1,0,0.470426252984496
3,CDK2,O=C1CCC(N2C(=O)c3cc(CNc4nnc(-c5ccc(OC(F)(F)F)cc5)o4)cc4cccc2c34)C(=O)N1,1,0.3845423701303437
3,CDK2,O=C1CCC(N2C(=O)c3cc(CNc4nnc(C5CC6(CCC6)C5)o4)cc4cccc2c34)C(=O)N1,0,0.3750380351896691
3,CDK2,O=C1CCC(N2C(=O)c3ccc(CNC(=O)OCC4CC5(CCC5)C4)c4cccc2c34)C(=O)N1,0,0.470426252984496
3,CDK2,O=C1CCC(N2Cc3c(Cl)cc(C4(Nc5nnc(-c6cc(C(F)F)on6)o5)CC4)cc3C2=O)C(=O)N1,0,0.36403002301654674
3,CDK2,O=C1CCC(N2Cc3c(Cl)cc(C4(Nc5nnc(-c6cc(CF)on6)o5)CC4)cc3C2=O)C(=O)N1,0,0.33992223913376296
3,CDK2,O=C1CCC(N2Cc3c(Cl)cc(CNC(=O)OC4CC(F)(c5cccnc5OC(F)(F)F)C4)c(F)c3C2=O)C(=O)N1,1,0.4035775600492569
3,CDK2,O=C1CCC(N2Cc3c(Cl)cc(CNC(=O)OCc4cc5n(n4)CCCC5)c(F)c3C2=O)C(=O)N1,0,0.3933582439133975
3,CDK2,O=C1CCC(N2Cc3c(Cl)cc(CNC(=O)O[C@H]4C[C@@H](n5c(C(F)(F)F)nc6ccccc65)C4)c(F)c3C2=O)C(=O)N1,0,0.39672949117689943
3,CDK2,O=C1CCC(N2Cc3c(Cl)cc(CNC(=O)O[C@H]4C[C@@H](n5c(C(F)(F)F)nc6ccncc65)C4)c(F)c3C2=O)C(=O)N1,0,0.39799004913745734
3,CDK2,O=C1CCC(N2Cc3c(Cl)cc(CNC(=O)O[C@H]4C[C@@H](n5c(C(F)(F)F)nc6cnccc65)C4)c(F)c3C2=O)C(=O)N1,0,0.39799004913745734
3,CDK2,O=C1CCC(N2Cc3c(Cl)cc(CNC(=O)O[C@H]4C[C@@H](n5c(C(F)(F)F)nc6ncccc65)C4)c(F)c3C2=O)C(=O)N1,0,0.39799004913745734
3,CDK2,O=C1CCC(N2Cc3c(Cl)cc(CNC(=O)O[C@H]4C[C@@H](n5c(C(F)(F)F)nc6nccnc65)C4)c(F)c3C2=O)C(=O)N1,0,0.39799004913745734
3,CDK2,O=C1CCC(N2Cc3c(Cl)cc(CNC(=O)O[C@H]4C[C@@](O)(c5cccnc5OC(F)(F)F)C4)c(F)c3C2=O)C(=O)N1,0,0.40845128039066303
3,CDK2,O=C1CCC(N2Cc3c(Cl)cc(CNC(=O)O[C@H]4C[C@H](n5c(C(F)(F)F)nc6ccccc65)C4)c(F)c3C2=O)C(=O)N1,0,0.39672949117689943
3,CDK2,O=C1CCC(N2Cc3c(Cl)cc(CNC(=O)O[C@H]4C[C@](O)(c5cccnc5OC(F)(F)F)C4)c(F)c3C2=O)C(=O)N1,0,0.40845128039066303
3,CDK2,O=C1CCC(N2Cc3c(F)cc(CNC(=O)OCc4cc5n(n4)CCCC5)c(F)c3C2=O)C(=O)N1,0,0.39373791501912797
3,CDK2,O=C1CCC(N2Cc3ccc(CNC(=O)OC4CC(OCc5ccccc5)C4)cc3C2=O)C(=O)N1,0,0.43587223388296653
3,CDK2,O=C1CCC(N2Cc3ccc(CNC(=O)OC4CC(c5c(F)cccc5F)C4)cc3C2=O)C(=O)N1,0,0.3995527214135666
3,CDK2,O=C1CCC(N2Cc3ccc(CNC(=O)OC4CC(c5cc(F)cc(F)c5)C4)cc3C2=O)C(=O)N1,0,0.3995527214135666
3,CDK2,O=C1CCC(N2Cc3ccc(CNC(=O)OC4CC(c5ccc(C(F)(F)F)cc5)C4)cc3C2=O)C(=O)N1,0,0.4154506105374843
3,CDK2,O=C1CCC(N2Cc3ccc(CNC(=O)OC4CC(c5ccc(Cl)cc5)C4)cc3C2=O)C(=O)N1,0,0.41044932695648373
3,CDK2,O=C1CCC(N2Cc3ccc(CNC(=O)OC4CC(c5ccc(F)c(F)c5)C4)cc3C2=O)C(=O)N1,0,0.3995527214135666
3,CDK2,O=C1CCC(N2Cc3ccc(CNC(=O)OC4CC(c5ccc(F)cc5)C4)cc3C2=O)C(=O)N1,0,0.3995527214135666
3,CDK2,O=C1CCC(N2Cc3ccc(CNC(=O)OC4CC(c5cccc(Cl)c5)C4)cc3C2=O)C(=O)N1,0,0.41044932695648373
3,CDK2,O=C1CCC(N2Cc3ccc(CNC(=O)OC4CC(c5cccc6c5NCC6)C4)cc3C2=O)C(=O)N1,0,0.4291957025992394
3,CDK2,O=C1CCC(N2Cc3ccc(CNC(=O)OC4CC(c5cccc6ncsc56)C4)cc3C2=O)C(=O)N1,0,0.414607860109629
3,CDK2,O=C1CCC(N2Cc3ccc(CNC(=O)OC4CC(c5cccc6scnc56)C4)c(F)c3C2=O)C(=O)N1,0,0.38853710732562435
3,CDK2,O=C1CCC(N2Cc3ccc(CNC(=O)OC4CC(c5ccccc5C(F)(F)F)C4)cc3C2=O)C(=O)N1,0,0.4154506105374843
3,CDK2,O=C1CCC(N2Cc3ccc(CNC(=O)OC4CC(c5ccccc5Cl)C4)cc3C2=O)C(=O)N1,0,0.41044932695648373
3,CDK2,O=C1CCC(N2Cc3ccc(CNC(=O)OC4CC(c5ccccc5F)C4)cc3C2=O)C(=O)N1,0,0.3995527214135666
3,CDK2,O=C1CCC(N2Cc3ccc(CNC(=O)OC4CC(c5ccccc5OC(F)(F)F)C4)cc3C2=O)C(=O)N1,0,0.41908238383582774
3,CDK2,O=C1CCC(N2Cc3ccc(CNC(=O)OC4CCCC(N5C(=O)c6ccccc6C5=O)C4)cc3C2=O)C(=O)N1,0,0.42730379865804136
3,CDK2,O=C1CCC(N2Cc3ccc(CNC(=O)OC4CCOC4)cc3C2=O)C(=O)N1,0,0.43262453026697195
3,CDK2,O=C1CCC(N2Cc3ccc(CNC(=O)OC4CN(Cc5ccccc5)C4)cc3C2=O)C(=O)N1,0,0.42597151756541857
3,CDK2,O=C1CCC(N2Cc3ccc(CNC(=O)OCC4(F)CCC4)cc3C2=O)C(=O)N1,0,0.4134169688412651
3,CDK2,O=C1CCC(N2Cc3ccc(CNC(=O)OCC4=[SH]C=C(C5CCCCC5)N4)cc3C2=O)C(=O)N1,0,0.43880107591323436
3,CDK2,O=C1CCC(N2Cc3ccc(CNC(=O)OCC4OCCc5ccccc54)cc3C2=O)C(=O)N1,0,0.4482714360508881
3,CDK2,O=C1CCC(N2Cc3ccc(CNC(=O)OCCOC4CC4)cc3C2=O)C(=O)N1,0,0.46370241063904344
3,CDK2,O=C1CCC(N2Cc3ccc(CNC(=O)OC[C@H]4CCCO4)cc3C2=O)C(=O)N1,0,0.43825044664602775
3,CDK2,O=C1CCC(N2Cc3ccc(CNC(=O)OCc4cc5ccccc5cn4)cc3C2=O)C(=O)N1,0,0.4408460153118095
3,CDK2,O=C1CCC(N2Cc3ccc(CNC(=O)OCc4cc5ccccn5n4)cc3C2=O)C(=O)N1,0,0.4119214129736448
3,CDK2,O=C1CCC(N2Cc3ccc(CNC(=O)OCc4cc5n(n4)CC(F)(F)CC5)c(F)c3C2=O)C(=O)N1,0,0.3961454308455954
3,CDK2,O=C1CCC(N2Cc3ccc(CNC(=O)OCc4cc5n(n4)CCC(F)(F)C5)c(F)c3C2=O)C(=O)N1,0,0.3961454308455954
3,CDK2,O=C1CCC(N2Cc3ccc(CNC(=O)OCc4cc5n(n4)CCCC5)c(F)c3C2=O)C(=O)N1,0,0.39373791501912797
3,CDK2,O=C1CCC(N2Cc3ccc(CNC(=O)OCc4cc5n(n4)CCCC5)cc3C2=O)C(=O)N1,0,0.4119214129736448
3,CDK2,O=C1CCC(N2Cc3ccc(CNC(=O)OCc4cc5n(n4)CCCC5C(F)(F)F)c(F)c3C2=O)C(=O)N1,0,0.3961454308455954
3,CDK2,O=C1CCC(N2Cc3ccc(CNC(=O)OCc4cc5n(n4)CCCC5C(F)F)c(F)c3C2=O)C(=O)N1,0,0.39373791501912797
3,CDK2,O=C1CCC(N2Cc3ccc(CNC(=O)OCc4ccc(CN5CCCCC5)cc4)cc3C2=O)C(=O)N1,0,0.4525976755025805
3,CDK2,O=C1CCC(N2Cc3ccc(CNC(=O)OCc4ccc(CN5CCOCC5)cc4)cc3C2=O)C(=O)N1,0,0.4448241301132468
3,CDK2,O=C1CCC(N2Cc3ccc(CNC(=O)OCc4ccc(Cl)cc4)cc3C2=O)C(=O)N1,0,0.4366581305613698
3,CDK2,O=C1CCC(N2Cc3ccc(CNC(=O)OCc4ccc5scnc5c4)cc3C2=O)C(=O)N1,0,0.4455684102811454
3,CDK2,O=C1CCC(N2Cc3ccc(CNC(=O)OCc4cccc([N+](=O)[O-])c4)cc3C2=O)C(=O)N1,0,0.4275053061902048
3,CDK2,O=C1CCC(N2Cc3ccc(CNC(=O)OCc4cccc5ccncc45)cc3C2=O)C(=O)N1,0,0.4408460153118095
3,CDK2,O=C1CCC(N2Cc3ccc(CNC(=O)OCc4cnc5c(c4)CCCC5)cc3C2=O)C(=O)N1,0,0.44197141175895643
3,CDK2,O=C1CCC(N2Cc3ccc(CNC(=O)OCc4nc5c(Cl)cccc5s4)cc3C2=O)C(=O)N1,0,0.4095453943654688
3,CDK2,O=C1CCC(N2Cc3ccc(CNC(=O)OCc4nc5c(s4)C(C(F)(F)F)CCC5)c(F)c3C2=O)C(=O)N1,0,0.4106857374023942
3,CDK2,O=C1CCC(N2Cc3ccc(CNC(=O)OCc4nc5c(s4)CC(F)(F)CC5)c(F)c3C2=O)C(=O)N1,0,0.4106857374023942
3,CDK2,O=C1CCC(N2Cc3ccc(CNC(=O)OCc4nc5c(s4)CC(F)(F)CC5)cc3C2=O)C(=O)N1,0,0.4106857374023942
3,CDK2,O=C1CCC(N2Cc3ccc(CNC(=O)OCc4nc5c(s4)CC(c4ccccc4)CC5)cc3C2=O)C(=O)N1,0,0.4455684102811454
3,CDK2,O=C1CCC(N2Cc3ccc(CNC(=O)OCc4nc5c(s4)CC4(CC5)CC4)cc3C2=O)C(=O)N1,0,0.4607896498136154
3,CDK2,O=C1CCC(N2Cc3ccc(CNC(=O)OCc4nc5c(s4)CCCC5)cc3C2=O)C(=O)N1,0,0.4455684102811454
3,CDK2,O=C1CCC(N2Cc3ccc(CNC(=O)OCc4nc5c(s4)COCC5)cc3C2=O)C(=O)N1,0,0.44041868878827034
3,CDK2,O=C1CCC(N2Cc3ccc(CNC(=O)OCc4nc5ccc(Cl)cc5s4)cc3C2=O)C(=O)N1,0,0.4095453943654688
3,CDK2,O=C1CCC(N2Cc3ccc(CNC(=O)OCc4nc5ccc(F)cc5s4)cc3C2=O)C(=O)N1,0,0.4045179084413489
3,CDK2,O=C1CCC(N2Cc3ccc(CNC(=O)OCc4nc5cccc(Cl)c5s4)cc3C2=O)C(=O)N1,0,0.4095453943654688
3,CDK2,O=C1CCC(N2Cc3ccc(CNC(=O)OCc4nc5cccc(F)c5s4)cc3C2=O)C(=O)N1,0,0.4045179084413489
3,CDK2,O=C1CCC(N2Cc3ccc(CNC(=O)OCc4nc5ccccc5s4)cc3C2=O)C(=O)N1,0,0.4455684102811454
3,CDK2,O=C1CCC(N2Cc3ccc(CNC(=O)OCc4noc5c4CCCC5)cc3C2=O)C(=O)N1,0,0.37971449291577114
3,CDK2,O=C1CCC(N2Cc3ccc(CNC(=O)OCc4onc5c4CCCC5)cc3C2=O)C(=O)N1,0,0.3802589373602156
3,CDK2,O=C1CCC(N2Cc3ccc(CNC(=O)O[C@@H]4CO[C@@H]4c4ccccc4)cc3C2=O)C(=O)N1,0,0.4470692395939866
3,CDK2,O=C1CCC(N2Cc3ccc(CNC(=O)O[C@@H]4C[C@H]5CC[C@@H]4O5)cc3C2=O)C(=O)N1,0,0.41577664809781506
3,CDK2,O=C1CCC(N2Cc3ccc(CNC(=O)O[C@H]4CCC[C@@H](c5ccccc5C(F)(F)F)C4)cc3C2=O)C(=O)N1,0,0.4251234035128305
3,CDK2,O=C1CCC(N2Cc3ccc(CNC(=O)O[C@H]4C[C@@H](c5c(Cl)ccc6scnc65)C4)c(F)c3C2=O)C(=O)N1,1,0.3910635455715617
3,CDK2,O=C1CCC(N2Cc3ccc(CNC(=O)O[C@H]4C[C@@H](c5c(F)ccc6scnc65)C4)c(F)c3C2=O)C(=O)N1,0,0.38853710732562435
3,CDK2,O=C1CCC(N2Cc3ccc(CNC(=O)O[C@H]4C[C@@H](c5c(F)ccc6scnc65)C4)cc3C2=O)C(=O)N1,0,0.38853710732562435
3,CDK2,O=C1CCC(N2Cc3ccc(CNC(=O)O[C@H]4C[C@@H](c5c(OC(F)(F)F)ccc6scnc65)C4)c(F)c3C2=O)C(=O)N1,0,0.4014010035154835
3,CDK2,O=C1CCC(N2Cc3ccc(CNC(=O)O[C@H]4C[C@@H](c5cc(F)cc6scnc65)C4)c(F)c3C2=O)C(=O)N1,0,0.38853710732562435
3,CDK2,O=C1CCC(N2Cc3ccc(CNC(=O)O[C@H]4C[C@@H](c5ccc(F)c6scnc65)C4)c(F)c3C2=O)C(=O)N1,0,0.38853710732562435
3,CDK2,O=C1CCC(N2Cc3ccc(CNC(=O)O[C@H]4C[C@@H](c5cccc6scnc65)C4)c(F)c3C2=O)C(=O)N1,0,0.38853710732562435
3,CDK2,O=C1CCC(N2Cc3ccc(CNC(=O)O[C@H]4C[C@@H](c5cccc6scnc65)C4)cc3C2=O)C(=O)N1,0,0.414607860109629
3,CDK2,O=C1CCC(N2Cc3ccc(CNC(=O)O[C@H]4C[C@@H](c5ccccc5C(F)(F)F)C4)c(F)c3C2=O)C(=O)N1,0,0.40006732027138187
3,CDK2,O=C1CCC(N2Cc3ccc(CNC(=O)O[C@H]4C[C@@H](c5ccccc5OC(F)(F)F)C4)c(F)c3C2=O)C(=O)N1,0,0.4066428044884362
3,CDK2,O=C1CCC(N2Cc3ccc(CNC(=O)O[C@H]4C[C@@H](c5cccnc5OC(F)(F)F)C4)c(F)c3C2=O)C(=O)N1,0,0.39335191138709746
3,CDK2,O=C1CCC(N2Cc3ccc(CNC(=O)O[C@H]4C[C@@H](n5c(C(F)(F)F)nc6ccccc65)C4)c(F)c3C2=O)C(=O)N1,0,0.39292327063596233
3,CDK2,O=C1CCC(N2Cc3ccc(CNC(=O)O[C@H]4C[C@H](c5c(Cl)ccc6scnc65)C4)c(F)c3C2=O)C(=O)N1,0,0.3910635455715617
3,CDK2,O=C1CCC(N2Cc3ccc(CNC(=O)O[C@H]4C[C@H](c5c(F)ccc6scnc65)C4)c(F)c3C2=O)C(=O)N1,0,0.38853710732562435
3,CDK2,O=C1CCC(N2Cc3ccc(CNC(=O)O[C@H]4C[C@H](c5cccc6scnc65)C4)cc3C2=O)C(=O)N1,0,0.414607860109629
3,CDK2,O=C1CCC(N2Cc3ccc(CNC(=O)O[C@H]4C[C@H](c5ccccc5C(F)(F)F)C4)c(F)c3C2=O)C(=O)N1,0,0.40006732027138187
3,CDK2,O=C1CCC(N2Cc3ccc(CNC(=O)O[C@H]4C[C@H](c5ccccc5F)C4)cc3C2=O)C(=O)N1,0,0.3995527214135666
3,CDK2,O=C1CCC(N2Cc3ccc(CNC(=O)O[C@H]4C[C@H](c5ccccc5OC(F)(F)F)C4)c(F)c3C2=O)C(=O)N1,0,0.4066428044884362
3,CDK2,O=C1CCC(N2Cc3ccc(CNC(=O)O[C@H]4C[C@H](c5cccnc5OC(F)(F)F)C4)c(F)c3C2=O)C(=O)N1,0,0.39335191138709746
3,CDK2,O=C1CCC(N2Cc3ccc(CNC(=O)O[C@H]4C[C@H](n5c(C(F)(F)F)nc6ccccc65)C4)c(F)c3C2=O)C(=O)N1,0,0.39292327063596233
4,CSNK1A1,C=C1CC[C@H](N2Cc3c4c(cc(F)c3C2=O)C2(CCN(CC3CCN(c5ccc(C(=O)N[C@H]6CC[C@H](Oc7ccccc7Cl)CC6)cc5F)CC3)CC2)CO4)C(=O)N1,1,0.33764600735110634
4,NEK7,CC(C)(C(=O)NCc1cc(F)c(C2CCC(=O)NC2=O)c(Cl)c1)c1ccc(C(F)F)nn1,0,0.2711277756387925
4,NEK7,CC(C)(C(=O)NCc1cc(F)c(C2CCC(=O)NC2=O)c(Cl)c1)c1nocc1C(F)(F)F,0,0.27000994960388014
4,WEE1,CC(C)(C)CC(C)(C)Nc1c(-c2ccc3c(c2)C(=O)N(C2CCC(=O)NC2=O)C3=O)nc2c3ccccc3ccn12,1,0.4393799435951128
4,WEE1,CC(C)(C)CC(C)(C)Nc1c(-c2ccc3c(c2)C(=O)N(C2CCC(=O)NC2=O)C3=O)nc2cc(F)ccn12,1,0.44719058315855503
4,WEE1,CC(C)(C)CC(C)(C)Nc1c(-c2ccc3c(c2)C(=O)N(C2CCC(=O)NC2=O)C3=O)nc2ccc(F)cn12,0,0.44719058315855503
4,WEE1,CC(C)(C)CC(C)(C)Nc1c(-c2ccc3c(c2)C(=O)N(C2CCC(=O)NC2=O)C3=O)nc2ccc3c(n12)CCC3,1,0.4315290345042037
4,WEE1,CC(C)(C)CC(C)(C)Nc1c(-c2ccc3c(c2)C(=O)N(C2CCC(=O)NC2=O)C3=O)nc2ccc3c(n12)OCC3,1,0.41213316875735034
4,WEE1,CC(C)(C)CC(C)(C)Nc1c(-c2ccc3c(c2)C(=O)N(C2CCC(=O)NC2=O)C3=O)nc2ccc3ccccc3n12,0,0.4393799435951128
4,WEE1,CC(C)(C)CC(C)(C)Nc1c(-c2ccc3c(c2)C(=O)N(C2CCC(=O)NC2=O)C3=O)nc2cccc(-c3ccccc3)n12,1,0.4393799435951128
4,WEE1,CC(C)(C)CC(C)(C)Nc1c(-c2ccc3c(c2)C(=O)N(C2CCC(=O)NC2=O)C3=O)nc2sccn12,1,0.4354002765932908
4,WEE1,CC(C)(C)CC(C)(C)Nc1c(-c2ccc3c(c2)CN(C2CCC(=O)NC2=O)C3=O)nc2ccccn12,1,0.4209278868929658
4,WEE1,CC(C)(C)Nc1c(-c2ccc3c(c2)C(=O)N(C2CCC(=O)NC2=O)C3=O)nc2ccccn12,1,0.3934941619555811
4,WEE1,CC(C)(C)Nc1c(-c2ccc3c(c2)C(=O)N(C2CCC(=O)NC2=O)C3=O)nc2occn12,1,0.3872874542583623
4,WEE1,CC(C)(C)Nc1c(-c2ccc3c(c2)CN(C2CCC(=O)NC2=O)C3=O)nc2ccc3ccccc3n12,1,0.368089580000909
4,WEE1,CC(C)(C)Nc1c(-c2ccc3c(c2)CN(C2CCC(=O)NC2=O)C3=O)nc2ccccn12,1,0.368089580000909
4,WEE1,CC(C)(C)Nc1c(-c2ccc3c(c2)CN(C2CCC(=O)NC2=O)C3=O)nc2cccnn12,1,0.3388876349584326
4,WEE1,CC(C)(C)Nc1c(-c2ccc3c(c2)CN(C2CCC(=O)NC2=O)C3=O)nc2cnccn12,1,0.368089580000909
4,WEE1,CC(C)(C)Nc1c(-c2ccc3c(c2)CN(C2CCC(=O)NC2=O)C3=O)nc2ncccn12,1,0.3732166432445424
4,WEE1,CC(C)(C)OC(=O)CNc1c(-c2ccc3c(c2)CN(C2CCC(=O)NC2=O)C3=O)nc2ccccn12,1,0.4175850492437625
4,ARNT,CC(C)CN1CCC(O)(c2ccc3c(n2)CN(C2CCC(=O)NC2=O)C3=O)C(C)(C)C1,0,0.2394591589530127
4,WEE1,CC(C)Nc1c(-c2ccc3c(c2)CN(C2CCC(=O)NC2=O)C3=O)nc2ccccn12,1,0.37765391198011544
4,CSNK1A1,CC(C)OC1CCC(NC(=O)c2ccc(N3CCC(F)(CN4CCC5(CC4)CCC4(CC5)COc5c4ccc4c5CN([C@H]5CCC(=O)NC5=O)C4=O)CC3)c(F)c2)CC1,0,0.3241670564112258
4,CSNK1A1,CC(C)O[C@H]1CC[C@H](N2CCc3cc(N4CCC(F)(CN5CCC6(CC5)COc5c6cc(Cl)c6c5CN([C@H]5CCC(=O)NC5=O)C6=O)CC4)c(F)cc3C2=O)CC1,0,0.31560833879147354
4,CSNK1A1,CC(C)O[C@H]1CC[C@H](NC(=O)c2c(F)cc(N3CCC(F)(CN4CCC5(CC4)COc4c5cc(Cl)c5c4CN([C@H]4CCC(=O)NC4=O)C5=O)CC3)cc2F)CC1,1,0.32358174398232065
4,CSNK1A1,CC(C)O[C@H]1CC[C@H](NC(=O)c2cc(F)c(N3CCC(F)(CN4CCC5(CC4)COc4c5cc(Cl)c5c4CN([C@H]4CCC(=O)NC4=O)C5=O)CC3)cc2F)CC1,1,0.32358174398232065
4,CSNK1A1,CC(C)O[C@H]1CC[C@H](NC(=O)c2ccc(N3CCC(CN4CCC5(CC4)COc4c5cc(Cl)c5c4CN([C@H]4CCC(=O)NC4=O)C5=O)CC3)c(F)c2)CC1,1,0.32358174398232065
4,CSNK1A1,CC(C)O[C@H]1CC[C@H](NC(=O)c2ccc(N3CCC(F)(CN4CCC5(CC4)COc4c5cc(Cl)c5c4CN([C@H]4CCC(=O)NC4=O)C5=O)CC3)c(F)c2)CC1,1,0.32358174398232065
4,CSNK1A1,CC(C)O[C@H]1CC[C@H](NC(=O)c2ccc(N3CCC(F)(CN4CCC5(CC4)COc4c5cc(Cl)c5c4CN([C@H]4CCC(=O)NC4=O)C5=O)CC3)c(F)c2F)CC1,1,0.32358174398232065
4,CSNK1A1,CC(C)O[C@H]1CC[C@H](NC(=O)c2ccc(N3CCC(F)(CN4CCC5(CC4)COc4c5cc(Cl)c5c4CN([C@H]4CCC(=O)NC4=O)C5=O)CC3)c(S(C)(=O)=O)c2)CC1,1,0.2850509292427565
4,CSNK1A1,CC(C)O[C@H]1CC[C@H](NC(=O)c2ccc(N3CCC(F)(CN4CCC5(CC4)COc4c5cc(Cl)c5c4CN([C@H]4CCC(=O)NC4=O)C5=O)CC3)cc2C#N)CC1,1,0.3079643997323677
4,CSNK1A1,CC(C)O[C@H]1CC[C@H](NC(=O)c2ccc(N3CCC(F)(CN4CCC5(CC4)COc4c5cc(Cl)c5c4CN([C@H]4CCC(=O)NC4=O)C5=O)CC3)cc2F)CC1,1,0.32358174398232065
4,CSNK1A1,CC(C)O[C@H]1CC[C@H](NC(=O)c2ccc(N3CCC(F)(CN4CCC5(CC4)COc4c5cc(F)c5c4CN([C@H]4CCC(=O)NC4=O)C5=O)CC3)c(F)c2)CC1,1,0.3241670564112258
4,CSNK1A1,CC(C)O[C@H]1CC[C@H](NC(=O)c2cccc(N3CCC(CN4CCC5(CC4)COc4c5cc(Cl)c5c4CN([C@H]4CCC(=O)NC4=O)C5=O)CC3)c2)CC1,0,0.31723411588823436
4,CSNK1A1,CC(C)O[C@H]1CC[C@H](NC(=O)c2cnc(N3CCC(CN4CCC5(CC4)COc4c5cc(Cl)c5c4CN([C@H]4CCC(=O)NC4=O)C5=O)CC3)c(F)c2)CC1,1,0.32138961864682236
4,CSNK1A1,CC(C)O[C@H]1CC[C@H](NC(=O)c2cnc(N3CCC(CN4CCC5(CC4)COc4c5cc(Cl)c5c4CN([C@H]4CCC(=O)NC4=O)C5=O)CC3)nc2)CC1,1,0.30973291539754133
4,CSNK1A1,CC(C)O[C@H]1CC[C@H](NC(=O)c2cnc(N3CCC(F)(CN4CCC5(CC4)COc4c5cc(Cl)c5c4CN([C@H]4CCC(=O)NC4=O)C5=O)CC3)nc2)CC1,1,0.3116899500623553
4,CSNK1A1,CC(C)O[C@H]1CC[C@H](NC(=O)c2cnc(N3CCN(CN4CCC5(CC4)COc4c5cc(Cl)c5c4CN([C@H]4CCC(=O)NC4=O)C5=O)CC3)c(F)c2)CC1,1,0.3232007297579335
4,CSNK1A1,CC(C)O[C@H]1CC[C@H](NC(=O)c2csc(N3CCC(F)(CN4CCC5(CC4)COc4c5cc(Cl)c5c4CN([C@H]4CCC(=O)NC4=O)C5=O)CC3)n2)CC1,1,0.30449818425876324
4,CSNK1A1,CC(C)O[C@H]1CC[C@H](NS(=O)(=O)c2ccc(N3CCC(F)(CN4CCC5(CC4)COc4c5cc(Cl)c5c4CN([C@H]4CCC(=O)NC4=O)C5=O)CC3)c(F)c2)CC1,0,0.24409445583156536
4,CSNK1A1,CC(C)O[C@H]1CC[C@H](n2cc3cc(N4CCC(F)(CN5CCC6(CC5)COc5c6cc(Cl)c6c5CN([C@H]5CCC(=O)NC5=O)C6=O)CC4)c(F)cc3n2)CC1,0,0.26327178758535313
4,CSNK1A1,CC(C)Oc1ccc(-c2cn(-c3ccc(N4CCC(CN5CCC6(CC5)COc5c6cc(Cl)c6c5CN([C@H]5CCC(=O)NC5=O)C6=O)CC4)c(F)c3)nn2)cc1,0,0.2735383679208394
4,NEK7,CC(F)(F)c1ccc(C(C)(C)C(=O)NCc2cc(F)c(C3CCC(=O)NC3=O)c(Cl)c2)nn1,0,0.2723147483066475
4,ARNT,CC(c1ccc(C(F)(F)F)cc1)N1CCC(O)(c2ccc3c(n2)CN(C2CCC(=O)NC2=O)C3=O)CC1,0,0.22722863239064123
4,ARNT,CCC1(CC)CN(C)CCC1(O)c1ccc2c(n1)CN(C1CCC(=O)NC1=O)C2=O,0,0.23044210449245758
4,ARNT,CCC1(CC)CN(CC(C)C)CCC1(O)c1ccc2c(n1)CN(C1CCC(=O)NC1=O)C2=O,0,0.24231832201217574
4,ARNT,CCC1(CC)CN(CC2CCC(F)(F)CC2)CCC1(O)c1ccc2c(n1)CN(C1CCC(=O)NC1=O)C2=O,0,0.2565492220331107
4,ARNT,CCC1(CC)CN(CC2CCOCC2)CCC1(O)c1ccc2c(n1)CN(C1CCC(=O)NC1=O)C2=O,0,0.22538261718764702
4,WEE1,CCCCNc1c(-c2ccc3c(c2)CN(C2CCC(=O)NC2=O)C3=O)nc2ccccn12,1,0.40148800207222496
4,ARNT,CCN1CCC(O)(c2ccc3c(n2)CN(C2CCC(=O)NC2=O)C3=O)C(CC)(CC)C1,0,0.2259382585306516
4,CSNK1A1,CN(C)[C@H]1CC[C@H](NC(=O)c2ccc(N3CCC(F)(CN4CCC5(CC4)COc4c5cc(Cl)c5c4CN([C@H]4CCC(=O)NC4=O)C5=O)CC3)c(F)c2)CC1,0,0.3085072666209025
4,CSNK1A1,CN[C@H]1CC[C@H](NC(=O)c2ccc(N3CCC(F)(CN4CCC5(CC4)COc4c5cc(Cl)c5c4CN([C@H]4CCC(=O)NC4=O)C5=O)CC3)c(F)c2)CC1,0,0.3137284830373269
4,WEE1,COC(=O)CNc1c(-c2ccc3c(c2)CN(C2CCC(=O)NC2=O)C3=O)nc2ccccn12,1,0.41133394533449824
4,CSNK1A1,COC1(CN2CCC3(CC2)COc2c3cc(Cl)c3c2CN([C@H]2CCC(=O)NC2=O)C3=O)CCN(c2ccc(C(=O)N[C@H]3CC[C@H](OC(C)C)CC3)cc2F)CC1,1,0.312046401348418
4,CSNK1A1,COC1(CN2CCC3(CC2)COc2c3cc(Cl)c3c2CN([C@H]2CCC(=O)NC2=O)C3=O)CCN(c2ncc(C(=O)N[C@H]3CC[C@H](OC(C)C)CC3)cc2F)CC1,1,0.30868561886886114
4,CSNK1A1,COC1(CN2CCC3(CC2)COc2c3cc(Cl)c3c2CN([C@H]2CCC(=O)NC2=O)C3=O)CCN(c2ncc(C(=O)N[C@H]3CC[C@H](OC(C)C)CC3)cn2)CC1,1,0.2996268473175118
4,CSNK1A1,COC1(CN2CCC3(CC2)OCc2c3cc(Cl)c3c2CN([C@H]2CCC(=O)NC2=O)C3=O)CCN(c2ccc(C(=O)N[C@H]3CC[C@H](Oc4ccccc4Cl)CC3)cc2F)CC1,1,0.31726761776484225
4,WEE1,COCCNc1c(-c2ccc3c(c2)CN(C2CCC(=O)NC2=O)C3=O)nc2ccccn12,1,0.37842886337218373
4,ARNT,COC[C@@H]1CN(Cc2ccc(C(F)(F)F)cc2)CC[C@]1(O)c1ccc2c(n1)CN(C1CCC(=O)NC1=O)C2=O,0,0.25371972561477396
4,CSNK1A1,COc1cc2c(cn1)OCC21CCN(CCCCCc2cccc3c2CN(C2CCC(=O)NC2=O)C3=O)CC1,1,0.29684366255926803
4,WEE1,COc1ccc2c(c1)sc1nc(-c3ccc4c(c3)C(=O)N(C3CCC(=O)NC3=O)C4=O)c(NCc3ccccc3)n12,0,0.4365032174315954
4,WEE1,COc1ccc2c(c1)sc1nc(-c3ccc4c(c3)CN(C3CCC(=O)NC3=O)C4=O)c(NC(C)(C)C)n12,1,0.35512066366584844
4,WEE1,COc1ccc2c(c1)sc1nc(-c3ccc4c(c3)CN(C3CCC(=O)NC3=O)C4=O)c(NC(C)(C)CC(C)(C)C)n12,1,0.3917649077755026
4,WEE1,COc1ccc2c(c1)sc1nc(-c3ccc4c(c3)CN(C3CCC(=O)NC3=O)C4=O)c(NC34CC5CC(CC(C5)C3)C4)n12,1,0.35582794599129264
4,WEE1,COc1ccc2c(c1)sc1nc(-c3ccc4c(c3)CN(C3CCC(=O)NC3=O)C4=O)c(Nc3ccc4c(c3)OCCO4)n12,0,0.35071579632549
4,WEE1,COc1cccc2nc(-c3ccc4c(c3)C(=O)N(C3CCC(=O)NC3=O)C4=O)c(NC(C)(C)CC(C)(C)C)n12,1,0.4099254896032244
4,CSNK1A1,COc1ccccc1O[C@H]1CC[C@H](NC(=O)c2ccc(N3CCC(CN4CCC5(CC4)COc4c5cc(Cl)c5c4CN([C@H]4CCC(=O)NC4=O)C5=O)CC3)c(F)c2)CC1,1,0.32685061133123844
4,WEE1,C[Si](C)(C)CNc1c(-c2ccc3c(c2)CN(C2CCC(=O)NC2=O)C3=O)nc2ccccn12,0,0.4011861598632107
4,CSNK1A1,Cc1cc(C(=O)N[C@H]2CC[C@H](OC(C)C)CC2)ccc1N1CCC(F)(CN2CCC3(CC2)COc2c3cc(Cl)c3c2CN([C@H]2CCC(=O)NC2=O)C3=O)CC1,1,0.32358174398232065
4,CSNK1A1,Cc1cc(N2CCC(F)(CN3CCC4(CC3)COc3c4cc(Cl)c4c3CN([C@H]3CCC(=O)NC3=O)C4=O)CC2)ccc1C(=O)N[C@H]1CC[C@H](OC(C)C)CC1,1,0.32358174398232065
4,CSNK1A1,Cc1cc2c(c3c1C(=O)N([C@H]1CCC(=O)NC1=O)C3)OCC21CCN(CC2CCN(c3ccc(C(=O)NC4CCC(Oc5ccccc5Cl)CC4)cc3F)CC2)CC1,0,0.32880296039874496
4,CSNK1A1,Cc1cc2c(c3c1C(=O)N([C@H]1CCC(=O)NC1=O)C3)OCC21CCN(CC2CCN(c3ccc(C(=O)N[C@H]4CC[C@H](Oc5ccc(Cl)cc5)CC4)cc3F)CC2)CC1,0,0.32880296039874496
4,CSNK1A1,Cc1cc2c(cn1)OCC21CCN(CCCCCc2cccc3c2CN(C2CCC(=O)NC2=O)C3=O)CC1,1,0.3080517975785109
4,WEE1,Cc1ccc2nc(-c3ccc4c(c3)C(=O)N(C3CCC(=O)NC3=O)C4=O)c(NC(C)(C)CC(C)(C)C)n2c1,1,0.4393799435951128
4,WEE1,Cc1ccc2nc(-c3ccc4c(c3)C(=O)N(C3CCC(=O)NC3=O)C4=O)c(NC(C)(C)CC(C)(C)C)n2c1C,1,0.4393799435951128
4,WEE1,Cc1ccc2nc(-c3ccc4c(c3)C(=O)N(C3CCC(=O)NC3=O)C4=O)c(NCc3ccccc3)n2c1,1,0.4467916115462243
4,WEE1,Cc1ccc2nc(-c3ccc4c(c3)CN(C3CCC(=O)NC3=O)C4=O)c(NC(C)(C)C)n2c1,1,0.368089580000909
4,WEE1,Cc1ccc2nc(-c3ccc4c(c3)CN(C3CCC(=O)NC3=O)C4=O)c(Nc3ccc4c(c3)OCCO4)n2c1,0,0.34516366843221724
4,WEE1,Cc1cccc2nc(-c3ccc4c(c3)C(=O)N(C3CCC(=O)NC3=O)C4=O)c(NC(C)(C)CC(C)(C)C)n12,1,0.4393799435951128
4,WEE1,Cc1cccc2nc(-c3ccc4c(c3)CN(C3CCC(=O)NC3=O)C4=O)c(NC(C)(C)C)n12,1,0.368089580000909
4,WEE1,Cc1cccc2nc(-c3ccc4c(c3)CN(C3CCC(=O)NC3=O)C4=O)c(Nc3ccc4c(c3)OCCO4)n12,0,0.34516366843221724
4,WEE1,Cc1cccn2c(NC(C)(C)C)c(-c3ccc4c(c3)CN(C3CCC(=O)NC3=O)C4=O)nc12,1,0.368089580000909
4,WEE1,Cc1ccn2c(NC(C)(C)C)c(-c3ccc4c(c3)CN(C3CCC(=O)NC3=O)C4=O)nc2c1,1,0.368089580000909
4,WEE1,Cc1ccn2c(Nc3ccc4c(c3)OCCO4)c(-c3ccc4c(c3)CN(C3CCC(=O)NC3=O)C4=O)nc2c1,0,0.34516366843221724
4,NEK7,Cc1conc1C(C)(C)C(=O)NCc1cc(F)c(C2CCC(=O)NC2=O)c(Cl)c1,0,0.2721201995784919
4,NEK7,Cc1ncc(C(C)(C)C(=O)NCc2cc(Cl)c(C3CCC(=O)NC3=O)c(Cl)c2)o1,0,0.28496516720837245
4,NEK7,Cc1ncc(C(C)(C)C(=O)NCc2cc(F)c(C3CCC(=O)NC3=O)c(Cl)c2)o1,0,0.2937781331539944
4,PTPN1,Cc1nn(CC(=O)Nc2ccc3c(F)c(N4CC(=O)NS4(=O)=O)c4[nH]ncc4c3c2)c(C)c1-c1ccc2c(C3CCC(=O)NC3=O)nn(C)c2c1,1,0.2478801668499081
4,PTPN1,Cn1c(=O)n(C2CCC(=O)NC2=O)c2ccc(-c3ccc(-c4nc(-c5cc(OCC6CC(F)(F)C6)c6sc(C(F)(F)P(=O)(O)O)c(Br)c6c5)n[nH]4)cc3)cc21,1,0.2276796493209217
4,PTPN1,Cn1c(=O)n(C2CCC(=O)NC2=O)c2ccc(-c3ccc(-c4nc(-c5cc(OCC6CC6)c6sc(C(F)(F)P(=O)(O)F)c(Br)c6c5)n[nH]4)cc3)cc21,1,0.2247289315894137
4,PTPN1,Cn1c(=O)n(C2CCC(=O)NC2=O)c2ccc(-c3ccc(-c4nc(-c5cc(OCCCC(C)(F)F)c6sc(C(F)(F)P(=O)(O)O)c(Br)c6c5)n[nH]4)cc3)cc21,1,0.2510041325981083
4,PTPN1,Cn1c(=O)n(C2CCC(=O)NC2=O)c2ccc(-c3ccc(-c4nc(-c5cc(OCCCS(C)(=O)=O)c6sc(C(F)(F)P(=O)(O)O)c(Br)c6c5)n[nH]4)cc3)cc21,1,0.24230044345280755
4,PTPN1,Cn1c(=O)n(C2CCC(=O)NC2=O)c2ccc(-c3ccc(-c4nnc(-c5cc(OCc6ccc(S(C)(=O)=O)cc6)c6sc(C(F)(F)P(=O)(O)O)c(Br)c6c5)[nH]4)cc3)cc21,1,0.258161419085397
4,PTPN1,Cn1c(=O)n(C2CCC(=O)NC2=O)c2ccc(-c3ccc(Cc4nnc(-c5cc(OCc6ccc(S(C)(=O)=O)cc6)c6sc(C(F)(F)P(=O)(O)O)c(Br)c6c5)[nH]4)cc3)cc21,1,0.258161419085397
4,CSNK1A1,N#Cc1cc2c(c3c1C(=O)N([C@H]1CCC(=O)NC1=O)C3)OCC21CCN(CC2CCN(c3ccc(C(=O)N[C@H]4CC[C@H](Oc5ccccc5Cl)CC4)cc3F)CC2)CC1,0,0.3299457019420175
4,ARNT,N#Cc1ccc(CN2CCC(O)(c3ccc4c(n3)CN(C3CCC(=O)NC3=O)C4=O)CC2)cc1,0,0.2223568572003228
4,CSNK1A1,N#Cc1ccccc1O[C@H]1CC[C@H](NC(=O)c2ccc(N3CCC(CN4CCC5(CC4)COc4c5cc(Cl)c5c4CN([C@H]4CCC(=O)NC4=O)C5=O)CC3)c(F)c2)CC1,0,0.3299457019420175
4,WEE1,Nc1c(-c2ccc3c(c2)CN(C2CCC(=O)NC2=O)C3=O)nc2ccccn12,1,0.384055899026642
4,WEE1,O=C1CCC(N2C(=O)c3ccc(-c4nc5ccccn5c4NCc4ccccc4)cc3C2=O)C(=O)N1,1,0.4471562032565774
4,WEE1,O=C1CCC(N2C(=O)c3ccc(-c4nc5ccccn5c4Nc4ccc5c(c4)OCCO5)cc3C2=O)C(=O)N1,0,0.37228089699339706
4,WEE1,O=C1CCC(N2C(=O)c3ccc(-c4nc5cccnn5c4NCc4ccccc4)cc3C2=O)C(=O)N1,0,0.43089196854872264
4,WEE1,O=C1CCC(N2C(=O)c3ccc(-c4nc5sccn5c4NCc4ccccc4)cc3C2=O)C(=O)N1,1,0.44909095435979807
4,WEE1,O=C1CCC(N2C(=O)c3ccc(-c4nc5scnn5c4NC45CC6CC(CC(C6)C4)C5)cc3C2=O)C(=O)N1,1,0.36370406260531396
4,CSNK1A1,O=C1CCC(N2Cc3c(CCCCCN4CCC5(CC4)COc4c5cc(C(F)F)nc4Cl)cccc3C2=O)C(=O)N1,1,0.3284078682499605
4,CSNK1A1,O=C1CCC(N2Cc3c(CCCCCN4CCC5(CC4)COc4c5cc(CO)nc4Cl)cccc3C2=O)C(=O)N1,1,0.3070513192298797
4,CSNK1A1,O=C1CCC(N2Cc3c(CCCCCN4CCC5(CC4)COc4ccc(C(F)(F)F)nc45)cccc3C2=O)C(=O)N1,1,0.29913226686566136
4,CSNK1A1,O=C1CCC(N2Cc3c(CCCCCN4CCC5(CC4)COc4ccc(Cl)nc45)cccc3C2=O)C(=O)N1,1,0.30397765436717494
4,IKZF1,O=C1CCC(N2Cc3c(CCCCCN4CCC5(CC4)COc4ccc(Cl)nc45)cccc3C2=O)C(=O)N1,0,0.48926876644538686
4,CSNK1A1,O=C1CCC(N2Cc3c(CCCCCN4CCC5(CC4)COc4cnc(C(F)(F)F)cc45)cc(F)cc3C2=O)C(=O)N1,1,0.31056438603149583
4,CSNK1A1,O=C1CCC(N2Cc3c(CCCCCN4CCC5(CC4)COc4cnc(C(F)(F)F)cc45)cccc3C2=O)C(=O)N1,1,0.3063320788465542
4,CSNK1A1,O=C1CCC(N2Cc3c(CCCCCN4CCC5(CC4)COc4cnc(C(F)F)cc45)cc(F)cc3C2=O)C(=O)N1,1,0.3225543027887781
4,IKZF1,O=C1CCC(N2Cc3c(CCCCCN4CCC5(CC4)COc4cnc(C(F)F)cc45)cc(F)cc3C2=O)C(=O)N1,0,0.5142484268554851
4,CSNK1A1,O=C1CCC(N2Cc3c(CCCCCN4CCC5(CC4)COc4cnc(C(F)F)cc45)cccc3C2=O)C(=O)N1,1,0.31935468925700994
4,CSNK1A1,O=C1CCC(N2Cc3c(CCCCCN4CCC5(CC4)COc4cnc(Cl)cc45)cc(F)cc3C2=O)C(=O)N1,1,0.3284078682499605
4,IKZF1,O=C1CCC(N2Cc3c(CCCCCN4CCC5(CC4)COc4cnc(Cl)cc45)cc(F)cc3C2=O)C(=O)N1,0,0.5170792475589012
4,CSNK1A1,O=C1CCC(N2Cc3c(CCCCCN4CCC5(CC4)COc4cnc(Cl)cc45)cccc3C2=O)C(=O)N1,1,0.3150294139070056
4,CSNK1A1,O=C1CCC(N2Cc3c(CCCCCN4CCC5(CC4)COc4cnc(F)cc45)cc(F)cc3C2=O)C(=O)N1,1,0.3225543027887781
4,IKZF1,O=C1CCC(N2Cc3c(CCCCCN4CCC5(CC4)COc4cnc(F)cc45)cc(F)cc3C2=O)C(=O)N1,0,0.5142484268554851
4,CSNK1A1,O=C1CCC(N2Cc3c(CCCCCN4CCC5(CC4)COc4cnc(F)cc45)cccc3C2=O)C(=O)N1,1,0.3225543027887781
4,IKZF1,O=C1CCC(N2Cc3c(CCCCCN4CCC5(CC4)COc4cnc(F)cc45)cccc3C2=O)C(=O)N1,0,0.5142484268554851
4,CSNK1A1,O=C1CCC(N2Cc3c(CCCCCN4CCC5(CC4)COc4cnccc45)cccc3C2=O)C(=O)N1,1,0.3046727821358863
4,IKZF1,O=C1CCC(N2Cc3c(CCCCCN4CCC5(CC4)COc4cnccc45)cccc3C2=O)C(=O)N1,0,0.47900547132966803
4,CSNK1A1,O=C1CCC(N2Cc3c(CCCCCN4CCC5(CC4)COc4ncccc45)cccc3C2=O)C(=O)N1,1,0.29091627646047497
4,IKZF1,O=C1CCC(N2Cc3c(CCCCCN4CCC5(CC4)COc4ncccc45)cccc3C2=O)C(=O)N1,0,0.4694832730567712
4,WEE1,O=C1CCC(N2Cc3cc(-c4nc5ccccn5c4NC45CC6CC(CC(C6)C4)C5)ccc3C2=O)C(=O)N1,1,0.3715208006202814
4,WEE1,O=C1CCC(N2Cc3cc(-c4nc5ccccn5c4NC4CC4)ccc3C2=O)C(=O)N1,1,0.385833474746063
4,WEE1,O=C1CCC(N2Cc3cc(-c4nc5ccccn5c4NC4CCCC4)ccc3C2=O)C(=O)N1,1,0.3820166983430325
4,WEE1,O=C1CCC(N2Cc3cc(-c4nc5ccccn5c4NC4CCCCC4)ccc3C2=O)C(=O)N1,1,0.3820166983430325
4,WEE1,O=C1CCC(N2Cc3cc(-c4nc5ccccn5c4NC4CCCCCC4)ccc3C2=O)C(=O)N1,1,0.38199032176195885
4,WEE1,O=C1CCC(N2Cc3cc(-c4nc5ccccn5c4NC4CCOCC4)ccc3C2=O)C(=O)N1,1,0.36190123904926885
4,WEE1,O=C1CCC(N2Cc3cc(-c4nc5ccccn5c4NCC(=O)N4CCCC4)ccc3C2=O)C(=O)N1,0,0.4210589220645233
4,WEE1,O=C1CCC(N2Cc3cc(-c4nc5ccccn5c4NCCN4CCOCC4)ccc3C2=O)C(=O)N1,1,0.4132601422281289
4,WEE1,O=C1CCC(N2Cc3cc(-c4nc5ccccn5c4NCc4ccccc4)ccc3C2=O)C(=O)N1,1,0.4173799439543845
4,WEE1,O=C1CCC(N2Cc3cc(-c4nc5ccccn5c4NCc4cccnc4)ccc3C2=O)C(=O)N1,1,0.4173799439543845
4,WEE1,O=C1CCC(N2Cc3cc(-c4nc5ccccn5c4Nc4ccc5c(c4)OCCO5)ccc3C2=O)C(=O)N1,0,0.3506186434574593
4,WEE1,O=C1CCC(N2Cc3cc(-c4nc5ccccn5c4Nc4ccc5c(c4)OCO5)ccc3C2=O)C(=O)N1,1,0.3837352253081164
4,WEE1,O=C1CCC(N2Cc3cc(-c4nc5ccccn5c4Nc4ccc5ccccc5c4)ccc3C2=O)C(=O)N1,0,0.3820166983430325
4,WEE1,O=C1CCC(N2Cc3cc(-c4nc5ccccn5c4Nc4ccc5nccnc5c4)ccc3C2=O)C(=O)N1,0,0.3820166983430325
4,WEE1,O=C1CCC(N2Cc3cc(-c4nc5ccccn5c4Nc4cccc5c4OCCO5)ccc3C2=O)C(=O)N1,0,0.3506186434574593
4,WEE1,O=C1CCC(N2Cc3cc(-c4nc5ccccn5c4Nc4ccccc4)ccc3C2=O)C(=O)N1,1,0.3820166983430325
4,WEE1,O=C1CCC(N2Cc3cc(-c4nc5ccccn5c4Nc4ccccc4-c4ccccc4)ccc3C2=O)C(=O)N1,0,0.3820166983430325
4,WEE1,O=C1CCC(N2Cc3cc(-c4nc5ncccn5c4NC4CCCC4)ccc3C2=O)C(=O)N1,1,0.39337061229364084
4,WEE1,O=C1CCC(N2Cc3cc(-c4nc5sccn5c4NCc4ccccc4)ccc3C2=O)C(=O)N1,1,0.41694298899772253
4,ARNT,O=C1CCC(N2Cc3nc(C4(O)CCN(Cc5cccnc5)CC4)ccc3C2=O)C(=O)N1,0,0.2351393205686643
4,ARNT,O=C1CCC(N2Cc3nc(C4(O)CCN(Cc5ccncc5)CC4)ccc3C2=O)C(=O)N1,0,0.2351393205686643
4,CSNK1A1,O=C1CC[C@@H](N2Cc3c4c(cc(Cl)c3C2=O)C2(CCN(C(=O)N[C@H](c3ncccc3Cl)C(F)(F)F)CC2)CO4)C(=O)N1,0,0.29090459323158746
4,CSNK1A1,O=C1CC[C@@H](N2Cc3c4c(cc(Cl)c3C2=O)C2(CCN(C3CCC5(CC3)CN(c3ccc(C(=O)N[C@H]6CC[C@H](Oc7ccccc7)CC6)nn3)C5)CC2)CO4)C(=O)N1,1,0.29427358835464246
4,CSNK1A1,O=C1CC[C@@H](N2Cc3c4c(cc(Cl)c3C2=O)C2(CCN(CC3CCN(c5ccc(C(=O)N[C@H]6CC[C@H](Oc7ccccc7)CC6)cn5)CC3)CC2)CO4)C(=O)N1,1,0.3434133283280479
4,CSNK1A1,O=C1CC[C@@H](N2Cc3c4c(cc(Cl)c3C2=O)C2(CCN(CC3CCN(c5ccc(C(=O)N[C@H]6CC[C@H](Oc7ccccc7F)CC6)cc5F)CC3)CC2)CO4)C(=O)N1,1,0.35490416693910465
4,CSNK1A1,O=C1CC[C@@H](N2Cc3c4c(cc(Cl)c3C2=O)C2(CCN(CC3CCN(c5ncc(C(=O)N[C@H]6CC[C@H](Oc7ccccc7)CC6)nn5)CC3)CC2)CO4)C(=O)N1,1,0.27725396727290713
4,CSNK1A1,O=C1CC[C@@H](N2Cc3c4c(cc(Cl)c3C2=O)C2(CCN([C@@H]3CCC5(CCN(c6ccc(C(=O)N[C@H]7CC[C@H](Oc8ccccc8)CC7)nn6)C5)C3)CC2)CO4)C(=O)N1,1,0.2651858727015204
4,CSNK1A1,O=C1CC[C@H](N2CC3=C(C2=O)C2=C3OCC34CCN(CC5(F)CCN(c6ccc(C(=O)NC7CCC(OC8CCC8)CC7)cc6F)CC5)CCCOC3=C24)C(=O)N1,1,0.3468120412685551
4,CSNK1A1,O=C1CC[C@H](N2Cc3c4c(cc(Cl)c3C2=O)C2(CCN(C(=O)C3CCN(c5ccc(C(=O)N[C@H]6CC[C@H](Oc7ccccc7)CC6)nn5)CC3)CC2)CO4)C(=O)N1,1,0.2651858727015204
4,CSNK1A1,O=C1CC[C@H](N2Cc3c4c(cc(Cl)c3C2=O)C2(CCN(C3CC(CN5C=C(c6ccc(C(=O)N[C@H]7CC[C@H](Oc8ccccc8Cl)CC7)nn6)C5)C3)CC2)CO4)C(=O)N1,1,0.3055536661045758
4,CSNK1A1,O=C1CC[C@H](N2Cc3c4c(cc(Cl)c3C2=O)C2(CCN(C3CC(CN5C=C(c6ccc(C(=O)N[C@H]7CC[C@H](Oc8ncccc8Cl)CC7)nn6)C5)C3)CC2)CO4)C(=O)N1,1,0.3055536661045758
4,CSNK1A1,O=C1CC[C@H](N2Cc3c4c(cc(Cl)c3C2=O)C2(CCN(C3CC(Cn5ccc(C(=O)N[C@H]6CC[C@H](Oc7ccccc7)CC6)n5)C3)CC2)CO4)C(=O)N1,1,0.2879742075886351
4,CSNK1A1,O=C1CC[C@H](N2Cc3c4c(cc(Cl)c3C2=O)C2(CCN(C3CC5(C3)CN(c3ccc(C(=O)NC6CCC(Oc7ccc(Cl)cc7)CC6)nn3)C5)CC2)CO4)C(=O)N1,1,0.29427358835464246
4,CSNK1A1,O=C1CC[C@H](N2Cc3c4c(cc(Cl)c3C2=O)C2(CCN(CC3(F)CCN(c5cc(F)c(C(=O)N[C@H]6CC[C@H](OC7CC7)CC6)cc5F)CC3)CC2)CO4)C(=O)N1,1,0.3588561998499257
4,CSNK1A1,O=C1CC[C@H](N2Cc3c4c(cc(Cl)c3C2=O)C2(CCN(CC3(F)CCN(c5ccc(C(=O)N6CCOCC6)cc5F)CC3)CC2)CO4)C(=O)N1,0,0.338650375014041
4,CSNK1A1,O=C1CC[C@H](N2Cc3c4c(cc(Cl)c3C2=O)C2(CCN(CC3(F)CCN(c5ccc(C(=O)NC6CCC7(CCOCC7)CC6)cc5F)CC3)CC2)CO4)C(=O)N1,0,0.35052571706524077
4,CSNK1A1,O=C1CC[C@H](N2Cc3c4c(cc(Cl)c3C2=O)C2(CCN(CC3(F)CCN(c5ccc(C(=O)N[C@H]6CC[C@H](OC7CC(F)(F)C7)CC6)c(F)c5)CC3)CC2)CO4)C(=O)N1,1,0.3543855276493983
4,CSNK1A1,O=C1CC[C@H](N2Cc3c4c(cc(Cl)c3C2=O)C2(CCN(CC3(F)CCN(c5ccc(C(=O)N[C@H]6CC[C@H](OC7CC7)CC6)c(F)c5)CC3)CC2)CO4)C(=O)N1,1,0.3588561998499257
4,CSNK1A1,O=C1CC[C@H](N2Cc3c4c(cc(Cl)c3C2=O)C2(CCN(CC3(F)CCN(c5ccc(C(=O)N[C@H]6CC[C@H](OC7CC7)CC6)cc5F)CC3)CC2)CO4)C(=O)N1,1,0.3588561998499257
4,CSNK1A1,O=C1CC[C@H](N2Cc3c4c(cc(Cl)c3C2=O)C2(CCN(CC3(F)CCN(c5ccc(C(=O)N[C@H]6CC[C@H](OC7CCCC7)CC6)cc5F)CC3)CC2)CO4)C(=O)N1,1,0.35490416693910465
4,CSNK1A1,O=C1CC[C@H](N2Cc3c4c(cc(Cl)c3C2=O)C2(CCN(CC3(F)CCN(c5ccc(C(=O)N[C@H]6CC[C@H](OC7CCCCC7)CC6)c(F)c5)CC3)CC2)CO4)C(=O)N1,1,0.35490416693910465
4,CSNK1A1,O=C1CC[C@H](N2Cc3c4c(cc(Cl)c3C2=O)C2(CCN(CC3(F)CCN(c5ccc(C(=O)N[C@H]6CC[C@H](Oc7ccccc7Cl)CC6)cc5F)CC3)CC2)CO4)C(=O)N1,1,0.35490416693910465
4,CSNK1A1,O=C1CC[C@H](N2Cc3c4c(cc(Cl)c3C2=O)C2(CCN(CC3CCN(c5ccc(C(=O)NC6CCC(Oc7ccccc7)CC6)nn5)CC3)CC2)CO4)C(=O)N1,1,0.28511341182905947
4,CSNK1A1,O=C1CC[C@H](N2Cc3c4c(cc(Cl)c3C2=O)C2(CCN(CC3CCN(c5ccc(C(=O)N[C@H]6CC[C@H](Oc7cccc(Cl)c7)CC6)cc5F)CC3)CC2)CO4)C(=O)N1,0,0.35490416693910465
4,CSNK1A1,O=C1CC[C@H](N2Cc3c4c(cc(Cl)c3C2=O)C2(CCN(CC3CCN(c5ccc(C(=O)N[C@H]6CC[C@H](Oc7ccccc7)CC6)cc5F)CC3)CC2)CO4)C(=O)N1,1,0.35490416693910465
4,CSNK1A1,O=C1CC[C@H](N2Cc3c4c(cc(Cl)c3C2=O)C2(CCN(CC3CCN(c5ccc(C(=O)N[C@H]6CC[C@H](Oc7ccccc7Cl)CC6)cc5F)CC3)CC2)CO4)C(=O)N1,0,0.35490416693910465
4,CSNK1A1,O=C1CC[C@H](N2Cc3c4c(cc(Cl)c3C2=O)C2(CCN(CC3CCN(c5ccc(C(=O)N[C@H]6CC[C@H](Oc7ccccc7Cl)CC6)nn5)CC3)CC2)CO4)C(=O)N1,1,0.28511341182905947
4,CSNK1A1,O=C1CC[C@H](N2Cc3c4c(cc(Cl)c3C2=O)C2(CCN(CC3CCN(c5ccc(C(=O)N[C@H]6CC[C@H](Oc7ncccc7Cl)CC6)cc5F)CC3)CC2)CO4)C(=O)N1,1,0.35269231963808734
4,CSNK1A1,O=C1CC[C@H](N2Cc3c4c(cc(Cl)c3C2=O)C2(CCN(CC3CCN(c5ccc(C(=O)N[C@H]6CC[C@H](Oc7ncccc7Cl)CC6)nn5)CC3)CC2)CO4)C(=O)N1,1,0.28511341182905947
4,CSNK1A1,O=C1CC[C@H](N2Cc3c4c(cc(Cl)c3C2=O)C2(CCN(CC3CCN(c5ccc(NC(=O)C6CCCCC6)nn5)CC3)CC2)CO4)C(=O)N1,0,0.2915795167350334
4,CSNK1A1,O=C1CC[C@H](N2Cc3c4c(cc(Cl)c3C2=O)C2(CCN(CC3CCN(c5ccc6c(c5)CN([C@H]5CC[C@H](Oc7ccccc7)CC5)C6=O)CC3)CC2)CO4)C(=O)N1,0,0.33400860109863045
4,ARNT,O=C1CC[C@H](N2Cc3nc([C@]4(O)CCN(Cc5ccc(C(F)(F)F)cc5)CC45CCCCC5)ccc3C2=O)C(=O)N1,0,0.25596923682501127
