fold,target,smiles,y_true,prob
0,VAV1,C#CCN(C)C(=O)Nc1ccc(-c2cccc(C3CCC(=O)NC3=O)c2Cl)cc1C,1,0.6986373373677939
0,VAV1,C#CCN(C)C(=O)Oc1ccc(-c2cccc(C3CCC(=O)NC3=O)c2Cl)cc1C,1,0.5430174775730534
0,VAV1,C#Cc1c(-c2ccc(-c3c(C)ccn(C)c3=O)cc2)cccc1C1CCC(=O)NC1=O,1,0.5257377342355339
0,VAV1,C#Cc1c(-c2ccc(-c3c(COC)ccn(C)c3=O)cc2)cccc1C1CCC(=O)NC1=O,1,0.5207950569798738
0,VAV1,C#Cc1c(-c2ccc(-c3c(OCC(F)(F)F)cc[nH]c3=O)cc2)cccc1C1CCC(=O)NC1=O,1,0.6216226400166106
0,VAV1,C#Cc1c(-c2ccc(-c3c(OCC(F)(F)F)ccn(C)c3=O)cc2)cccc1C1CCC(=O)NC1=O,1,0.5812275779797769
0,VAV1,C#Cc1c(-c2ccc(-c3c(OCC(F)(F)F)ccn(C4CC4)c3=O)cc2)cccc1C1CCC(=O)NC1=O,1,0.5780649327070212
0,VAV1,C#Cc1c(-c2ccc(-c3c(OCC(F)(F)F)ccn(CC)c3=O)cc2)cccc1C1CCC(=O)NC1=O,1,0.5672996752494457
0,VAV1,C#Cc1c(-c2ccc(-c3c(OCCC(F)(F)F)cc[nH]c3=O)cc2)cccc1C1CCC(=O)NC1=O,1,0.6216226400166106
0,VAV1,C#Cc1c(-c2ccc(-c3c(OCCC(F)(F)F)ccn(C)c3=O)cc2)cccc1C1CCC(=O)NC1=O,1,0.5812275779797769
0,VAV1,C#Cc1c(-c2ccc(-c3c(OCCC(F)(F)F)ccn(C4CC4)c3=O)cc2)cccc1C1CCC(=O)NC1=O,1,0.5780649327070212
0,VAV1,C#Cc1c(-c2ccc(-c3c(OCCC(F)(F)F)ccn(CC)c3=O)cc2)cccc1C1CCC(=O)NC1=O,1,0.5672996752494457
0,VAV1,C#Cc1c(-c2ccc(-n3c(-n4cccn4)cc(C(F)(F)F)cc3=O)cc2)cccc1C1CCC(=O)NC1=O,1,0.66820623825137
0,VAV1,C#Cc1c(-c2ccc(-n3c(C(F)(F)F)cc(C(F)F)cc3=O)cc2)cccc1C1CCC(=O)NC1=O,1,0.5341008592406148
0,VAV1,C#Cc1c(-c2ccc(-n3c(C(F)(F)F)cc(C)cc3=O)cc2)cccc1C1(F)CCC(=O)NC1=O,1,0.5401712386164023
0,VAV1,C#Cc1c(-c2ccc(-n3c(C(F)(F)F)cc(C)cc3=O)cc2)cccc1C1CCC(=O)NC1=O,1,0.5405807630470851
0,VAV1,C#Cc1c(-c2ccc(-n3c(C(F)(F)F)cc(C)cc3=O)cc2)cccc1[C@@H]1CCC(=O)NC1=O,1,0.5405807630470851
0,VAV1,C#Cc1c(-c2ccc(-n3c(C(F)(F)F)cc(C)cc3=O)cc2)cccc1[C@H]1CCC(=O)NC1=O,1,0.5405807630470851
0,VAV1,C#Cc1c(-c2ccc(-n3c(C(F)(F)F)cc(OC)cc3=O)cc2)cccc1C1CCC(=O)NC1=O,1,0.5920963838714458
0,VAV1,C#Cc1c(-c2ccc(-n3c(C(F)F)cccc3=O)cc2)cccc1C1CCC(=O)NC1=O,1,0.4957686619184862
0,VAV1,C#Cc1c(-c2ccc(-n3c(C)c(C)c(C)cc3=O)cc2)cccc1C1CCC(=O)NC1=O,1,0.5359097796674096
0,VAV1,C#Cc1c(-c2ccc(-n3c(C)c(C)c(OC)cc3=O)cc2)cccc1C1CCC(=O)NC1=O,1,0.5786527688531147
0,VAV1,C#Cc1c(-c2ccc(-n3c(C)cc(C)cc3=O)cc2)cccc1C1CCC(=O)NC1=O,1,0.522838351095981
0,VAV1,C#Cc1c(-c2ccc(-n3c(C)cc(OC)cc3=O)cc2)cccc1C1CCC(=O)NC1=O,1,0.5670813402816861
0,VAV1,C#Cc1c(-c2ccc(-n3c(C)cccc3=O)cc2)cccc1C1CCC(=O)NC1=O,1,0.5002887267823861
0,VAV1,C#Cc1c(-c2ccc(-n3c(C4CC4)cc(C(F)(F)F)cc3=O)cc2)cccc1C1CCC(=O)NC1=O,1,0.5363932387788847
0,VAV1,C#Cc1c(-c2ccc(-n3c(C4CC4)cc(C)cc3=O)cc2)cccc1C1CCC(=O)NC1=O,1,0.5011867340262837
0,VAV1,C#Cc1c(-c2ccc(-n3c(C4CC4)cccc3=O)cc2)cccc1C1CCC(=O)NC1=O,1,0.4812042935751716
0,VAV1,C#Cc1c(-c2ccc(-n3c(C4CCCCC4)cc(C(F)F)cc3=O)cc2)cccc1C1CCC(=O)NC1=O,1,0.5534753170487938
0,VAV1,C#Cc1c(-c2ccc(-n3c(CC4CC4)cc(C(F)(F)F)cc3=O)cc2)cccc1C1CCC(=O)NC1=O,1,0.5902642189656288
0,VAV1,C#Cc1c(-c2ccc(-n3c(CCC(F)(F)F)cc(C)cc3=O)cc2)cccc1C1CCC(=O)NC1=O,1,0.572648640586775
0,VAV1,C#Cc1c(-c2ccc(-n3c(CCC(F)(F)F)cc(OC)cc3=O)cc2)cccc1C1CCC(=O)NC1=O,1,0.6150286289677862
0,VAV1,C#Cc1c(-c2ccc(-n3c(CCC(F)(F)F)cc(OCC)cc3=O)cc2)cccc1C1CCC(=O)NC1=O,1,0.5742876796873362
0,VAV1,C#Cc1c(-c2ccc(-n3c(CN(C)C)cccc3=O)cc2)cccc1C1CCC(=O)NC1=O,1,0.6156017131064341
0,VAV1,C#Cc1c(-c2ccc(-n3c(CO)cccc3=O)cc2)cccc1C1CCC(=O)NC1=O,1,0.5756146542809067
0,VAV1,C#Cc1c(-c2ccc(-n3c(COC)cccc3=O)cc2)cccc1C1CCC(=O)NC1=O,1,0.5495855067899434
0,VAV1,C#Cc1c(-c2ccc(-n3c(N4CC5CC5C4)cc(C(F)F)cc3=O)cc2)cccc1C1CCC(=O)NC1=O,1,0.6763245017078826
0,VAV1,C#Cc1c(-c2ccc(-n3c(N4CCCC4)cc(C(F)(F)F)cc3=O)cc2)cccc1C1CCC(=O)NC1=O,1,0.6640177125214121
0,VAV1,C#Cc1c(-c2ccc(-n3c(N4CCOCC4)cc(C(F)F)cc3=O)cc2)cccc1C1CCC(=O)NC1=O,1,0.66073741552774
0,VAV1,C#Cc1c(-c2ccc(-n3c(OC4CC(F)(F)C4)cc(C(F)(F)F)cc3=O)cc2)cccc1C1CCC(=O)NC1=O,1,0.5393212990466152
0,VAV1,C#Cc1c(-c2ccc(-n3c(OC4CC4)cc(C(F)(F)F)cc3=O)cc2)cccc1C1CCC(=O)NC1=O,1,0.5255095712873532
0,VAV1,C#Cc1c(-c2ccc(-n3c(OC4CC4)cc(C(F)F)cc3=O)cc2)cccc1C1CCC(=O)NC1=O,1,0.4862899056364519
0,VAV1,C#Cc1c(-c2ccc(-n3c(OCC(F)(F)F)cc(C(F)(F)F)cc3=O)cc2)cccc1C1CCC(=O)NC1=O,1,0.5540687489010175
0,VAV1,C#Cc1c(-c2ccc(-n3c(OCC(F)(F)F)cc(C(F)F)cc3=O)cc2)cccc1C1CCC(=O)NC1=O,1,0.5540687489010175
0,VAV1,C#Cc1c(-c2ccc(-n3c(OCC(F)(F)F)cc(C)cc3=O)cc2)cccc1C1CCC(=O)NC1=O,1,0.5607322769264063
0,VAV1,C#Cc1c(-c2ccc(-n3c(OCCC(F)(F)F)cc(C(F)(F)F)cc3=O)cc2)cccc1C1CCC(=O)NC1=O,1,0.5540687489010175
0,VAV1,C#Cc1c(-c2ccc(-n3c(O[C@@H]4CCOC4)cc(C(F)(F)F)cc3=O)cc2)cccc1C1CCC(=O)NC1=O,1,0.544500317951711
0,VAV1,C#Cc1c(-c2ccc(-n3c(O[C@@H]4CCOC4)cc(C(F)F)cc3=O)cc2)cccc1C1CCC(=O)NC1=O,1,0.5159309795902675
0,VAV1,C#Cc1c(-c2ccc(-n3c(O[C@H]4CCOC4)cc(C(F)(F)F)cc3=O)cc2)cccc1C1CCC(=O)NC1=O,1,0.544500317951711
0,VAV1,C#Cc1c(-c2ccc(-n3c(O[C@H]4CCOC4)cc(C(F)F)cc3=O)cc2)cccc1C1CCC(=O)NC1=O,1,0.5159309795902675
0,VAV1,C#Cc1c(-c2ccc(-n3ccccc3=O)cc2)cccc1C1CCC(=O)NC1=O,1,0.48194731197229956
0,VAV1,C#Cc1c(-c2ccc(N3C(=O)COCC34CC4)cc2)cccc1C1CCC(=O)NC1=O,1,0.5525723922509144
0,VAV1,C#Cc1c(OC)cc(=O)n(-c2ccc(-c3cccc(N4CCC(=O)NC4=O)c3Cl)cc2)c1C,1,0.7020509351221123
0,VAV1,C=C1CN(C(=O)Nc2ccc(-c3cccc(C4CCC(=O)NC4=O)c3Cl)cc2C)C1,1,0.6006747349634342
0,VAV1,CC#Cc1c(-c2ccc(-n3c(C(F)(F)F)cc(C)cc3=O)cc2)cccc1C1CCC(=O)NC1=O,1,0.560946533850356
0,VAV1,CC(=O)N(Cc1ccn(C)n1)c1ccc(-c2cccc(C3CCC(=O)NC3=O)c2Cl)cc1,1,0.6888427625055809
0,VAV1,CC(=O)N1CC2CC2c2cc(-c3cccc(C4CCC(=O)NC4=O)c3Cl)ccc21,1,0.5063517359556038
0,VAV1,CC(=O)N1CCCOc2cc(-c3cccc(C4CCC(=O)NC4=O)c3Cl)ccc21,1,0.5302506291028203
0,VAV1,CC(=O)N1CCSc2cc(-c3cccc(C4CCC(=O)NC4=O)c3Cl)ccc21,1,0.5448790737706161
0,VAV1,CC(=O)Nc1sc(-c2cccc(C3CCC(=O)NC3=O)c2Cl)cc1C,1,0.6054098794256416
0,VAV1,CC(=O)Nc1sc(-c2cccc(C3CCC(=O)NC3=O)c2Cl)cc1C1CC1,1,0.5882936800428329
0,VAV1,CC(=O)Nc1sc(-c2cccc(C3CCC(=O)NC3=O)c2Cl)cc1Cl,1,0.5809399618432243
0,VAV1,CC(C)(C)c1cnc(N2CC3(C2)CN(c2cccc(C4CCC(=O)NC4=O)c2Cl)C3)o1,0,0.652602567772914
0,VAV1,CC(C)(C)c1cnc(N2CCN(c3cccc(C4CCC(=O)NC4=O)c3Cl)CC2)o1,0,0.6922586809234692
0,VAV1,CC(C)(O)c1cccn(-c2ccc(-c3cccc(C4CCC(=O)NC4=O)c3Cl)s2)c1=O,1,0.693362868634905
0,VAV1,CC(C)Cn1cncc(N2CCN(c3cccc(C4CCC(=O)NC4=O)c3Cl)CC2)c1=O,1,0.7088163702850112
0,VAV1,CC(C)Cn1nccc(N2CCC(c3cccc(C4CCC(=O)NC4=O)c3Cl)CC2)c1=O,1,0.6812809501919943
0,VAV1,CC(C)Oc1cc(C(F)F)cc(=O)n1-c1cccc(-n2ncc3c(C4CCC(=O)NC4=O)cccc32)c1,1,0.6012726684047125
0,VAV1,CC(C)n1cccc(N2CCN(c3cccc(C4CCC(=O)NC4=O)c3Cl)CC2)c1=O,1,0.6037006930462875
0,VAV1,CC(C)n1ncc2c1CCc1cc(-c3cccc(C4CCC(=O)NC4=O)c3Cl)ccc1-2,1,0.5726002892721413
0,VAV1,CC(F)(F)c1cccn(-c2ccc(-c3cccc(C4CCC(=O)NC4=O)c3Cl)cc2)c1=O,1,0.5278834985459044
0,VAV1,CC(Oc1cc(C(F)(F)F)cc(=O)n1-c1cccc(-n2ncc3c(C4CCC(=O)NC4=O)cccc32)c1)C(F)(F)F,1,0.5962839946248225
0,VAV1,CC(Oc1cc(C(F)F)cc(=O)n1-c1cccc(-n2ncc3c(C4CCC(=O)NC4=O)cccc32)c1)C(F)(F)F,1,0.5962839946248225
0,VAV1,CC1(C)CCCc2cc(-c3cccc(C4CCC(=O)NC4=O)c3Cl)ccc2N1,1,0.5372643898388079
0,VAV1,CC1(C)CCc2cc(-c3cccc(C4CCC(=O)NC4=O)c3Cl)ccc2NC1=O,1,0.5311760031111192
0,VAV1,CC1(C)Cc2nc3c(ccc(=O)n3-c3ccc(-c4cccc(C5CCC(=O)NC5=O)c4Cl)cc3)n2C1,1,0.6840742067445658
0,VAV1,CC1(C)Cc2nc3ccc(=O)n(-c4ccc(-c5cccc(C6CCC(=O)NC6=O)c5Cl)cc4)c3n2C1,1,0.6840742067445658
0,VAV1,CC1(C)Cc2nc3cn(-c4ccc(-c5cccc(C6CCC(=O)NC6=O)c5Cl)cc4)c(=O)cc3n2C1,1,0.6840742067445658
0,VAV1,CC1CCCc2cc(-c3cccc(C4CCC(=O)NC4=O)c3Cl)ccc2N1,1,0.5175004515711934
0,VAV1,CC1CCc2cc(-c3cccc(C4CCC(=O)NC4=O)c3Cl)ccc2NC1=O,1,0.5102677544437594
0,VAV1,CC1Cc2nc3cn(-c4ccc(-c5cccc(C6CCC(=O)NC6=O)c5Cl)cc4)c(=O)cc3n2C1,1,0.6790053770660763
0,VAV1,CC1OCc2cc(Br)ccc2-n2c1cccc2=O,1,0.4002048521681822
0,VAV1,CC1Oc2cc(-c3cccc(C4CCC(=O)NC4=O)c3Cl)ccc2-n2c1cccc2=O,1,0.5102892695214662
0,VAV1,CCC(=O)Nc1sc(-c2cccc(C3CCC(=O)NC3=O)c2Cl)cc1C,1,0.6232431644483326
0,VAV1,CCC(CC)Oc1cc(C(F)F)cc(=O)n1-c1cccc(-n2ncc3c(C4CCC(=O)NC4=O)cccc32)c1,1,0.599185823347798
0,VAV1,CCCn1cc(F)cc(N2CCC(c3cccc(C4CCC(=O)NC4=O)c3Cl)CC2)c1=O,1,0.6147859874261247
0,VAV1,CCCn1cc(F)cc(N2CCN(c3cccc(C4CCC(=O)NC4=O)c3Cl)CC2)c1=O,1,0.6147859874261247
0,VAV1,CCCn1cccc(N2CCC(c3cccc(C4CCC(=O)NC4=O)c3Cl)CC2)c1=O,1,0.6075939358976887
0,VAV1,CCCn1cccc(N2CCN(c3cccc(C4CCC(=O)NC4=O)c3Cl)CC2)c1=O,1,0.6075939358976887
0,VAV1,CCCn1cncc(N2CCC(c3cccc(C4CCC(=O)NC4=O)c3Cl)CC2)c1=O,1,0.6872727040586636
0,VAV1,CCCn1cncc(N2CCN(c3cccc(C4CCC(=O)NC4=O)c3Cl)CC2)c1=O,1,0.6872727040586636
0,VAV1,CCCn1nccc(N2CCC(c3cccc(C4CCC(=O)NC4=O)c3Cl)CC2)c1=O,0,0.6411229563619456
0,VAV1,CCN(C)C(=O)Nc1c(C)cc(-c2cccc(C3CCC(=O)NC3=O)c2Cl)cc1F,1,0.7080948184741055
0,VAV1,CCN(C)C(=O)Nc1ccc(-c2cccc(C3CCC(=O)NC3=O)c2Cl)cc1C,1,0.6936030948169727
0,VAV1,CCN(C)C(=O)c1cccc2cc(-c3cccc(C4CCC(=O)NC4=O)c3Cl)ccc12,1,0.5146456747762558
0,VAV1,CCN(CC)C(=O)c1ccc2cc(-c3cccc(C4CCC(=O)NC4=O)c3Cl)ccc2c1,1,0.4876922223766946
0,VAV1,CCN1C(=O)CCc2cc(-c3cccc(C4CCC(=O)NC4=O)c3Cl)sc21,1,0.6146535216897477
0,VAV1,CCNC(=O)N(c1ccc(-c2cccc(C3CCC(=O)NC3=O)c2Cl)cc1)C12CC(C1)C2,1,0.6464987934097013
0,VAV1,CCNC(=O)N(c1ccc(-c2cccc(C3CCC(=O)NC3=O)c2Cl)cc1)C1CC1,1,0.6316071810159117
0,VAV1,CCNC(=O)N1CCCOc2cc(-c3cccc(C4CCC(=O)NC4=O)c3Cl)ccc21,1,0.6584414510772724
0,VAV1,CCNC(=O)N1CCOCc2cc(-c3cccc(C4CCC(=O)NC4=O)c3Cl)ccc21,1,0.6814486508204957
0,VAV1,CCNC(=O)Nc1c(C)cc(-c2cccc(C3CCC(=O)NC3=O)c2Cl)cc1C#N,1,0.6840184875380048
0,VAV1,CCNC(=O)Nc1c(C)cc(-c2cccc(C3CCC(=O)NC3=O)c2Cl)cc1OC,1,0.6731564077272499
0,VAV1,CCNC(=O)Nc1c(Cl)cc(-c2cccc(C3CCC(=O)NC3=O)c2Cl)cc1OC,1,0.659751645822488
0,VAV1,CCNC(=O)Nc1c(F)cc(-c2cccc(C3CCC(=O)NC3=O)c2Cl)cc1F,1,0.6468210536368677
0,VAV1,CCNC(=O)c1ccc2cc(-c3cccc(C4CCC(=O)NC4=O)c3Cl)ccc2c1,1,0.5405449516055598
0,VAV1,CCNC(=O)c1cccc2cc(-c3cccc(C4CCC(=O)NC4=O)c3Cl)ccc12,1,0.5405449516055598
0,VAV1,CCOCCn1cccc(N2CCN(c3cccc(C4CCC(=O)NC4=O)c3Cl)CC2)c1=O,1,0.6045005756192702
0,VAV1,CCOc1cc(C(F)(F)F)n(-c2cccc(-n3ncc4c(C5CCC(=O)NC5=O)cccc43)c2)c(=O)c1,1,0.6393997420841264
0,VAV1,CCOc1cc(CCC(F)(F)F)n(-c2ccc(-c3cccc(N4CCC(=O)NC4=O)c3Cl)cc2)c(=O)c1,1,0.6989843120122233
0,VAV1,CCOc1cc(CCC(F)(F)F)n(-c2cccc(-n3ncc4c(C5CCC(=O)NC5=O)cccc43)c2)c(=O)c1,1,0.6393997420841264
0,VAV1,CCOc1cc(OCC(F)(F)F)n(-c2cccc(-n3ncc4c(C5CCC(=O)NC5=O)cccc43)c2)c(=O)c1,1,0.6466087542380812
0,VAV1,CCOc1cc(OCCC(F)(F)F)n(-c2cccc(-n3ncc4c(C5CCC(=O)NC5=O)cccc43)c2)c(=O)c1,1,0.6466087542380812
0,VAV1,CCOc1ncccc1N1CCN(c2cccc(C3CCC(=O)NC3=O)c2Cl)CC1,0,0.5897529249389342
0,VAV1,CCc1cc(-c2cccc(C3CCC(=O)NC3=O)c2Cl)ccc1N,1,0.5417464988679077
0,VAV1,CCc1cc(-c2cccc(C3CCC(=O)NC3=O)c2Cl)sc1-n1ccccc1=O,1,0.5656723992562391
0,VAV1,CCc1cc(-c2cccc(C3CCC(=O)NC3=O)c2Cl)sc1NC(C)=O,1,0.6232431644483326
0,VAV1,CCc1cccc(=O)n1-c1ccc(-c2cccc(N3CCC(=O)NC3=O)c2Cl)cc1,1,0.6737685660139499
0,VAV1,CCc1cccc(=O)n1-c1cccc(-n2ncc3c(C4CCC(=O)NC4=O)cccc32)c1,1,0.5625047386365153
0,VAV1,CCn1cc(F)cc(N2CCC(c3cccc(C4CCC(=O)NC4=O)c3Cl)CC2)c1=O,0,0.6118674919712288
0,VAV1,CCn1ccc(F)c(N2CCC(c3cccc(C4CCC(=O)NC4=O)c3Cl)CC2)c1=O,1,0.6118674919712288
0,VAV1,CCn1ccc(F)c(N2CCN(c3cccc(C4CCC(=O)NC4=O)c3Cl)CC2)c1=O,1,0.6118674919712288
0,VAV1,CCn1ccc(OCC(F)(F)F)c(-c2ccc(-c3cccc(C4CCC(=O)NC4=O)c3Cl)cc2)c1=O,1,0.5684774278474906
0,VAV1,CCn1ccc(OCC(F)(F)F)c(-c2cccc(-n3ncc4c(C5CCC(=O)NC5=O)cccc43)c2)c1=O,1,0.6709104812494465
0,VAV1,CCn1ccc(OCCC(F)(F)F)c(-c2cccc(-n3ncc4c(C5CCC(=O)NC5=O)cccc43)c2)c1=O,1,0.6709104812494465
0,VAV1,CCn1cccc(N2CCC(c3cccc(C4CCC(=O)NC4=O)c3Cl)CC2)c1=O,1,0.605983818339406
0,VAV1,CCn1cccc(N2CCN(c3cccc(C4CCC(=O)NC4=O)c3Cl)CC2)c1=O,1,0.605983818339406
0,VAV1,CCn1cncc(N2CCN(c3cccc(C4CCC(=O)NC4=O)c3Cl)CC2)c1=O,0,0.6928946593295126
0,VAV1,CCn1nccc(N2CCC(c3cccc(C4CCC(=O)NC4=O)c3Cl)CC2)c1=O,0,0.6453123358752186
0,VAV1,CCn1nccc(N2CCN(c3cccc(C4CCC(=O)NC4=O)c3Cl)CC2)c1=O,0,0.6453123358752186
0,VAV1,CN(C)C(=O)C[C@H]1CCCN1C(=O)Nc1ccc(-c2cccc(C3CCC(=O)NC3=O)c2Cl)cc1,1,0.757318716858248
0,VAV1,CN(C)C(=O)Cn1cc2c(n1)CCc1cc(-c3cccc(C4CCC(=O)NC4=O)c3Cl)ccc1-2,1,0.661406858354762
0,VAV1,CN(C)C(=O)N(Cc1ccn(C)n1)c1ccc(-c2cccc(C3CCC(=O)NC3=O)c2Cl)cc1,1,0.7631966136038668
0,VAV1,CN(C)C(=O)Nc1c(F)cc(-c2cccc(C3CCC(=O)NC3=O)c2Cl)cc1F,1,0.6604986470879985
0,VAV1,CN(C)C(=O)Nc1ccc(-c2cccc(C3CCC(=O)NC3=O)c2Cl)cc1C(F)F,1,0.6604986470879985
0,VAV1,CN(C)C(=O)Nc1ccc(-c2cccc(C3CCC(=O)NC3=O)c2Cl)cc1C1CC1,1,0.6387604175208091
0,VAV1,CN(C)C(=O)Nc1ccc(-c2cccc(C3CCC(=O)NC3=O)c2Cl)cc1CC(F)F,1,0.6830979981795612
0,VAV1,CN(C)C(=O)Nc1cccn(-c2ccc(-c3cccc(C4CCC(=O)NC4=O)c3Cl)cc2)c1=O,1,0.6610730021155625
0,VAV1,CN(C)C(=O)Oc1ccc(-c2cccc(C3CCC(=O)NC3=O)c2Cl)cc1,1,0.49301393828423223
0,VAV1,CN(C)C(=O)Oc1ccc(-c2cccc(C3CCC(=O)NC3=O)c2Cl)cc1C(F)F,1,0.5160880902973229
0,VAV1,CN(C)C(=O)c1ccc2cc(-c3cccc(C4CCC(=O)NC4=O)c3Cl)ccc2c1,1,0.48347414160798774
0,VAV1,CN(C)CCN(C)C(=O)c1ccc2cc(-c3cccc(C4CCC(=O)NC4=O)c3Cl)ccc2c1,1,0.5486366013333587
0,VAV1,CN(C)CCN(C)C(=O)c1cccc2cc(-c3cccc(C4CCC(=O)NC4=O)c3Cl)ccc12,1,0.5486366013333587
0,VAV1,CN(C)CCNC(=O)c1ccc2cc(-c3cccc(C4CCC(=O)NC4=O)c3Cl)ccc2c1,1,0.5874909096465781
0,VAV1,CN(C)CCNC(=O)c1cccc2cc(-c3cccc(C4CCC(=O)NC4=O)c3Cl)ccc12,1,0.5874909096465781
0,VAV1,CN(C)CCn1cc2c(n1)CCc1cc(-c3cccc(C4CCC(=O)NC4=O)c3Cl)ccc1-2,1,0.6280049015817524
0,VAV1,CN(C)c1cc(C(F)(F)F)n(-c2cccc(-n3ncc4c(C5CCC(=O)NC5=O)cccc43)c2)c(=O)c1,1,0.6801007098353083
0,VAV1,CN(C)c1cccc(=O)n1-c1cccc(-n2ncc3c(C4CCC(=O)NC4=O)cccc32)c1,1,0.6689376784196255
0,VAV1,CN(CCN)C(=O)c1ccc2cc(-c3cccc(C4CCC(=O)NC4=O)c3Cl)ccc2c1,1,0.5800336872937674
0,VAV1,CN(CCN)C(=O)c1cccc2cc(-c3cccc(C4CCC(=O)NC4=O)c3Cl)ccc12,1,0.5800336872937674
0,VAV1,CN(CCO)C(=O)Oc1ccc(-c2cccc(C3CCC(=O)NC3=O)c2Cl)cc1C1CC1,1,0.5922121443686507
0,VAV1,CN(CCO)C(=O)c1ccc2cc(-c3cccc(C4CCC(=O)NC4=O)c3Cl)ccc2c1,1,0.5850881751461131
0,VAV1,CN(CCO)C(=O)c1cccc2cc(-c3cccc(C4CCC(=O)NC4=O)c3Cl)ccc12,1,0.5850881751461131
0,VAV1,CN1CCC2(CC1)Cc1nc3cn(-c4ccc(-c5cccc(C6CCC(=O)NC6=O)c5Cl)cc4)c(=O)cc3n1C2,1,0.7151093249015998
0,VAV1,CN1CCC2(COc3cc(-c4cccc(C5CCC(=O)NC5=O)c4Cl)ccc32)C1=O,1,0.5470997669890172
0,VAV1,CN1CCCC(N2CCN(c3cccc(C4CCC(=O)NC4=O)c3Cl)CC2)C1=O,0,0.5498406824470271
0,VAV1,CN1CCC[C@]2(COc3cc(-c4cccc([C@H]5CCC(=O)NC5=O)c4Cl)ccc32)C1=O,1,0.5470997669890172
0,VAV1,CN1CCCc2cc(-c3cccc(C4CCC(=O)NC4=O)c3Cl)ccc2C1,1,0.5437179800711016
0,VAV1,CN1CCN(CCOc2ccc(-c3cccc(C4CCC(=O)NC4=O)c3Cl)cc2)CC1,1,0.5369191147245272
0,VAV1,CN1CC[C@@H](Oc2cc(C(F)(F)F)cc(=O)n2-c2cccc(-n3ncc4c(C5CCC(=O)NC5=O)cccc43)c2)C1,1,0.6690246728820229
0,VAV1,CN1CC[C@H](Oc2cc(C(F)(F)F)cc(=O)n2-c2cccc(-n3ncc4c(C5CCC(=O)NC5=O)cccc43)c2)C1,1,0.6690246728820229
0,VAV1,CN1CCc2cc(-c3cccc(C4CCC(=O)NC4=O)c3Cl)ccc2N(Cc2ccn(C)n2)C1=O,1,0.711626981594812
0,VAV1,CN1CCc2cc(-c3cccc(C4CCC(=O)NC4=O)c3Cl)ccc2NC1=O,1,0.6230589812768892
0,VAV1,CNC(=O)CN1C(=O)CCOc2cc(-c3cccc(C4CCC(=O)NC4=O)c3Cl)ccc21,1,0.6606092498113094
0,VAV1,CNC(=O)N(C)c1ccc(-c2cccc(C3CCC(=O)NC3=O)c2Cl)cc1,1,0.6371968717178725
0,VAV1,CNC(=O)N(CC1CC1)c1ccc(-c2cccc(C3CCC(=O)NC3=O)c2Cl)cc1,1,0.706611379071157
0,VAV1,CNC(=O)N(CCO)c1ccc(-c2cccc(C3CCC(=O)NC3=O)c2Cl)cc1C,1,0.6973994064933968
0,VAV1,CNC(=O)N(c1ccc(-c2cccc(C3CCC(=O)NC3=O)c2Cl)cc1)C(C)C,1,0.6512506909378682
0,VAV1,CNC(=O)N(c1ccc(-c2cccc(C3CCC(=O)NC3=O)c2Cl)cc1)C1(C)CC1,1,0.631769098401357
0,VAV1,CNC(=O)N(c1ccc(-c2cccc(C3CCC(=O)NC3=O)c2Cl)cc1)C1CC1,1,0.6273007180699331
0,VAV1,CNC(=O)N(c1ccc(-c2cccc(C3CCC(=O)NC3=O)c2Cl)cc1)C1CCC1,1,0.6360579475934032
0,VAV1,CNC(=O)N1CCCOc2cc(-c3cccc(C4CCC(=O)NC4=O)c3Cl)ccc21,1,0.6597721967994334
0,VAV1,CNC(=O)Nc1c(C)cc(-c2cccc(C3CCC(=O)NC3=O)c2Cl)cc1F,1,0.6641896451522754
0,VAV1,CNC(=O)Nc1c(C)cc(-c2cccc(C3CCC(=O)NC3=O)c2Cl)cc1OC,1,0.6319610770167597
0,VAV1,CNC(=O)Nc1c(Cl)cc(-c2cccc(C3CCC(=O)NC3=O)c2Cl)cc1OC,1,0.6198896484453312
0,VAV1,CNC(=O)Nc1c(F)cc(-c2cccc(C3CCC(=O)NC3=O)c2Cl)cc1F,1,0.6487461772095426
0,VAV1,CNC(=O)Nc1ccc(-c2cccc(C3CCC(=O)NC3=O)c2Cl)cc1C,1,0.6443492897347457
0,VAV1,CNC(=O)c1ccc2cc(-c3cccc(C4CCC(=O)NC4=O)c3Cl)ccc2c1,1,0.5274048361618892
0,VAV1,CNC(=O)c1cccc2cc(-c3cccc(C4CCC(=O)NC4=O)c3Cl)ccc12,1,0.5274048361618892
0,VAV1,CNCCN(C)C(=O)c1ccc2cc(-c3cccc(C4CCC(=O)NC4=O)c3Cl)ccc2c1,1,0.5830637387782307
0,VAV1,CNCCN(C)C(=O)c1cccc2cc(-c3cccc(C4CCC(=O)NC4=O)c3Cl)ccc12,1,0.5830637387782307
0,VAV1,CNc1ccc(-c2cccc(C3CCC(=O)NC3=O)c2Cl)cc1C,1,0.5618777906075321
0,VAV1,COC(=O)N(CCO)c1ccc(-c2cccc(C3CCC(=O)NC3=O)c2Cl)cc1C,1,0.6374867613674269
0,VAV1,COC(=O)N(c1ccc(-c2cccc(C3CCC(=O)NC3=O)c2Cl)cc1)C(C)C,1,0.5383141853203257
0,VAV1,COC(=O)N(c1ccc(-c2cccc(C3CCC(=O)NC3=O)c2Cl)cc1)C1CC1,1,0.5182559912232889
0,VAV1,COC(=O)N1CCCOc2cc(-c3cccc(C4CCC(=O)NC4=O)c3Cl)ccc21,1,0.5407156421923228
0,VAV1,COC(=O)Nc1ccc(-c2cccc(C3CCC(=O)NC3=O)c2Cl)cc1C,1,0.5957220166263639
0,VAV1,COC(=O)Nc1sc(-c2cccc(C3CCC(=O)NC3=O)c2Cl)cc1C,1,0.6423292753422223
0,VAV1,COC1(C)CCN(C(=O)Nc2ccc(-c3cccc(C4CCC(=O)NC4=O)c3Cl)cc2C)CC1,1,0.713292487358256
0,VAV1,COC1(CN(C)C(=O)Nc2ccc(-c3cccc(C4CCC(=O)NC4=O)c3Cl)cc2C)CC1,1,0.7176905985727202
0,VAV1,COC1CCN(C(=O)Nc2c(C)cc(-c3cccc(C4CCC(=O)NC4=O)c3Cl)cc2F)CC1,1,0.7383843292523669
0,VAV1,COC1CCN(C(=O)Nc2ccc(-c3cccc(C4CCC(=O)NC4=O)c3Cl)cc2C)CC1,1,0.7089695930303614
0,VAV1,COC1CN(C(=O)Nc2ccc(-c3cccc(C4CCC(=O)NC4=O)c3Cl)cc2C)C1,1,0.6331850971832894
0,VAV1,COCC1(C)CN(C(=O)Nc2ccc(-c3cccc(C4CCC(=O)NC4=O)c3Cl)cc2C)C1,1,0.707481697265143
0,VAV1,COCC1(N(C)C(=O)Nc2ccc(-c3cccc(C4CCC(=O)NC4=O)c3Cl)cc2C)CC1,1,0.7147173369808028
0,VAV1,COCC1CCc2ccc(N3CCC(c4cccc(C5CCC(=O)NC5=O)c4Cl)CC3)c(=O)n21,1,0.6602575442441633
0,VAV1,COCC1CN(C(=O)Nc2c(C)cc(-c3cccc(C4CCC(=O)NC4=O)c3Cl)cc2F)C1,1,0.7300681386859432
0,VAV1,COCC1CN(C(=O)Nc2ccc(-c3cccc(C4CCC(=O)NC4=O)c3Cl)cc2C)C1,1,0.7085114976499434
0,VAV1,COCCN(C)C(=O)Nc1ccc(-c2cccc(C3CCC(=O)NC3=O)c2Cl)cc1,1,0.7025122792650379
0,VAV1,COCCN(C)C(=O)Nc1ccc(-c2cccc(C3CCC(=O)NC3=O)c2Cl)cc1C,1,0.7195170411697999
0,VAV1,COCCN(C)C(=O)Oc1ccc(-c2cccc(C3CCC(=O)NC3=O)c2Cl)cc1C,1,0.5504400746641888
0,VAV1,COCCN(C)C(=O)c1ccc2cc(-c3cccc(C4CCC(=O)NC4=O)c3Cl)ccc2c1,1,0.5288226776890453
0,VAV1,COCCN(C)C(=O)c1cccc2cc(-c3cccc(C4CCC(=O)NC4=O)c3Cl)ccc12,1,0.5288226776890453
0,VAV1,COCCNC(=O)N(c1ccc(-c2cccc(C3CCC(=O)NC3=O)c2Cl)cc1)C1CC1,1,0.6954287470246856
0,VAV1,COCCNC(=O)Nc1ccc(-c2cccc(C3CCC(=O)NC3=O)c2Cl)cc1C,1,0.7173621706418846
0,VAV1,COCCOC(=O)Nc1ccc(-c2cccc(C3CCC(=O)NC3=O)c2Cl)cc1C,1,0.6693680182890471
0,VAV1,COCCOc1cc(C(F)(F)F)cc(=O)n1-c1cccc(-n2ncc3c(C4CCC(=O)NC4=O)cccc32)c1,1,0.6453344604402276
0,VAV1,COCCn1c(C)ccc(N2CCN(c3cccc(C4CCC(=O)NC4=O)c3Cl)CC2)c1=O,1,0.6606835272972776
0,VAV1,COCCn1c(F)ccc(N2CCN(c3cccc(C4CCC(=O)NC4=O)c3Cl)CC2)c1=O,1,0.647767775974356
0,VAV1,COCCn1cc(C)cc(N2CCN(c3cccc(C4CCC(=O)NC4=O)c3Cl)CC2)c1=O,1,0.6606835272972776
0,VAV1,COCCn1cc(F)cc(N2CCC(c3cccc(C4CCC(=O)NC4=O)c3Cl)CC2)c1=O,1,0.647767775974356
0,VAV1,COCCn1cc(F)cc(N2CCN(c3cccc(C4CCC(=O)NC4=O)c3Cl)CC2)c1=O,1,0.647767775974356
0,VAV1,COCCn1cc2c(n1)CCc1cc(-c3cccc(C4CCC(=O)NC4=O)c3Cl)ccc1-2,1,0.6249389379048874
0,VAV1,COCCn1ccc(F)c(N2CCN(c3cccc(C4CCC(=O)NC4=O)c3Cl)CC2)c1=O,1,0.647767775974356
0,VAV1,COCCn1cccc(N2CCC(c3cccc(C4CCC(=O)NC4=O)c3Cl)CC2)c1=O,1,0.6394824312974742
0,VAV1,COCCn1cccc(N2CCN(c3cccc(C4CCC(=O)NC4=O)c3Cl)CC2)c1=O,1,0.6394824312974742
0,VAV1,COCCn1ncc2c1CCc1cc(-c3cccc(C4CCC(=O)NC4=O)c3Cl)ccc1-2,1,0.6271413188572685
0,VAV1,COC[C@@H](C)N(C)C(=O)Nc1ccc(-c2cccc(C3CCC(=O)NC3=O)c2Cl)cc1C,1,0.6986759988787575
0,VAV1,COC[C@@H]1CCCN1C(=O)Nc1ccc(-c2cccc(C3CCC(=O)NC3=O)c2Cl)cc1C,1,0.748027970942731
0,VAV1,COC[C@@H]1CCCN1S(=O)(=O)Nc1ccc(-c2cccc(C3CCC(=O)NC3=O)c2Cl)cc1C,1,0.68054955513553
0,VAV1,COC[C@@H]1CCN1C(=O)Nc1ccc(-c2cccc(C3CCC(=O)NC3=O)c2Cl)cc1C,1,0.6713527938532127
0,VAV1,COC[C@@H]1CN(C(=O)Nc2ccc(-c3cccc(C4CCC(=O)NC4=O)c3Cl)cc2C)CCO1,1,0.732453660466266
0,VAV1,COC[C@@H]1COCCN1C(=O)Nc1ccc(-c2cccc(C3CCC(=O)NC3=O)c2Cl)cc1C,1,0.7339920763200177
0,VAV1,COC[C@@H]1C[C@@H](O)CN1C(=O)Nc1ccc(-c2cccc(C3CCC(=O)NC3=O)c2Cl)cc1C,1,0.7476861067474733
0,VAV1,COC[C@@H]1C[C@H](O)CN1C(=O)Nc1ccc(-c2cccc(C3CCC(=O)NC3=O)c2Cl)cc1C,1,0.7476861067474733
0,VAV1,COC[C@H](C)N(C)C(=O)Nc1ccc(-c2cccc(C3CCC(=O)NC3=O)c2Cl)cc1C,1,0.6986759988787575
0,VAV1,COC[C@H]1CCCN1C(=O)Nc1ccc(-c2cccc(C3CCC(=O)NC3=O)c2Cl)cc1C,1,0.748027970942731
0,VAV1,COC[C@H]1CCN1C(=O)Nc1ccc(-c2cccc(C3CCC(=O)NC3=O)c2Cl)cc1C,1,0.6713527938532127
0,VAV1,COC[C@H]1CN(C(=O)Nc2ccc(-c3cccc(C4CCC(=O)NC4=O)c3Cl)cc2C)CCO1,1,0.732453660466266
0,VAV1,COC[C@H]1COCCN1C(=O)Nc1ccc(-c2cccc(C3CCC(=O)NC3=O)c2Cl)cc1C,1,0.7339920763200177
0,VAV1,COC[C@H]1C[C@@H](O)CN1C(=O)Nc1ccc(-c2cccc(C3CCC(=O)NC3=O)c2Cl)cc1C,1,0.7476861067474733
0,VAV1,COCc1cc(N2CCN(c3cccc(C4CCC(=O)NC4=O)c3Cl)CC2)c(=O)n(C)c1,0,0.6830356482998998
0,VAV1,COCc1cc2cccc(N3CCN(c4cccc(C5CCC(=O)NC5=O)c4Cl)CC3)n2n1,1,0.7428344767291714
0,VAV1,COCc1ccc(N2CCN(c3cccc(C4CCC(=O)NC4=O)c3Cl)CC2)c(=O)n1C,0,0.6509869107559242
0,VAV1,COCc1ccc(N2CCN(c3cccc(C4CCC(=O)NC4=O)c3Cl)CC2)n2nccc12,0,0.7458802311689725
0,VAV1,COCc1cnn2c(N3CCN(c4cccc(C5CCC(=O)NC5=O)c4Cl)CC3)cccc12,1,0.7458802311689725
0,VAV1,CON(C)C(=O)c1cccc2cc(-c3cccc(C4CCC(=O)NC4=O)c3Cl)ccc12,1,0.4899488028944138
0,VAV1,CONC(=O)Nc1ccc(-c2cccc(C3CCC(=O)NC3=O)c2Cl)cc1C,1,0.6369614554260321
0,VAV1,CO[C@@H]1CCN(C(=O)Nc2c(C)cc(-c3cccc(C4CCC(=O)NC4=O)c3Cl)cc2F)C1,1,0.730196050395176
0,VAV1,CO[C@@H]1CCN(C(=O)Nc2ccc(-c3cccc(C4CCC(=O)NC4=O)c3Cl)cc2C)C1,1,0.7011144698234903
0,VAV1,CO[C@@H]1CN(C(=O)Nc2ccc(-c3cccc(C4CCC(=O)NC4=O)c3Cl)cc2C)C[C@@H]1F,1,0.730196050395176
0,VAV1,CO[C@@H]1CN(C(=O)Nc2ccc(-c3cccc(C4CCC(=O)NC4=O)c3Cl)cc2C)C[C@H]1F,1,0.730196050395176
0,VAV1,CO[C@@H]1CN(C(=O)Nc2ccc(-c3cccc(C4CCC(=O)NC4=O)c3Cl)cc2C)C[C@H]1OC,1,0.7079022366543606
0,VAV1,CO[C@@]1(C)CCN(C(=O)Nc2ccc(-c3cccc(C4CCC(=O)NC4=O)c3Cl)cc2C)C1,1,0.7101662399052606
0,VAV1,CO[C@@]1(O)CN(C(=O)Nc2ccc(-c3cccc(C4CCC(=O)NC4=O)c3Cl)cc2C)C[C@@H]1F,1,0.715026896435301
0,VAV1,CO[C@H]1CCN(C(=O)Nc2c(C)cc(-c3cccc(C4CCC(=O)NC4=O)c3Cl)cc2F)C1,1,0.730196050395176
0,VAV1,CO[C@H]1CCN(C(=O)Nc2ccc(-c3cccc(C4CCC(=O)NC4=O)c3Cl)cc2C)C1,1,0.7011144698234903
0,VAV1,CO[C@H]1CN(C(=O)Nc2ccc(-c3cccc(C4CCC(=O)NC4=O)c3Cl)cc2C)C[C@H]1F,1,0.730196050395176
0,VAV1,CO[C@H]1CN(C(=O)Nc2ccc(-c3cccc(C4CCC(=O)NC4=O)c3Cl)cc2C)C[C@H]1OC,1,0.7079022366543606
0,VAV1,CO[C@]1(C)CCN(C(=O)Nc2ccc(-c3cccc(C4CCC(=O)NC4=O)c3Cl)cc2C)C1,1,0.7101662399052606
0,VAV1,COc1cc(-c2cccc(C3CCC(=O)NC3=O)c2Cl)cc(C)c1NC(=O)N(C)C,1,0.6278041448865489
0,VAV1,COc1cc(-c2cccc(C3CCC(=O)NC3=O)c2Cl)cc(C)c1NC(=O)N1CCCC1,1,0.6506396723084045
0,VAV1,COc1cc(-c2cccc(C3CCC(=O)NC3=O)c2Cl)cc(Cl)c1NC(=O)N(C)C,1,0.6278041448865489
0,VAV1,COc1cc(-c2cccc(C3CCC(=O)NC3=O)c2Cl)ccc1OC(=O)N(C)C,1,0.5088770335223275
0,VAV1,COc1cc(C(F)(F)F)n(-c2ccc(-c3cccc(C4CCC(=O)NC4=O)c3C#C[Si](C)(C)C)cc2)c(=O)c1,1,0.6146566430552731
0,VAV1,COc1cc(C(F)(F)F)n(-c2ccc(-c3cccc(N4CCC(=O)NC4=O)c3Cl)cc2)c(=O)c1,1,0.7138280520431662
0,VAV1,COc1cc(C(F)(F)F)n(-c2cccc(-n3ncc4c(C5CCC(=O)NC5=O)cccc43)c2)c(=O)c1,1,0.6472096188484403
0,VAV1,COc1cc(C)n(-c2ccc(F)c(-n3ncc4c(C5CCC(=O)NC5=O)cccc43)c2)c(=O)c1,1,0.6549532393756897
0,VAV1,COc1cc(C)n(-c2cccc(-n3ncc4c(C5CCC(=O)NC5=O)cccc43)c2)c(=O)c1,1,0.6235538450935638
0,VAV1,COc1cc(CCC(F)(F)F)n(-c2ccc(-c3cccc(N4CCC(=O)NC4=O)c3Cl)cc2)c(=O)c1,1,0.7183689760949601
0,VAV1,COc1cc(CCC(F)(F)F)n(-c2cccc(-n3ncc4c(C5CCC(=O)NC5=O)cccc43)c2)c(=O)c1,1,0.663609894888452
0,VAV1,COc1cc(N2CCN(c3cccc(C4CCC(=O)NC4=O)c3Cl)CC2)n2nccc2n1,0,0.7161449054866569
0,VAV1,COc1cc(OC(C)C(F)(F)F)n(-c2cccc(-n3ncc4c(C5CCC(=O)NC5=O)cccc43)c2)c(=O)c1,1,0.6660012252540172
0,VAV1,COc1cc(OCC(F)(F)F)n(-c2cccc(-n3ncc4c(C5CCC(=O)NC5=O)cccc43)c2)c(=O)c1,1,0.6712287272801656
0,VAV1,COc1cc2cccc(N3CCN(c4cccc(C5CCC(=O)NC5=O)c4Cl)CC3)n2n1,1,0.7101146349093983
0,VAV1,COc1ccc(-c2cccc(C3CCC(=O)NC3=O)c2Cl)cc1OC(F)F,0,0.4952884414538594
0,VAV1,COc1ccc(N2CCN(c3cccc(C4CCC(=O)NC4=O)c3Cl)CC2)n2nccc12,0,0.702372573113097
0,VAV1,COc1cccc(=O)n1-c1cccc(-n2ncc3c(C4CCC(=O)NC4=O)cccc32)c1,1,0.5827420576619572
0,VAV1,COc1cccn(-c2ccc(-c3cccc(C4CCC(=O)NC4=O)c3Cl)s2)c1=O,1,0.5983111890189606
0,VAV1,COc1cccn(-c2sc(-c3cccc(C4CCC(=O)NC4=O)c3Cl)cc2C)c1=O,1,0.6267670543137965
0,VAV1,COc1ccn(-c2sc(-c3cccc(C4CCC(=O)NC4=O)c3Cl)cc2C)c(=O)c1,1,0.6606608481117119
0,VAV1,COc1cnn2c(N3CCN(c4cccc(C5CCC(=O)NC5=O)c4Cl)CC3)cccc12,1,0.702372573113097
0,VAV1,COc1nc(C)ccc1N1CCC(c2cccc(C3CCC(=O)NC3=O)c2Cl)CC1,0,0.6050725967118564
0,VAV1,COc1nc(C)ccc1N1CCN(c2cccc(C3CCC(=O)NC3=O)c2Cl)CC1,0,0.6050725967118564
0,VAV1,COc1ncccc1N1CCC(c2cccc(C3CCC(=O)NC3=O)c2Cl)CC1,0,0.5917803667196266
0,VAV1,C[C@@H](Oc1cc(C(F)(F)F)cc(=O)n1-c1cccc(-n2ncc3c(C4CCC(=O)NC4=O)cccc32)c1)C(F)(F)F,1,0.5962839946248225
0,VAV1,C[C@@H]1Oc2cc(-c3cccc([C@@H]4CCC(=O)NC4=O)c3Cl)ccc2-n2c1cccc2=O,1,0.5102892695214662
0,VAV1,C[C@H](Oc1cc(C(F)(F)F)cc(=O)n1-c1ccc(-c2cccc(C3CCC(=O)NC3=O)c2Cl)cc1)C(F)(F)F,1,0.5434592311204139
0,VAV1,C[C@H](Oc1cc(C(F)(F)F)cc(=O)n1-c1cccc(-n2ncc3c(C4CCC(=O)NC4=O)cccc32)c1)C(F)(F)F,1,0.5962839946248225
0,VAV1,C[C@H](Oc1cc(C(F)F)cc(=O)n1-c1cccc(-n2ncc3c(C4CCC(=O)NC4=O)cccc32)c1)C(F)(F)F,1,0.5962839946248225
0,VAV1,C[C@H]1CCCN1C(=O)Oc1ccc(-c2cccc(C3CCC(=O)NC3=O)c2Cl)cc1,1,0.4711068294593255
0,VAV1,C[C@H]1OCc2cccc(=O)n2-c2ccc(Br)cc21,1,0.4023715188348489
0,VAV1,Cc1c(NC(=O)N(C)C)ccc(-c2cccc(C3CCC(=O)NC3=O)c2Cl)c1F,1,0.6716950756594272
0,VAV1,Cc1cc(-c2c(C)noc2C)n(-c2cccc(-n3ncc4c(C5CCC(=O)NC5=O)cccc43)c2)c(=O)c1,1,0.6409211708250729
0,VAV1,Cc1cc(-c2cccc(C3CCC(=O)NC3=O)c2Cl)c(F)cc1NC(=O)N(C)C,1,0.6716950756594272
0,VAV1,Cc1cc(-c2cccc(C3CCC(=O)NC3=O)c2Cl)cc(F)c1NC(=O)N(C)C,1,0.6716950756594272
0,VAV1,Cc1cc(-c2cccc(C3CCC(=O)NC3=O)c2Cl)cc(F)c1NC(=O)N1CCC(F)(F)C1,1,0.7000310619298056
0,VAV1,Cc1cc(-c2cccc(C3CCC(=O)NC3=O)c2Cl)cc(F)c1NC(=O)N1CCCC1,1,0.6976361300256554
0,VAV1,Cc1cc(-c2cccc(C3CCC(=O)NC3=O)c2Cl)cc(F)c1NC(=O)N1CC[C@H](F)C1,1,0.6976361300256554
0,VAV1,Cc1cc(-c2cccc(C3CCC(=O)NC3=O)c2Cl)cc(F)c1NC(=O)N1CC[C@H](OC(F)F)C1,1,0.700329036042225
0,VAV1,Cc1cc(-c2cccc(C3CCC(=O)NC3=O)c2Cl)ccc1N1CCC(OC(F)F)C1=O,1,0.5501191513275543
0,VAV1,Cc1cc(-c2cccc(C3CCC(=O)NC3=O)c2Cl)ccc1NC(=O)C(=O)N(C)C,1,0.5719020781083608
0,VAV1,Cc1cc(-c2cccc(C3CCC(=O)NC3=O)c2Cl)ccc1NC(=O)N(C)C,1,0.6514745004616779
0,VAV1,Cc1cc(-c2cccc(C3CCC(=O)NC3=O)c2Cl)ccc1NC(=O)N(C)C1(CO)CC1,1,0.696124004075941
0,VAV1,Cc1cc(-c2cccc(C3CCC(=O)NC3=O)c2Cl)ccc1NC(=O)N(C)C1CC1,1,0.6363482649674801
0,VAV1,Cc1cc(-c2cccc(C3CCC(=O)NC3=O)c2Cl)ccc1NC(=O)N(C)CC(=O)N(C)C,1,0.7072840770392018
0,VAV1,Cc1cc(-c2cccc(C3CCC(=O)NC3=O)c2Cl)ccc1NC(=O)N(C)CC(C)(C)O,1,0.7010219214833653
0,VAV1,Cc1cc(-c2cccc(C3CCC(=O)NC3=O)c2Cl)ccc1NC(=O)N(C)CC(F)F,1,0.7092931518074388
0,VAV1,Cc1cc(-c2cccc(C3CCC(=O)NC3=O)c2Cl)ccc1NC(=O)N(C)CCC#N,1,0.7179114822628597
0,VAV1,Cc1cc(-c2cccc(C3CCC(=O)NC3=O)c2Cl)ccc1NC(=O)N(C)CCN(C)C,1,0.7143302545853085
0,VAV1,Cc1cc(-c2cccc(C3CCC(=O)NC3=O)c2Cl)ccc1NC(=O)N(C)CCO,1,0.7003757218930634
0,VAV1,Cc1cc(-c2cccc(C3CCC(=O)NC3=O)c2Cl)ccc1NC(=O)N(C)CCOC(F)F,1,0.7280584930435784
0,VAV1,Cc1cc(-c2cccc(C3CCC(=O)NC3=O)c2Cl)ccc1NC(=O)N(C)CCS(C)(=O)=O,1,0.7061920843718111
0,VAV1,Cc1cc(-c2cccc(C3CCC(=O)NC3=O)c2Cl)ccc1NC(=O)N(C)[C@@H]1CCOC1,1,0.705234225850843
0,VAV1,Cc1cc(-c2cccc(C3CCC(=O)NC3=O)c2Cl)ccc1NC(=O)N(C)[C@H]1CCOC1,1,0.705234225850843
0,VAV1,Cc1cc(-c2cccc(C3CCC(=O)NC3=O)c2Cl)ccc1NC(=O)N(C)c1cnn(C)c1,1,0.7274656553911997
0,VAV1,Cc1cc(-c2cccc(C3CCC(=O)NC3=O)c2Cl)ccc1NC(=O)N1CC(C#N)C1,1,0.6531807694931955
0,VAV1,Cc1cc(-c2cccc(C3CCC(=O)NC3=O)c2Cl)ccc1NC(=O)N1CC(C(F)F)C1,1,0.6411853237764821
0,VAV1,Cc1cc(-c2cccc(C3CCC(=O)NC3=O)c2Cl)ccc1NC(=O)N1CC(C)(CO)C1,1,0.6874046111098268
0,VAV1,Cc1cc(-c2cccc(C3CCC(=O)NC3=O)c2Cl)ccc1NC(=O)N1CC(C)(O)C1,1,0.6282246269488696
0,VAV1,Cc1cc(-c2cccc(C3CCC(=O)NC3=O)c2Cl)ccc1NC(=O)N1CC(C)C1,1,0.6445145064516478
0,VAV1,Cc1cc(-c2cccc(C3CCC(=O)NC3=O)c2Cl)ccc1NC(=O)N1CC(CO)C1,1,0.6881896173224967
0,VAV1,Cc1cc(-c2cccc(C3CCC(=O)NC3=O)c2Cl)ccc1NC(=O)N1CC(F)(F)C1,1,0.6385048588552356
0,VAV1,Cc1cc(-c2cccc(C3CCC(=O)NC3=O)c2Cl)ccc1NC(=O)N1CC(F)C1,1,0.6411853237764821
0,VAV1,Cc1cc(-c2cccc(C3CCC(=O)NC3=O)c2Cl)ccc1NC(=O)N1CC(N(C)C)C1,1,0.6529337531331796
0,VAV1,Cc1cc(-c2cccc(C3CCC(=O)NC3=O)c2Cl)ccc1NC(=O)N1CC(O)C1,1,0.6284505265099034
0,VAV1,Cc1cc(-c2cccc(C3CCC(=O)NC3=O)c2Cl)ccc1NC(=O)N1CC(S(C)(=O)=O)C1,1,0.6384136612398098
0,VAV1,Cc1cc(-c2cccc(C3CCC(=O)NC3=O)c2Cl)ccc1NC(=O)N1CC2(CC2)C1,1,0.6273538571780587
0,VAV1,Cc1cc(-c2cccc(C3CCC(=O)NC3=O)c2Cl)ccc1NC(=O)N1CC2(COC2)C1,1,0.6717215851534701
0,VAV1,Cc1cc(-c2cccc(C3CCC(=O)NC3=O)c2Cl)ccc1NC(=O)N1CCC(C)(O)CC1,1,0.7117959860624075
0,VAV1,Cc1cc(-c2cccc(C3CCC(=O)NC3=O)c2Cl)ccc1NC(=O)N1CCC(F)(F)C1,1,0.7000310619298056
0,VAV1,Cc1cc(-c2cccc(C3CCC(=O)NC3=O)c2Cl)ccc1NC(=O)N1CCC(O)CC1,1,0.7123049235784293
0,VAV1,Cc1cc(-c2cccc(C3CCC(=O)NC3=O)c2Cl)ccc1NC(=O)N1CCC1,1,0.6360199237956725
0,VAV1,Cc1cc(-c2cccc(C3CCC(=O)NC3=O)c2Cl)ccc1NC(=O)N1CCCC1,1,0.680608325673618
0,VAV1,Cc1cc(-c2cccc(C3CCC(=O)NC3=O)c2Cl)ccc1NC(=O)N1CCC[C@@H]1C(F)F,1,0.6835150445976734
0,VAV1,Cc1cc(-c2cccc(C3CCC(=O)NC3=O)c2Cl)ccc1NC(=O)N1CCC[C@@H]1CC#N,1,0.7240843184200507
0,VAV1,Cc1cc(-c2cccc(C3CCC(=O)NC3=O)c2Cl)ccc1NC(=O)N1CCC[C@H]1C(F)F,1,0.6835150445976734
0,VAV1,Cc1cc(-c2cccc(C3CCC(=O)NC3=O)c2Cl)ccc1NC(=O)N1CCC[C@H]1CC#N,1,0.7240843184200507
0,VAV1,Cc1cc(-c2cccc(C3CCC(=O)NC3=O)c2Cl)ccc1NC(=O)N1CCC[C@H]1CO,1,0.7231510045569244
0,VAV1,Cc1cc(-c2cccc(C3CCC(=O)NC3=O)c2Cl)ccc1NC(=O)N1CCN(C)C(=O)C1,1,0.7111987698517034
0,VAV1,Cc1cc(-c2cccc(C3CCC(=O)NC3=O)c2Cl)ccc1NC(=O)N1CCN(C)CC1,1,0.7205887064165689
0,VAV1,Cc1cc(-c2cccc(C3CCC(=O)NC3=O)c2Cl)ccc1NC(=O)N1CCOCC1,1,0.6980919040039084
0,VAV1,Cc1cc(-c2cccc(C3CCC(=O)NC3=O)c2Cl)ccc1NC(=O)N1CCOC[C@@H]1CC#N,1,0.716244080545098
0,VAV1,Cc1cc(-c2cccc(C3CCC(=O)NC3=O)c2Cl)ccc1NC(=O)N1CCOC[C@@H]1CO,1,0.7256593369966842
0,VAV1,Cc1cc(-c2cccc(C3CCC(=O)NC3=O)c2Cl)ccc1NC(=O)N1CCOC[C@H]1CC#N,1,0.716244080545098
0,VAV1,Cc1cc(-c2cccc(C3CCC(=O)NC3=O)c2Cl)ccc1NC(=O)N1CCOC[C@H]1CF,1,0.7383469448622875
0,VAV1,Cc1cc(-c2cccc(C3CCC(=O)NC3=O)c2Cl)ccc1NC(=O)N1CCOC[C@H]1CO,1,0.7256593369966842
0,VAV1,Cc1cc(-c2cccc(C3CCC(=O)NC3=O)c2Cl)ccc1NC(=O)N1CCOC[C@H]1COC(F)F,1,0.7288582555549215
0,VAV1,Cc1cc(-c2cccc(C3CCC(=O)NC3=O)c2Cl)ccc1NC(=O)N1CCS(=O)(=O)CC1,1,0.6762696029980552
0,VAV1,Cc1cc(-c2cccc(C3CCC(=O)NC3=O)c2Cl)ccc1NC(=O)N1CC[C@@H](C(F)F)C1,1,0.6976361300256554
0,VAV1,Cc1cc(-c2cccc(C3CCC(=O)NC3=O)c2Cl)ccc1NC(=O)N1CC[C@@H](F)C1,1,0.6976361300256554
0,VAV1,Cc1cc(-c2cccc(C3CCC(=O)NC3=O)c2Cl)ccc1NC(=O)N1CC[C@@H](N(C)C)C1,1,0.7224092707799136
0,VAV1,Cc1cc(-c2cccc(C3CCC(=O)NC3=O)c2Cl)ccc1NC(=O)N1CC[C@@H](O)C1,1,0.6967045120907276
0,VAV1,Cc1cc(-c2cccc(C3CCC(=O)NC3=O)c2Cl)ccc1NC(=O)N1CC[C@@H](OC(F)F)C1,1,0.700329036042225
0,VAV1,Cc1cc(-c2cccc(C3CCC(=O)NC3=O)c2Cl)ccc1NC(=O)N1CC[C@@](C)(O)C1,1,0.7054672405220316
0,VAV1,Cc1cc(-c2cccc(C3CCC(=O)NC3=O)c2Cl)ccc1NC(=O)N1CC[C@H](C(F)F)C1,1,0.6976361300256554
0,VAV1,Cc1cc(-c2cccc(C3CCC(=O)NC3=O)c2Cl)ccc1NC(=O)N1CC[C@H](F)C1,1,0.6976361300256554
0,VAV1,Cc1cc(-c2cccc(C3CCC(=O)NC3=O)c2Cl)ccc1NC(=O)N1CC[C@H](N(C)C)C1,1,0.7224092707799136
0,VAV1,Cc1cc(-c2cccc(C3CCC(=O)NC3=O)c2Cl)ccc1NC(=O)N1CC[C@H](O)C1,1,0.6967045120907276
0,VAV1,Cc1cc(-c2cccc(C3CCC(=O)NC3=O)c2Cl)ccc1NC(=O)N1CC[C@H](OC(F)F)C1,1,0.700329036042225
0,VAV1,Cc1cc(-c2cccc(C3CCC(=O)NC3=O)c2Cl)ccc1NC(=O)N1CC[C@](C)(O)C1,1,0.7054672405220316
0,VAV1,Cc1cc(-c2cccc(C3CCC(=O)NC3=O)c2Cl)ccc1NC(=O)N1C[C@@H]2OCCO[C@@H]2C1,1,0.7099533971332503
0,VAV1,Cc1cc(-c2cccc(C3CCC(=O)NC3=O)c2Cl)ccc1NC(=O)N1C[C@H]2COC[C@@H]2C1,1,0.7203722630340936
0,VAV1,Cc1cc(-c2cccc(C3CCC(=O)NC3=O)c2Cl)ccc1NC(=O)N1C[C@H]2COC[C@H]2C1,1,0.7203722630340936
0,VAV1,Cc1cc(-c2cccc(C3CCC(=O)NC3=O)c2Cl)ccc1NC(=O)N1C[C@H]2OCCO[C@@H]2C1,1,0.7099533971332503
0,VAV1,Cc1cc(-c2cccc(C3CCC(=O)NC3=O)c2Cl)ccc1NC(=O)NC1CC1,1,0.6210555552890072
0,VAV1,Cc1cc(-c2cccc(C3CCC(=O)NC3=O)c2Cl)ccc1NC(=O)OC1CN(C)C1,1,0.5746677344091994
0,VAV1,Cc1cc(-c2cccc(C3CCC(=O)NC3=O)c2Cl)ccc1NC(=O)OCCO,1,0.623231197252552
0,VAV1,Cc1cc(-c2cccc(C3CCC(=O)NC3=O)c2Cl)ccc1NC(=O)O[C@@H]1CCOC1,1,0.6322186846659251
0,VAV1,Cc1cc(-c2cccc(C3CCC(=O)NC3=O)c2Cl)ccc1NC(=O)O[C@H]1CCOC1,1,0.6322186846659251
0,VAV1,Cc1cc(-c2cccc(C3CCC(=O)NC3=O)c2Cl)ccc1NC(N)=O,1,0.6320211448979922
0,VAV1,Cc1cc(-c2cccc(C3CCC(=O)NC3=O)c2Cl)ccc1OC(=O)N(C)C,1,0.5096270335223274
0,VAV1,Cc1cc(-c2cccc(C3CCC(=O)NC3=O)c2Cl)ccc1OC(=O)N(C)C1(CO)CC1,1,0.6212466345529144
0,VAV1,Cc1cc(-c2cccc(C3CCC(=O)NC3=O)c2Cl)ccc1OC(=O)N(C)CCN(C)C,1,0.5575788469037571
0,VAV1,Cc1cc(-c2cccc(C3CCC(=O)NC3=O)c2Cl)ccc1OC(=O)N(C)CCO,1,0.6054444747042937
0,VAV1,Cc1cc(-c2cccc(C3CCC(=O)NC3=O)c2Cl)ccc1OC(=O)N(C)[C@@H](C)CO,1,0.5983428529342508
0,VAV1,Cc1cc(-c2cccc(C3CCC(=O)NC3=O)c2Cl)ccc1OC(=O)N(C)[C@H](C)CO,1,0.5983428529342508
0,VAV1,Cc1cc(-c2cccc(C3CCC(=O)NC3=O)c2Cl)ccc1OC(=O)N1CC(O)C1,1,0.48992164450431847
0,VAV1,Cc1cc(-c2cccc(C3CCC(=O)NC3=O)c2Cl)ccc1OC(=O)N1CCC(N(C)C)C1,1,0.560827034540069
0,VAV1,Cc1cc(-c2cccc(C3CCC(=O)NC3=O)c2Cl)ccc1OC(=O)N1CCC1,1,0.4428947880585843
0,VAV1,Cc1cc(-c2cccc(C3CCC(=O)NC3=O)c2Cl)ccc1OC(=O)N1CCCC1,1,0.46484681025596253
0,VAV1,Cc1cc(-c2cccc(C3CCC(=O)NC3=O)c2Cl)ccc1OC(=O)N1CCC[C@@H]1CO,1,0.5974582614160385
0,VAV1,Cc1cc(-c2cccc(C3CCC(=O)NC3=O)c2Cl)ccc1OC(=O)N1CCC[C@H]1CO,1,0.5974582614160385
0,VAV1,Cc1cc(-c2cccc(C3CCC(=O)NC3=O)c2Cl)ccc1OC(=O)N1CCN(C)CC1,1,0.5083139058013962
0,VAV1,Cc1cc(-c2cccc(C3CCC(=O)NC3=O)c2Cl)ccc1OC(=O)N1CCOCC1,1,0.4858545430454466
0,VAV1,Cc1cc(-c2cccc(C3CCC(=O)NC3=O)c2Cl)ccc1OC(=O)N1CCOC[C@@H]1CO,1,0.6125994137583587
0,VAV1,Cc1cc(-c2cccc(C3CCC(=O)NC3=O)c2Cl)ccc1OC(=O)N1CCOC[C@H]1CO,1,0.6125994137583587
0,VAV1,Cc1cc(-c2cccc(C3CCC(=O)NC3=O)c2Cl)ccc1OC(=O)N1CCS(=O)(=O)CC1,1,0.5343929550002376
0,VAV1,Cc1cc(-c2cccc(C3CCC(=O)NC3=O)c2Cl)ccc1OC(=O)N1CC[C@@H](N(C)C)C1,1,0.560827034540069
0,VAV1,Cc1cc(-c2cccc(C3CCC(=O)NC3=O)c2Cl)ccc1OC(=O)N1CC[C@@H](O)C1,1,0.5458652569842956
0,VAV1,Cc1cc(-c2cccc(C3CCC(=O)NC3=O)c2Cl)ccc1OC(=O)N1CC[C@@H]1CO,1,0.5338546479059783
0,VAV1,Cc1cc(-c2cccc(C3CCC(=O)NC3=O)c2Cl)ccc1OC(=O)N1CC[C@H](O)C1,1,0.5458652569842956
0,VAV1,Cc1cc(-c2cccc(C3CCC(=O)NC3=O)c2Cl)ccc1OC(=O)N1CC[C@H]1CO,1,0.5338546479059783
0,VAV1,Cc1cc(-c2cccc(C3CCC(=O)NC3=O)c2Cl)ccc1OC(=O)N[C@@H]1CCOC1,1,0.608853120308442
0,VAV1,Cc1cc(-c2cccc(C3CCC(=O)NC3=O)c2Cl)ccc1OC(=O)N[C@H]1CCOC1,1,0.608853120308442
0,VAV1,Cc1cc(-c2cccc(C3CCC(=O)NC3=O)c2Cl)sc1-n1cc(F)ccc1=O,1,0.5742332281241589
0,VAV1,Cc1cc(-c2cccc(C3CCC(=O)NC3=O)c2Cl)sc1-n1ccc(C2CC2)cc1=O,1,0.570402549471337
0,VAV1,Cc1cc(-c2cccc(C3CCC(=O)NC3=O)c2Cl)sc1-n1ccc(F)cc1=O,1,0.5742332281241589
0,VAV1,Cc1cc(-c2cccc(C3CCC(=O)NC3=O)c2Cl)sc1-n1cccc(C)c1=O,1,0.5950520821874791
0,VAV1,Cc1cc(-c2cccc(C3CCC(=O)NC3=O)c2Cl)sc1-n1cccc(F)c1=O,1,0.5742332281241589
0,VAV1,Cc1cc(-c2cccc(C3CCC(=O)NC3=O)c2Cl)sc1-n1ccccc1=O,1,0.5648154979383949
0,VAV1,Cc1cc(-c2cccc(C3CCC(=O)NC3=O)c2Cl)sc1-n1ccncc1=O,1,0.5624459480438451
0,VAV1,Cc1cc(-c2cccc(C3CCC(=O)NC3=O)c2Cl)sc1N1CCOC1=O,1,0.6066884376544657
0,VAV1,Cc1cc(-c2cccc(C3CCC(=O)NC3=O)c2Cl)sc1NC(=O)C1CC1,1,0.5882936800428329
0,VAV1,Cc1cc(-c2cccc(C3CCC(=O)NC3=O)c2Cl)sc1NC(=O)c1ccccc1,1,0.5809399618432243
0,VAV1,Cc1cc(-c2cccc(C3CCC(=O)NC3=O)c2Cl)sc1NC(=O)c1ccn(C)n1,1,0.7319600068808139
0,VAV1,Cc1cc(-c2cccc(C3CCC(=O)NC3=O)c2Cl)sc1Oc1ccccn1,1,0.5375748268140058
0,VAV1,Cc1cc(-c2cccc(C3CCC(=O)NC3=O)c2Cl)sc1Oc1ccncn1,1,0.6543748969832252
0,VAV1,Cc1cc(-c2cccc(C3CCC(=O)NC3=O)c2Cl)sc1Oc1cnccn1,1,0.529636395800575
0,VAV1,Cc1cc(-c2cccc(C3CCC(=O)NC3=O)c2Cl)sc1Oc1ncc(Cl)cn1,1,0.6488161519109659
0,VAV1,Cc1cc(-c2cccc(C3CCC(=O)NC3=O)c2Cl)sc1Oc1ncc(F)cn1,1,0.664372679247292
0,VAV1,Cc1cc(-c2cccc(C3CCC(=O)NC3=O)c2Cl)sc1Oc1ncccn1,1,0.6488161519109659
0,VAV1,Cc1cc(-c2cccc(C3CCC(=O)NC3=O)c2Cl)sc1Oc1nccnc1C,1,0.5560350832242622
0,VAV1,Cc1cc(-c2ccccc2)n(-c2cccc(-n3ncc4c(C5CCC(=O)NC5=O)cccc43)c2)c(=O)c1,1,0.5688240213508451
0,VAV1,Cc1cc(-c2ccoc2)n(-c2cccc(-n3ncc4c(C5CCC(=O)NC5=O)cccc43)c2)c(=O)c1,1,0.6054519280758243
0,VAV1,Cc1cc(-c2cnco2)n(-c2cccc(-n3ncc4c(C5CCC(=O)NC5=O)cccc43)c2)c(=O)c1,1,0.5744385055955283
0,VAV1,Cc1cc(-c2cscn2)n(-c2cccc(-n3ncc4c(C5CCC(=O)NC5=O)cccc43)c2)c(=O)c1,1,0.6213501996184283
0,VAV1,Cc1cc(-n2cc(F)c(F)c2)n(-c2cccc(-n3ncc4c(C5CCC(=O)NC5=O)cccc43)c2)c(=O)c1,1,0.6770189452513932
0,VAV1,Cc1cc(=O)n(-c2ccc(-c3cccc(C4CCC(=O)NC4=O)c3Cl)cc2)c2c1CCCCCC2,1,0.5799608880134661
0,VAV1,Cc1cc(=O)n(-c2ccc(-c3cccc(C4CCC(=O)NC4=O)c3Cl)cc2)c2c1nc1n2CCC1,1,0.6834628174705754
0,VAV1,Cc1cc(=O)n(-c2ccc(-c3cccc(N4CCC(=O)NC4=O)c3Cl)cc2)c(C)c1C,1,0.7039307865914072
0,VAV1,Cc1cc(=O)n(-c2cccc(-n3ncc4c(C5CCC(=O)NC5=O)cccc43)c2)c(C)c1C,1,0.6054196103944178
0,VAV1,Cc1cc(B2OC(C)(C)C(C)(C)O2)c(Cl)c(C2CCC(=O)NC2=O)c1,1,0.4447354369578622
0,VAV1,Cc1cc(C(F)(F)C(F)(F)F)n(-c2cccc(-n3ncc4c(C5CCC(=O)NC5=O)cccc43)c2)c(=O)c1,1,0.6207411107091294
0,VAV1,Cc1cc(C(F)(F)F)n(-c2ccc(-c3cccc(N4CCC(=O)NC4=O)c3Cl)cc2)c(=O)c1,1,0.7136510817634255
0,VAV1,Cc1cc(C(F)(F)F)n(-c2ccc(F)c(-n3ncc4c(C5CCC(=O)NC5=O)cccc43)c2)c(=O)c1,1,0.6220103166501904
0,VAV1,Cc1cc(C(F)(F)F)n(-c2cccc(-n3ncc4c(C5CCC(=O)NC5=O)cccc43)c2)c(=O)c1,1,0.6207411107091294
0,VAV1,Cc1cc(C(F)(F)F)nc(=O)n1-c1cccc(-n2ncc3c(C4CCC(=O)NC4=O)cccc32)c1,1,0.6844088308294983
0,VAV1,Cc1cc(C)n(-c2cc(-c3cccc(C4CCC(=O)NC4=O)c3Cl)cs2)c(=O)c1,1,0.5950520821874791
0,VAV1,Cc1cc(C)n(-c2ccc(-c3cccc(C4CCC(=O)NC4=O)c3Cl)s2)c(=O)c1,1,0.5950520821874791
0,VAV1,Cc1cc(C)n(-c2ccc(-c3cccc(C4CCC(=O)NC4=O)c3Cl)s2)c(=O)c1C#N,1,0.6707255000620862
0,VAV1,Cc1cc(C)n(-c2ccc(F)c(-n3ncc4c(C5CCC(=O)NC5=O)cccc43)c2)c(=O)c1,1,0.6257074989923547
0,VAV1,Cc1cc(C)n(-c2cccc(-n3ncc4c(C5CCC(=O)NC5=O)cccc43)c2)c(=O)c1,1,0.5911481818229892
0,VAV1,Cc1cc(C)n(-c2csc(-c3cccc(C4CCC(=O)NC4=O)c3Cl)c2)c(=O)c1,1,0.5742711298065268
0,VAV1,Cc1cc(C2CC2)n(-c2ccc(-c3cccc(N4CCC(=O)NC4=O)c3Cl)cc2)c(=O)c1,1,0.6848351268619111
0,VAV1,Cc1cc(C2CC2)n(-c2cccc(-n3ncc4c(C5CCC(=O)NC5=O)cccc43)c2)c(=O)c1,1,0.5676982190709332
0,VAV1,Cc1cc(C2CCCCC2)n(-c2cccc(-n3ncc4c(C5CCC(=O)NC5=O)cccc43)c2)c(=O)c1,1,0.6146950137962753
0,VAV1,Cc1cc(CC(F)(F)F)n(-c2ccc(-c3cccc(N4CCC(=O)NC4=O)c3Cl)cc2)c(=O)c1,1,0.733718185569588
0,VAV1,Cc1cc(CCC(F)(F)F)n(-c2ccc(-c3cccc(N4CCC(=O)NC4=O)c3Cl)cc2)c(=O)c1,1,0.733718185569588
0,VAV1,Cc1cc(CCC(F)(F)F)n(-c2cccc(-n3ncc4c(C5CCC(=O)NC5=O)cccc43)c2)c(=O)c1,1,0.6409007815551779
0,VAV1,Cc1cc(CN2C(=O)CCOc3cc(-c4cccc(C5CCC(=O)NC5=O)c4Cl)ccc32)n[nH]1,1,0.6910021351120165
0,VAV1,Cc1cc(Cl)cc(=O)n1-c1ccc(-c2cccc(C3CCC(=O)NC3=O)c2Cl)s1,1,0.5648154979383949
0,VAV1,Cc1cc(N2CC3CC3C2)n(-c2cccc(-n3ncc4c(C5CCC(=O)NC5=O)cccc43)c2)c(=O)c1,1,0.6935101676126837
0,VAV1,Cc1cc(N2CC3CCC2C3)n(-c2cccc(-n3ncc4c(C5CCC(=O)NC5=O)cccc43)c2)c(=O)c1,1,0.7100425291723157
0,VAV1,Cc1cc(N2CCC(F)(F)CC2)n(-c2cccc(-n3ncc4c(C5CCC(=O)NC5=O)cccc43)c2)c(=O)c1,1,0.7383214512835883
0,VAV1,Cc1cc(N2CCC3(CC3)C2)n(-c2cccc(-n3ncc4c(C5CCC(=O)NC5=O)cccc43)c2)c(=O)c1,1,0.6816891137856929
0,VAV1,Cc1cc(N2CCC3CC32)n(-c2cccc(-n3ncc4c(C5CCC(=O)NC5=O)cccc43)c2)c(=O)c1,1,0.7078796898553668
0,VAV1,Cc1cc(N2CCCCC2)n(-c2cccc(-n3ncc4c(C5CCC(=O)NC5=O)cccc43)c2)c(=O)c1,1,0.7020605773341386
0,VAV1,Cc1cc(N2CCN(c3cccc(C4CCC(=O)NC4=O)c3Cl)CC2)c(=O)n(C)c1,0,0.6266260916913241
0,VAV1,Cc1cc(N2CCOCC2)n(-c2cccc(-n3ncc4c(C5CCC(=O)NC5=O)cccc43)c2)c(=O)c1,1,0.6839656430428442
0,VAV1,Cc1cc(OC2CCOC2)n(-c2cccc(-n3ncc4c(C5CCC(=O)NC5=O)cccc43)c2)c(=O)c1,1,0.5657391054035503
0,VAV1,Cc1cc(OCC(F)(F)F)n(-c2ccc(-c3cccc(N4CCC(=O)NC4=O)c3Cl)cc2)c(=O)c1,1,0.7284597258229519
0,VAV1,Cc1cc(OCC(F)(F)F)n(-c2cccc(-n3ncc4c(C5CCC(=O)NC5=O)cccc43)c2)c(=O)c1,1,0.6255631869727636
0,VAV1,Cc1cc2cccc(N3CCN(c4cccc(C5CCC(=O)NC5=O)c4Cl)CC3)n2n1,1,0.7175363248305757
0,VAV1,Cc1cc2n(n1)CC1(CC1)N(c1ccc(-c3cccc(C4CCC(=O)NC4=O)c3Cl)cc1)C2=O,1,0.6669312912871312
0,VAV1,Cc1ccc(=O)n(-c2sc(-c3cccc(C4CCC(=O)NC4=O)c3Cl)cc2C)c1,1,0.5950520821874791
0,VAV1,Cc1ccc(C)n(-c2cccc(-n3ncc4c(C5CCC(=O)NC5=O)cccc43)c2)c1=O,1,0.5911481818229892
0,VAV1,Cc1ccc(N2CCN(c3cccc(C4CCC(=O)NC4=O)c3Cl)CC2)c(=O)n1C,0,0.6266260916913241
0,VAV1,Cc1cccc(=O)n1-c1ccc(-c2cccc(C3CCC(=O)NC3=O)c2Cl)s1,1,0.5648154979383949
0,VAV1,Cc1cccc(=O)n1-c1ccc(-c2cccc(N3CCC(=O)NC3=O)c2Cl)cc1,1,0.683597409592589
0,VAV1,Cc1cccc(=O)n1-c1ccc(F)c(-n2ncc3c(C4CCC(=O)NC4=O)cccc32)c1,1,0.5982270710060482
0,VAV1,Cc1cccc(=O)n1-c1cccc(-n2ncc3c(C4CCC(=O)NC4=O)cc(F)cc32)c1,1,0.5982270710060482
0,VAV1,Cc1cccc(=O)n1-c1cccc(-n2ncc3c(C4CCC(=O)NC4=O)ccc(F)c32)c1,0,0.5982270710060482
0,VAV1,Cc1cccc(=O)n1-c1cccc(-n2ncc3c(C4CCC(=O)NC4=O)cccc32)c1,1,0.5688240213508451
0,VAV1,Cc1cccn(-c2ccc(-c3cccc(C4CCC(=O)NC4=O)c3Cl)s2)c1=O,1,0.5648154979383949
0,VAV1,Cc1ccn(-c2ccc(-c3cccc(C4CCC(=O)NC4=O)c3Cl)s2)c(=O)c1,1,0.5648154979383949
0,VAV1,Cc1ccn(-c2sc(-c3cccc(C4CCC(=O)NC4=O)c3Cl)cc2C)c(=O)c1,1,0.5950520821874791
0,VAV1,Cc1ccn(-c2sc(-c3cccc(C4CCC(=O)NC4=O)c3Cl)cc2Cl)c(=O)c1,1,0.5648154979383949
0,VAV1,Cc1ccn(C)c(=O)c1-c1cccc(-n2ncc3c(C4CCC(=O)NC4=O)cccc32)c1,1,0.614249932220848
0,VAV1,Cc1ccn(C)c(=O)c1N1CC2CN(c3cccc(C4CCC(=O)NC4=O)c3Cl)CC2C1,0,0.6715539747755397
0,VAV1,Cc1ccn(C)c(=O)c1N1CCN(c2cccc(C3CCC(=O)NC3=O)c2Cl)CC1,0,0.6365694614794304
0,VAV1,Cc1ccnc(Oc2sc(-c3cccc(C4CCC(=O)NC4=O)c3Cl)cc2C)n1,1,0.6682486194434334
0,VAV1,Cc1cn2cccc(N3CCN(c4cccc(C5CCC(=O)NC5=O)c4Cl)CC3)c2n1,1,0.6938413915546504
0,VAV1,Cc1cnc(Oc2ccc(-c3cccc(C4CCC(=O)NC4=O)c3Cl)s2)nc1,1,0.6488161519109659
0,VAV1,Cc1cnc(Oc2sc(-c3cccc(C4CCC(=O)NC4=O)c3Cl)cc2C)cn1,1,0.5560350832242622
0,VAV1,Cc1cnc(Oc2sc(-c3cccc(C4CCC(=O)NC4=O)c3Cl)cc2C)nc1,1,0.6682486194434334
0,VAV1,Cc1cnc(Oc2sc(-c3cccc(C4CCC(=O)NC4=O)c3Cl)cc2C)nc1C,1,0.6834013972212113
0,VAV1,Cc1cncc(=O)n1-c1cccc(-n2ncc3c(C4CCC(=O)NC4=O)cccc32)c1,1,0.5659311642079877
0,VAV1,Cc1cncc(Oc2sc(-c3cccc(C4CCC(=O)NC4=O)c3Cl)cc2C)n1,1,0.5560350832242622
0,VAV1,Cc1cnn(-c2cc(C(F)(F)F)cc(=O)n2-c2cccc(-n3ncc4c(C5CCC(=O)NC5=O)cccc43)c2)c1,1,0.6874727938718053
0,VAV1,Cc1nc2c(o1)CCc1cc(-c3cccc(C4CCC(=O)NC4=O)c3Cl)ccc1-2,1,0.5117456410598114
0,VAV1,Cc1ncc(-c2cc(C(F)(F)F)cc(=O)n2-c2cccc(-n3ncc4c(C5CCC(=O)NC5=O)cccc43)c2)s1,1,0.682757099986062
0,VAV1,Cc1ncc(-c2cc(C(F)F)cc(=O)n2-c2cccc(-n3ncc4c(C5CCC(=O)NC5=O)cccc43)c2)s1,1,0.662871150651748
0,VAV1,Cc1noc(C)c1-c1cc(C(F)F)cc(=O)n1-c1cccc(-n2ncc3c(C4CCC(=O)NC4=O)cccc32)c1,1,0.6593373999154591
0,VAV1,Cc1noc2c(N3CCC(c4cccc(C5CCC(=O)NC5=O)c4Cl)CC3)cccc12,0,0.6591473063016211
0,VAV1,Cc1onc2c(N3CCC(c4cccc(C5CCC(=O)NC5=O)c4Cl)CC3)cccc12,0,0.6512926999602103
0,VAV1,Cc1onc2c(N3CCN(c4cccc(C5CCC(=O)NC5=O)c4Cl)CC3)cccc12,0,0.6512926999602103
0,VAV1,Cn1cc(-c2cc(C(F)(F)F)cc(=O)n2-c2cccc(-n3ncc4c(C5CCC(=O)NC5=O)cccc43)c2)cn1,1,0.6494224316714439
0,VAV1,Cn1cc(-c2cc(C(F)F)cc(=O)n2-c2cccc(-n3ncc4c(C5CCC(=O)NC5=O)cccc43)c2)cn1,1,0.6238077699784605
0,VAV1,Cn1cc(OC(F)F)c(=O)n1-c1ccc(-c2cccc(C3CCC(=O)NC3=O)c2Cl)cc1,1,0.6370299231565816
0,VAV1,Cn1cc2c(n1)-c1ccc(-c3cccc(C4CCC(=O)NC4=O)c3Cl)cc1CC2,1,0.5803558481716068
0,VAV1,Cn1cc2c(n1)CCc1cc(-c3cccc(C4CCC(=O)NC4=O)c3Cl)ccc1-2,1,0.5803558481716068
0,VAV1,Cn1cc2cccc(N3CCN(c4cccc(C5CCC(=O)NC5=O)c4Cl)CC3)c2n1,0,0.6891281575950414
0,VAV1,Cn1ccc(-c2cc(C(F)(F)F)cc(=O)n2-c2cccc(-n3ncc4c(C5CCC(=O)NC5=O)cccc43)c2)n1,1,0.6497724316714437
0,VAV1,Cn1ccc(-c2cc(C(F)F)cc(=O)n2-c2cccc(-n3ncc4c(C5CCC(=O)NC5=O)cccc43)c2)n1,1,0.6254911033117938
0,VAV1,Cn1ccc(C(=O)N2CCCOc3cc(-c4cccc(C5CCC(=O)NC5=O)c4Cl)ccc32)n1,1,0.6416878441597051
0,VAV1,Cn1ccc(C(F)(F)F)c(N2CC3(CN(c4cccc(C5CCC(=O)NC5=O)c4Cl)C3)C2)c1=O,0,0.5656543384554129
0,VAV1,Cn1ccc(CN2C(=O)C3(CC3)Oc3cc(-c4cccc(C5CCC(=O)NC5=O)c4Cl)ccc32)n1,1,0.6344325516440597
0,VAV1,Cn1ccc(CN2C(=O)CCOc3cc(-c4cccc(C5CCC(=O)NC5=O)c4Cl)ccc32)n1,1,0.6811747280811894
0,VAV1,Cn1ccc(CN2C(=O)COCc3cc(-c4cccc(C5CCC(=O)NC5=O)c4Cl)ccc32)n1,1,0.65936118330484
0,VAV1,Cn1ccc(CN2C(=O)CSc3cc(-c4cccc(C5CCC(=O)NC5=O)c4Cl)ccc32)n1,1,0.7029521403074436
0,VAV1,Cn1ccc(CN2C(=O)NCCc3cc(-c4cccc(C5CCC(=O)NC5=O)c4Cl)ccc32)n1,1,0.7264452128920575
0,VAV1,Cn1ccc(CN2CC3(CC3)Oc3cc(-c4cccc(C5CCC(=O)NC5=O)c4Cl)ccc32)n1,1,0.6323247801264835
0,VAV1,Cn1ccc(CN2CC3(CC3)c3cc(-c4cccc(C5CCC(=O)NC5=O)c4Cl)ccc32)n1,1,0.6602016801904516
0,VAV1,Cn1ccc(Cn2c(=O)sc3cc(-c4cccc(C5CCC(=O)NC5=O)c4Cl)ccc32)n1,1,0.6972321961271756
0,VAV1,Cn1ccc(F)c(N2CCC(c3cccc(C4CCC(=O)NC4=O)c3Cl)CC2)c1=O,0,0.6214185157230737
0,VAV1,Cn1ccc(F)c(N2CCN(c3cccc(C4CCC(=O)NC4=O)c3Cl)CC2)c1=O,1,0.6214185157230737
0,VAV1,Cn1ccc(N2CC3CC3C2)c(-c2cccc(-n3ncc4c(C5CCC(=O)NC5=O)cccc43)c2)c1=O,1,0.6683683726234838
0,VAV1,Cn1ccc(N2CCCC(c3cccc(C4CCC(=O)NC4=O)c3Cl)C2)cc1=O,0,0.6453032738625382
0,VAV1,Cn1ccc(OCC(F)(F)F)c(-c2ccc(-c3cccc(C4CCC(=O)NC4=O)c3Cl)cc2)c1=O,1,0.5865053305778216
0,VAV1,Cn1ccc(OCC(F)(F)F)c(-c2cccc(-n3ncc4c(C5CCC(=O)NC5=O)cccc43)c2)c1=O,1,0.6712287272801656
0,VAV1,Cn1ccc(OCCC(F)(F)F)c(-c2cccc(-n3ncc4c(C5CCC(=O)NC5=O)cccc43)c2)c1=O,1,0.6712287272801656
0,VAV1,Cn1ccc2nc(Nc3ccc(F)c(-n4ncc5c(C6CCC(=O)NC6=O)cccc54)c3)ccc21,1,0.698656417591047
0,VAV1,Cn1cccc(C2CCN(c3cccc(C4CCC(=O)NC4=O)c3Cl)C2)c1=O,0,0.5970815563562074
0,VAV1,Cn1cccc(CN2CCN(c3cccc(C4CCC(=O)NC4=O)c3Cl)CC2)c1=O,0,0.6932769712771445
0,VAV1,Cn1cccc(N2CCC(c3cccc(C4CCC(=O)NC4=O)c3Cl)CC2)c1=O,0,0.6170005283657607
0,VAV1,Cn1cccc(N2CCCOc3cc(-c4cccc(C5CCC(=O)NC5=O)c4Cl)ccc32)c1=O,1,0.6202655342242301
0,VAV1,Cn1cccc(N2CCN(c3cccc(C4CCC(=O)NC4=O)c3Cl)CC2)c1=O,0,0.6170005283657607
0,VAV1,Cn1cnc(CN2C(=O)CCOc3cc(-c4cccc(C5CCC(=O)NC5=O)c4Cl)ccc32)c1,1,0.6974921707721291
0,VAV1,Cn1ncc2c1CC1(CC1)N(c1ccc(-c3cccc(C4CCC(=O)NC4=O)c3Cl)cc1)C2=O,1,0.6359612716731301
0,VAV1,Cn1nccc(N2CCC(c3cccc(C4CCC(=O)NC4=O)c3Cl)CC2)c1=O,0,0.6587422848246777
0,VAV1,N#Cc1cc(-c2cccc(C3CCC(=O)NC3=O)c2Cl)sc1-n1ccccc1=O,1,0.598262084221537
0,VAV1,N#Cc1cccn(-c2ccc(-c3cccc(C4CCC(=O)NC4=O)c3Cl)s2)c1=O,1,0.6362144800148819
0,VAV1,NCCNC(=O)c1ccc2cc(-c3cccc(C4CCC(=O)NC4=O)c3Cl)ccc2c1,1,0.5718941024063329
0,VAV1,NCCNC(=O)c1cccc2cc(-c3cccc(C4CCC(=O)NC4=O)c3Cl)ccc12,1,0.5718941024063329
0,VAV1,Nc1ccc(-c2cccc(C3CCC(=O)NC3=O)c2Cl)cc1Cl,1,0.5352035999707673
0,VAV1,Nc1nccn1Cc1ccc(-c2cccc(C3CCC(=O)NC3=O)c2Cl)cc1,0,0.6772974798063036
0,VAV1,O=C1CCC(c2cccc(-c3cc(C(F)(F)F)c(-n4ccccc4=O)s3)c2Cl)C(=O)N1,1,0.593814591789733
0,VAV1,O=C1CCC(c2cccc(-c3cc(C(F)F)c(-n4ccccc4=O)s3)c2Cl)C(=O)N1,1,0.5641288994119356
0,VAV1,O=C1CCC(c2cccc(-c3cc(C4(F)CC4)c(-n4ccccc4=O)s3)c2Cl)C(=O)N1,1,0.5760426719895333
0,VAV1,O=C1CCC(c2cccc(-c3cc(C4CC4)c(-n4ccccc4=O)s3)c2Cl)C(=O)N1,1,0.5586090660541692
0,VAV1,O=C1CCC(c2cccc(-c3cc(CC(F)(F)F)c(-n4ccccc4=O)s3)c2Cl)C(=O)N1,1,0.6175422001782842
0,VAV1,O=C1CCC(c2cccc(-c3cc(Cl)c(-n4ccccc4=O)s3)c2Cl)C(=O)N1,1,0.5559553478545606
0,VAV1,O=C1CCC(c2cccc(-c3cc(Cl)c4c(c3)CCCC(=O)N4)c2Cl)C(=O)N1,1,0.5022748036968427
0,VAV1,O=C1CCC(c2cccc(-c3cc(F)c(-n4ccccc4=O)s3)c2Cl)C(=O)N1,1,0.5641288994119356
0,VAV1,O=C1CCC(c2cccc(-c3cc(F)c(Oc4ccccn4)s3)c2Cl)C(=O)N1,1,0.5366710480821312
0,VAV1,O=C1CCC(c2cccc(-c3cc4c(s3)NC(=O)CC4)c2Cl)C(=O)N1,1,0.550058347484833
0,VAV1,O=C1CCC(c2cccc(-c3cc4c(s3)NC(=O)CCC4)c2Cl)C(=O)N1,1,0.5498001954572264
0,VAV1,O=C1CCC(c2cccc(-c3ccc(-c4c(OCC(F)(F)F)cc[nH]c4=O)cc3)c2Cl)C(=O)N1,1,0.6295042387685016
0,VAV1,O=C1CCC(c2cccc(-c3ccc(-c4c(OCC(F)(F)F)ccn(C5CC5)c4=O)cc3)c2Cl)C(=O)N1,1,0.5851710925300249
0,VAV1,O=C1CCC(c2cccc(-c3ccc(-c4ccc5n(c4=O)C4(CC4)COC5)cc3)c2Cl)C(=O)N1,1,0.49936411353713506
0,VAV1,O=C1CCC(c2cccc(-c3ccc(-c4cccc(OC(F)F)[n+]4[O-])cc3)c2Cl)C(=O)N1,1,0.520954172102484
0,VAV1,O=C1CCC(c2cccc(-c3ccc(-c4cccc5c4nc4n5CCC4)cc3)c2Cl)C(=O)N1,1,0.5875683565538864
0,VAV1,O=C1CCC(c2cccc(-c3ccc(-c4cccc[n+]4[O-])cc3)c2Cl)C(=O)N1,1,0.5017773494422796
0,VAV1,O=C1CCC(c2cccc(-c3ccc(-n4c(=O)ccc5c4nc4n5CCC4)cc3)c2Cl)C(=O)N1,1,0.6764233004075271
0,VAV1,O=C1CCC(c2cccc(-c3ccc(-n4c(=O)ccc5nc6n(c54)CCC6)cc3)c2Cl)C(=O)N1,1,0.6764233004075271
0,VAV1,O=C1CCC(c2cccc(-c3ccc(-n4c(OCC(F)(F)F)cc(C(F)(F)F)cc4=O)cc3)c2Cl)C(=O)N1,1,0.565502886769397
0,VAV1,O=C1CCC(c2cccc(-c3ccc(-n4c(OCC(F)(F)F)cccc4=O)cc3)c2Cl)C(=O)N1,1,0.565502886769397
0,VAV1,O=C1CCC(c2cccc(-c3ccc(-n4c(OCCC(F)(F)F)cc(C(F)(F)F)cc4=O)cc3)c2Cl)C(=O)N1,1,0.565502886769397
0,VAV1,O=C1CCC(c2cccc(-c3ccc(-n4c(OCCC(F)(F)F)cccc4=O)cc3)c2Cl)C(=O)N1,1,0.565502886769397
0,VAV1,O=C1CCC(c2cccc(-c3ccc(-n4c5c(c(C(F)(F)F)cc4=O)CCCCC5)cc3)c2Cl)C(=O)N1,1,0.5876349873502202
0,VAV1,O=C1CCC(c2cccc(-c3ccc(-n4c5c(ccc4=O)C4CCC5C4)cc3)c2Cl)C(=O)N1,1,0.5330054805296549
0,VAV1,O=C1CCC(c2cccc(-c3ccc(-n4c5c(ccc4=O)CCCCC5)cc3)c2Cl)C(=O)N1,1,0.5686698911409477
0,VAV1,O=C1CCC(c2cccc(-c3ccc(-n4c5c(ccc4=O)CCCCCC5)cc3)c2Cl)C(=O)N1,1,0.5654374120412875
0,VAV1,O=C1CCC(c2cccc(-c3ccc(-n4cc(F)ccc4=O)s3)c2Cl)C(=O)N1,1,0.5641288994119356
0,VAV1,O=C1CCC(c2cccc(-c3ccc(-n4cc(OC(F)F)ccc4=O)cc3)c2Cl)C(=O)N1,1,0.5141259659054741
0,VAV1,O=C1CCC(c2cccc(-c3ccc(-n4cc(OC5CC5)ccc4=O)cc3)c2Cl)C(=O)N1,1,0.4869993164466123
0,VAV1,O=C1CCC(c2cccc(-c3ccc(-n4cc5c(cc4=O)nc4n5CCC4)cc3)c2Cl)C(=O)N1,1,0.6764233004075271
0,VAV1,O=C1CCC(c2cccc(-c3ccc(-n4cc5nc6n(c5cc4=O)CC(F)(F)C6)cc3)c2Cl)C(=O)N1,1,0.6980387861447155
0,VAV1,O=C1CCC(c2cccc(-c3ccc(-n4cc5nc6n(c5cc4=O)CC4(CC4)C6)cc3)c2Cl)C(=O)N1,1,0.6777771857662276
0,VAV1,O=C1CCC(c2cccc(-c3ccc(-n4cc5nc6n(c5cc4=O)CC4(CCOC4)C6)cc3)c2Cl)C(=O)N1,1,0.683939203946242
0,VAV1,O=C1CCC(c2cccc(-c3ccc(-n4cc5nc6n(c5cc4=O)CCC6)cc3)c2Cl)C(=O)N1,1,0.6764233004075271
0,VAV1,O=C1CCC(c2cccc(-c3ccc(-n4cc5nc6n(c5cc4=O)CCCC6)cc3)c2Cl)C(=O)N1,1,0.7093027942740391
0,VAV1,O=C1CCC(c2cccc(-c3ccc(-n4ccc(F)cc4=O)s3)c2Cl)C(=O)N1,1,0.5641288994119356
0,VAV1,O=C1CCC(c2cccc(-c3ccc(-n4ccc5c(nc6n5CCC6)c4=O)cc3)c2Cl)C(=O)N1,1,0.6693263631636018
0,VAV1,O=C1CCC(c2cccc(-c3ccc(-n4ccc5c(nc6n5CCCC6)c4=O)cc3)c2Cl)C(=O)N1,1,0.7018058570301139
0,VAV1,O=C1CCC(c2cccc(-c3ccc(-n4cccc(C(F)(F)F)c4=O)s3)c2Cl)C(=O)N1,1,0.593814591789733
0,VAV1,O=C1CCC(c2cccc(-c3ccc(-n4cccc(Cl)c4=O)s3)c2Cl)C(=O)N1,1,0.5559553478545606
0,VAV1,O=C1CCC(c2cccc(-c3ccc(-n4cccc(F)c4=O)s3)c2Cl)C(=O)N1,1,0.5641288994119356
0,VAV1,O=C1CCC(c2cccc(-c3ccc(-n4cccc(OC(F)F)c4=O)c(F)c3)c2Cl)C(=O)N1,1,0.5143759659054741
0,VAV1,O=C1CCC(c2cccc(-c3ccc(-n4cccc(OC(F)F)c4=O)cc3)c2Cl)C(=O)N1,1,0.5143759659054741
0,VAV1,O=C1CCC(c2cccc(-c3ccc(-n4cccc(OC5(CO)CC5)c4=O)cc3)c2Cl)C(=O)N1,1,0.6010896703133101
0,VAV1,O=C1CCC(c2cccc(-c3ccc(-n4cccc(OC5CC5)c4=O)cc3)c2Cl)C(=O)N1,1,0.48724931644661235
0,VAV1,O=C1CCC(c2cccc(-c3ccc(-n4cccc(OCCO)c4=O)s3)c2Cl)C(=O)N1,1,0.6613635983149379
0,VAV1,O=C1CCC(c2cccc(-c3ccc(-n4ccccc4=O)cc3)c2Cl)C(=O)N1,1,0.5047569303815469
0,VAV1,O=C1CCC(c2cccc(-c3ccc(-n4ccccc4=O)s3)c2Cl)C(=O)N1,1,0.5559553478545606
0,VAV1,O=C1CCC(c2cccc(-c3ccc(-n4ccn5cc6c(c5c4=O)CCC6)cc3)c2Cl)C(=O)N1,1,0.5183851765108923
0,VAV1,O=C1CCC(c2cccc(-c3ccc(C#CCn4ccccc4=O)cc3)c2Cl)C(=O)N1,1,0.5317575725747138
0,VAV1,O=C1CCC(c2cccc(-c3ccc(C4COC(=O)N4)c(F)c3)c2Cl)C(=O)N1,0,0.5555271629216204
0,VAV1,O=C1CCC(c2cccc(-c3ccc(C4COC(=O)N4)cc3)c2Cl)C(=O)N1,0,0.5469157430119805
0,VAV1,O=C1CCC(c2cccc(-c3ccc(N(C(=O)NCC(F)F)C4CC4)cc3)c2Cl)C(=O)N1,1,0.6563629451358127
0,VAV1,O=C1CCC(c2cccc(-c3ccc(N(C(=O)NCCO)C4CC4)cc3)c2Cl)C(=O)N1,1,0.6541351525465244
0,VAV1,O=C1CCC(c2cccc(-c3ccc(N4C(=O)Cn5ccc6cccc4c65)cc3)c2Cl)C(=O)N1,1,0.5297912086278445
0,VAV1,O=C1CCC(c2cccc(-c3ccc(N4C(=O)c5ccnn5CC45CC5)cc3)c2Cl)C(=O)N1,1,0.6466659647635431
0,VAV1,O=C1CCC(c2cccc(-c3ccc(N4CCCCC4=O)cc3)c2Cl)C(=O)N1,1,0.5521877959240846
0,VAV1,O=C1CCC(c2cccc(-c3ccc(N4CCc5c(cc6n5CC(F)(F)C6)C4=O)cc3)c2Cl)C(=O)N1,1,0.6809938383456086
0,VAV1,O=C1CCC(c2cccc(-c3ccc(N4CCc5c(cc6n5CCC6=O)C4=O)cc3)c2Cl)C(=O)N1,1,0.6707843510476261
0,VAV1,O=C1CCC(c2cccc(-c3ccc(N4CCc5c(nc6n5CCCC6)C4=O)cc3)c2Cl)C(=O)N1,1,0.7136574018904822
0,VAV1,O=C1CCC(c2cccc(-c3ccc(N4CCc5cc6c(cc5C4=O)CCC6)cc3)c2Cl)C(=O)N1,1,0.5480173392565693
0,VAV1,O=C1CCC(c2cccc(-c3ccc(N4CCn5c(cc6c5CCCC6)C4=O)cc3)c2Cl)C(=O)N1,1,0.6118454124313373
0,VAV1,O=C1CCC(c2cccc(-c3ccc(N4CCn5cc6c(c5C4=O)CCC6)cc3)c2Cl)C(=O)N1,1,0.6118454124313373
0,VAV1,O=C1CCC(c2cccc(-c3ccc(N4CCn5cc6c(c5C4=O)CCCC6)cc3)c2Cl)C(=O)N1,1,0.6118454124313373
0,VAV1,O=C1CCC(c2cccc(-c3ccc(OC(=O)N4CCCC4)c(C(F)F)c3)c2Cl)C(=O)N1,1,0.4791660208640159
0,VAV1,O=C1CCC(c2cccc(-c3ccc(OC(=O)N4CCCC4)c(F)c3)c2Cl)C(=O)N1,1,0.4791660208640159
0,VAV1,O=C1CCC(c2cccc(-c3ccc(OC(=O)N4CCCC4)cc3)c2Cl)C(=O)N1,1,0.45582365917389206
0,VAV1,O=C1CCC(c2cccc(-c3ccc(OC(=O)N4CCCC45CC5)cc3)c2Cl)C(=O)N1,1,0.47433847551229663
0,VAV1,O=C1CCC(c2cccc(-c3ccc(OC(=O)N4CCC[C@@H]4CO)cc3)c2Cl)C(=O)N1,1,0.5971988378133591
0,VAV1,O=C1CCC(c2cccc(-c3ccc(OC(=O)N4CCC[C@H]4CO)cc3)c2Cl)C(=O)N1,1,0.5971988378133591
0,VAV1,O=C1CCC(c2cccc(-c3ccc(OC(=O)N4CC[C@@H](F)C4)cc3)c2Cl)C(=O)N1,1,0.4791660208640159
0,VAV1,O=C1CCC(c2cccc(-c3ccc(OC(=O)N4CC[C@H](F)C4)cc3)c2Cl)C(=O)N1,1,0.4791660208640159
0,VAV1,O=C1CCC(c2cccc(-c3ccc(OCc4ccccn4)cc3)c2Cl)C(=O)N1,1,0.49601620551317677
0,VAV1,O=C1CCC(c2cccc(-c3ccc(Oc4cc5c(cn4)nc4n5CC5(CC5)C4)cc3)c2Cl)C(=O)N1,1,0.5822937287005936
0,VAV1,O=C1CCC(c2cccc(-c3ccc(Oc4cc5c(cn4)nc4n5CCC4)cc3)c2Cl)C(=O)N1,1,0.5900680687405598
0,VAV1,O=C1CCC(c2cccc(-c3ccc4c(c3)C(=O)NCCC4)c2Cl)C(=O)N1,1,0.5265756640292151
0,VAV1,O=C1CCC(c2cccc(-c3ccc4c(c3)CCC(O)C(=O)N4)c2Cl)C(=O)N1,1,0.5145862787835653
0,VAV1,O=C1CCC(c2cccc(-c3ccc4c(c3)CCCC3(CC3)N4)c2Cl)C(=O)N1,1,0.5477049372178159
0,VAV1,O=C1CCC(c2cccc(-c3ccc4c(c3)CCCCN4)c2Cl)C(=O)N1,1,0.5735289856022346
0,VAV1,O=C1CCC(c2cccc(-c3ccc4c(c3)CCCCO4)c2Cl)C(=O)N1,1,0.467109776285171
0,VAV1,O=C1CCC(c2cccc(-c3ccc4c(c3)CCCNC4)c2Cl)C(=O)N1,1,0.5698391683591475
0,VAV1,O=C1CCC(c2cccc(-c3ccc4c(c3)CCCNC4=O)c2Cl)C(=O)N1,1,0.5265756640292151
0,VAV1,O=C1CCC(c2cccc(-c3ccc4c(c3)CCNC(=O)N4)c2Cl)C(=O)N1,1,0.6029826083138563
0,VAV1,O=C1CCC(c2cccc(-c3ccc4c(c3)CCc3c-4cnn3C3COC3)c2Cl)C(=O)N1,1,0.5591050178559345
0,VAV1,O=C1CCC(c2cccc(-c3ccc4c(c3)CCc3c-4cnn3CCCO)c2Cl)C(=O)N1,1,0.671708565512889
0,VAV1,O=C1CCC(c2cccc(-c3ccc4c(c3)CCc3c[nH]nc3-4)c2Cl)C(=O)N1,1,0.5731841856258634
0,VAV1,O=C1CCC(c2cccc(-c3ccc4c(c3)CCc3cccnc3-4)c2Cl)C(=O)N1,1,0.501473784604113
0,VAV1,O=C1CCC(c2cccc(-c3ccc4c(c3)CCc3cn(CC5(O)CC5)nc3-4)c2Cl)C(=O)N1,1,0.6383091439891093
0,VAV1,O=C1CCC(c2cccc(-c3ccc4c(c3)CCc3cn(CCCO)nc3-4)c2Cl)C(=O)N1,1,0.6651002184256588
0,VAV1,O=C1CCC(c2cccc(-c3ccc4c(c3)CCc3cn(CF)nc3-4)c2Cl)C(=O)N1,1,0.6156668157616629
0,VAV1,O=C1CCC(c2cccc(-c3ccc4c(c3)CCc3cnn(CF)c3-4)c2Cl)C(=O)N1,1,0.6156668157616629
0,VAV1,O=C1CCC(c2cccc(-c3ccc4c(c3)CCc3n[nH]cc3-4)c2Cl)C(=O)N1,1,0.5731841856258634
0,VAV1,O=C1CCC(c2cccc(-c3ccc4c(c3)CCc3nn(C(F)F)cc3-4)c2Cl)C(=O)N1,1,0.5749940787878657
0,VAV1,O=C1CCC(c2cccc(-c3ccc4c(c3)CCc3nn(C5COC5)cc3-4)c2Cl)C(=O)N1,1,0.5600457784025773
0,VAV1,O=C1CCC(c2cccc(-c3ccc4c(c3)CCc3nn(CC(F)(F)F)cc3-4)c2Cl)C(=O)N1,1,0.6364414893832722
0,VAV1,O=C1CCC(c2cccc(-c3ccc4c(c3)CCc3ocnc3-4)c2Cl)C(=O)N1,1,0.48844328696541084
0,VAV1,O=C1CCC(c2cccc(-c3ccc4c(c3)CCc3oncc3-4)c2Cl)C(=O)N1,1,0.5493169590926106
0,VAV1,O=C1CCC(c2cccc(-c3ccc4c(c3)COCCN4C(=O)OCCO)c2Cl)C(=O)N1,1,0.6401475104631321
0,VAV1,O=C1CCC(c2cccc(-c3ccc4c(c3)COCc3cccc(=O)n3-4)c2Cl)C(=O)N1,1,0.5479284981603134
0,VAV1,O=C1CCC(c2cccc(-c3ccc4c(c3)OCCC3CCC(=O)N43)c2Cl)C(=O)N1,1,0.5262069235794575
0,VAV1,O=C1CCC(c2cccc(-c3ccc4c(c3)OCCCN4C(=O)c3ccccn3)c2Cl)C(=O)N1,1,0.5669746817977144
0,VAV1,O=C1CCC(c2cccc(-c3ccc4c(c3)OCCc3cccc(=O)n3-4)c2Cl)C(=O)N1,1,0.5433368135119724
0,VAV1,O=C1CCC(c2cccc(-c3ccc4cc(-n5ccccc5=O)ccc4c3)c2Cl)C(=O)N1,1,0.5127757709612569
0,VAV1,O=C1CCC(c2cccc(-c3ccc4cc(C(=O)N5CCC(C(F)(F)F)C5)ccc4c3)c2Cl)C(=O)N1,1,0.5349373451809322
0,VAV1,O=C1CCC(c2cccc(-c3ccc4cc(C(=O)N5CCCC(C(F)(F)F)C5)ccc4c3)c2Cl)C(=O)N1,1,0.5397817126151003
0,VAV1,O=C1CCC(c2cccc(-c3ccc4cc(C(=O)N5CCCC5C(F)(F)F)ccc4c3)c2Cl)C(=O)N1,1,0.5282961119696992
0,VAV1,O=C1CCC(c2cccc(-c3ccc4cc(C(=O)N5CCCCC5)ccc4c3)c2Cl)C(=O)N1,1,0.5019660202209102
0,VAV1,O=C1CCC(c2cccc(-c3ccc4cc(C(=O)N5CCOCC5)ccc4c3)c2Cl)C(=O)N1,1,0.4925780371574615
0,VAV1,O=C1CCC(c2cccc(-c3ccc4cc(C(=O)NCC(F)(F)F)ccc4c3)c2Cl)C(=O)N1,1,0.5891524097563733
0,VAV1,O=C1CCC(c2cccc(-c3ccn4c(-n5ccccc5=O)ccc4c3)c2Cl)C(=O)N1,1,0.609693613192226
0,VAV1,O=C1CCC(c2cccc(-c3ccn4c(-n5ccccc5=O)ncc4c3)c2Cl)C(=O)N1,1,0.6165680861806834
0,VAV1,O=C1CCC(c2cccc(-c3ccn4c(Oc5cccnc5)ccc4c3)c2Cl)C(=O)N1,1,0.43876227056558
0,VAV1,O=C1CCC(c2cccc(-c3ccn4nccc4c3)c2Cl)C(=O)N1,1,0.5422221623731407
0,VAV1,O=C1CCC(c2cccc(-c3sc(-n4ccccc4=O)cc3F)c2Cl)C(=O)N1,1,0.5641288994119356
0,VAV1,O=C1CCC(c2cccc(C3CCN(c4cc(C(F)F)nc5ccnn45)CC3)c2Cl)C(=O)N1,0,0.7348432778778982
0,VAV1,O=C1CCC(c2cccc(C3CCN(c4cccc5ccnn45)CC3)c2Cl)C(=O)N1,0,0.7132522301229499
0,VAV1,O=C1CCC(c2cccc(C3CCN(c4cccc5conc45)CC3)c2Cl)C(=O)N1,0,0.6516902738335365
0,VAV1,O=C1CCC(c2cccc(C3CCN(c4cccc5nonc45)CC3)c2Cl)C(=O)N1,0,0.7100985622505619
0,VAV1,O=C1CCC(c2cccc(C3CCN(c4cccn(CC(F)F)c4=O)CC3)c2Cl)C(=O)N1,1,0.6278269792346447
0,VAV1,O=C1CCC(c2cccc(C3CCN(c4ccnn(CC(F)F)c4=O)CC3)c2Cl)C(=O)N1,0,0.6826562339240758
0,VAV1,O=C1CCC(c2cccc(C3CCN(c4ccnn(CC5CC5)c4=O)CC3)c2Cl)C(=O)N1,1,0.6686887450935523
0,VAV1,O=C1CCC(c2cccc(C3CCN(c4cncn(CC5CC5)c4=O)CC3)c2Cl)C(=O)N1,1,0.7088155704227828
0,VAV1,O=C1CCC(c2cccc(N3CCC4(CCCN(Cc5ccccc5Cl)C4=O)CC3)c2Cl)C(=O)N1,0,0.6093386073346903
0,VAV1,O=C1CCC(c2cccc(N3CCC4(CCN(Cc5ccccc5Cl)C4=O)CC3)c2Cl)C(=O)N1,0,0.6136641822158055
0,VAV1,O=C1CCC(c2cccc(N3CCN(C(=O)OC4CCCC4)CC3)c2Cl)C(=O)N1,0,0.5117830663055657
0,VAV1,O=C1CCC(c2cccc(N3CCN(CC(=O)N4CCCC4)CC3)c2Cl)C(=O)N1,0,0.5381030524292385
0,VAV1,O=C1CCC(c2cccc(N3CCN(Cc4ccccc4Cl)C(=O)C3)c2Cl)C(=O)N1,0,0.6044754109748647
0,VAV1,O=C1CCC(c2cccc(N3CCN(Cc4ccccc4Cl)CC3)c2Cl)C(=O)N1,0,0.6105685695900114
0,VAV1,O=C1CCC(c2cccc(N3CCN(Cc4ccccc4F)CC3)c2Cl)C(=O)N1,0,0.6109868644972447
0,VAV1,O=C1CCC(c2cccc(N3CCN(c4c(F)cnc5ccnn45)CC3)c2Cl)C(=O)N1,0,0.7348432778778982
0,VAV1,O=C1CCC(c2cccc(N3CCN(c4cc(=O)n(CC(F)F)cn4)CC3)c2Cl)C(=O)N1,0,0.7303442256080575
0,VAV1,O=C1CCC(c2cccc(N3CCN(c4cc(C(F)(F)F)nc5ccnn45)CC3)c2Cl)C(=O)N1,0,0.7312557666255578
0,VAV1,O=C1CCC(c2cccc(N3CCN(c4cc(C(F)F)nc5ccnn45)CC3)c2Cl)C(=O)N1,0,0.7348432778778982
0,VAV1,O=C1CCC(c2cccc(N3CCN(c4cc(F)cc5ccnn45)CC3)c2Cl)C(=O)N1,0,0.7348432778778982
0,VAV1,O=C1CCC(c2cccc(N3CCN(c4cc(F)cn(CC(F)F)c4=O)CC3)c2Cl)C(=O)N1,0,0.6278269792346447
0,VAV1,O=C1CCC(c2cccc(N3CCN(c4ccc(F)c5ccnn45)CC3)c2Cl)C(=O)N1,0,0.7348432778778982
0,VAV1,O=C1CCC(c2cccc(N3CCN(c4ccc5n(c4=O)CCC5)CC3)c2Cl)C(=O)N1,1,0.5944232422133235
0,VAV1,O=C1CCC(c2cccc(N3CCN(c4cccc5c(F)cnn45)CC3)c2Cl)C(=O)N1,0,0.7348432778778982
0,VAV1,O=C1CCC(c2cccc(N3CCN(c4cccc5ccnn45)CC3)c2Cl)C(=O)N1,0,0.7132522301229499
0,VAV1,O=C1CCC(c2cccc(N3CCN(c4cccc5conc45)CC3)c2Cl)C(=O)N1,0,0.6516902738335365
0,VAV1,O=C1CCC(c2cccc(N3CCN(c4cccc5ncnn45)CC3)c2Cl)C(=O)N1,0,0.7132522301229499
0,VAV1,O=C1CCC(c2cccc(N3CCN(c4cccc5nonc45)CC3)c2Cl)C(=O)N1,0,0.7100985622505619
0,VAV1,O=C1CCC(c2cccc(N3CCN(c4cccc5nsnc45)CC3)c2Cl)C(=O)N1,0,0.721606098353258
0,VAV1,O=C1CCC(c2cccc(N3CCN(c4cccc5ocnc45)CC3)c2Cl)C(=O)N1,0,0.6308581304599263
0,VAV1,O=C1CCC(c2cccc(N3CCN(c4cccc5scnc45)CC3)c2Cl)C(=O)N1,0,0.6745541192119459
0,VAV1,O=C1CCC(c2cccc(N3CCN(c4cccn(C(F)F)c4=O)CC3)c2Cl)C(=O)N1,0,0.5965026158368837
0,VAV1,O=C1CCC(c2cccc(N3CCN(c4cccn(C5CCC5)c4=O)CC3)c2Cl)C(=O)N1,1,0.5560547636457299
0,VAV1,O=C1CCC(c2cccc(N3CCN(c4cccn(CC(F)(F)F)c4=O)CC3)c2Cl)C(=O)N1,1,0.6426141611202092
0,VAV1,O=C1CCC(c2cccc(N3CCN(c4cccn(CC(F)F)c4=O)CC3)c2Cl)C(=O)N1,1,0.6278269792346447
0,VAV1,O=C1CCC(c2cccc(N3CCN(c4cccn(CC5CC5)c4=O)CC3)c2Cl)C(=O)N1,1,0.6334634021609141
0,VAV1,O=C1CCC(c2cccc(N3CCN(c4cccn(CC5COC5)c4=O)CC3)c2Cl)C(=O)N1,1,0.6161849856589866
0,VAV1,O=C1CCC(c2cccc(N3CCN(c4cccn(CCOC(F)F)c4=O)CC3)c2Cl)C(=O)N1,1,0.6361280358208671
0,VAV1,O=C1CCC(c2cccc(N3CCN(c4cccn5cc(C(F)F)nc45)CC3)c2Cl)C(=O)N1,1,0.6966813241299956
0,VAV1,O=C1CCC(c2cccc(N3CCN(c4cccn5ccnc45)CC3)c2Cl)C(=O)N1,0,0.6864311063708342
0,VAV1,O=C1CCC(c2cccc(N3CCN(c4ccnc5c(F)cnn45)CC3)c2Cl)C(=O)N1,0,0.7348432778778982
0,VAV1,O=C1CCC(c2cccc(N3CCN(c4ccnc5ccnn45)CC3)c2Cl)C(=O)N1,0,0.7132522301229499
0,VAV1,O=C1CCC(c2cccc(N3CCN(c4ccnn(CC(F)(F)F)c4=O)CC3)c2Cl)C(=O)N1,0,0.6820536512410584
0,VAV1,O=C1CCC(c2cccc(N3CCN(c4cnc5cccnn45)CC3)c2Cl)C(=O)N1,0,0.7132522301229499
0,VAV1,O=C1CCC(c2cccc(N3CCN(c4cncn(CC(F)(F)F)c4=O)CC3)c2Cl)C(=O)N1,0,0.7128621360721558
0,VAV1,O=C1CCC(c2cccc(N3CCN(c4cncn(CC(F)F)c4=O)CC3)c2Cl)C(=O)N1,0,0.7137983696655167
0,VAV1,O=C1CCC(c2cccc(N3CCN(c4cncn(CC5CC5)c4=O)CC3)c2Cl)C(=O)N1,1,0.7088155704227828
0,VAV1,O=C1CCC(c2cccc(N3CCN(c4cncn(CC5CCC5)c4=O)CC3)c2Cl)C(=O)N1,1,0.6913565786485246
0,VAV1,O=C1CCC(c2cccc(N3CCN(c4cnn5cccnc45)CC3)c2Cl)C(=O)N1,0,0.7132522301229499
0,VAV1,O=C1CCC(c2cccc(N3CCN(c4nccn(CC(F)(F)F)c4=O)CC3)c2Cl)C(=O)N1,0,0.6912353952978681
0,VAV1,O=C1CCC(c2cccc3c2cnn3-c2cc(Nc3ccc4ccccc4n3)ccc2F)C(=O)N1,1,0.6742614495647286
0,VAV1,O=C1CCC(c2cccc3c2cnn3-c2cc(Nc3ccc4ncccc4n3)ccc2F)C(=O)N1,1,0.6774614495647285
0,VAV1,O=C1CCC(c2cccc3c2cnn3-c2cc(Nc3cnc4ccccc4n3)ccc2F)C(=O)N1,1,0.6774614495647285
0,VAV1,O=C1CCC(c2cccc3c2cnn3-c2cc(Nc3ncc4ccccc4n3)ccc2F)C(=O)N1,1,0.6814635278429225
0,VAV1,O=C1CCC(c2cccc3c2cnn3-c2cc(Oc3ccc4ccccc4n3)ccc2F)C(=O)N1,1,0.5969278282153431
0,VAV1,O=C1CCC(c2cccc3c2cnn3-c2cccc(-c3c(OCC(F)(F)F)cc[nH]c3=O)c2)C(=O)N1,1,0.6999059130861688
0,VAV1,O=C1CCC(c2cccc3c2cnn3-c2cccc(-c3c(OCC(F)(F)F)ccn(C4CC4)c3=O)c2)C(=O)N1,1,0.6502286443810549
0,VAV1,O=C1CCC(c2cccc3c2cnn3-c2cccc(-c3c(OCC(F)(F)F)ccn(CC4CC4)c3=O)c2)C(=O)N1,1,0.6949199085769002
0,VAV1,O=C1CCC(c2cccc3c2cnn3-c2cccc(-c3c(OCCC(F)(F)F)cc[nH]c3=O)c2)C(=O)N1,1,0.6999059130861688
0,VAV1,O=C1CCC(c2cccc3c2cnn3-c2cccc(-n3c(-c4ccncc4)cc(C(F)(F)F)cc3=O)c2)C(=O)N1,1,0.6054507095568675
0,VAV1,O=C1CCC(c2cccc3c2cnn3-c2cccc(-n3c(-c4ccncn4)cc(C(F)(F)F)cc3=O)c2)C(=O)N1,1,0.6535241244265706
0,VAV1,O=C1CCC(c2cccc3c2cnn3-c2cccc(-n3c(-c4cnccn4)cc(C(F)(F)F)cc3=O)c2)C(=O)N1,1,0.6054673762235342
0,VAV1,O=C1CCC(c2cccc3c2cnn3-c2cccc(-n3c(-c4cncnc4)cc(C(F)(F)F)cc3=O)c2)C(=O)N1,1,0.6535741244265706
0,VAV1,O=C1CCC(c2cccc3c2cnn3-c2cccc(-n3c(-c4cnco4)cc(C(F)(F)F)cc3=O)c2)C(=O)N1,1,0.6086632329348138
0,VAV1,O=C1CCC(c2cccc3c2cnn3-c2cccc(-n3c(-c4cnn(C(F)(F)F)c4)cc(C(F)(F)F)cc3=O)c2)C(=O)N1,1,0.6093337346329267
0,VAV1,O=C1CCC(c2cccc3c2cnn3-c2cccc(-n3c(-c4cnn(C5CC5)c4)cc(C(F)(F)F)cc3=O)c2)C(=O)N1,1,0.6085296672219195
0,VAV1,O=C1CCC(c2cccc3c2cnn3-c2cccc(-n3c(-c4ncccn4)cc(C(F)(F)F)cc3=O)c2)C(=O)N1,1,0.6660820561036526
0,VAV1,O=C1CCC(c2cccc3c2cnn3-c2cccc(-n3c(-c4ncco4)cc(C(F)(F)F)cc3=O)c2)C(=O)N1,1,0.6069540873060647
0,VAV1,O=C1CCC(c2cccc3c2cnn3-c2cccc(-n3c(-n4cc(Cl)cn4)cc(C(F)(F)F)cc3=O)c2)C(=O)N1,1,0.6852496627687042
0,VAV1,O=C1CCC(c2cccc3c2cnn3-c2cccc(-n3c(-n4cc(F)cn4)cc(C(F)(F)F)cc3=O)c2)C(=O)N1,0,0.6819594152069686
0,VAV1,O=C1CCC(c2cccc3c2cnn3-c2cccc(-n3c(-n4cccn4)cc(C(F)(F)F)cc3=O)c2)C(=O)N1,1,0.6732897701456408
0,VAV1,O=C1CCC(c2cccc3c2cnn3-c2cccc(-n3c(-n4cccn4)cc(C(F)F)cc3=O)c2)C(=O)N1,1,0.6546699448629253
0,VAV1,O=C1CCC(c2cccc3c2cnn3-c2cccc(-n3c(-n4ccnc4)cc(C(F)(F)F)cc3=O)c2)C(=O)N1,1,0.6775480080699973
0,VAV1,O=C1CCC(c2cccc3c2cnn3-c2cccc(-n3c(-n4cncn4)cc(C(F)(F)F)cc3=O)c2)C(=O)N1,0,0.6732897701456408
0,VAV1,O=C1CCC(c2cccc3c2cnn3-c2cccc(-n3c(=O)ccc4ccccc43)c2)C(=O)N1,1,0.5435939040667619
0,VAV1,O=C1CCC(c2cccc3c2cnn3-c2cccc(-n3c(=O)ccc4cccnc43)c2)C(=O)N1,1,0.6215473619961018
0,VAV1,O=C1CCC(c2cccc3c2cnn3-c2cccc(-n3c(C(F)(F)F)cc(C(F)F)cc3=O)c2)C(=O)N1,1,0.6054507095568675
0,VAV1,O=C1CCC(c2cccc3c2cnn3-c2cccc(-n3c(C(F)(F)F)cc(C4CC4)cc3=O)c2)C(=O)N1,1,0.6044193694185878
0,VAV1,O=C1CCC(c2cccc3c2cnn3-c2cccc(-n3c(C(F)(F)F)cccc3=O)c2)C(=O)N1,1,0.6054507095568675
0,VAV1,O=C1CCC(c2cccc3c2cnn3-c2cccc(-n3c(C(F)F)cccc3=O)c2)C(=O)N1,1,0.5761814990004447
0,VAV1,O=C1CCC(c2cccc3c2cnn3-c2cccc(-n3c(C4CC4)cc(C(F)(F)F)cc3=O)c2)C(=O)N1,1,0.6044193694185878
0,VAV1,O=C1CCC(c2cccc3c2cnn3-c2cccc(-n3c(C4CC4)cc(Cl)cc3=O)c2)C(=O)N1,1,0.564586395226502
0,VAV1,O=C1CCC(c2cccc3c2cnn3-c2cccc(-n3c(C4CC4)ccc(F)c3=O)c2)C(=O)N1,1,0.5793717457556068
0,VAV1,O=C1CCC(c2cccc3c2cnn3-c2cccc(-n3c(C4CC4)cccc3=O)c2)C(=O)N1,1,0.5409552812740294
0,VAV1,O=C1CCC(c2cccc3c2cnn3-c2cccc(-n3c(C4CCCCC4)cc(C(F)F)cc3=O)c2)C(=O)N1,1,0.6167808675721973
0,VAV1,O=C1CCC(c2cccc3c2cnn3-c2cccc(-n3c(CC4CC4)cc(C(F)(F)F)cc3=O)c2)C(=O)N1,1,0.6335987109255646
0,VAV1,O=C1CCC(c2cccc3c2cnn3-c2cccc(-n3c(CC4CC4)cccc3=O)c2)C(=O)N1,1,0.5796837695022072
0,VAV1,O=C1CCC(c2cccc3c2cnn3-c2cccc(-n3c(Cl)cc(C(F)F)cc3=O)c2)C(=O)N1,1,0.578261638391852
0,VAV1,O=C1CCC(c2cccc3c2cnn3-c2cccc(-n3c(Cl)cccc3=O)c2)C(=O)N1,1,0.5650334096276259
0,VAV1,O=C1CCC(c2cccc3c2cnn3-c2cccc(-n3c(N4C5CCC4CC5)nc(C(F)(F)F)cc3=O)c2)C(=O)N1,1,0.6918587274902863
0,VAV1,O=C1CCC(c2cccc3c2cnn3-c2cccc(-n3c(N4CC(C(F)(F)F)C4)cc(C(F)(F)F)cc3=O)c2)C(=O)N1,1,0.6562102590158748
0,VAV1,O=C1CCC(c2cccc3c2cnn3-c2cccc(-n3c(N4CC(F)(F)C4)cc(C(F)(F)F)cc3=O)c2)C(=O)N1,1,0.668556599603898
0,VAV1,O=C1CCC(c2cccc3c2cnn3-c2cccc(-n3c(N4CC5CC5C4)nc(C(F)(F)F)cc3=O)c2)C(=O)N1,1,0.7144573735809459
0,VAV1,O=C1CCC(c2cccc3c2cnn3-c2cccc(-n3c(N4CC5CCC4C5)cc(C(F)(F)F)cc3=O)c2)C(=O)N1,1,0.729608800451019
0,VAV1,O=C1CCC(c2cccc3c2cnn3-c2cccc(-n3c(N4CC5CCC4C5)cc(C(F)F)cc3=O)c2)C(=O)N1,1,0.7241158777656204
0,VAV1,O=C1CCC(c2cccc3c2cnn3-c2cccc(-n3c(N4CCC(C(F)(F)F)C4)cc(C(F)(F)F)cc3=O)c2)C(=O)N1,1,0.7139196938767334
0,VAV1,O=C1CCC(c2cccc3c2cnn3-c2cccc(-n3c(N4CCC(F)(F)C4)cc(C(F)(F)F)cc3=O)c2)C(=O)N1,1,0.7193573043060264
0,VAV1,O=C1CCC(c2cccc3c2cnn3-c2cccc(-n3c(N4CCC(F)(F)CC4)cc(C(F)(F)F)cc3=O)c2)C(=O)N1,1,0.7305566394423798
0,VAV1,O=C1CCC(c2cccc3c2cnn3-c2cccc(-n3c(N4CCC(F)(F)CC4)cc(C(F)F)cc3=O)c2)C(=O)N1,1,0.7292847477566435
0,VAV1,O=C1CCC(c2cccc3c2cnn3-c2cccc(-n3c(N4CCC5CC54)cc(C(F)(F)F)cc3=O)c2)C(=O)N1,1,0.727540423275702
0,VAV1,O=C1CCC(c2cccc3c2cnn3-c2cccc(-n3c(N4CCC5CC54)cc(C(F)F)cc3=O)c2)C(=O)N1,1,0.7227141672569699
0,VAV1,O=C1CCC(c2cccc3c2cnn3-c2cccc(-n3c(N4CCCC(F)(F)C4)cc(C(F)(F)F)cc3=O)c2)C(=O)N1,1,0.7305566394423798
0,VAV1,O=C1CCC(c2cccc3c2cnn3-c2cccc(-n3c(N4CCCC4)cc(C(F)(F)F)cc3=O)c2)C(=O)N1,1,0.7139196938767334
0,VAV1,O=C1CCC(c2cccc3c2cnn3-c2cccc(-n3c(N4CCCC4)cccc3=O)c2)C(=O)N1,1,0.6615602902733021
0,VAV1,O=C1CCC(c2cccc3c2cnn3-c2cccc(-n3c(N4CCCCC4)nc(C(F)(F)F)cc3=O)c2)C(=O)N1,1,0.718926298879637
0,VAV1,O=C1CCC(c2cccc3c2cnn3-c2cccc(-n3c(N4CCOCC4)cc(C(F)F)cc3=O)c2)C(=O)N1,1,0.7060555115540593
0,VAV1,O=C1CCC(c2cccc3c2cnn3-c2cccc(-n3c(N4CC[C@@H](O)C4)cc(C(F)(F)F)cc3=O)c2)C(=O)N1,1,0.726661170298091
0,VAV1,O=C1CCC(c2cccc3c2cnn3-c2cccc(-n3c(N4CC[C@H](O)C4)cc(C(F)(F)F)cc3=O)c2)C(=O)N1,1,0.726661170298091
0,VAV1,O=C1CCC(c2cccc3c2cnn3-c2cccc(-n3c(N4C[C@@H](F)[C@@H](F)C4)cc(C(F)F)cc3=O)c2)C(=O)N1,1,0.7093396341458802
0,VAV1,O=C1CCC(c2cccc3c2cnn3-c2cccc(-n3c(NCC(F)(F)F)nc(C(F)(F)F)cc3=O)c2)C(=O)N1,0,0.7451175175551525
0,VAV1,O=C1CCC(c2cccc3c2cnn3-c2cccc(-n3c(OC4CC(F)(F)C4)cc(C(F)(F)F)cc3=O)c2)C(=O)N1,1,0.5859110992894324
0,VAV1,O=C1CCC(c2cccc3c2cnn3-c2cccc(-n3c(OC4CC(F)(F)C4)cc(C(F)F)cc3=O)c2)C(=O)N1,1,0.5642078416403828
0,VAV1,O=C1CCC(c2cccc3c2cnn3-c2cccc(-n3c(OC4CC4)cc(C(F)(F)F)cc3=O)c2)C(=O)N1,1,0.579953890710571
0,VAV1,O=C1CCC(c2cccc3c2cnn3-c2cccc(-n3c(OC4CC4)cc(C(F)F)cc3=O)c2)C(=O)N1,1,0.5502154879933214
0,VAV1,O=C1CCC(c2cccc3c2cnn3-c2cccc(-n3c(OC4CC4)cccc3=O)c2)C(=O)N1,1,0.5248549134990413
0,VAV1,O=C1CCC(c2cccc3c2cnn3-c2cccc(-n3c(OC4CC5(COC5)C4)cc(C(F)(F)F)cc3=O)c2)C(=O)N1,1,0.5297422747526123
0,VAV1,O=C1CCC(c2cccc3c2cnn3-c2cccc(-n3c(OC4CCC4)cc(C(F)(F)F)cc3=O)c2)C(=O)N1,1,0.5657662563581801
0,VAV1,O=C1CCC(c2cccc3c2cnn3-c2cccc(-n3c(OC4CCC4)cc(C(F)F)cc3=O)c2)C(=O)N1,1,0.531914467359832
0,VAV1,O=C1CCC(c2cccc3c2cnn3-c2cccc(-n3c(OC4CCCC4)cc(C(F)F)cc3=O)c2)C(=O)N1,1,0.5623118806501423
0,VAV1,O=C1CCC(c2cccc3c2cnn3-c2cccc(-n3c(OC4CCCC4=O)cc(C(F)(F)F)cc3=O)c2)C(=O)N1,1,0.5890196415454456
0,VAV1,O=C1CCC(c2cccc3c2cnn3-c2cccc(-n3c(OC4CCCOC4)cc(C(F)(F)F)cc3=O)c2)C(=O)N1,1,0.5975638350469404
0,VAV1,O=C1CCC(c2cccc3c2cnn3-c2cccc(-n3c(OC4CCOC4)cc(C(F)F)cc3=O)c2)C(=O)N1,1,0.5718996021202731
0,VAV1,O=C1CCC(c2cccc3c2cnn3-c2cccc(-n3c(OC4CCOCC4)cc(C(F)(F)F)cc3=O)c2)C(=O)N1,1,0.5985638350469404
0,VAV1,O=C1CCC(c2cccc3c2cnn3-c2cccc(-n3c(OC4COC4)cc(C(F)(F)F)cc3=O)c2)C(=O)N1,1,0.5457358168577614
0,VAV1,O=C1CCC(c2cccc3c2cnn3-c2cccc(-n3c(OC4COC4)cc(C(F)F)cc3=O)c2)C(=O)N1,1,0.5152485593287183
0,VAV1,O=C1CCC(c2cccc3c2cnn3-c2cccc(-n3c(OCC(F)(F)F)cc(C(F)(F)F)cc3=O)c2)C(=O)N1,1,0.6119912043440334
0,VAV1,O=C1CCC(c2cccc3c2cnn3-c2cccc(-n3c(OCC(F)(F)F)cc(C(F)F)cc3=O)c2)C(=O)N1,1,0.6119912043440334
0,VAV1,O=C1CCC(c2cccc3c2cnn3-c2cccc(-n3c(OCC(F)(F)F)cncc3=O)c2)C(=O)N1,1,0.6011868605396896
0,VAV1,O=C1CCC(c2cccc3c2cnn3-c2cccc(-n3c(OCC(F)F)cc(C(F)(F)F)cc3=O)c2)C(=O)N1,1,0.6119912043440334
0,VAV1,O=C1CCC(c2cccc3c2cnn3-c2cccc(-n3c(OCC4CCCO4)cc(C(F)(F)F)cc3=O)c2)C(=O)N1,1,0.6371421808757693
0,VAV1,O=C1CCC(c2cccc3c2cnn3-c2cccc(-n3c(OCC4CCCO4)cc(C(F)F)cc3=O)c2)C(=O)N1,1,0.628905677566791
0,VAV1,O=C1CCC(c2cccc3c2cnn3-c2cccc(-n3c(OCCC(F)(F)F)cc(C(F)(F)F)cc3=O)c2)C(=O)N1,1,0.6119912043440334
0,VAV1,O=C1CCC(c2cccc3c2cnn3-c2cccc(-n3c(OCCC(F)(F)F)cc(C(F)F)cc3=O)c2)C(=O)N1,1,0.6119912043440334
0,VAV1,O=C1CCC(c2cccc3c2cnn3-c2cccc(-n3c(OCCC(F)(F)F)cc(OC4CC4)cc3=O)c2)C(=O)N1,1,0.6502286443810549
0,VAV1,O=C1CCC(c2cccc3c2cnn3-c2cccc(-n3c(OCCOC(F)(F)F)cc(C(F)(F)F)cc3=O)c2)C(=O)N1,1,0.6151025974503692
0,VAV1,O=C1CCC(c2cccc3c2cnn3-c2cccc(-n3c(OCCOC(F)(F)F)cc(C(F)F)cc3=O)c2)C(=O)N1,1,0.6151025974503692
0,VAV1,O=C1CCC(c2cccc3c2cnn3-c2cccc(-n3c(O[C@@H]4CCOC4)cc(C(F)(F)F)cc3=O)c2)C(=O)N1,1,0.5915767781552183
0,VAV1,O=C1CCC(c2cccc3c2cnn3-c2cccc(-n3c(O[C@@H]4CCOC4)cc(C(F)F)cc3=O)c2)C(=O)N1,1,0.5718996021202731
0,VAV1,O=C1CCC(c2cccc3c2cnn3-c2cccc(-n3c(O[C@H]4CCOC4)cc(C(F)(F)F)cc3=O)c2)C(=O)N1,1,0.5915767781552183
0,VAV1,O=C1CCC(c2cccc3c2cnn3-c2cccc(-n3c4c(c(C(F)(F)F)cc3=O)CCCCC4)c2)C(=O)N1,1,0.6350359814969273
0,VAV1,O=C1CCC(c2cccc3c2cnn3-c2cccc(-n3c4c(ccc3=O)CCC4)c2)C(=O)N1,1,0.5592892940568887
0,VAV1,O=C1CCC(c2cccc3c2cnn3-c2cccc(-n3c4c(ccc3=O)CCCC4)c2)C(=O)N1,1,0.5904648965121922
0,VAV1,O=C1CCC(c2cccc3c2cnn3-c2cccc(N3C(=O)CCCC34CC4)c2)C(=O)N1,1,0.5640418668400433
0,VAV1,O=C1CCC(c2cccc3c2cnn3-c2cccc(Nc3ccc4cnccc4n3)c2)C(=O)N1,1,0.6030044914340446
0,VAV1,O=C1CCC(c2cccc3c2cnn3-c2cccc(Nc3cnc4ccccc4n3)c2)C(=O)N1,1,0.6065378247673777
0,VAV1,O=C1CCC(c2cccc3c2cnn3-c2cccc(Nc3ncc4ccccc4n3)c2)C(=O)N1,1,0.6138053147218007
0,VAV1,O=C1CCC(c2cccc3c2cnn3-c2cccc(Oc3ccc4c(n3)CCC4)c2)C(=O)N1,1,0.5682320739582061
0,VAV1,O=C1CCC(c2cccc3c2cnn3-c2cccc(Oc3ccc4c(n3)CCCC4)c2)C(=O)N1,1,0.5829054591186095
0,VAV1,O=C1CCC(c2cccc3c2cnn3-c2cccc(Oc3ccc4cccc(F)c4n3)c2)C(=O)N1,1,0.5658984257037734
0,VAV1,O=C1CCC(c2cccc3c2cnn3-c2cccc(Oc3ccc4ccccc4n3)c2)C(=O)N1,1,0.5318668283172744
0,VAV1,O=C1CCC(c2cccc3c2cnn3-c2cccc(Oc3ccc4cnccc4n3)c2)C(=O)N1,1,0.5318668283172744
0,VAV1,O=C1CCC(c2cccc3c2cnn3-c2cccc(Oc3cccc(Cl)n3)c2)C(=O)N1,0,0.5580136429895363
0,VAV1,O=C1CCC(c2cccc3c2cnn3-c2cccc(Oc3cnc4ccccc4n3)c2)C(=O)N1,1,0.5284733218237678
0,VAV1,O=C1CCC(c2cccc3c2cnn3-c2cccc(Oc3ncc4ccccc4n3)c2)C(=O)N1,1,0.6048030007683605
0,VAV1,O=C1CCN(c2cccc(-c3ccc(-n4c(C(F)(F)F)cc(C(F)F)cc4=O)cc3)c2Cl)C(=O)N1,1,0.7059801246028071
0,VAV1,O=C1CCN(c2cccc(-c3ccc(-n4c(C5CC5)cccc4=O)cc3)c2Cl)C(=O)N1,1,0.6767079011332593
0,VAV1,O=C1CCN(c2cccc(-c3ccc(-n4c(C5CCCCC5)cc(C(F)F)cc4=O)cc3)c2Cl)C(=O)N1,1,0.7190255408680268
0,VAV1,O=C1CCN(c2cccc(-c3ccc(-n4c(N5CC6CC6C5)cc(C(F)F)cc4=O)cc3)c2Cl)C(=O)N1,1,0.731037690255498
0,VAV1,O=C1CCN(c2cccc(-c3ccc(-n4c(N5CCOCC5)cc(C(F)F)cc4=O)cc3)c2Cl)C(=O)N1,1,0.7087265520972064
0,VAV1,O=C1CCN(c2cccc(-c3ccc(-n4c(OCC(F)(F)F)cc(C(F)(F)F)cc4=O)cc3)c2Cl)C(=O)N1,1,0.7253911567395498
0,VAV1,O=C1CCN(c2cccc(-c3ccc(-n4c(OCC(F)(F)F)cc(C(F)F)cc4=O)cc3)c2Cl)C(=O)N1,1,0.7253911567395498
0,VAV1,O=C1CCN(c2cccc(-c3ccc(-n4c(OCCC(F)(F)F)cc(C(F)(F)F)cc4=O)cc3)c2Cl)C(=O)N1,1,0.7253911567395498
0,VAV1,O=C1CCN(c2cccc3c2cnn3-c2cccc(-n3c(OCC(F)(F)F)cc(C(F)(F)F)cc3=O)c2)C(=O)N1,1,0.7296721160400919
0,VAV1,O=C1CC[C@@H](c2cccc(-c3ccc(-n4cccc(OC5CC(O)C5)c4=O)cc3)c2Cl)C(=O)N1,1,0.532598786185783
0,VAV1,O=C1CC[C@@H](c2cccc3c2cnn3-c2cccc(-c3c(OCCC(F)(F)F)ccn(C4CC4)c3=O)c2)C(=O)N1,1,0.6502286443810549
0,VAV1,O=C1CC[C@@](F)(c2cccc(-c3ccc(-n4cccc(OC(F)F)c4=O)cc3)c2Cl)C(=O)N1,1,0.5128533205075201
0,VAV1,O=C1CC[C@H](c2cccc(-c3ccc(-n4cccc(OC5CC(O)C5)c4=O)cc3)c2Cl)C(=O)N1,1,0.532598786185783
0,VAV1,O=C1CC[C@H](c2cccc(-c3ccc4c(c3)COCc3cccc(=O)n3-4)c2Cl)C(=O)N1,1,0.5479284981603134
0,VAV1,O=c1cccc2n1-c1ccc(Br)cc1OCC2,1,0.42125445633342684
0,VAV1,O=c1cccc2n1C1(CCC1)COC2,1,0.32048813346216526
0,VAV1,[2H]C(F)(F)Oc1cccn(-c2ccc(-c3cccc(C4CCC(=O)NC4=O)c3Cl)cc2)c1=O,1,0.522699210776545
0,VAV1,[2H]C([2H])([2H])N(C(=O)Nc1c(C)cc(-c2cccc(C3CCC(=O)NC3=O)c2Cl)cc1F)C([2H])([2H])[2H],1,0.6730551170672945
0,VAV1,[2H]C([2H])([2H])N(C(=O)Nc1ccc(-c2cccc(C3CCC(=O)NC3=O)c2Cl)cc1C)C([2H])([2H])[2H],1,0.6520983099854872
0,VAV1,[2H]C([2H])([2H])NC(=O)N(c1ccc(-c2cccc(C3CCC(=O)NC3=O)c2Cl)cc1)C1CC1,1,0.6301173847365998
0,VAV1,[2H]C([2H])([2H])NC(=O)Nc1c(C)cc(-c2cccc(C3CCC(=O)NC3=O)c2Cl)cc1F,1,0.6674830198934761
0,VAV1,[2H]C([2H])([2H])NC(=O)Nc1ccc(-c2cccc(C3CCC(=O)NC3=O)c2Cl)cc1C,1,0.6469064325918886
0,VAV1,[2H]C([2H])([2H])O[C@@H]1CCN(C(=O)Nc2ccc(-c3cccc(C4CCC(=O)NC4=O)c3Cl)cc2C)C1,1,0.7060438349028555
0,VAV1,[2H]C([2H])([2H])O[C@H]1CCN(C(=O)Nc2ccc(-c3cccc(C4CCC(=O)NC4=O)c3Cl)cc2C)C1,1,0.7060438349028555
0,VAV1,[2H]C([2H])([2H])Oc1cc(C(F)(F)F)n(-c2ccc(-c3cccc(C4CCC(=O)NC4=O)c3C#C)cc2)c(=O)c1,1,0.5920963838714458
0,VAV1,[2H]C([2H])([2H])Oc1cc(OCCC(F)(F)F)n(-c2cccc(-n3ncc4c(C5CCC(=O)NC5=O)cccc43)c2)c(=O)c1,1,0.6712287272801656
0,VAV1,[2H]C([2H])([2H])c1cc(-c2cccc(C3CCC(=O)NC3=O)c2Cl)ccc1NC(=O)N(C)C,1,0.6520983099854872
0,VAV1,[2H]C([2H])([2H])c1cc(-c2cccc(C3CCC(=O)NC3=O)c2Cl)ccc1NC(=O)N1CC[C@H](OC)C1,1,0.7060438349028555
0,VAV1,[2H]C1Cc2nc3cnc(Oc4ccc(-c5cccc(C6CCC(=O)NC6=O)c5Cl)cc4)cc3n2C1,1,0.5900680687405598
0,VAV1,[Th]=[Th],1,0.3400901058704717
1,CSNK1A1,C=C1CC[C@H](N2Cc3c4c(cc(F)c3C2=O)C2(CCN(CC3CCN(c5ccc(C(=O)N[C@H]6CC[C@H](Oc7ccccc7Cl)CC6)cc5F)CC3)CC2)CO4)C(=O)N1,1,0.5228426889944698
1,CSNK1A1,CC(=O)Nc1ccc(-c2nc(-c3ccc4c(c3)CN(C3CCC(=O)NC3=O)C4=O)cn2C)cc1,1,0.7536326431602122
1,CSNK1A1,CC(C)(C)O[C@H]1CC[C@H](NC(=O)c2ccc(N3CCC(CN4CCC5(CC4)COc4c5cc(Cl)c5c4CN([C@H]4CCC(=O)NC4=O)C5=O)CC3)c(F)c2)CC1,1,0.6064274021591948
1,ARNT,CC(C)CN1CCC(O)(c2ccc3c(n2)CN(C2CCC(=O)NC2=O)C3=O)C(C)(C)C1,0,0.6287362522347809
1,CSNK1A1,CC(C)Cc1ccc(-c2c(-c3ccc4c(c3)CN(C3CCC(=O)NC3=O)C4=O)ncn2C)cc1,1,0.7390246548237309
1,CSNK1A1,CC(C)Cc1nc(-c2ccc3c(c2)CN(C2CCC(=O)NC2=O)C3=O)c(-c2ccccc2)o1,1,0.6403591062276961
1,CSNK1A1,CC(C)Cn1cc(-c2c(-c3ccc4c(c3)CN(C3CCC(=O)NC3=O)C4=O)ncn2C)cn1,1,0.709822429659914
1,CSNK1A1,CC(C)Cn1cnc(-c2ccc3c(c2)CN(C2CCC(=O)NC2=O)C3=O)c1-c1ccccc1,1,0.6917465613933815
1,CSNK1A1,CC(C)OC1CCC(NC(=O)c2ncc(N3CCC(CN4CCC5(CC4)COc4c5cc(Cl)c5c4CN([C@H]4CCC(=O)NC4=O)C5=O)CC3)cn2)CC1,1,0.6580078744263633
1,CSNK1A1,CC(C)O[C@H]1CC[C@H](NC(=O)c2c(F)cc(N3CCC(F)(CN4CCC5(CC4)COc4c5cc(Cl)c5c4CN([C@H]4CCC(=O)NC4=O)C5=O)CC3)cc2F)CC1,1,0.6013905334723261
1,CSNK1A1,CC(C)O[C@H]1CC[C@H](NC(=O)c2cc(F)c(N3CCC(F)(CN4CCC5(CC4)COc4c5cc(Cl)c5c4CN([C@H]4CCC(=O)NC4=O)C5=O)CC3)cc2F)CC1,1,0.6013905334723261
1,CSNK1A1,CC(C)O[C@H]1CC[C@H](NC(=O)c2ccc(N3CCC(CN4CCC5(CC4)COc4c5cc(Cl)c5c4CN([C@H]4CCC(=O)NC4=O)C5=O)CC3)c(F)c2)CC1,1,0.6013905334723261
1,CSNK1A1,CC(C)O[C@H]1CC[C@H](NC(=O)c2ccc(N3CCC(CN4CCC5(CC4)OCc4c5cc(Cl)c5c4CN([C@H]4CCC(=O)NC4=O)C5=O)C(C)C3)cc2F)CC1,1,0.6166480582973499
1,CSNK1A1,CC(C)O[C@H]1CC[C@H](NC(=O)c2ccc(N3CCC(F)(CN4CCC5(CC4)COc4c5cc(Cl)c5c4CN([C@H]4CCC(=O)NC4=O)C5=O)CC3)c(F)c2)CC1,1,0.6013905334723261
1,CSNK1A1,CC(C)O[C@H]1CC[C@H](NC(=O)c2ccc(N3CCC(F)(CN4CCC5(CC4)COc4c5cc(Cl)c5c4CN([C@H]4CCC(=O)NC4=O)C5=O)CC3)c(F)c2F)CC1,1,0.6013905334723261
1,CSNK1A1,CC(C)O[C@H]1CC[C@H](NC(=O)c2ccc(N3CCC(F)(CN4CCC5(CC4)COc4c5cc(Cl)c5c4CN([C@H]4CCC(=O)NC4=O)C5=O)CC3)c(S(C)(=O)=O)c2)CC1,1,0.5958366253452626
1,CSNK1A1,CC(C)O[C@H]1CC[C@H](NC(=O)c2ccc(N3CCC(F)(CN4CCC5(CC4)COc4c5cc(Cl)c5c4CN([C@H]4CCC(=O)NC4=O)C5=O)CC3)cc2C#N)CC1,1,0.601955640473131
1,CSNK1A1,CC(C)O[C@H]1CC[C@H](NC(=O)c2ccc(N3CCC(F)(CN4CCC5(CC4)COc4c5cc(Cl)c5c4CN([C@H]4CCC(=O)NC4=O)C5=O)CC3)cc2F)CC1,1,0.6013905334723261
1,CSNK1A1,CC(C)O[C@H]1CC[C@H](NC(=O)c2ccc(N3CCC(F)(CN4CCC5(CC4)COc4c5cc(F)c5c4CN([C@H]4CCC(=O)NC4=O)C5=O)CC3)c(F)c2)CC1,1,0.6019442712935535
1,CSNK1A1,CC(C)O[C@H]1CC[C@H](NC(=O)c2cccc(N3CCC(CN4CCC5(CC4)COc4c5cc(Cl)c5c4CN([C@H]4CCC(=O)NC4=O)C5=O)CC3)c2)CC1,1,0.5900352521217261
1,CSNK1A1,CC(C)O[C@H]1CC[C@H](NC(=O)c2cnc(N3CCC(CN4CCC5(CC4)COc4c5cc(Cl)c5c4CN([C@H]4CCC(=O)NC4=O)C5=O)CC3)c(F)c2)CC1,1,0.6618939419498548
1,CSNK1A1,CC(C)O[C@H]1CC[C@H](NC(=O)c2cnc(N3CCC(CN4CCC5(CC4)COc4c5cc(Cl)c5c4CN([C@H]4CCC(=O)NC4=O)C5=O)CC3)nc2)CC1,1,0.6569859695874428
1,CSNK1A1,CC(C)O[C@H]1CC[C@H](NC(=O)c2cnc(N3CCC(F)(CN4CCC5(CC4)COc4c5cc(Cl)c5c4CN([C@H]4CCC(=O)NC4=O)C5=O)CC3)nc2)CC1,1,0.6614520912015361
1,CSNK1A1,CC(C)O[C@H]1CC[C@H](NC(=O)c2cnc(N3CCN(CN4CCC5(CC4)COc4c5cc(Cl)c5c4CN([C@H]4CCC(=O)NC4=O)C5=O)CC3)c(F)c2)CC1,1,0.6595050530609659
1,CSNK1A1,CC(C)O[C@H]1CC[C@H](NC(=O)c2coc(N3CCC(F)(CN4CCC5(CC4)COc4c5cc(Cl)c5c4CN([C@H]4CCC(=O)NC4=O)C5=O)CC3)n2)CC1,1,0.6740714789676414
1,CSNK1A1,CC(C)O[C@H]1CC[C@H](NC(=O)c2csc(N3CCC(F)(CN4CCC5(CC4)COc4c5cc(Cl)c5c4CN([C@H]4CCC(=O)NC4=O)C5=O)CC3)n2)CC1,1,0.7156014616668752
1,CSNK1A1,CC(C)O[C@H]1CC[C@H](NS(=O)(=O)c2ccc(N3CCC(F)(CN4CCC5(CC4)COc4c5cc(Cl)c5c4CN([C@H]4CCC(=O)NC4=O)C5=O)CC3)c(F)c2)CC1,1,0.5635215195866313
1,CSNK1A1,CC(C)Oc1ccc(NC(=O)c2ccc(N3CCC(F)(CN4CCC5(CC4)COc4c5cc(Cl)c5c4CN([C@H]4CCC(=O)NC4=O)C5=O)CC3)cc2F)cc1,1,0.5932017341450039
1,CSNK1A1,CC(C)c1ccc(-c2c(-c3ccc4c(c3)CN(C3CCC(=O)NC3=O)C4=O)cnn2C)cc1,1,0.7421810225843959
1,CSNK1A1,CC(C)c1ccc(-c2c(-c3ccc4c(c3)CN(C3CCC(=O)NC3=O)C4=O)ncn2C)cc1,1,0.7509795102904054
1,CSNK1A1,CC(C)c1cccc(-c2c(-c3ccc4c(c3)CN(C3CCC(=O)NC3=O)C4=O)ncn2C)c1,1,0.7509795102904054
1,CSNK1A1,CC(C)c1ccccc1-c1c(-c2ccc3c(c2)CN(C2CCC(=O)NC2=O)C3=O)cnn1C,1,0.7421810225843959
1,CSNK1A1,CC(C)c1ccccc1-c1c(-c2ccc3c(c2)CN(C2CCC(=O)NC2=O)C3=O)ncn1C,1,0.7509795102904054
1,CSNK1A1,CC(C)c1nc(-c2ccc3c(c2)CN(C2CCC(=O)NC2=O)C3=O)c(-c2ccccc2)n1C,1,0.7484078981560359
1,CSNK1A1,CC(C)c1nc(-c2ccc3c(c2)CN(C2CCC(=O)NC2=O)C3=O)c(-c2ccccc2)o1,1,0.6436900099319001
1,CSNK1A1,CC(C)c1nc(-c2ccc3c(c2)CN(C2CCC(=O)NC2=O)C3=O)c(-c2cncnc2)n1C,1,0.7439307422894263
1,CSNK1A1,CC(C)c1nc(-c2ccc3c(c2)CN(C2CCC(=O)NC2=O)C3=O)cn1-c1ccccc1,1,0.763381583264879
1,CSNK1A1,CC(C)n1cc(-c2c(-c3ccc4c(c3)CN(C3CCC(=O)NC3=O)C4=O)ncn2C)cn1,1,0.7406981962479682
1,CSNK1A1,CC(C)n1cc(-c2ccc3c(c2)CN(C2CCC(=O)NC2=O)C3=O)nc1-c1ccccc1,1,0.744781449592695
1,CSNK1A1,CC(C)n1ccc(-c2c(-c3ccc4c(c3)CN(C3CCC(=O)NC3=O)C4=O)ncn2C)n1,1,0.7406981962479682
1,CSNK1A1,CC(C)n1nc(-c2ccc3c(c2)CN(C2CCC(=O)NC2=O)C3=O)cc1-c1ccccc1,1,0.7147359581000706
1,CSNK1A1,CC(C)n1nc(-c2ccc3c(c2)CN(C2CCC(=O)NC2=O)C3=O)nc1-c1ccccc1,1,0.7341705752610199
1,CSNK1A1,CC(C)n1nc(-c2ccccc2)nc1-c1ccc2c(c1)CN(C1CCC(=O)NC1=O)C2=O,1,0.7341705752610199
1,CSNK1A1,CC(C)n1ncc(-c2ccc3c(c2)CN(C2CCC(=O)NC2=O)C3=O)c1-c1ccccc1,1,0.7147359581000706
1,ARNT,CC(c1ccc(C(F)(F)F)cc1)N1CCC(O)(c2ccc3c(n2)CN(C2CCC(=O)NC2=O)C3=O)CC1,0,0.6210782706708468
1,ARNT,CC1(C)CN(Cc2ccc(C(F)(F)F)nc2)CCC1(O)c1ccc2c(n1)CN(C1CCC(=O)NC1=O)C2=O,0,0.6502301098901473
1,CSNK1A1,CC1(C)[C@H](NC(=O)c2ccc(N3CCC(CN4CCC5(CC4)COc4c5cc(Cl)c5c4CN([C@H]4CCC(=O)NC4=O)C5=O)CC3)c(F)c2)C(C)(C)[C@H]1Oc1ccc(C#N)cc1,1,0.587734637324963
1,CSNK1A1,CC1(C)[C@H](NC(=O)c2ccc(N3CCC(CN4CCC5(CC4)COc4c5cc(Cl)c5c4CN([C@H]4CCC(=O)NC4=O)C5=O)CC3)c(F)c2)C(C)(C)[C@H]1Oc1ncccc1Cl,1,0.5910924191821078
1,ARNT,CC1CC(O)(c2ccc3c(n2)CN(C2CCC(=O)NC2=O)C3=O)CCN1Cc1ccc(C(F)(F)F)cc1,0,0.6370065028183995
1,CSNK1A1,CC1CCN(c2nc(-c3ccc4c(c3)CN(C3CCC(=O)NC3=O)C4=O)nn2C)CC1,1,0.632202344548712
1,ARNT,CCC1(CC)CN(CC(C)C)CCC1(O)c1ccc2c(n1)CN(C1CCC(=O)NC1=O)C2=O,0,0.6299490947976234
1,ARNT,CCC1(CC)CN(CC2CCC(F)(F)CC2)CCC1(O)c1ccc2c(n1)CN(C1CCC(=O)NC1=O)C2=O,0,0.5917244227914995
1,ARNT,CCC1(CC)CN(CC2CCOCC2)CCC1(O)c1ccc2c(n1)CN(C1CCC(=O)NC1=O)C2=O,0,0.6015933829159534
1,CSNK1A1,CCCCCc1ccc(-c2nc(-c3ccc4c(c3)CN(C3CCC(=O)NC3=O)C4=O)cn2C)cc1,1,0.7153410834032571
1,CSNK1A1,CCCCc1ccc(-c2nc(-c3ccc4c(c3)CN(C3CCC(=O)NC3=O)C4=O)cn2C)cc1,1,0.7213662206801812
1,CSNK1A1,CCCCc1ccc(-c2nc(-c3ccc4c(c3)CN(C3CCC(=O)NC3=O)C4=O)cn2C)s1,1,0.7437096696497667
1,ARNT,CCN1CCC(O)(c2ccc3c(n2)CN(C2CCC(=O)NC2=O)C3=O)C(CC)(CC)C1,0,0.6088618650858373
1,CSNK1A1,CCOC(=O)Cc1cccc(-c2c(-c3ccc4c(c3)CN(C3CCC(=O)NC3=O)C4=O)cnn2C)c1,1,0.6438577348184695
1,CSNK1A1,CCO[C@H]1CC[C@H](NC(=O)c2ccc(N3CCC(CN4CCC5(CC4)COc4c5cc(Cl)c5c4CN([C@H]4CCC(=O)NC4=O)C5=O)CC3)c(F)c2)CC1,1,0.5748717005002334
1,CSNK1A1,CCOc1ncccc1-c1c(-c2ccc3c(c2)CN(C2CCC(=O)NC2=O)C3=O)ncn1C,1,0.6327866783029471
1,CSNK1A1,CCc1nc(-c2ccc3c(c2)CN(C2CCC(=O)NC2=O)C3=O)c(-c2ccccc2)o1,1,0.6226323406617067
1,CSNK1A1,CCn1cnc(-c2ccc3c(c2)CN(C2CCC(=O)NC2=O)C3=O)c1-c1ccccc1,1,0.6787840354664622
1,CSNK1A1,CCn1nc(-c2ccccc2)c(-c2ccc3c(c2)CN(C2CCC(=O)NC2=O)C3=O)n1,1,0.6465899860226576
1,CSNK1A1,CCn1ncc(-c2ccc3c(c2)CN(C2CCC(=O)NC2=O)C3=O)c1-c1ccccc1,1,0.6524094164358551
1,CDK4,CN(C)C(=O)c1cc2cnc(Nc3ccc(N4CCN(C(=O)/C=C/C(=O)c5ccc(Br)cc5)CC4)cn3)nc2n1C1CCCC1,0,0.4861110756251533
1,CDK4,CN(C)C(=O)c1cc2cnc(Nc3ccc(N4CCN(C(=O)/C=C/C(=O)c5ccc(C#N)cc5)CC4)cn3)nc2n1C1CCCC1,0,0.5250329994268587
1,CDK4,CN(C)C(=O)c1cc2cnc(Nc3ccc(N4CCN(C(=O)/C=C/C(=O)c5ccc(F)cc5)CC4)cn3)nc2n1C1CCCC1,0,0.4990210446556441
1,CDK4,CN(C)C(=O)c1cc2cnc(Nc3ccc(N4CCN(C(=O)/C=C/C(=O)c5ccc6c(c5)CCO6)CC4)cn3)nc2n1C1CCCC1,0,0.5270784781013115
1,CDK4,CN(C)C(=O)c1cc2cnc(Nc3ccc(N4CCN(C(=O)/C=C/C(=O)c5ccc6c(c5)NC(=O)CO6)CC4)cn3)nc2n1C1CCCC1,0,0.5601438107897473
1,CDK4,CN(C)C(=O)c1cc2cnc(Nc3ccc(N4CCN(C(=O)/C=C/C(=O)c5ccc6c(c5)OCC6)CC4)cn3)nc2n1C1CCCC1,0,0.5270784781013115
1,CDK4,CN(C)C(=O)c1cc2cnc(Nc3ccc(N4CCN(C(=O)/C=C/C(=O)c5ccc6c(c5)OCCO6)CC4)cn3)nc2n1C1CCCC1,0,0.529093422376894
1,CDK4,CN(C)C(=O)c1cc2cnc(Nc3ccc(N4CCN(C(=O)/C=C/C(=O)c5cccc(Br)c5)CC4)cn3)nc2n1C1CCCC1,0,0.4861110756251533
1,CDK4,CN(C)C(=O)c1cc2cnc(Nc3ccc(N4CCN(C(=O)/C=C/C(=O)c5cccc(C(F)(F)F)c5)CC4)cn3)nc2n1C1CCCC1,0,0.517381990373265
1,CDK4,CN(C)C(=O)c1cc2cnc(Nc3ccc(N4CCN(C(=O)/C=C/C(=O)c5ccccc5)CC4)cn3)nc2n1C1CCCC1,0,0.5203185694124285
1,CDK4,CN(C)C(=O)c1cc2cnc(Nc3ccc(N4CCN(C(=O)/C=C/C(=O)c5ccccc5Br)CC4)cn3)nc2n1C1CCCC1,0,0.4861110756251533
1,CDK4,CN(C)C(=O)c1cc2cnc(Nc3ccc(N4CCN(C(=O)/C=C/C(=O)c5ccccc5Cl)CC4)cn3)nc2n1C1CCCC1,0,0.44495852521503965
1,CSNK1A1,CN(C)Cc1ccc(-c2c(-c3ccc4c(c3)CN(C3CCC(=O)NC3=O)C4=O)cnn2C)cc1,1,0.6483058025224937
1,CSNK1A1,CN(C)Cc1ccc(-c2c(-c3ccc4c(c3)CN(C3CCC(=O)NC3=O)C4=O)ncn2C)cc1,1,0.657786039141708
1,CDK2,CN(C[C@](C)(O)C(=O)Nc1ccc(C#N)c(C(F)(F)F)c1)c1ccc(C#N)cc1,1,0.7274080740404854
1,CSNK1A1,CN1CCN(C(=O)c2cccc(-c3c(-c4ccc5c(c4)CN(C4CCC(=O)NC4=O)C5=O)ncn3C)c2)CC1,1,0.6506241218962113
1,CSNK1A1,CN1CCN(c2ccc(-c3c(-c4ccc5c(c4)CN(C4CCC(=O)NC4=O)C5=O)cnn3C)cc2)CC1,1,0.6231870525007005
1,CSNK1A1,CN1CCN(c2ccc(-c3c(-c4ccc5c(c4)CN(C4CCC(=O)NC4=O)C5=O)ncn3C)cc2)CC1,1,0.6359740571512185
1,CSNK1A1,CN1CCN(c2ccc([C@@H](NC(=O)c3ccc4c(c3)CN(C3CCC(=O)NC3=O)C4=O)C3CCC3)cc2)CC1,0,0.5888557974050858
1,CSNK1A1,CN1CCN(c2cccc(-c3c(-c4ccc5c(c4)CN(C4CCC(=O)NC4=O)C5=O)cnn3C)c2)CC1,1,0.6231870525007005
1,CSNK1A1,CN1N=CC(c2ccc3c(c2)CN(C2CCC(=O)NC2=O)C3=O)C1c1cnn(C2CC2)c1,1,0.7381982734339049
1,CSNK1A1,CNc1ccccc1-c1c(-c2ccc3c(c2)CN(C2CCC(=O)NC2=O)C3=O)ncn1C,1,0.7620620778862895
1,CSNK1A1,COC1(CN2CCC3(CC2)COc2c3cc(Cl)c3c2CN([C@H]2CCC(=O)NC2=O)C3=O)CCN(c2ccc(C(=O)N[C@H]3CC[C@H](OC(C)C)CC3)cc2F)CC1,1,0.6277708038742886
1,CSNK1A1,COC1(CN2CCC3(CC2)COc2c3cc(Cl)c3c2CN([C@H]2CCC(=O)NC2=O)C3=O)CCN(c2ncc(C(=O)N[C@H]3CC[C@H](OC(C)C)CC3)cc2F)CC1,1,0.6698477039633994
1,CSNK1A1,COC1(CN2CCC3(CC2)COc2c3cc(Cl)c3c2CN([C@H]2CCC(=O)NC2=O)C3=O)CCN(c2ncc(C(=O)N[C@H]3CC[C@H](OC(C)C)CC3)cn2)CC1,1,0.6631822649240114
1,CSNK1A1,COC1(CN2CCC3(CC2)OCc2c3cc(Cl)c3c2CN([C@H]2CCC(=O)NC2=O)C3=O)CCN(c2ccc(C(=O)N[C@H]3CC[C@H](Oc4ccccc4Cl)CC3)cc2F)CC1,1,0.6018172150778647
1,CSNK1A1,COCCCOc1ccc(-c2c(-c3ccc4c(c3)CN(C3CCC(=O)NC3=O)C4=O)cnn2C)cc1,1,0.6246757328291599
1,CSNK1A1,COCc1ccc(-c2c(-c3ccc4c(c3)CN(C3CCC(=O)NC3=O)C4=O)cnn2C)cc1,1,0.6055479184966022
1,CSNK1A1,COCc1ccc(-c2c(-c3ccc4c(c3)CN(C3CCC(=O)NC3=O)C4=O)ncn2C)cc1,1,0.6025098536078739
1,CSNK1A1,CO[C@H]1CC[C@H](NC(=O)c2ccc(N3CC4(CC(N5CCC6(CC5)COc5c6cc(Cl)c6c5CN([C@H]5CCC(=O)NC5=O)C6=O)C4)C3)nn2)CC1,1,0.6131368845343758
1,CSNK1A1,CO[C@H]1CC[C@H](NC(=O)c2ccc(N3CCC(CN4CCC5(CC4)COc4c5cc(Cl)c5c4CN([C@H]4CCC(=O)NC4=O)C5=O)CC3)nn2)CC1,1,0.6451024355283816
1,CSNK1A1,COc1c(Cl)cccc1-c1c(-c2ccc3c(c2)CN(C2CCC(=O)NC2=O)C3=O)ncn1C,1,0.6656436948836966
1,CSNK1A1,COc1c(F)cccc1-c1c(-c2ccc3c(c2)CN(C2CCC(=O)NC2=O)C3=O)cnn1C,1,0.6861262758690082
1,CSNK1A1,COc1c(F)cccc1-c1c(-c2ccc3c(c2)CN(C2CCC(=O)NC2=O)C3=O)ncn1C,1,0.6796139312778751
1,CSNK1A1,COc1cc(-c2c(-c3ccc4c(c3)CN(C3CCC(=O)NC3=O)C4=O)cnn2C)ccc1C,1,0.6713342282055141
1,CSNK1A1,COc1cc(-c2c(-c3ccc4c(c3)CN(C3CCC(=O)NC3=O)C4=O)ncn2C)ccc1C,1,0.6809494780512751
1,CSNK1A1,COc1cc(-c2nc(-c3ccc4c(c3)CN(C3CCC(=O)NC3=O)C4=O)cn2C)ccc1Cl,1,0.6599002366759246
1,CSNK1A1,COc1cc(-c2nc(-c3ccc4c(c3)CN(C3CCC(=O)NC3=O)C4=O)cn2C)ccc1F,1,0.6728268101248613
1,ARNT,COc1cc(CN2CCC(O)(c3ccc4c(n3)CN(C3CCC(=O)NC3=O)C4=O)CC2)ccc1C(F)(F)F,0,0.5872828650218904
1,CSNK1A1,COc1cc(Cl)ccc1-c1nc(-c2ccc3c(c2)CN(C2CCC(=O)NC2=O)C3=O)cn1C,1,0.6656434872907779
1,CSNK1A1,COc1cc(F)ccc1-c1c(-c2ccc3c(c2)CN(C2CCC(=O)NC2=O)C3=O)ncn1C,1,0.6796139312778751
1,CDK4,COc1cc(F)ccc1C(=O)/C=C/C(=O)N1CCN(c2ccc(Nc3ncc4cc(C(=O)N(C)C)n(C5CCCC5)c4n3)nc2)CC1,0,0.5293481951918388
1,CSNK1A1,COc1cc2c(cn1)OCC21CCN(CCCCCc2cccc3c2CN(C2CCC(=O)NC2=O)C3=O)CC1,1,0.5740338420072402
1,CSNK1A1,COc1ccc(-c2c(-c3ccc4c(c3)CN(C3CCC(=O)NC3=O)C4=O)cnn2C(F)F)c(Cl)c1,1,0.6486408734294733
1,CSNK1A1,COc1ccc(-c2c(-c3ccc4c(c3)CN(C3CCC(=O)NC3=O)C4=O)cnn2C(F)F)cc1,1,0.6433859119344947
1,CSNK1A1,COc1ccc(-c2c(-c3ccc4c(c3)CN(C3CCC(=O)NC3=O)C4=O)cnn2C(F)F)cc1F,1,0.6501583602904384
1,CSNK1A1,COc1ccc(-c2c(-c3ccc4c(c3)CN(C3CCC(=O)NC3=O)C4=O)cnn2C)c(C)c1,1,0.6713342282055141
1,CSNK1A1,COc1ccc(-c2c(-c3ccc4c(c3)CN(C3CCC(=O)NC3=O)C4=O)cnn2C)c(Cl)c1,1,0.6575573114058876
1,CSNK1A1,COc1ccc(-c2c(-c3ccc4c(c3)CN(C3CCC(=O)NC3=O)C4=O)cnn2C)c(F)c1,1,0.6781740029245612
1,CSNK1A1,COc1ccc(-c2c(-c3ccc4c(c3)CN(C3CCC(=O)NC3=O)C4=O)cnn2C)cc1,1,0.6652191488404346
1,CSNK1A1,COc1ccc(-c2c(-c3ccc4c(c3)CN(C3CCC(=O)NC3=O)C4=O)cnn2C)cc1Cl,1,0.6575573114058876
1,CSNK1A1,COc1ccc(-c2c(-c3ccc4c(c3)CN(C3CCC(=O)NC3=O)C4=O)cnn2C)cc1F,1,0.6781740029245612
1,CSNK1A1,COc1ccc(-c2c(-c3ccc4c(c3)CN(C3CCC(=O)NC3=O)C4=O)cnn2C)cc1O,1,0.6641676174207034
1,CSNK1A1,COc1ccc(-c2c(-c3ccc4c(c3)CN(C3CCC(=O)NC3=O)C4=O)cnn2C)cc1OCc1ccccc1,1,0.6377356861398028
1,CSNK1A1,COc1ccc(-c2c(-c3ccc4c(c3)CN(C3CCC(=O)NC3=O)C4=O)cnn2C)cn1,1,0.6584403970366829
1,CSNK1A1,COc1ccc(-c2c(-c3ccc4c(c3)CN(C3CCC(=O)NC3=O)C4=O)ncn2C)c(C)c1,1,0.6809494780512751
1,CSNK1A1,COc1ccc(-c2c(-c3ccc4c(c3)CN(C3CCC(=O)NC3=O)C4=O)ncn2C)c(Cl)c1,1,0.6604163172847165
1,CSNK1A1,COc1ccc(-c2c(-c3ccc4c(c3)CN(C3CCC(=O)NC3=O)C4=O)ncn2C)c(F)c1,1,0.6720227152950566
1,CSNK1A1,COc1ccc(-c2c(-c3ccc4c(c3)CN(C3CCC(=O)NC3=O)C4=O)ncn2C)cc1,1,0.6742629701147671
1,CSNK1A1,COc1ccc(-c2c(-c3ccc4c(c3)CN(C3CCC(=O)NC3=O)C4=O)ncn2C)cc1Cl,1,0.6604163172847165
1,CSNK1A1,COc1ccc(-c2c(-c3ccc4c(c3)CN(C3CCC(=O)NC3=O)C4=O)ncn2C)cc1F,1,0.6720227152950566
1,CSNK1A1,COc1ccc(-c2c(-c3ccc4c(c3)CN(C3CCC(=O)NC3=O)C4=O)ncn2C)cc1O,1,0.668883811537256
1,CSNK1A1,COc1ccc(-c2c(-c3ccc4c(c3)CN(C3CCC(=O)NC3=O)C4=O)ncn2C)cc1OCc1ccccc1,1,0.6433549176976815
1,CSNK1A1,COc1ccc(-c2c(-c3ccc4c(c3)CN(C3CCC(=O)NC3=O)C4=O)ncn2C)cn1,1,0.6668289063717896
1,CSNK1A1,COc1ccc(-c2nc(-c3ccc4c(c3)CN(C3CCC(=O)NC3=O)C4=O)cn2C)cc1,1,0.6732019060580507
1,CSNK1A1,COc1ccc(-c2nc(-c3ccc4c(c3)CN(C3CCC(=O)NC3=O)C4=O)cn2C)cc1C,1,0.680110636216781
1,CSNK1A1,COc1ccc(-c2nc(-c3ccc4c(c3)CN(C3CCC(=O)NC3=O)C4=O)cn2C)cc1Cl,1,0.6599002366759246
1,CSNK1A1,COc1ccc(-c2nn(C(F)F)cc2-c2ccc3c(c2)CN(C2CCC(=O)NC2=O)C3=O)c(Cl)c1,1,0.6486408734294733
1,CSNK1A1,COc1ccc(-c2nn(C(F)F)cc2-c2ccc3c(c2)CN(C2CCC(=O)NC2=O)C3=O)cc1F,1,0.6501583602904384
1,CSNK1A1,COc1ccc(C#N)cc1-c1nc(-c2ccc3c(c2)CN(C2CCC(=O)NC2=O)C3=O)cn1C,1,0.6847510586248579
1,CDK4,COc1ccc(C(=O)/C(C)=C/C(=O)N2CCN(c3ccc(Nc4ncc5cc(C(=O)N(C)C)n(C6CCCC6)c5n4)nc3)CC2)cc1,0,0.4781873747882131
1,CDK4,COc1ccc(C(=O)/C=C(\C#N)C(=O)N2CCN(c3ccc(Nc4ncc5cc(C(=O)N(C)C)n(C6CCCC6)c5n4)nc3)CC2)cc1,0,0.49446913949409543
1,CDK4,COc1ccc(C(=O)/C=C(\C)C(=O)N2CCN(c3ccc(Nc4ncc5cc(C(=O)N(C)C)n(C6CCCC6)c5n4)nc3)CC2)cc1,0,0.488877021638947
1,CDK4,COc1ccc(C(=O)/C=C/C(=O)N(C)CCN(C)c2ccc(Nc3ncc4cc(C(=O)N(C)C)n(C5CCCC5)c4n3)nc2)cc1,0,0.5506060814194209
1,CDK4,COc1ccc(C(=O)/C=C/C(=O)N2CCCN(c3ccc(Nc4ncc5cc(C(=O)N(C)C)n(C6CCCC6)c5n4)nc3)CC2)cc1,0,0.49698647223031783
1,CDK4,COc1ccc(C(=O)/C=C/C(=O)N2CCN(c3ccc(Nc4ncc5cc(C(=O)N(C)C)n(C6CCCC6)c5n4)nc3)CC2)c(Cl)c1,0,0.45857974215002456
1,CDK4,COc1ccc(C(=O)/C=C/C(=O)N2CCN(c3ccc(Nc4ncc5cc(C(=O)N(C)C)n(C6CCCC6)c5n4)nc3)CC2)c(F)c1,0,0.49939476403407346
1,CDK4,COc1ccc(C(=O)/C=C/C(=O)N2CCN(c3ccc(Nc4ncc5cc(C(=O)N(C)C)n(C6CCCC6)c5n4)nc3)CC2)cc1F,0,0.49939476403407346
1,CDK4,COc1ccc(C(=O)/C=C/C(=O)N2CCN(c3ccc(Nc4ncc5cc(C(=O)N(C)C)n(C6CCCC6)c5n4)nc3)C[C@@H]2C)cc1,0,0.5286799679155914
1,CDK4,COc1ccc(C(=O)/C=C/C(=O)N2CCN(c3ccc(Nc4ncc5cc(C(=O)N(C)C)n(C6CCCC6)c5n4)nc3)C[C@H]2C)cc1,0,0.5286799679155914
1,CDK4,COc1ccc(C(=O)/C=C/C(=O)N2CCN(c3ccc(Nc4ncc5cc(C(=O)N(C)C)n(C6CCCC6)c5n4)nc3)[C@@H](C)C2)cc1,0,0.5286799679155914
1,CDK4,COc1ccc(C(=O)/C=C/C(=O)N2CCN(c3ccc(Nc4ncc5cc(C(=O)N(C)C)n(C6CCCC6)c5n4)nc3)[C@H](C)C2)cc1,0,0.5286799679155914
1,CDK4,COc1ccc(C(=O)/C=C/C(=O)N[C@H]2C[C@@H](Nc3ccc(Nc4ncc5cc(C(=O)N(C)C)n(C6CCCC6)c5n4)nc3)C2)cc1,0,0.5707558155347652
1,CDK4,COc1ccc(C(=O)/C=C/C(=O)N[C@H]2C[C@H](Nc3ccc(Nc4ncc5cc(C(=O)N(C)C)n(C6CCCC6)c5n4)nc3)C2)cc1,0,0.5707558155347652
1,CSNK1A1,COc1ccc(C)cc1-c1c(-c2ccc3c(c2)CN(C2CCC(=O)NC2=O)C3=O)cnn1C,1,0.674755337128797
1,CSNK1A1,COc1ccc(C)cc1-c1c(-c2ccc3c(c2)CN(C2CCC(=O)NC2=O)C3=O)ncn1C,1,0.6854503197025428
1,CSNK1A1,COc1ccc(Cl)c(-c2c(-c3ccc4c(c3)CN(C3CCC(=O)NC3=O)C4=O)cnn2C)c1,1,0.6575573114058876
1,CSNK1A1,COc1ccc(Cl)c(-c2c(-c3ccc4c(c3)CN(C3CCC(=O)NC3=O)C4=O)ncn2C)c1,1,0.6604163172847165
1,CSNK1A1,COc1ccc(Cl)c(-c2nc(-c3ccc4c(c3)CN(C3CCC(=O)NC3=O)C4=O)cn2C)c1,1,0.6599002366759246
1,CSNK1A1,COc1ccc(Cl)cc1-c1c(-c2ccc3c(c2)CN(C2CCC(=O)NC2=O)C3=O)ncn1C,1,0.6656436948836966
1,CSNK1A1,COc1ccc(Cl)cc1-c1nc(-c2ccc3c(c2)CN(C2CCC(=O)NC2=O)C3=O)cn1C,1,0.6656434872907779
1,CSNK1A1,COc1ccc(Cn2cc(-c3nc(-c4ccc5c(c4)CN(C4CCC(=O)NC4=O)C5=O)cn3C)cn2)cc1,1,0.6325820620103095
1,CSNK1A1,COc1ccc(F)c(-c2c(-c3ccc4c(c3)CN(C3CCC(=O)NC3=O)C4=O)ncn2C)c1,1,0.6720227152950566
1,CSNK1A1,COc1ccc(F)cc1-c1c(-c2ccc3c(c2)CN(C2CCC(=O)NC2=O)C3=O)ncn1C,1,0.6796139312778751
1,CSNK1A1,COc1ccc(O[C@H]2CC[C@H](NC(=O)c3ccc(N4CCC(CN5CCC6(CC5)COc5c6cc(Cl)c6c5CN([C@H]5CCC(=O)NC5=O)C6=O)CC4)c(F)c3)CC2)cc1,1,0.5787792854364217
1,CSNK1A1,COc1ccc2cc(-c3c(-c4ccc5c(c4)CN(C4CCC(=O)NC4=O)C5=O)cnn3C)ccc2c1,1,0.6652191488404346
1,CSNK1A1,COc1cccc(-c2c(-c3ccc4c(c3)CN(C3CCC(=O)NC3=O)C4=O)cnn2C)c1,1,0.6652191488404346
1,CSNK1A1,COc1cccc(-c2c(-c3ccc4c(c3)CN(C3CCC(=O)NC3=O)C4=O)ncn2C)c1,1,0.6742629701147671
1,CSNK1A1,COc1cccc(-c2c(-c3ccc4c(c3)CN(C3CCC(=O)NC3=O)C4=O)ncn2C)c1Cl,1,0.6604163172847165
1,CSNK1A1,COc1cccc(-c2c(-c3ccc4c(c3)CN(C3CCC(=O)NC3=O)C4=O)ncn2C)c1F,1,0.6720227152950566
1,CSNK1A1,COc1cccc(-c2nc(-c3ccc4c(c3)CN(C3CCC(=O)NC3=O)C4=O)cn2C)c1,1,0.6732019060580507
1,CSNK1A1,COc1cccc(COc2cccc(-c3c(-c4ccc5c(c4)CN(C4CCC(=O)NC4=O)C5=O)ncn3C)c2)c1,1,0.6471882510310148
1,CSNK1A1,COc1cccc(O[C@H]2CC[C@H](NC(=O)c3ccc(N4CCC(CN5CCC6(CC5)COc5c6cc(Cl)c6c5CN([C@H]5CCC(=O)NC5=O)C6=O)CC4)c(F)c3)CC2)c1,1,0.5787792854364217
1,CSNK1A1,COc1cccc([C@@H](NC(=O)c2ccc3c(c2)CN(C2CCC(=O)NC2=O)C3=O)C2CC2)c1,0,0.6287070875810382
1,CSNK1A1,COc1ccccc1-c1c(-c2ccc3c(c2)CN(C2CCC(=O)NC2=O)C3=O)ncn1C,1,0.6787638117660348
1,CSNK1A1,COc1ccccc1-c1nc(-c2ccc3c(c2)CN(C2CCC(=O)NC2=O)C3=O)cn1C,1,0.6798519540585248
1,CDK4,COc1ccccc1C(=O)/C=C/C(=O)N1CCN(c2ccc(Nc3ncc4cc(C(=O)N(C)C)n(C5CCCC5)c4n3)nc2)CC1,0,0.5162698494036798
1,CSNK1A1,COc1ccccc1C(NC(=O)c1ccc2c(c1)CN(C1CCC(=O)NC1=O)C2=O)C1CC1,1,0.6415748617647362
1,CSNK1A1,COc1ccccc1O[C@H]1CC[C@H](NC(=O)c2ccc(N3CCC(CN4CCC5(CC4)COc4c5cc(Cl)c5c4CN([C@H]4CCC(=O)NC4=O)C5=O)CC3)c(F)c2)CC1,1,0.5794459521030884
1,CSNK1A1,COc1ccncc1-c1c(-c2ccc3c(c2)CN(C2CCC(=O)NC2=O)C3=O)cnn1C,1,0.6686402577637175
1,CSNK1A1,COc1ccsc1-c1c(-c2ccc3c(c2)CN(C2CCC(=O)NC2=O)C3=O)cnn1C,1,0.7182382178571561
1,CSNK1A1,COc1ccsc1-c1c(-c2ccc3c(c2)CN(C2CCC(=O)NC2=O)C3=O)ncn1C,1,0.7203541332225037
1,CSNK1A1,COc1cncc(-c2c(-c3ccc4c(c3)CN(C3CCC(=O)NC3=O)C4=O)ncn2C)c1,1,0.6801244394334992
1,CSNK1A1,COc1ncccc1-c1c(-c2ccc3c(c2)CN(C2CCC(=O)NC2=O)C3=O)cnn1C,1,0.6630837281821877
1,CSNK1A1,C[C@@H]1CCCCN1c1nc(-c2ccc3c(c2)CN(C2CCC(=O)NC2=O)C3=O)nn1C,1,0.7007278062952803
1,CDK2,C[C@@H]1[C@@H](Nc2nnc(C34CC(C(F)(F)F)(C3)C4)o2)CN1c1cc(F)c(C2CCC(=O)NC2=O)c(F)c1Cl,1,0.7374875827138891
1,CDK2,C[C@@H]1[C@@H](Nc2nnc(C34CC(C(F)(F)F)(C3)C4)o2)CN1c1cc(F)c([C@@H]2CCC(=O)NC2=O)c(F)c1Cl,1,0.7374875827138891
1,CDK2,C[C@@H]1[C@@H](Nc2nnc(C34CC(C(F)(F)F)(C3)C4)o2)CN1c1cc(F)c([C@H]2CCC(=O)NC2=O)c(F)c1Cl,1,0.7374875827138891
1,CSNK1A1,C[C@H]1CCCCN1c1nc(-c2ccc3c(c2)CN(C2CCC(=O)NC2=O)C3=O)nn1C,1,0.7007278062952803
1,CDK2,C[C@](O)(CN(Cc1ccccc1)c1ccc(C#N)cc1)C(=O)Nc1ccc(C#N)c(C(F)(F)F)c1,1,0.6989394194834281
1,CDK2,C[C@](O)(CNc1ccc(C#N)cc1)C(=O)Nc1ccc(C#N)c(C(F)(F)F)c1,1,0.6957561106244441
1,CSNK1A1,Cc1[nH]nc(-c2ccc3c(c2)CN(C2CCC(=O)NC2=O)C3=O)c1-c1ccccc1,1,0.7127966573286183
1,CSNK1A1,Cc1c(-c2c(-c3ccc4c(c3)CN(C3CCC(=O)NC3=O)C4=O)ncn2C)cnn1-c1ccccc1,1,0.7470198228087169
1,CSNK1A1,Cc1c(-c2c(-c3ccc4c(c3)CN(C3CCC(=O)NC3=O)C4=O)ncn2C)cnn1C,1,0.7398870851368571
1,CSNK1A1,Cc1c(-c2ccc3c(c2)CN(C2CCC(=O)NC2=O)C3=O)nc(-c2ccccc2)n1C,1,0.7440134537115914
1,CSNK1A1,Cc1c(-c2ccc3c(c2)CN(C2CCC(=O)NC2=O)C3=O)nc(C2CCOCC2)n1C,1,0.6373658644439296
1,CSNK1A1,Cc1c(-c2ccc3c(c2)CN(C2CCC(=O)NC2=O)C3=O)nn(C)c1-c1ccccc1,1,0.74185800671138
1,CSNK1A1,Cc1c(-c2ccccc2)c(-c2ccc3c(c2)CN(C2CCC(=O)NC2=O)C3=O)nn1C,1,0.74185800671138
1,CSNK1A1,Cc1c(F)cccc1-c1c(-c2ccc3c(c2)CN(C2CCC(=O)NC2=O)C3=O)cnn1C,1,0.7165353695819617
1,CSNK1A1,Cc1c(F)cccc1-c1c(-c2ccc3c(c2)CN(C2CCC(=O)NC2=O)C3=O)ncn1C,1,0.7167588409081022
1,CSNK1A1,Cc1c(N)cccc1-c1nc(-c2ccc3c(c2)CN(C2CCC(=O)NC2=O)C3=O)cn1C,1,0.7574772202853046
1,CSNK1A1,Cc1cc(-c2c(-c3ccc4c(c3)CN(C3CCC(=O)NC3=O)C4=O)cnn2C)c(C)s1,1,0.7552816937856944
1,CSNK1A1,Cc1cc(-c2c(-c3ccc4c(c3)CN(C3CCC(=O)NC3=O)C4=O)cnn2C)ccc1Cl,1,0.6977885612383511
1,CSNK1A1,Cc1cc(-c2c(-c3ccc4c(c3)CN(C3CCC(=O)NC3=O)C4=O)cnn2C)ccc1F,1,0.7165353695819617
1,CSNK1A1,Cc1cc(-c2c(-c3ccc4c(c3)CN(C3CCC(=O)NC3=O)C4=O)cnn2C)ccn1,1,0.74185800671138
1,CSNK1A1,Cc1cc(-c2c(-c3ccc4c(c3)CN(C3CCC(=O)NC3=O)C4=O)ncn2C)c(C)s1,1,0.7554524851980754
1,CSNK1A1,Cc1cc(-c2c(-c3ccc4c(c3)CN(C3CCC(=O)NC3=O)C4=O)ncn2C)ccc1Cl,1,0.7020443280449902
1,CSNK1A1,Cc1cc(-c2c(-c3ccc4c(c3)CN(C3CCC(=O)NC3=O)C4=O)ncn2C)ccc1F,1,0.7167588409081022
1,CSNK1A1,Cc1cc(-c2c(-c3ccc4c(c3)CN(C3CCC(=O)NC3=O)C4=O)ncn2C)ccn1,1,0.7472517325126277
1,CSNK1A1,Cc1cc(-c2nc(-c3ccc4c(c3)CN(C3CCC(=O)NC3=O)C4=O)cn2C)ccc1Cl,1,0.696917895610148
1,CSNK1A1,Cc1cc(-c2nc(-c3ccc4c(c3)CN(C3CCC(=O)NC3=O)C4=O)cn2C)ccc1F,1,0.7142750476799725
1,CSNK1A1,Cc1cc(-c2nc(-c3ccc4c(c3)CN(C3CCC(=O)NC3=O)C4=O)cn2C)ccc1N,1,0.7574772202853046
1,CSNK1A1,Cc1cc(C(=O)N[C@H]2CC[C@H](OC(C)C)CC2)ccc1N1CCC(F)(CN2CCC3(CC2)COc2c3cc(Cl)c3c2CN([C@H]2CCC(=O)NC2=O)C3=O)CC1,1,0.6064274021591948
1,CSNK1A1,Cc1cc(C)cc(-c2nc(-c3ccc4c(c3)CN(C3CCC(=O)NC3=O)C4=O)cn2C)c1,1,0.7457634537115914
1,CSNK1A1,Cc1cc(Cl)cc(-c2c(-c3ccc4c(c3)CN(C3CCC(=O)NC3=O)C4=O)ncn2C)c1,1,0.7020443280449902
1,CSNK1A1,Cc1cc(Cl)ccc1-c1c(-c2ccc3c(c2)CN(C2CCC(=O)NC2=O)C3=O)ncn1C,1,0.7020443280449902
1,CSNK1A1,Cc1cc(Cl)ccc1-c1nc(-c2ccc3c(c2)CN(C2CCC(=O)NC2=O)C3=O)cn1C,1,0.696917895610148
1,CSNK1A1,Cc1cc(F)ccc1-c1nc(-c2ccc3c(c2)CN(C2CCC(=O)NC2=O)C3=O)cn1C,1,0.7142750476799725
1,CSNK1A1,Cc1cc(N2CCC(F)(CN3CCC4(CC3)COc3c4cc(Cl)c4c3CN([C@H]3CCC(=O)NC3=O)C4=O)CC2)ccc1C(=O)N[C@H]1CC[C@H](OC(C)C)CC1,1,0.6064274021591948
1,CSNK1A1,Cc1cc2c(c3c1C(=O)N([C@H]1CCC(=O)NC1=O)C3)OCC21CCN(CC2CCN(c3ccc(C(=O)NC4CCC(Oc5ccccc5Cl)CC4)cc3F)CC2)CC1,1,0.5785476228865802
1,CSNK1A1,Cc1cc2c(cn1)OCC21CCN(CCCCCc2cccc3c2CN(C2CCC(=O)NC2=O)C3=O)CC1,1,0.5654762639656585
1,CSNK1A1,Cc1ccc(-c2c(-c3ccc4c(c3)CN(C3CCC(=O)NC3=O)C4=O)cnn2C)c(C#N)c1,1,0.7374526581951619
1,CSNK1A1,Cc1ccc(-c2c(-c3ccc4c(c3)CN(C3CCC(=O)NC3=O)C4=O)cnn2C)c(C)c1,1,0.7433699114732848
1,CSNK1A1,Cc1ccc(-c2c(-c3ccc4c(c3)CN(C3CCC(=O)NC3=O)C4=O)cnn2C)c(Cl)c1,1,0.6977885612383511
1,CSNK1A1,Cc1ccc(-c2c(-c3ccc4c(c3)CN(C3CCC(=O)NC3=O)C4=O)cnn2C)c(F)c1,1,0.7165353695819617
1,CSNK1A1,Cc1ccc(-c2c(-c3ccc4c(c3)CN(C3CCC(=O)NC3=O)C4=O)cnn2C)cc1,1,0.74185800671138
1,CSNK1A1,Cc1ccc(-c2c(-c3ccc4c(c3)CN(C3CCC(=O)NC3=O)C4=O)cnn2C)cc1Cl,1,0.6977885612383511
1,CSNK1A1,Cc1ccc(-c2c(-c3ccc4c(c3)CN(C3CCC(=O)NC3=O)C4=O)cnn2C)cc1F,1,0.7165353695819617
1,CSNK1A1,Cc1ccc(-c2c(-c3ccc4c(c3)CN(C3CCC(=O)NC3=O)C4=O)cnn2C)cn1,1,0.74185800671138
1,CSNK1A1,Cc1ccc(-c2c(-c3ccc4c(c3)CN(C3CCC(=O)NC3=O)C4=O)cnn2C)s1,1,0.7543864556904563
1,CSNK1A1,Cc1ccc(-c2c(-c3ccc4c(c3)CN(C3CCC(=O)NC3=O)C4=O)ncn2C)c(C#N)c1,1,0.740496701456727
1,CSNK1A1,Cc1ccc(-c2c(-c3ccc4c(c3)CN(C3CCC(=O)NC3=O)C4=O)ncn2C)c(C)c1,1,0.748335065845961
1,CSNK1A1,Cc1ccc(-c2c(-c3ccc4c(c3)CN(C3CCC(=O)NC3=O)C4=O)ncn2C)c(Cl)c1,1,0.7020443280449902
1,CSNK1A1,Cc1ccc(-c2c(-c3ccc4c(c3)CN(C3CCC(=O)NC3=O)C4=O)ncn2C)c(F)c1,1,0.7167588409081022
1,CSNK1A1,Cc1ccc(-c2c(-c3ccc4c(c3)CN(C3CCC(=O)NC3=O)C4=O)ncn2C)cc1,1,0.7472517325126277
1,CSNK1A1,Cc1ccc(-c2c(-c3ccc4c(c3)CN(C3CCC(=O)NC3=O)C4=O)ncn2C)cc1CO,1,0.6729236579184809
1,CSNK1A1,Cc1ccc(-c2c(-c3ccc4c(c3)CN(C3CCC(=O)NC3=O)C4=O)ncn2C)cc1Cl,1,0.7020443280449902
1,CSNK1A1,Cc1ccc(-c2c(-c3ccc4c(c3)CN(C3CCC(=O)NC3=O)C4=O)ncn2C)cc1F,1,0.7167588409081022
1,CSNK1A1,Cc1ccc(-c2c(-c3ccc4c(c3)CN(C3CCC(=O)NC3=O)C4=O)ncn2C)s1,1,0.7549858185314087
1,CSNK1A1,Cc1ccc(-c2nc(-c3ccc4c(c3)CN(C3CCC(=O)NC3=O)C4=O)cn2C)c(Cl)c1,1,0.696917895610148
1,CSNK1A1,Cc1ccc(-c2nc(-c3ccc4c(c3)CN(C3CCC(=O)NC3=O)C4=O)cn2C)c(F)c1,1,0.7142750476799725
1,CSNK1A1,Cc1ccc(-c2nc(-c3ccc4c(c3)CN(C3CCC(=O)NC3=O)C4=O)cn2C)c(N)c1,1,0.7532384823499703
1,CSNK1A1,Cc1ccc(-c2nc(-c3ccc4c(c3)CN(C3CCC(=O)NC3=O)C4=O)cn2C)cc1,1,0.7440134537115914
1,CSNK1A1,Cc1ccc(-c2nc(-c3ccc4c(c3)CN(C3CCC(=O)NC3=O)C4=O)cn2C)cc1C,1,0.7457634537115914
1,CSNK1A1,Cc1ccc(-c2nc(-c3ccc4c(c3)CN(C3CCC(=O)NC3=O)C4=O)cn2C)cc1Cl,1,0.696917895610148
1,CSNK1A1,Cc1ccc(-c2nc(-c3ccc4c(c3)CN(C3CCC(=O)NC3=O)C4=O)cn2C)cc1F,1,0.7142750476799725
1,CDK4,Cc1ccc(C(=O)/C=C/C(=O)N2CCN(c3ccc(Nc4ncc5cc(C(=O)N(C)C)n(C6CCCC6)c5n4)nc3)CC2)cc1,0,0.5184579633518225
1,CSNK1A1,Cc1ccc(C)c(-c2c(-c3ccc4c(c3)CN(C3CCC(=O)NC3=O)C4=O)cnn2C)c1,1,0.7433699114732848
1,CSNK1A1,Cc1ccc(C)c(-c2c(-c3ccc4c(c3)CN(C3CCC(=O)NC3=O)C4=O)ncn2C)c1,1,0.748335065845961
1,ARNT,Cc1ccc(CN2CCC(O)(c3ccc4c(n3)CN(C3CCC(=O)NC3=O)C4=O)CC2)cc1,0,0.5968065293145246
1,CSNK1A1,Cc1ccc(Cl)c(-c2c(-c3ccc4c(c3)CN(C3CCC(=O)NC3=O)C4=O)cnn2C)c1,1,0.6977885612383511
1,CSNK1A1,Cc1ccc(Cl)c(-c2c(-c3ccc4c(c3)CN(C3CCC(=O)NC3=O)C4=O)ncn2C)c1,1,0.7020443280449902
1,CSNK1A1,Cc1ccc(Cl)cc1-c1c(-c2ccc3c(c2)CN(C2CCC(=O)NC2=O)C3=O)ncn1C,1,0.7020443280449902
1,CSNK1A1,Cc1ccc(Cl)cc1-c1nc(-c2ccc3c(c2)CN(C2CCC(=O)NC2=O)C3=O)cn1C,1,0.696917895610148
1,CSNK1A1,Cc1ccc(F)c(-c2c(-c3ccc4c(c3)CN(C3CCC(=O)NC3=O)C4=O)cnn2C)c1,1,0.7165353695819617
1,CSNK1A1,Cc1ccc(F)c(-c2c(-c3ccc4c(c3)CN(C3CCC(=O)NC3=O)C4=O)ncn2C)c1,1,0.7167588409081022
1,CSNK1A1,Cc1ccc(F)c(-c2nc(-c3ccc4c(c3)CN(C3CCC(=O)NC3=O)C4=O)cn2C)c1,1,0.7142750476799725
1,CSNK1A1,Cc1ccc(F)cc1-c1c(-c2ccc3c(c2)CN(C2CCC(=O)NC2=O)C3=O)ncn1C,1,0.7167588409081022
1,CSNK1A1,Cc1ccc(N)cc1-c1nc(-c2ccc3c(c2)CN(C2CCC(=O)NC2=O)C3=O)cn1C,1,0.7574772202853046
1,CSNK1A1,Cc1ccc(O[C@H]2CC[C@H](NC(=O)c3ccc(N4CCC(CN5CCC6(CC5)COc5c6cc(Cl)c6c5CN([C@H]5CCC(=O)NC5=O)C6=O)CC4)c(F)c3)CC2)cc1,1,0.5666891529323868
1,CSNK1A1,Cc1cccc(-c2c(-c3ccc4c(c3)CN(C3CCC(=O)NC3=O)C4=O)cnn2C)c1,1,0.74185800671138
1,CSNK1A1,Cc1cccc(-c2c(-c3ccc4c(c3)CN(C3CCC(=O)NC3=O)C4=O)cnn2C)c1F,1,0.7165353695819617
1,CSNK1A1,Cc1cccc(-c2c(-c3ccc4c(c3)CN(C3CCC(=O)NC3=O)C4=O)ncn2C)c1,1,0.7472517325126277
1,CSNK1A1,Cc1cccc(-c2c(-c3ccc4c(c3)CN(C3CCC(=O)NC3=O)C4=O)ncn2C)c1C,1,0.748335065845961
1,CSNK1A1,Cc1cccc(-c2c(-c3ccc4c(c3)CN(C3CCC(=O)NC3=O)C4=O)ncn2C)c1F,1,0.7167588409081022
1,CSNK1A1,Cc1cccc(-c2nc(-c3ccc4c(c3)CN(C3CCC(=O)NC3=O)C4=O)cn2C)c1,1,0.7440134537115914
1,CSNK1A1,Cc1cccc(-c2nc(-c3ccc4c(c3)CN(C3CCC(=O)NC3=O)C4=O)cn2C)c1C,1,0.7457634537115914
1,CSNK1A1,Cc1cccc(C)c1-c1c(-c2ccc3c(c2)CN(C2CCC(=O)NC2=O)C3=O)ncn1C,1,0.748335065845961
1,CSNK1A1,Cc1cccc(F)c1-c1c(-c2ccc3c(c2)CN(C2CCC(=O)NC2=O)C3=O)ncn1C,1,0.7167588409081022
1,CSNK1A1,Cc1cccc(F)c1-c1nc(-c2ccc3c(c2)CN(C2CCC(=O)NC2=O)C3=O)cn1C,1,0.7142750476799725
1,CSNK1A1,Cc1cccc([C@H](NC(=O)c2ccc3c(c2)CN(C2CCC(=O)NC2=O)C3=O)C2CC2)c1,0,0.6015090019316696
1,CSNK1A1,Cc1ccccc1-c1c(-c2ccc3c(c2)CN(C2CCC(=O)NC2=O)C3=O)cnn1C,1,0.74185800671138
1,CSNK1A1,Cc1ccccc1-c1c(-c2ccc3c(c2)CN(C2CCC(=O)NC2=O)C3=O)ncn1C,1,0.7472517325126277
1,CSNK1A1,Cc1ccccc1-c1nc(-c2ccc3c(c2)CN(C2CCC(=O)NC2=O)C3=O)cn1C,1,0.7440134537115914
1,CDK4,Cc1ccccc1C(=O)/C=C/C(=O)N1CCN(c2ccc(Nc3ncc4cc(C(=O)N(C)C)n(C5CCCC5)c4n3)nc2)CC1,0,0.5184579633518225
1,CSNK1A1,Cc1ccccc1O[C@H]1CC[C@H](NC(=O)c2ccc(N3CCC(CN4CCC5(CC4)COc4c5cc(Cl)c5c4CN(C4CCC(=O)NC4=O)C5=O)CC3)c(F)c2)CC1,1,0.5666891529323868
1,CSNK1A1,Cc1ccccc1[C@@H](NC(=O)c1ccc2c(c1)CN(C1CCC(=O)NC1=O)C2=O)C1CC1,0,0.6015090019316696
1,CSNK1A1,Cc1ccsc1-c1c(-c2ccc3c(c2)CN(C2CCC(=O)NC2=O)C3=O)cnn1C,1,0.7543864556904563
1,CSNK1A1,Cc1ccsc1-c1c(-c2ccc3c(c2)CN(C2CCC(=O)NC2=O)C3=O)ncn1C,1,0.7549858185314087
1,CSNK1A1,Cc1cn(-c2ccc3c(c2)CN(C2CCC(=O)NC2=O)C3=O)nc1-c1ccccc1,1,0.7017514276599255
1,CSNK1A1,Cc1cncc(-c2c(-c3ccc4c(c3)CN(C3CCC(=O)NC3=O)C4=O)ncn2C)c1,1,0.7483126718841133
1,CSNK1A1,Cc1cnn(-c2ccc3c(c2)CN(C2CCC(=O)NC2=O)C3=O)c1-c1ccccc1,1,0.7017514276599255
1,CSNK1A1,Cc1csc(-c2c(-c3ccc4c(c3)CN(C3CCC(=O)NC3=O)C4=O)cnn2C)c1,1,0.7543864556904563
1,CSNK1A1,Cc1csc(-c2c(-c3ccc4c(c3)CN(C3CCC(=O)NC3=O)C4=O)ncn2C)c1,1,0.7549858185314087
1,CSNK1A1,Cc1nc(-c2ccc3c(c2)CN(C2CCC(=O)NC2=O)C3=O)c(-c2ccccc2)n1C,1,0.7440134537115914
1,CSNK1A1,Cc1nc(-c2ccc3c(c2)CN(C2CCC(=O)NC2=O)C3=O)c(-c2ccccc2)o1,1,0.6298403432282454
1,CSNK1A1,Cc1nc2ccc(-c3c(-c4ccc5c(c4)CN(C4CCC(=O)NC4=O)C5=O)ncn3C)cc2[nH]1,1,0.7535971804082144
1,CSNK1A1,Cc1ncc(-c2c(-c3ccc4c(c3)CN(C3CCC(=O)NC3=O)C4=O)nc(C3CC3)n2C)cn1,1,0.7445317402323876
1,CSNK1A1,Cc1ncccc1-c1c(-c2ccc3c(c2)CN(C2CCC(=O)NC2=O)C3=O)cnn1C,1,0.74185800671138
1,CSNK1A1,Cc1ncccc1-c1c(-c2ccc3c(c2)CN(C2CCC(=O)NC2=O)C3=O)ncn1C,1,0.7483126718841133
1,CSNK1A1,Cc1nocc1-c1c(-c2ccc3c(c2)CN(C2CCC(=O)NC2=O)C3=O)ncn1C,1,0.6954412711646049
1,CSNK1A1,Cc1oncc1-c1c(-c2ccc3c(c2)CN(C2CCC(=O)NC2=O)C3=O)cnn1C,1,0.6864607748905655
1,CSNK1A1,Cc1sccc1-c1c(-c2ccc3c(c2)CN(C2CCC(=O)NC2=O)C3=O)ncn1C,1,0.7549858185314087
1,CSNK1A1,Cn1c(-c2ccc3c(c2)CN(C2CCC(=O)NC2=O)C3=O)cnc1N1CCCCC1,1,0.590647307662108
1,CSNK1A1,Cn1c(C(F)(F)F)nc(-c2ccc3c(c2)CN(C2CCC(=O)NC2=O)C3=O)c1-c1ccccc1,1,0.6802899638556767
1,CSNK1A1,Cn1c(C(F)F)nc(-c2ccc3c(c2)CN(C2CCC(=O)NC2=O)C3=O)c1-c1cncnc1,1,0.7172853049362973
1,CSNK1A1,Cn1c(C2CC2)nc(-c2ccc3c(c2)CN(C2CCC(=O)NC2=O)C3=O)c1-c1ccccc1,1,0.7439694055305626
1,CSNK1A1,Cn1c(C2CC2)nc(-c2ccc3c(c2)CN(C2CCC(=O)NC2=O)C3=O)c1-c1cccnc1,1,0.7398893381963356
1,CSNK1A1,Cn1c(C2CC2)nc(-c2ccc3c(c2)CN(C2CCC(=O)NC2=O)C3=O)c1-c1ccncc1,1,0.7439694055305626
1,CSNK1A1,Cn1c(C2CC2)nc(-c2ccc3c(c2)CN(C2CCC(=O)NC2=O)C3=O)c1-c1cnc(C2CC2)nc1,1,0.7398893381963356
1,CSNK1A1,Cn1c(C2CC2)nc(-c2ccc3c(c2)CN(C2CCC(=O)NC2=O)C3=O)c1-c1cncnc1,1,0.7398893381963356
1,CSNK1A1,Cn1c(C2CCC2)nc(-c2ccc3c(c2)CN(C2CCC(=O)NC2=O)C3=O)c1-c1ccccc1,1,0.7197680225691968
1,CSNK1A1,Cn1c(C2CCOCC2)nc(-c2ccc3c(c2)CN(C2CCC(=O)NC2=O)C3=O)c1-c1ccccc1,1,0.6414239258317955
1,CSNK1A1,Cn1c(C2CCOCC2)nc(-c2ccc3c(c2)CN(C2CCC(=O)NC2=O)C3=O)c1-c1cccnc1,1,0.6294570321435801
1,CSNK1A1,Cn1c(C2CCOCC2)nc(-c2ccc3c(c2)CN(C2CCC(=O)NC2=O)C3=O)c1C1CC1,1,0.6486096613284221
1,CSNK1A1,Cn1c(C2OCCCO2)nc(-c2ccc3c(c2)CN(C2CCC(=O)NC2=O)C3=O)c1-c1ccccc1,1,0.6630493062299256
1,CSNK1A1,Cn1cc(-c2c(-c3ccc4c(c3)CN(C3CCC(=O)NC3=O)C4=O)cnn2C)cc1C#N,1,0.7374526581951619
1,CSNK1A1,Cn1cc(-c2c(-c3ccc4c(c3)CN(C3CCC(=O)NC3=O)C4=O)nc(C3CC3)n2C)cn1,1,0.7410148836438615
1,CSNK1A1,Cn1cc(-c2c(-c3ccc4c(c3)CN(C3CCC(=O)NC3=O)C4=O)ncn2C)cn1,1,0.7383751803749523
1,CSNK1A1,Cn1cc(-c2ccc3c(c2)CN(C2CCC(=O)NC2=O)C3=O)c(-c2ccccc2)n1,1,0.7301414601000966
1,CSNK1A1,Cn1cc(-c2ccc3c(c2)CN(C2CCC(=O)NC2=O)C3=O)nc1-c1c[nH]c2ncccc12,1,0.7418196553002255
1,CSNK1A1,Cn1cc(-c2ccc3c(c2)CN(C2CCC(=O)NC2=O)C3=O)nc1-c1cc(F)cc(Cl)c1,1,0.7038240785887893
1,CSNK1A1,Cn1cc(-c2ccc3c(c2)CN(C2CCC(=O)NC2=O)C3=O)nc1-c1cc(F)cc(F)c1,1,0.714399854567197
1,CSNK1A1,Cn1cc(-c2ccc3c(c2)CN(C2CCC(=O)NC2=O)C3=O)nc1-c1cc(F)ccc1Cl,1,0.7038240785887893
1,CSNK1A1,Cn1cc(-c2ccc3c(c2)CN(C2CCC(=O)NC2=O)C3=O)nc1-c1ccc(-n2cccn2)cc1,1,0.7301139000140978
1,CSNK1A1,Cn1cc(-c2ccc3c(c2)CN(C2CCC(=O)NC2=O)C3=O)nc1-c1ccc(C#N)c(F)c1,1,0.7069410968032218
1,CSNK1A1,Cn1cc(-c2ccc3c(c2)CN(C2CCC(=O)NC2=O)C3=O)nc1-c1ccc(C#N)cc1,1,0.7336487784422743
1,CSNK1A1,Cn1cc(-c2ccc3c(c2)CN(C2CCC(=O)NC2=O)C3=O)nc1-c1ccc(C#N)cc1F,1,0.7069410968032218
1,CSNK1A1,Cn1cc(-c2ccc3c(c2)CN(C2CCC(=O)NC2=O)C3=O)nc1-c1ccc(C(F)(F)F)cc1,1,0.6802899638556767
1,CSNK1A1,Cn1cc(-c2ccc3c(c2)CN(C2CCC(=O)NC2=O)C3=O)nc1-c1ccc(C(F)F)cc1,1,0.7175160870196784
1,CSNK1A1,Cn1cc(-c2ccc3c(c2)CN(C2CCC(=O)NC2=O)C3=O)nc1-c1ccc(CN2CCOCC2)cc1,1,0.6145809649591262
1,CSNK1A1,Cn1cc(-c2ccc3c(c2)CN(C2CCC(=O)NC2=O)C3=O)nc1-c1ccc(CO)cc1,1,0.6790170319925921
1,CSNK1A1,Cn1cc(-c2ccc3c(c2)CN(C2CCC(=O)NC2=O)C3=O)nc1-c1ccc(Cl)c(C(F)(F)F)c1,1,0.6665875039729047
1,CSNK1A1,Cn1cc(-c2ccc3c(c2)CN(C2CCC(=O)NC2=O)C3=O)nc1-c1ccc(Cl)c(F)c1,1,0.7038240785887893
1,CSNK1A1,Cn1cc(-c2ccc3c(c2)CN(C2CCC(=O)NC2=O)C3=O)nc1-c1ccc(Cl)cc1,1,0.7021678773225474
1,CSNK1A1,Cn1cc(-c2ccc3c(c2)CN(C2CCC(=O)NC2=O)C3=O)nc1-c1ccc(Cl)cc1F,1,0.7038240785887893
1,CSNK1A1,Cn1cc(-c2ccc3c(c2)CN(C2CCC(=O)NC2=O)C3=O)nc1-c1ccc(F)c(C#N)c1,1,0.7069410968032218
1,CSNK1A1,Cn1cc(-c2ccc3c(c2)CN(C2CCC(=O)NC2=O)C3=O)nc1-c1ccc(F)c(Cl)c1,1,0.7038240785887893
1,CSNK1A1,Cn1cc(-c2ccc3c(c2)CN(C2CCC(=O)NC2=O)C3=O)nc1-c1ccc(F)c(F)c1,1,0.714399854567197
1,CSNK1A1,Cn1cc(-c2ccc3c(c2)CN(C2CCC(=O)NC2=O)C3=O)nc1-c1ccc(F)cc1,1,0.714399854567197
1,CSNK1A1,Cn1cc(-c2ccc3c(c2)CN(C2CCC(=O)NC2=O)C3=O)nc1-c1ccc(F)cc1Cl,1,0.7038240785887893
1,CSNK1A1,Cn1cc(-c2ccc3c(c2)CN(C2CCC(=O)NC2=O)C3=O)nc1-c1ccc(F)cc1F,1,0.714399854567197
1,CSNK1A1,Cn1cc(-c2ccc3c(c2)CN(C2CCC(=O)NC2=O)C3=O)nc1-c1ccc(N2CCOCC2)cc1,1,0.6452427641039685
1,CSNK1A1,Cn1cc(-c2ccc3c(c2)CN(C2CCC(=O)NC2=O)C3=O)nc1-c1ccc(O)cc1,1,0.6737933964692323
1,CSNK1A1,Cn1cc(-c2ccc3c(c2)CN(C2CCC(=O)NC2=O)C3=O)nc1-c1ccc(OC(F)F)cc1,1,0.6421560303537852
1,CSNK1A1,Cn1cc(-c2ccc3c(c2)CN(C2CCC(=O)NC2=O)C3=O)nc1-c1ccc2c(c1)CCCO2,1,0.6607528035032201
1,CSNK1A1,Cn1cc(-c2ccc3c(c2)CN(C2CCC(=O)NC2=O)C3=O)nc1-c1ccc2c(c1)OCO2,1,0.639125297458067
1,CSNK1A1,Cn1cc(-c2ccc3c(c2)CN(C2CCC(=O)NC2=O)C3=O)nc1-c1cccc(C#N)c1,1,0.7336487784422743
1,CSNK1A1,Cn1cc(-c2ccc3c(c2)CN(C2CCC(=O)NC2=O)C3=O)nc1-c1cccc(C(F)(F)F)c1,1,0.6802899638556767
1,CSNK1A1,Cn1cc(-c2ccc3c(c2)CN(C2CCC(=O)NC2=O)C3=O)nc1-c1cccc(C(F)F)c1,1,0.7175160870196784
1,CSNK1A1,Cn1cc(-c2ccc3c(c2)CN(C2CCC(=O)NC2=O)C3=O)nc1-c1cccc(Cl)c1,1,0.7021678773225474
1,CSNK1A1,Cn1cc(-c2ccc3c(c2)CN(C2CCC(=O)NC2=O)C3=O)nc1-c1cccc(F)c1,1,0.714399854567197
1,CSNK1A1,Cn1cc(-c2ccc3c(c2)CN(C2CCC(=O)NC2=O)C3=O)nc1-c1cccc(F)c1C#N,1,0.7069410968032218
1,CSNK1A1,Cn1cc(-c2ccc3c(c2)CN(C2CCC(=O)NC2=O)C3=O)nc1-c1cccc(F)c1F,1,0.714399854567197
1,CSNK1A1,Cn1cc(-c2ccc3c(c2)CN(C2CCC(=O)NC2=O)C3=O)nc1-c1cccc(OC(F)(F)F)c1,1,0.6385512415368095
1,CSNK1A1,Cn1cc(-c2ccc3c(c2)CN(C2CCC(=O)NC2=O)C3=O)nc1-c1cccc(OC2CC2)c1,1,0.675538183797078
1,CSNK1A1,Cn1cc(-c2ccc3c(c2)CN(C2CCC(=O)NC2=O)C3=O)nc1-c1cccc2c1CCC2,1,0.7388075362062494
1,CSNK1A1,Cn1cc(-c2ccc3c(c2)CN(C2CCC(=O)NC2=O)C3=O)nc1-c1cccc2ccccc12,1,0.7388075362062494
1,CSNK1A1,Cn1cc(-c2ccc3c(c2)CN(C2CCC(=O)NC2=O)C3=O)nc1-c1ccccc1,1,0.7388075362062494
1,CSNK1A1,Cn1cc(-c2ccc3c(c2)CN(C2CCC(=O)NC2=O)C3=O)nc1-c1ccccc1C(F)(F)F,1,0.6802899638556767
1,CSNK1A1,Cn1cc(-c2ccc3c(c2)CN(C2CCC(=O)NC2=O)C3=O)nc1-c1ccccc1Cl,1,0.7021678773225474
1,CSNK1A1,Cn1cc(-c2ccc3c(c2)CN(C2CCC(=O)NC2=O)C3=O)nc1-c1ccccc1F,1,0.714399854567197
1,CSNK1A1,Cn1cc(-c2ccc3c(c2)CN(C2CCC(=O)NC2=O)C3=O)nc1-c1ccccc1N,1,0.7477498117274323
1,CSNK1A1,Cn1cc(-c2ccc3c(c2)CN(C2CCC(=O)NC2=O)C3=O)nc1-c1ccccc1O,1,0.6791014469198369
1,CSNK1A1,Cn1cc(-c2ccc3c(c2)CN(C2CCC(=O)NC2=O)C3=O)nc1-c1ccccc1OC1CC1,1,0.6817176435622578
1,CSNK1A1,Cn1cc(-c2ccc3c(c2)CN(C2CCC(=O)NC2=O)C3=O)nc1-c1cccs1,1,0.7450457876248479
1,CSNK1A1,Cn1cc(-c2ccc3c(c2)CN(C2CCC(=O)NC2=O)C3=O)nc1-c1ccsc1,1,0.746512047644632
1,CSNK1A1,Cn1cc(-c2ccc3c(c2)CN(C2CCC(=O)NC2=O)C3=O)nc1-c1cncc2ccccc12,1,0.7315608022053559
1,CSNK1A1,Cn1cc(-c2ccc3c(c2)CN(C2CCC(=O)NC2=O)C3=O)nc1-c1nn(C)c2ccccc12,1,0.7352403647773792
1,CSNK1A1,Cn1cc(-c2ccc3c(c2)CN(C2CCC(=O)NC2=O)C3=O)nc1C1(C)CCCCC1,1,0.7077701598030979
1,CSNK1A1,Cn1cc(-c2ccc3c(c2)CN(C2CCC(=O)NC2=O)C3=O)nc1C12CC3CC(CC(C3)C1)C2,1,0.7142999179365752
1,CSNK1A1,Cn1cc(-c2ccc3c(c2)CN(C2CCC(=O)NC2=O)C3=O)nc1C12CCC(CC1)CC2,1,0.7142999179365752
1,CSNK1A1,Cn1cc(-c2ccc3c(c2)CN(C2CCC(=O)NC2=O)C3=O)nc1C1CCC(C)(C)CC1,1,0.7100749217078599
1,CSNK1A1,Cn1cc(-c2ccc3c(c2)CN(C2CCC(=O)NC2=O)C3=O)nc1C1CCC(F)(F)CC1,1,0.7013182988747975
1,CSNK1A1,Cn1cc(-c2ccc3c(c2)CN(C2CCC(=O)NC2=O)C3=O)nc1C1CCC2(CC1)CC2,1,0.7187721401587974
1,CSNK1A1,Cn1cc(-c2ccc3c(c2)CN(C2CCC(=O)NC2=O)C3=O)nc1C1CCCCC1,1,0.7384866569925507
1,CSNK1A1,Cn1cc(-c2ccc3c(c2)CN(C2CCC(=O)NC2=O)C3=O)nc1C1CCOCC1,1,0.6414239258317955
1,CSNK1A1,Cn1cc(-c2ccc3c(c2)CN(C2CCC(=O)NC2=O)C3=O)nc1C1OCCCO1,1,0.6630493062299256
1,CSNK1A1,Cn1cc(-c2ccc3c(c2)CN(C2CCC(=O)NC2=O)C3=O)nc1[C@H]1CC[C@H](C)CC1,1,0.7311520461760839
1,CSNK1A1,Cn1cc(-c2ccc3c(c2)CN(C2CCC(=O)NC2=O)C3=O)nc1[C@H]1[C@@H]2COC[C@@H]21,1,0.6350905126853167
1,CSNK1A1,Cn1cc(-c2ccccc2)nc1-c1ccc2c(c1)CN(C1CCC(=O)NC1=O)C2=O,1,0.7388075362062494
1,CSNK1A1,Cn1cc(-c2cccnc2[C@@H](NC(=O)c2ccc3c(c2)CN([C@H]2CCC(=O)NC2=O)C3=O)C2CCC2)cn1,1,0.7046786936763039
1,CSNK1A1,Cn1ccc(-c2c(-c3ccc4c(c3)CN(C3CCC(=O)NC3=O)C4=O)cnn2C)c1,1,0.74185800671138
1,CSNK1A1,Cn1ccc(-c2c(-c3ccc4c(c3)CN(C3CCC(=O)NC3=O)C4=O)ncn2C)n1,1,0.7383751803749523
1,CSNK1A1,Cn1cnc(-c2ccc3c(c2)CN(C2CCC(=O)NC2=O)C3=O)c1-c1cc(Cl)ccc1C#N,1,0.6982922159688998
1,CSNK1A1,Cn1cnc(-c2ccc3c(c2)CN(C2CCC(=O)NC2=O)C3=O)c1-c1cc(Cl)ccc1Cl,1,0.7056901041676575
1,CSNK1A1,Cn1cnc(-c2ccc3c(c2)CN(C2CCC(=O)NC2=O)C3=O)c1-c1cc(Cl)ccc1F,1,0.7050129721005659
1,CSNK1A1,Cn1cnc(-c2ccc3c(c2)CN(C2CCC(=O)NC2=O)C3=O)c1-c1cc(F)cc(C#N)c1,1,0.7060815540068369
1,CSNK1A1,Cn1cnc(-c2ccc3c(c2)CN(C2CCC(=O)NC2=O)C3=O)c1-c1cc(F)cc(Cl)c1,1,0.7050129721005659
1,CSNK1A1,Cn1cnc(-c2ccc3c(c2)CN(C2CCC(=O)NC2=O)C3=O)c1-c1cc(F)cc(F)c1,1,0.7152794422055946
1,CSNK1A1,Cn1cnc(-c2ccc3c(c2)CN(C2CCC(=O)NC2=O)C3=O)c1-c1cc(F)ccc1F,1,0.7152794422055946
1,CSNK1A1,Cn1cnc(-c2ccc3c(c2)CN(C2CCC(=O)NC2=O)C3=O)c1-c1ccc(-c2ccc(C#N)cc2)cc1,1,0.7341119751870498
1,CSNK1A1,Cn1cnc(-c2ccc3c(c2)CN(C2CCC(=O)NC2=O)C3=O)c1-c1ccc(-c2ccc(O)cc2)cc1,1,0.674927187798676
1,CSNK1A1,Cn1cnc(-c2ccc3c(c2)CN(C2CCC(=O)NC2=O)C3=O)c1-c1ccc(-c2ccccc2)cc1,1,0.7410098633858077
1,CSNK1A1,Cn1cnc(-c2ccc3c(c2)CN(C2CCC(=O)NC2=O)C3=O)c1-c1ccc(C#N)cc1,1,0.7341119751870498
1,CSNK1A1,Cn1cnc(-c2ccc3c(c2)CN(C2CCC(=O)NC2=O)C3=O)c1-c1ccc(C#N)cc1F,1,0.7060815540068369
1,CSNK1A1,Cn1cnc(-c2ccc3c(c2)CN(C2CCC(=O)NC2=O)C3=O)c1-c1ccc(C(F)F)cc1,1,0.7189956746580761
1,CSNK1A1,Cn1cnc(-c2ccc3c(c2)CN(C2CCC(=O)NC2=O)C3=O)c1-c1ccc(C2(C#N)CC2)cc1,1,0.7078157687868245
1,CSNK1A1,Cn1cnc(-c2ccc3c(c2)CN(C2CCC(=O)NC2=O)C3=O)c1-c1ccc(CO)cc1,1,0.6771463063234621
1,CSNK1A1,Cn1cnc(-c2ccc3c(c2)CN(C2CCC(=O)NC2=O)C3=O)c1-c1ccc(Cl)c(C#N)c1,1,0.6982922159688998
1,CSNK1A1,Cn1cnc(-c2ccc3c(c2)CN(C2CCC(=O)NC2=O)C3=O)c1-c1ccc(Cl)c(Cl)c1,1,0.7056901041676575
1,CSNK1A1,Cn1cnc(-c2ccc3c(c2)CN(C2CCC(=O)NC2=O)C3=O)c1-c1ccc(Cl)c(F)c1,1,0.7050129721005659
1,CSNK1A1,Cn1cnc(-c2ccc3c(c2)CN(C2CCC(=O)NC2=O)C3=O)c1-c1ccc(Cl)cc1,1,0.7056901041676575
1,CSNK1A1,Cn1cnc(-c2ccc3c(c2)CN(C2CCC(=O)NC2=O)C3=O)c1-c1ccc(Cl)cc1Cl,1,0.7056901041676575
1,CSNK1A1,Cn1cnc(-c2ccc3c(c2)CN(C2CCC(=O)NC2=O)C3=O)c1-c1ccc(Cl)cc1F,1,0.7050129721005659
1,CSNK1A1,Cn1cnc(-c2ccc3c(c2)CN(C2CCC(=O)NC2=O)C3=O)c1-c1ccc(Cl)s1,1,0.7173536331649295
1,CSNK1A1,Cn1cnc(-c2ccc3c(c2)CN(C2CCC(=O)NC2=O)C3=O)c1-c1ccc(F)c(C#N)c1,1,0.7060815540068369
1,CSNK1A1,Cn1cnc(-c2ccc3c(c2)CN(C2CCC(=O)NC2=O)C3=O)c1-c1ccc(F)c(Cl)c1,1,0.7050129721005659
1,CSNK1A1,Cn1cnc(-c2ccc3c(c2)CN(C2CCC(=O)NC2=O)C3=O)c1-c1ccc(F)c(F)c1,1,0.7152794422055946
1,CSNK1A1,Cn1cnc(-c2ccc3c(c2)CN(C2CCC(=O)NC2=O)C3=O)c1-c1ccc(F)cc1,1,0.7152794422055946
1,CSNK1A1,Cn1cnc(-c2ccc3c(c2)CN(C2CCC(=O)NC2=O)C3=O)c1-c1ccc(F)cc1C(F)(F)F,1,0.6801175912702847
1,CSNK1A1,Cn1cnc(-c2ccc3c(c2)CN(C2CCC(=O)NC2=O)C3=O)c1-c1ccc(F)cc1Cl,1,0.7050129721005659
1,CSNK1A1,Cn1cnc(-c2ccc3c(c2)CN(C2CCC(=O)NC2=O)C3=O)c1-c1ccc(F)cc1F,1,0.7152794422055946
1,CSNK1A1,Cn1cnc(-c2ccc3c(c2)CN(C2CCC(=O)NC2=O)C3=O)c1-c1ccc(N)cc1,1,0.7551106951871095
1,CSNK1A1,Cn1cnc(-c2ccc3c(c2)CN(C2CCC(=O)NC2=O)C3=O)c1-c1ccc(N2CCCCC2)nc1,1,0.605167295290779
1,CSNK1A1,Cn1cnc(-c2ccc3c(c2)CN(C2CCC(=O)NC2=O)C3=O)c1-c1ccc(N2CCOCC2)c(Cl)c1,1,0.5925734385814734
1,CSNK1A1,Cn1cnc(-c2ccc3c(c2)CN(C2CCC(=O)NC2=O)C3=O)c1-c1ccc(N2CCOCC2)cc1,1,0.6379956638432466
1,CSNK1A1,Cn1cnc(-c2ccc3c(c2)CN(C2CCC(=O)NC2=O)C3=O)c1-c1ccc(O)cc1,1,0.674927187798676
1,CSNK1A1,Cn1cnc(-c2ccc3c(c2)CN(C2CCC(=O)NC2=O)C3=O)c1-c1ccc(OCCCN2CCOCC2)cc1,1,0.6060134477355915
1,CSNK1A1,Cn1cnc(-c2ccc3c(c2)CN(C2CCC(=O)NC2=O)C3=O)c1-c1ccc(OCc2ccccc2)c(Cl)c1,1,0.6273111029675424
1,CSNK1A1,Cn1cnc(-c2ccc3c(c2)CN(C2CCC(=O)NC2=O)C3=O)c1-c1ccc(OCc2ccccc2)cc1,1,0.6412627756702839
1,CSNK1A1,Cn1cnc(-c2ccc3c(c2)CN(C2CCC(=O)NC2=O)C3=O)c1-c1ccc(Oc2cccnc2)cc1,1,0.6668827258670091
1,CSNK1A1,Cn1cnc(-c2ccc3c(c2)CN(C2CCC(=O)NC2=O)C3=O)c1-c1ccc2[nH]ccc2c1,1,0.7521685095558021
1,CSNK1A1,Cn1cnc(-c2ccc3c(c2)CN(C2CCC(=O)NC2=O)C3=O)c1-c1ccc2[nH]ncc2c1,1,0.728719880358755
1,CSNK1A1,Cn1cnc(-c2ccc3c(c2)CN(C2CCC(=O)NC2=O)C3=O)c1-c1ccc2c(c1)CCCO2,1,0.6639318329279019
1,CSNK1A1,Cn1cnc(-c2ccc3c(c2)CN(C2CCC(=O)NC2=O)C3=O)c1-c1ccc2c(c1)OCC2,1,0.6639318329279019
1,CSNK1A1,Cn1cnc(-c2ccc3c(c2)CN(C2CCC(=O)NC2=O)C3=O)c1-c1ccc2c(c1)ncn2C,1,0.7472517325126277
1,CSNK1A1,Cn1cnc(-c2ccc3c(c2)CN(C2CCC(=O)NC2=O)C3=O)c1-c1ccc2c(ccn2C)c1,1,0.7472517325126277
1,CSNK1A1,Cn1cnc(-c2ccc3c(c2)CN(C2CCC(=O)NC2=O)C3=O)c1-c1ccc2cccnc2c1,1,0.7410098633858077
1,CSNK1A1,Cn1cnc(-c2ccc3c(c2)CN(C2CCC(=O)NC2=O)C3=O)c1-c1ccc2nc[nH]c2c1,1,0.7521685095558021
1,CSNK1A1,Cn1cnc(-c2ccc3c(c2)CN(C2CCC(=O)NC2=O)C3=O)c1-c1ccc2ncn(C)c2c1,1,0.7472517325126277
1,CSNK1A1,Cn1cnc(-c2ccc3c(c2)CN(C2CCC(=O)NC2=O)C3=O)c1-c1ccc2scnc2c1,1,0.7466397536003927
1,CSNK1A1,Cn1cnc(-c2ccc3c(c2)CN(C2CCC(=O)NC2=O)C3=O)c1-c1cccc(-c2ccccc2)c1,1,0.7410098633858077
1,CSNK1A1,Cn1cnc(-c2ccc3c(c2)CN(C2CCC(=O)NC2=O)C3=O)c1-c1cccc(-c2cccnc2)c1,1,0.7410098633858077
1,CSNK1A1,Cn1cnc(-c2ccc3c(c2)CN(C2CCC(=O)NC2=O)C3=O)c1-c1cccc(C#N)c1,1,0.7341119751870498
1,CSNK1A1,Cn1cnc(-c2ccc3c(c2)CN(C2CCC(=O)NC2=O)C3=O)c1-c1cccc(C#N)c1F,1,0.7060815540068369
1,CSNK1A1,Cn1cnc(-c2ccc3c(c2)CN(C2CCC(=O)NC2=O)C3=O)c1-c1cccc(C#N)n1,1,0.730222657454099
1,CSNK1A1,Cn1cnc(-c2ccc3c(c2)CN(C2CCC(=O)NC2=O)C3=O)c1-c1cccc(C(F)(F)F)c1,1,0.6841541474536702
1,CSNK1A1,Cn1cnc(-c2ccc3c(c2)CN(C2CCC(=O)NC2=O)C3=O)c1-c1cccc(C(F)F)c1,1,0.7189956746580761
1,CSNK1A1,Cn1cnc(-c2ccc3c(c2)CN(C2CCC(=O)NC2=O)C3=O)c1-c1cccc(Cl)c1,1,0.7056901041676575
1,CSNK1A1,Cn1cnc(-c2ccc3c(c2)CN(C2CCC(=O)NC2=O)C3=O)c1-c1cccc(Cl)c1Cl,1,0.7056901041676575
1,CSNK1A1,Cn1cnc(-c2ccc3c(c2)CN(C2CCC(=O)NC2=O)C3=O)c1-c1cccc(F)c1,1,0.7152794422055946
1,CSNK1A1,Cn1cnc(-c2ccc3c(c2)CN(C2CCC(=O)NC2=O)C3=O)c1-c1cccc(F)c1Cl,1,0.7050129721005659
1,CSNK1A1,Cn1cnc(-c2ccc3c(c2)CN(C2CCC(=O)NC2=O)C3=O)c1-c1cccc(F)c1F,1,0.7152794422055946
1,CSNK1A1,Cn1cnc(-c2ccc3c(c2)CN(C2CCC(=O)NC2=O)C3=O)c1-c1cccc(N)c1,1,0.7551106951871095
1,CSNK1A1,Cn1cnc(-c2ccc3c(c2)CN(C2CCC(=O)NC2=O)C3=O)c1-c1cccc(N2CCCCC2)c1,1,0.6144829044782956
1,CSNK1A1,Cn1cnc(-c2ccc3c(c2)CN(C2CCC(=O)NC2=O)C3=O)c1-c1cccc(N2CCOCC2)c1,1,0.6379956638432466
1,CSNK1A1,Cn1cnc(-c2ccc3c(c2)CN(C2CCC(=O)NC2=O)C3=O)c1-c1cccc(O)c1,1,0.674927187798676
1,CSNK1A1,Cn1cnc(-c2ccc3c(c2)CN(C2CCC(=O)NC2=O)C3=O)c1-c1cccc2c1CCC2,1,0.7410098633858077
1,CSNK1A1,Cn1cnc(-c2ccc3c(c2)CN(C2CCC(=O)NC2=O)C3=O)c1-c1ccccc1,1,0.7410098633858077
1,CSNK1A1,Cn1cnc(-c2ccc3c(c2)CN(C2CCC(=O)NC2=O)C3=O)c1-c1ccccc1C#N,1,0.7341119751870498
1,CSNK1A1,Cn1cnc(-c2ccc3c(c2)CN(C2CCC(=O)NC2=O)C3=O)c1-c1ccccc1C(F)(F)F,1,0.6841541474536702
1,CSNK1A1,Cn1cnc(-c2ccc3c(c2)CN(C2CCC(=O)NC2=O)C3=O)c1-c1ccccc1C1CC1,1,0.7464926119238193
1,CSNK1A1,Cn1cnc(-c2ccc3c(c2)CN(C2CCC(=O)NC2=O)C3=O)c1-c1ccccc1Cl,1,0.7056901041676575
1,CSNK1A1,Cn1cnc(-c2ccc3c(c2)CN(C2CCC(=O)NC2=O)C3=O)c1-c1ccccc1F,1,0.7152794422055946
1,CSNK1A1,Cn1cnc(-c2ccc3c(c2)CN(C2CCC(=O)NC2=O)C3=O)c1-c1cccnc1,1,0.7392872123195234
1,CSNK1A1,Cn1cnc(-c2ccc3c(c2)CN(C2CCC(=O)NC2=O)C3=O)c1-c1cccs1,1,0.7457397536003928
1,CSNK1A1,Cn1cnc(-c2ccc3c(c2)CN(C2CCC(=O)NC2=O)C3=O)c1-c1ccncc1,1,0.7410098633858077
1,CSNK1A1,Cn1cnc(-c2ccc3c(c2)CN(C2CCC(=O)NC2=O)C3=O)c1-c1ccsc1,1,0.7469451440549594
1,CSNK1A1,Cn1cnc(-c2ccc3c(c2)CN(C2CCC(=O)NC2=O)C3=O)c1-c1ccsc1Cl,1,0.7173536331649295
1,CSNK1A1,Cn1cnc(-c2ccc3c(c2)CN(C2CCC(=O)NC2=O)C3=O)c1-c1cnc2c(ccn2C)c1,1,0.7406077264164104
1,CSNK1A1,Cn1cnc(-c2ccc3c(c2)CN(C2CCC(=O)NC2=O)C3=O)c1-c1cnn(-c2ccccc2)c1,1,0.7359606088406357
1,CSNK1A1,Cn1cnc(-c2ccc3c(c2)CN(C2CCC(=O)NC2=O)C3=O)c1-c1cnn(C2CCC2)c1,1,0.7051713271614103
1,CSNK1A1,Cn1cnc(-c2ccc3c(c2)CN(C2CCC(=O)NC2=O)C3=O)c1-c1cnn2ccccc12,1,0.724115966406871
1,CSNK1A1,Cn1cnc(-c2ccc3c(c2)CN(C2CCC(=O)NC2=O)C3=O)c1C1=CCCCC1,1,0.7248336758610682
1,CSNK1A1,Cn1cnc(-c2ccc3c(c2)CN(C2CCC(=O)NC2=O)C3=O)c1C1=CCOC1,1,0.63936496832183
1,CSNK1A1,Cn1cnc(-c2ccc3c(c2)CN([C@@H]2CCC(=O)NC2=O)C3=O)c1-c1ccc(F)cc1,1,0.7152794422055946
1,CSNK1A1,Cn1nc(-c2ccc3c(c2)CN(C2CCC(=O)NC2=O)C3=O)cc1-c1ccc(C(F)(F)F)cc1,1,0.6884340084940936
1,CSNK1A1,Cn1nc(-c2ccc3c(c2)CN(C2CCC(=O)NC2=O)C3=O)cc1-c1ccc(Cl)cc1,1,0.6897069652282082
1,CSNK1A1,Cn1nc(-c2ccc3c(c2)CN(C2CCC(=O)NC2=O)C3=O)cc1-c1ccc(F)cc1,1,0.7033651372081823
1,CSNK1A1,Cn1nc(-c2ccc3c(c2)CN(C2CCC(=O)NC2=O)C3=O)cc1-c1ccccc1,1,0.7301414601000966
1,CSNK1A1,Cn1nc(-c2ccc3c(c2)CN(C2CCC(=O)NC2=O)C3=O)cc1C1CCC(F)(F)CC1,1,0.6988177864018221
1,CSNK1A1,Cn1nc(-c2ccc3c(c2)CN(C2CCC(=O)NC2=O)C3=O)cc1C1CCOCC1,1,0.632881126713676
1,CSNK1A1,Cn1nc(-c2ccc3c(c2)CN(C2CCC(=O)NC2=O)C3=O)nc1-c1ccc(C(F)(F)F)cc1,1,0.686256602266716
1,CSNK1A1,Cn1nc(-c2ccc3c(c2)CN(C2CCC(=O)NC2=O)C3=O)nc1-c1ccc(Cl)cc1,1,0.7030860938200627
1,CSNK1A1,Cn1nc(-c2ccc3c(c2)CN(C2CCC(=O)NC2=O)C3=O)nc1-c1ccc(F)cc1,1,0.7197610879403975
1,CSNK1A1,Cn1nc(-c2ccc3c(c2)CN(C2CCC(=O)NC2=O)C3=O)nc1-c1ccccc1,1,0.7211112013143485
1,CSNK1A1,Cn1nc(-c2ccc3c(c2)CN(C2CCC(=O)NC2=O)C3=O)nc1C1CCC(C)(C)CC1,1,0.7063113068024135
1,CSNK1A1,Cn1nc(-c2ccc3c(c2)CN(C2CCC(=O)NC2=O)C3=O)nc1C1CCOCC1,1,0.6304998404252314
1,CSNK1A1,Cn1nc(-c2ccc3c(c2)CN(C2CCC(=O)NC2=O)C3=O)nc1N1CCC(C(F)(F)F)CC1,1,0.5906330566684292
1,CSNK1A1,Cn1nc(-c2ccc3c(c2)CN(C2CCC(=O)NC2=O)C3=O)nc1N1CCC(C)(C)CC1,1,0.6265562362668945
1,CSNK1A1,Cn1nc(-c2ccc3c(c2)CN(C2CCC(=O)NC2=O)C3=O)nc1N1CCC(F)(F)CC1,1,0.5769608848437053
1,CSNK1A1,Cn1nc(-c2ccc3c(c2)CN(C2CCC(=O)NC2=O)C3=O)nc1N1CCC2(CC1)CC2,1,0.5912174212422326
1,CSNK1A1,Cn1nc(-c2ccc3c(c2)CN(C2CCC(=O)NC2=O)C3=O)nc1N1CCCCC1,1,0.5915101821962999
1,CSNK1A1,Cn1nc(-c2ccc3c(c2)CN(C2CCC(=O)NC2=O)C3=O)nc1N1CCCCCC1,1,0.5924013210101131
1,CSNK1A1,Cn1nc(-c2ccc3c(c2)CN(C2CCC(=O)NC2=O)C3=O)nc1N1CCOCC1,1,0.6370005674820904
1,CSNK1A1,Cn1nc(-c2ccc3c(c2)CN(C2CCC(=O)NC2=O)C3=O)nc1N1CCc2ccccc2C1,1,0.5915101821962999
1,CSNK1A1,Cn1nc(-c2ccc3c(c2)CN(C2CCC(=O)NC2=O)C3=O)nc1N1Cc2ccccc2C1,1,0.5915101821962999
1,CSNK1A1,Cn1nc(-c2ccc3c(c2)CN(C2CCC(=O)NC2=O)C3=O)nc1N1[C@@H]2CCC[C@H]1C2,1,0.6458356185459093
1,CSNK1A1,Cn1nc(-c2ccc3c(c2)CN(C2CCC(=O)NC2=O)C3=O)nc1[C@H]1CC[C@@H](C)CC1,1,0.7317447742361876
1,CSNK1A1,Cn1ncc(-c2ccc3c(c2)CN(C2CCC(=O)NC2=O)C3=O)c1-c1c[nH]c2ccccc12,1,0.7354496499179258
1,CSNK1A1,Cn1ncc(-c2ccc3c(c2)CN(C2CCC(=O)NC2=O)C3=O)c1-c1cc(F)ccc1F,1,0.7033651372081823
1,CSNK1A1,Cn1ncc(-c2ccc3c(c2)CN(C2CCC(=O)NC2=O)C3=O)c1-c1cc2ccccc2[nH]1,1,0.7354496499179258
1,CSNK1A1,Cn1ncc(-c2ccc3c(c2)CN(C2CCC(=O)NC2=O)C3=O)c1-c1ccc(-c2ccc(C#N)cc2)cc1,1,0.7225932544410215
1,CSNK1A1,Cn1ncc(-c2ccc3c(c2)CN(C2CCC(=O)NC2=O)C3=O)c1-c1ccc(-c2ccccc2)cc1,1,0.7301414601000966
1,CSNK1A1,Cn1ncc(-c2ccc3c(c2)CN(C2CCC(=O)NC2=O)C3=O)c1-c1ccc(-c2cccnc2)cc1,1,0.7301414601000966
1,CSNK1A1,Cn1ncc(-c2ccc3c(c2)CN(C2CCC(=O)NC2=O)C3=O)c1-c1ccc(-c2ccncc2)cc1,1,0.7301414601000966
1,CSNK1A1,Cn1ncc(-c2ccc3c(c2)CN(C2CCC(=O)NC2=O)C3=O)c1-c1ccc(-n2cccn2)cc1,1,0.7293271150018685
1,CSNK1A1,Cn1ncc(-c2ccc3c(c2)CN(C2CCC(=O)NC2=O)C3=O)c1-c1ccc(=O)n(C)c1,1,0.7059907176391927
1,CSNK1A1,Cn1ncc(-c2ccc3c(c2)CN(C2CCC(=O)NC2=O)C3=O)c1-c1ccc(C(C)(F)F)cc1,1,0.7097139262881067
1,CSNK1A1,Cn1ncc(-c2ccc3c(c2)CN(C2CCC(=O)NC2=O)C3=O)c1-c1ccc(C(F)(F)F)cc1,1,0.6884340084940936
1,CSNK1A1,Cn1ncc(-c2ccc3c(c2)CN(C2CCC(=O)NC2=O)C3=O)c1-c1ccc(C2(C#N)CC2)cc1,1,0.7047383614264627
1,CSNK1A1,Cn1ncc(-c2ccc3c(c2)CN(C2CCC(=O)NC2=O)C3=O)c1-c1ccc(CN2CCOCC2)cc1,1,0.6096339121698414
1,CSNK1A1,Cn1ncc(-c2ccc3c(c2)CN(C2CCC(=O)NC2=O)C3=O)c1-c1ccc(COc2ccccc2)cc1,1,0.640561887504554
1,CSNK1A1,Cn1ncc(-c2ccc3c(c2)CN(C2CCC(=O)NC2=O)C3=O)c1-c1ccc(Cl)c(F)c1,1,0.6941375559920426
1,CSNK1A1,Cn1ncc(-c2ccc3c(c2)CN(C2CCC(=O)NC2=O)C3=O)c1-c1ccc(Cl)cc1,1,0.6897069652282082
1,CSNK1A1,Cn1ncc(-c2ccc3c(c2)CN(C2CCC(=O)NC2=O)C3=O)c1-c1ccc(Cl)cc1Cl,1,0.6897069652282082
1,CSNK1A1,Cn1ncc(-c2ccc3c(c2)CN(C2CCC(=O)NC2=O)C3=O)c1-c1ccc(Cl)cc1F,1,0.6941375559920426
1,CSNK1A1,Cn1ncc(-c2ccc3c(c2)CN(C2CCC(=O)NC2=O)C3=O)c1-c1ccc(Cl)s1,1,0.7032872588292715
1,CSNK1A1,Cn1ncc(-c2ccc3c(c2)CN(C2CCC(=O)NC2=O)C3=O)c1-c1ccc(F)c(F)c1,1,0.7033651372081823
1,CSNK1A1,Cn1ncc(-c2ccc3c(c2)CN(C2CCC(=O)NC2=O)C3=O)c1-c1ccc(F)cc1,1,0.7033651372081823
1,CSNK1A1,Cn1ncc(-c2ccc3c(c2)CN(C2CCC(=O)NC2=O)C3=O)c1-c1ccc(F)cc1Cl,1,0.6941375559920426
1,CSNK1A1,Cn1ncc(-c2ccc3c(c2)CN(C2CCC(=O)NC2=O)C3=O)c1-c1ccc(F)cc1F,1,0.7033651372081823
1,CSNK1A1,Cn1ncc(-c2ccc3c(c2)CN(C2CCC(=O)NC2=O)C3=O)c1-c1ccc(N)cc1,1,0.7394331505523131
1,CSNK1A1,Cn1ncc(-c2ccc3c(c2)CN(C2CCC(=O)NC2=O)C3=O)c1-c1ccc(N2CCCC2)cc1,1,0.5857608163837936
1,CSNK1A1,Cn1ncc(-c2ccc3c(c2)CN(C2CCC(=O)NC2=O)C3=O)c1-c1ccc(N2CCOCC2)cc1,1,0.6318752300825976
1,CSNK1A1,Cn1ncc(-c2ccc3c(c2)CN(C2CCC(=O)NC2=O)C3=O)c1-c1ccc(N2CCOCC2)nc1,1,0.6270323072263582
1,CSNK1A1,Cn1ncc(-c2ccc3c(c2)CN(C2CCC(=O)NC2=O)C3=O)c1-c1ccc(O)cc1,1,0.6754996771583519
1,CSNK1A1,Cn1ncc(-c2ccc3c(c2)CN(C2CCC(=O)NC2=O)C3=O)c1-c1ccc(OC(F)(F)F)cc1,1,0.6399740310850577
1,CSNK1A1,Cn1ncc(-c2ccc3c(c2)CN(C2CCC(=O)NC2=O)C3=O)c1-c1ccc(OC(F)F)cc1,1,0.6433859119344947
1,CSNK1A1,Cn1ncc(-c2ccc3c(c2)CN(C2CCC(=O)NC2=O)C3=O)c1-c1ccc(OCCCN2CCOCC2)cc1,1,0.5936564143587667
1,CSNK1A1,Cn1ncc(-c2ccc3c(c2)CN(C2CCC(=O)NC2=O)C3=O)c1-c1ccc(OCc2ccccc2)cc1,1,0.640561887504554
1,CSNK1A1,Cn1ncc(-c2ccc3c(c2)CN(C2CCC(=O)NC2=O)C3=O)c1-c1ccc2c(c1)CCCO2,1,0.6743124893781606
1,CSNK1A1,Cn1ncc(-c2ccc3c(c2)CN(C2CCC(=O)NC2=O)C3=O)c1-c1ccc2c(c1)CCO2,1,0.6743124893781606
1,CSNK1A1,Cn1ncc(-c2ccc3c(c2)CN(C2CCC(=O)NC2=O)C3=O)c1-c1ccc2c(c1)OCC2,1,0.6743124893781606
1,CSNK1A1,Cn1ncc(-c2ccc3c(c2)CN(C2CCC(=O)NC2=O)C3=O)c1-c1ccc2c(ccn2C)c1,1,0.74185800671138
1,CSNK1A1,Cn1ncc(-c2ccc3c(c2)CN(C2CCC(=O)NC2=O)C3=O)c1-c1ccc2cc[nH]c2c1,1,0.7354496499179258
1,CSNK1A1,Cn1ncc(-c2ccc3c(c2)CN(C2CCC(=O)NC2=O)C3=O)c1-c1ccc2ccccc2c1,1,0.7301414601000966
1,CSNK1A1,Cn1ncc(-c2ccc3c(c2)CN(C2CCC(=O)NC2=O)C3=O)c1-c1ccc2cccnc2c1,1,0.7301414601000966
1,CSNK1A1,Cn1ncc(-c2ccc3c(c2)CN(C2CCC(=O)NC2=O)C3=O)c1-c1ccc2ccn(C)c2c1,1,0.74185800671138
1,CSNK1A1,Cn1ncc(-c2ccc3c(c2)CN(C2CCC(=O)NC2=O)C3=O)c1-c1ccc2cnn(C)c2c1,1,0.7387995887852201
1,CSNK1A1,Cn1ncc(-c2ccc3c(c2)CN(C2CCC(=O)NC2=O)C3=O)c1-c1ccc2ncsc2c1,1,0.7437751212689437
1,CSNK1A1,Cn1ncc(-c2ccc3c(c2)CN(C2CCC(=O)NC2=O)C3=O)c1-c1ccc2occc2c1,1,0.7040111196047374
1,CSNK1A1,Cn1ncc(-c2ccc3c(c2)CN(C2CCC(=O)NC2=O)C3=O)c1-c1ccc2sccc2c1,1,0.737715713274977
1,CSNK1A1,Cn1ncc(-c2ccc3c(c2)CN(C2CCC(=O)NC2=O)C3=O)c1-c1ccc2scnc2c1,1,0.7437751212689437
1,CSNK1A1,Cn1ncc(-c2ccc3c(c2)CN(C2CCC(=O)NC2=O)C3=O)c1-c1cccc(-n2cccn2)c1,1,0.7293271150018685
1,CSNK1A1,Cn1ncc(-c2ccc3c(c2)CN(C2CCC(=O)NC2=O)C3=O)c1-c1cccc(C#N)c1,1,0.7225932544410215
1,CSNK1A1,Cn1ncc(-c2ccc3c(c2)CN(C2CCC(=O)NC2=O)C3=O)c1-c1cccc(C(F)F)c1,1,0.7114412620897634
1,CSNK1A1,Cn1ncc(-c2ccc3c(c2)CN(C2CCC(=O)NC2=O)C3=O)c1-c1cccc(Cl)c1,1,0.6897069652282082
1,CSNK1A1,Cn1ncc(-c2ccc3c(c2)CN(C2CCC(=O)NC2=O)C3=O)c1-c1cccc(F)c1,1,0.7033651372081823
1,CSNK1A1,Cn1ncc(-c2ccc3c(c2)CN(C2CCC(=O)NC2=O)C3=O)c1-c1cccc(F)c1Cl,1,0.6941375559920426
1,CSNK1A1,Cn1ncc(-c2ccc3c(c2)CN(C2CCC(=O)NC2=O)C3=O)c1-c1cccc(F)c1F,1,0.7033651372081823
1,CSNK1A1,Cn1ncc(-c2ccc3c(c2)CN(C2CCC(=O)NC2=O)C3=O)c1-c1cccc(N)c1,1,0.7394331505523131
1,CSNK1A1,Cn1ncc(-c2ccc3c(c2)CN(C2CCC(=O)NC2=O)C3=O)c1-c1cccc(N2CCCC2)c1,1,0.5857608163837936
1,CSNK1A1,Cn1ncc(-c2ccc3c(c2)CN(C2CCC(=O)NC2=O)C3=O)c1-c1cccc(O)c1,1,0.6754996771583519
1,CSNK1A1,Cn1ncc(-c2ccc3c(c2)CN(C2CCC(=O)NC2=O)C3=O)c1-c1cccc2c1CCC2,1,0.7301414601000966
1,CSNK1A1,Cn1ncc(-c2ccc3c(c2)CN(C2CCC(=O)NC2=O)C3=O)c1-c1cccc2c1OCC2,1,0.6743715492393942
1,CSNK1A1,Cn1ncc(-c2ccc3c(c2)CN(C2CCC(=O)NC2=O)C3=O)c1-c1ccccc1,1,0.7301414601000966
1,CSNK1A1,Cn1ncc(-c2ccc3c(c2)CN(C2CCC(=O)NC2=O)C3=O)c1-c1ccccc1C(F)(F)F,1,0.6884340084940936
1,CSNK1A1,Cn1ncc(-c2ccc3c(c2)CN(C2CCC(=O)NC2=O)C3=O)c1-c1ccccc1C1CC1,1,0.7381533648620014
1,CSNK1A1,Cn1ncc(-c2ccc3c(c2)CN(C2CCC(=O)NC2=O)C3=O)c1-c1ccccc1Cl,1,0.6897069652282082
1,CSNK1A1,Cn1ncc(-c2ccc3c(c2)CN(C2CCC(=O)NC2=O)C3=O)c1-c1ccccc1F,1,0.7033651372081823
1,CSNK1A1,Cn1ncc(-c2ccc3c(c2)CN(C2CCC(=O)NC2=O)C3=O)c1-c1ccccc1N,1,0.7394331505523131
1,CSNK1A1,Cn1ncc(-c2ccc3c(c2)CN(C2CCC(=O)NC2=O)C3=O)c1-c1cccnc1,1,0.7301414601000966
1,CSNK1A1,Cn1ncc(-c2ccc3c(c2)CN(C2CCC(=O)NC2=O)C3=O)c1-c1cccnc1N,1,0.7357540877100387
1,CSNK1A1,Cn1ncc(-c2ccc3c(c2)CN(C2CCC(=O)NC2=O)C3=O)c1-c1cccs1,1,0.737715713274977
1,CSNK1A1,Cn1ncc(-c2ccc3c(c2)CN(C2CCC(=O)NC2=O)C3=O)c1-c1ccn(-c2ccc(F)cc2)n1,1,0.6872667056521935
1,CSNK1A1,Cn1ncc(-c2ccc3c(c2)CN(C2CCC(=O)NC2=O)C3=O)c1-c1ccncc1,1,0.7301414601000966
1,CSNK1A1,Cn1ncc(-c2ccc3c(c2)CN(C2CCC(=O)NC2=O)C3=O)c1-c1ccsc1,1,0.7337022905982304
1,CSNK1A1,Cn1ncc(-c2ccc3c(c2)CN(C2CCC(=O)NC2=O)C3=O)c1-c1ccsc1Cl,1,0.7032872588292715
1,CSNK1A1,Cn1ncc(-c2ccc3c(c2)CN(C2CCC(=O)NC2=O)C3=O)c1-c1cnc2c(ccn2C)c1,1,0.7352403647773792
1,CSNK1A1,Cn1ncc(-c2ccc3c(c2)CN(C2CCC(=O)NC2=O)C3=O)c1-c1cncnc1,1,0.724115966406871
1,CSNK1A1,Cn1ncc(-c2ccc3c(c2)CN(C2CCC(=O)NC2=O)C3=O)c1-c1cnn2ccccc12,1,0.7282058491914807
1,CSNK1A1,Cn1ncc(-c2ccc3c(c2)CN(C2CCC(=O)NC2=O)C3=O)c1C1=CCC(F)(F)CC1,1,0.697202992539902
1,CSNK1A1,Cn1ncc(-c2ccc3c(c2)CN(C2CCC(=O)NC2=O)C3=O)c1C1=CCC(c2ccccc2)CC1,1,0.7294027908076123
1,CSNK1A1,Cn1ncc(-c2ccc3c(c2)CN(C2CCC(=O)NC2=O)C3=O)c1C1=CCCC1,1,0.7294027908076123
1,CSNK1A1,Cn1ncc(-c2ccc3c(c2)CN(C2CCC(=O)NC2=O)C3=O)c1C1=CCCCC1,1,0.7294027908076123
1,CSNK1A1,Cn1ncc(-c2ccc3c(c2)CN(C2CCC(=O)NC2=O)C3=O)c1C1=CCCCCC1,1,0.7307214354489313
1,CSNK1A1,Cn1ncc(-c2ccc3c(c2)CN(C2CCC(=O)NC2=O)C3=O)c1C1=CCOCC1,1,0.6331899246180571
1,CSNK1A1,Cn1ncc(-c2ccc3c(c2)CN(C2CCC(=O)NC2=O)C3=O)c1C1CCCCC1,1,0.7340225504081045
1,CSNK1A1,N#Cc1cc2c(c3c1C(=O)N([C@H]1CCC(=O)NC1=O)C3)OCC21CCN(CC2CCN(c3ccc(C(=O)N[C@H]4CC[C@H](Oc5ccccc5Cl)CC4)cc3F)CC2)CC1,1,0.5548836759627818
1,ARNT,N#Cc1ccc(CN2CCC(O)(c3ccc4c(n3)CN(C3CCC(=O)NC3=O)C4=O)CC2)cc1,0,0.5978993863537315
1,CSNK1A1,N#Cc1ccc(O[C@H]2CC[C@H](NC(=O)c3ccc(N4CCC(CN5CCC6(CC5)OCc5c6cc(Cl)c6c5CN([C@H]5CCC(=O)NC5=O)C6=O)CC4)c(F)c3)CC2)cc1,1,0.5548836759627818
1,CSNK1A1,N#Cc1ccccc1[C@@H](NC(=O)c1ccc2c(c1)CN(C1CCC(=O)NC1=O)C2=O)C1CC1,0,0.5981355681480338
1,CDK2,O=C1CCC(N2C(=O)c3cc(CNC(=O)OCC4CC5(CCCCC5)C4)cc4cccc2c34)C(=O)N1,1,0.6989847637691567
1,CDK2,O=C1CCC(N2C(=O)c3cc(CNc4nnc(-c5ccc(OC(F)(F)F)cc5)o4)cc4cccc2c34)C(=O)N1,1,0.7534137645880573
1,CDK2,O=C1CCC(N2C(=O)c3cc(CNc4nnc(C5CC6(CCC6)C5)o4)cc4cccc2c34)C(=O)N1,1,0.7446018164947487
1,CDK2,O=C1CCC(N2C(=O)c3ccc(CNC(=O)OCC4CC5(CCC5)C4)c4cccc2c34)C(=O)N1,1,0.6989847637691567
1,CSNK1A1,O=C1CCC(N2Cc3c(CCCCCN4CCC5(CC4)COc4c5cc(C(F)F)nc4Cl)cccc3C2=O)C(=O)N1,1,0.5287807630133592
1,CSNK1A1,O=C1CCC(N2Cc3c(CCCCCN4CCC5(CC4)COc4c5cc(CO)nc4Cl)cccc3C2=O)C(=O)N1,1,0.591315211570839
1,CSNK1A1,O=C1CCC(N2Cc3c(CCCCCN4CCC5(CC4)COc4ccc(C(F)(F)F)nc45)cccc3C2=O)C(=O)N1,1,0.546812263578774
1,CSNK1A1,O=C1CCC(N2Cc3c(CCCCCN4CCC5(CC4)COc4ccc(Cl)nc45)cccc3C2=O)C(=O)N1,1,0.5413171615762642
1,CSNK1A1,O=C1CCC(N2Cc3c(CCCCCN4CCC5(CC4)COc4cnc(C(F)(F)F)cc45)cc(F)cc3C2=O)C(=O)N1,1,0.526993020625995
1,CSNK1A1,O=C1CCC(N2Cc3c(CCCCCN4CCC5(CC4)COc4cnc(C(F)(F)F)cc45)cccc3C2=O)C(=O)N1,1,0.5347023245708212
1,CSNK1A1,O=C1CCC(N2Cc3c(CCCCCN4CCC5(CC4)COc4cnc(C(F)F)cc45)cc(F)cc3C2=O)C(=O)N1,1,0.5302617793083486
1,CSNK1A1,O=C1CCC(N2Cc3c(CCCCCN4CCC5(CC4)COc4cnc(C(F)F)cc45)cccc3C2=O)C(=O)N1,1,0.5402790886938555
1,CSNK1A1,O=C1CCC(N2Cc3c(CCCCCN4CCC5(CC4)COc4cnc(Cl)cc45)cc(F)cc3C2=O)C(=O)N1,1,0.5287807630133592
1,CSNK1A1,O=C1CCC(N2Cc3c(CCCCCN4CCC5(CC4)COc4cnc(Cl)cc45)cccc3C2=O)C(=O)N1,1,0.5307991953365341
1,CSNK1A1,O=C1CCC(N2Cc3c(CCCCCN4CCC5(CC4)COc4cnc(F)cc45)cc(F)cc3C2=O)C(=O)N1,1,0.5302617793083486
1,CSNK1A1,O=C1CCC(N2Cc3c(CCCCCN4CCC5(CC4)COc4cnc(F)cc45)cccc3C2=O)C(=O)N1,1,0.5302617793083486
1,CSNK1A1,O=C1CCC(N2Cc3c(CCCCCN4CCC5(CC4)COc4cnccc45)cccc3C2=O)C(=O)N1,1,0.5485625685680406
1,ARNT,O=C1CCC(N2Cc3c(ccc(C4(O)CCN(Cc5ccc(C(F)(F)F)cc5)CC4)[n+]3[O-])C2=O)C(=O)N1,0,0.583122928928809
1,CSNK1A1,O=C1CCC(N2Cc3cc(-c4c[nH]c(-c5ccccc5)n4)ccc3C2=O)C(=O)N1,1,0.7368474634396135
1,CSNK1A1,O=C1CCC(N2Cc3cc(-c4c[nH]nc4-c4ccccc4)ccc3C2=O)C(=O)N1,1,0.7037447748073582
1,CSNK1A1,O=C1CCC(N2Cc3cc(-c4cc(-c5ccccc5)[nH]n4)ccc3C2=O)C(=O)N1,1,0.7037447748073582
1,CSNK1A1,O=C1CCC(N2Cc3cc(-c4cc(-c5ccccc5)n(C5CC5)n4)ccc3C2=O)C(=O)N1,1,0.7077865874279652
1,CSNK1A1,O=C1CCC(N2Cc3cc(-c4cc(-c5ccccc5)n(CC(F)(F)F)n4)ccc3C2=O)C(=O)N1,1,0.6550079282748855
1,CSNK1A1,O=C1CCC(N2Cc3cc(-c4cc(-c5ccccc5)no4)ccc3C2=O)C(=O)N1,1,0.6298541877984207
1,CSNK1A1,O=C1CCC(N2Cc3cc(-c4ccn(-c5ccccc5)n4)ccc3C2=O)C(=O)N1,1,0.6999672908595553
1,CSNK1A1,O=C1CCC(N2Cc3cc(-c4cn(-c5ccccc5)cn4)ccc3C2=O)C(=O)N1,1,0.730813981549588
1,CSNK1A1,O=C1CCC(N2Cc3cc(-c4cn(C(F)F)c(-c5ccccc5)n4)ccc3C2=O)C(=O)N1,1,0.6820672206817922
1,CSNK1A1,O=C1CCC(N2Cc3cc(-c4cn(C(F)F)nc4-c4ccc5c(c4)CCO5)ccc3C2=O)C(=O)N1,1,0.6349093410368389
1,CSNK1A1,O=C1CCC(N2Cc3cc(-c4cn(C5CC5)c(-c5ccccc5)n4)ccc3C2=O)C(=O)N1,1,0.7403292478485013
1,CSNK1A1,O=C1CCC(N2Cc3cc(-c4cn(CC(F)(F)F)nc4-c4ccccc4)ccc3C2=O)C(=O)N1,1,0.6550079282748855
1,CSNK1A1,O=C1CCC(N2Cc3cc(-c4cncn4-c4ccccc4)ccc3C2=O)C(=O)N1,1,0.730813981549588
1,CSNK1A1,O=C1CCC(N2Cc3cc(-c4cnn(C(F)(F)F)c4-c4ccccc4)ccc3C2=O)C(=O)N1,1,0.6729488607780887
1,CSNK1A1,O=C1CCC(N2Cc3cc(-c4cnn(C(F)F)c4-c4ccc5c(c4)CCO5)ccc3C2=O)C(=O)N1,1,0.6349093410368389
1,CSNK1A1,O=C1CCC(N2Cc3cc(-c4cnn(C(F)F)c4-c4ccccc4)ccc3C2=O)C(=O)N1,1,0.67317282824089
1,CSNK1A1,O=C1CCC(N2Cc3cc(-c4cnn(CC(F)(F)F)c4-c4ccccc4)ccc3C2=O)C(=O)N1,1,0.6550079282748855
1,CSNK1A1,O=C1CCC(N2Cc3cc(-c4cnn(CC(F)F)c4-c4ccccc4)ccc3C2=O)C(=O)N1,1,0.6633370820369959
1,CSNK1A1,O=C1CCC(N2Cc3cc(-c4cnn5c4-c4ccccc4C5)ccc3C2=O)C(=O)N1,1,0.6713003940250227
1,CSNK1A1,O=C1CCC(N2Cc3cc(-c4cnoc4-c4ccccc4)ccc3C2=O)C(=O)N1,1,0.6298541877984207
1,CSNK1A1,O=C1CCC(N2Cc3cc(-c4coc(-c5ccccc5)n4)ccc3C2=O)C(=O)N1,1,0.6274283781247908
1,CSNK1A1,O=C1CCC(N2Cc3cc(-c4nc(-c5ccccc5)co4)ccc3C2=O)C(=O)N1,1,0.6274283781247908
1,CSNK1A1,O=C1CCC(N2Cc3cc(-c4nc(-c5ccccc5)n(C(F)F)n4)ccc3C2=O)C(=O)N1,1,0.697815889634879
1,CSNK1A1,O=C1CCC(N2Cc3cc(-c4nc(C(F)(F)F)[nH]c4-c4ccccc4)ccc3C2=O)C(=O)N1,1,0.671807971989462
1,CSNK1A1,O=C1CCC(N2Cc3cc(-c4nc(C(F)F)oc4-c4ccccc4)ccc3C2=O)C(=O)N1,1,0.5971970442321707
1,CSNK1A1,O=C1CCC(N2Cc3cc(-c4nc(C5CC5)oc4-c4ccccc4)ccc3C2=O)C(=O)N1,1,0.6368908242794571
1,CSNK1A1,O=C1CCC(N2Cc3cc(-c4nc[nH]c4-c4ccccc4)ccc3C2=O)C(=O)N1,1,0.7185138817911577
1,CSNK1A1,O=C1CCC(N2Cc3cc(-c4ncoc4-c4ccccc4)ccc3C2=O)C(=O)N1,1,0.6236260827344523
1,CSNK1A1,O=C1CCC(N2Cc3cc(-c4ncsc4-c4ccccc4)ccc3C2=O)C(=O)N1,1,0.6865796050591055
1,CSNK1A1,O=C1CCC(N2Cc3cc(-n4ccc(-c5ccccc5)n4)ccc3C2=O)C(=O)N1,1,0.6999672908595553
1,CSNK1A1,O=C1CCC(N2Cc3cc(-n4nccc4-c4ccccc4)ccc3C2=O)C(=O)N1,1,0.6999672908595553
1,CSNK1A1,O=C1CCC(N2Cc3cc(C(=O)NC(c4c(F)cccc4Cl)C4CC4)ccc3C2=O)C(=O)N1,1,0.5994409050319262
1,CSNK1A1,O=C1CCC(N2Cc3cc(C(=O)NC(c4c(F)cccc4F)C4CCC4)ccc3C2=O)C(=O)N1,1,0.5752074600732434
1,CSNK1A1,O=C1CCC(N2Cc3cc(C(=O)NC(c4ccc(Cl)cc4)C4CC4)ccc3C2=O)C(=O)N1,0,0.6029218852435645
1,CSNK1A1,O=C1CCC(N2Cc3cc(C(=O)NC(c4ccc(Cl)cc4F)C4CC4)ccc3C2=O)C(=O)N1,0,0.5994409050319262
1,CSNK1A1,O=C1CCC(N2Cc3cc(C(=O)NC(c4ccc(Cl)cc4F)C4CCC4)ccc3C2=O)C(=O)N1,1,0.5787474372201866
1,CSNK1A1,O=C1CCC(N2Cc3cc(C(=O)NC(c4ccc(F)c(F)c4)C4CCC4)ccc3C2=O)C(=O)N1,0,0.5752074600732434
1,CSNK1A1,O=C1CCC(N2Cc3cc(C(=O)NC(c4ccc(F)cc4)C4CC(F)(F)C4)ccc3C2=O)C(=O)N1,0,0.5810123256032425
1,CSNK1A1,O=C1CCC(N2Cc3cc(C(=O)NC(c4ccc(F)cc4)C4CCCC4)ccc3C2=O)C(=O)N1,1,0.5855796130886682
1,CSNK1A1,O=C1CCC(N2Cc3cc(C(=O)NC(c4ccc(F)cc4Cl)C4CCC4)ccc3C2=O)C(=O)N1,1,0.5787474372201866
1,CSNK1A1,O=C1CCC(N2Cc3cc(C(=O)NC(c4cccc(Cl)c4)C4CCC4)ccc3C2=O)C(=O)N1,0,0.5796117718625264
1,CSNK1A1,O=C1CCC(N2Cc3cc(C(=O)NC(c4cccc(F)c4)C4CCC4)ccc3C2=O)C(=O)N1,0,0.5752074600732434
1,CSNK1A1,O=C1CCC(N2Cc3cc(C(=O)NC(c4cccc(F)c4Cl)C4CC4)ccc3C2=O)C(=O)N1,1,0.5994409050319262
1,CSNK1A1,O=C1CCC(N2Cc3cc(C(=O)NC(c4ncccc4Cl)C4CC4)ccc3C2=O)C(=O)N1,0,0.6508089012624317
1,CSNK1A1,O=C1CCC(N2Cc3cc(C(=O)N[C@@H](c4c(F)cccc4Cl)C4CCC4)ccc3C2=O)C(=O)N1,1,0.5787474372201866
1,CSNK1A1,O=C1CCC(N2Cc3cc(C(=O)N[C@@H](c4c(F)cccc4F)C4CCC4)ccc3C2=O)C(=O)N1,0,0.5752074600732434
1,CSNK1A1,O=C1CCC(N2Cc3cc(C(=O)N[C@@H](c4ccc(F)cc4)C4CC(F)(F)C4)ccc3C2=O)C(=O)N1,0,0.5810123256032425
1,CSNK1A1,O=C1CCC(N2Cc3cc(C(=O)N[C@@H](c4ccc(F)cc4)C4CCC4)ccc3C2=O)C(=O)N1,0,0.5752074600732434
1,CSNK1A1,O=C1CCC(N2Cc3cc(C(=O)N[C@@H](c4ccc(F)cc4Cl)C4CC4)ccc3C2=O)C(=O)N1,0,0.5994409050319262
1,CSNK1A1,O=C1CCC(N2Cc3cc(C(=O)N[C@@H](c4ccc(F)cc4Cl)C4CCC4)ccc3C2=O)C(=O)N1,0,0.5787474372201866
1,CSNK1A1,O=C1CCC(N2Cc3cc(C(=O)N[C@@H](c4ccc(F)cc4F)C4CCC4)ccc3C2=O)C(=O)N1,0,0.5752074600732434
1,CSNK1A1,O=C1CCC(N2Cc3cc(C(=O)N[C@@H](c4cccc(C(F)(F)F)c4)C4CC4)ccc3C2=O)C(=O)N1,0,0.5975642113342143
1,CSNK1A1,O=C1CCC(N2Cc3cc(C(=O)N[C@@H](c4cccc(Cl)c4)C4CC4)ccc3C2=O)C(=O)N1,0,0.6029218852435645
1,CSNK1A1,O=C1CCC(N2Cc3cc(C(=O)N[C@@H](c4cccc(F)c4)C4CC4)ccc3C2=O)C(=O)N1,0,0.5987318802659354
1,CSNK1A1,O=C1CCC(N2Cc3cc(C(=O)N[C@H](c4c(F)cccc4Cl)C4CCC4)ccc3C2=O)C(=O)N1,1,0.5787474372201866
1,CSNK1A1,O=C1CCC(N2Cc3cc(C(=O)N[C@H](c4c(F)cccc4F)C4CC4)ccc3C2=O)C(=O)N1,0,0.5987318802659354
1,CSNK1A1,O=C1CCC(N2Cc3cc(C(=O)N[C@H](c4c(F)cccc4F)C4CCC4)ccc3C2=O)C(=O)N1,1,0.5752074600732434
1,CSNK1A1,O=C1CCC(N2Cc3cc(C(=O)N[C@H](c4ccc(Cl)cc4)C4CC(F)(F)C4)ccc3C2=O)C(=O)N1,1,0.5825523027501855
1,CSNK1A1,O=C1CCC(N2Cc3cc(C(=O)N[C@H](c4ccc(Cl)cc4)C4CC4)ccc3C2=O)C(=O)N1,0,0.6029218852435645
1,CSNK1A1,O=C1CCC(N2Cc3cc(C(=O)N[C@H](c4ccc(Cl)cc4)C4CCC4)ccc3C2=O)C(=O)N1,1,0.5796117718625264
1,CSNK1A1,O=C1CCC(N2Cc3cc(C(=O)N[C@H](c4ccc(Cl)cn4)C4CCC4)ccc3C2=O)C(=O)N1,0,0.6301600843936189
1,CSNK1A1,O=C1CCC(N2Cc3cc(C(=O)N[C@H](c4ccc(F)c(F)c4)C4CCC4)ccc3C2=O)C(=O)N1,0,0.5752074600732434
1,CSNK1A1,O=C1CCC(N2Cc3cc(C(=O)N[C@H](c4ccc(F)cc4)C4(O)CC4)ccc3C2=O)C(=O)N1,0,0.5762779201865158
1,CSNK1A1,O=C1CCC(N2Cc3cc(C(=O)N[C@H](c4ccc(F)cc4)C4CC(F)(F)C4)ccc3C2=O)C(=O)N1,0,0.5810123256032425
1,CSNK1A1,O=C1CCC(N2Cc3cc(C(=O)N[C@H](c4ccc(F)cc4)C4CC4)ccc3C2=O)C(=O)N1,0,0.5987318802659354
1,CSNK1A1,O=C1CCC(N2Cc3cc(C(=O)N[C@H](c4ccc(F)cc4)C4CCC4)ccc3C2=O)C(=O)N1,1,0.5752074600732434
1,CSNK1A1,O=C1CCC(N2Cc3cc(C(=O)N[C@H](c4ccc(F)cc4)C4CCCC4)ccc3C2=O)C(=O)N1,1,0.5855796130886682
1,CSNK1A1,O=C1CCC(N2Cc3cc(C(=O)N[C@H](c4ccc(F)cc4)C4CCOCC4)ccc3C2=O)C(=O)N1,0,0.5174937884087346
1,CSNK1A1,O=C1CCC(N2Cc3cc(C(=O)N[C@H](c4ccc(F)cc4Cl)C4CC4)ccc3C2=O)C(=O)N1,0,0.5994409050319262
1,CSNK1A1,O=C1CCC(N2Cc3cc(C(=O)N[C@H](c4ccc(F)cc4Cl)C4CCC4)ccc3C2=O)C(=O)N1,1,0.5787474372201866
1,CSNK1A1,O=C1CCC(N2Cc3cc(C(=O)N[C@H](c4ccc(F)cc4F)C4CC4)ccc3C2=O)C(=O)N1,0,0.5987318802659354
1,CSNK1A1,O=C1CCC(N2Cc3cc(C(=O)N[C@H](c4ccc(F)cc4F)C4CCC4)ccc3C2=O)C(=O)N1,1,0.5752074600732434
1,CSNK1A1,O=C1CCC(N2Cc3cc(C(=O)N[C@H](c4ccc(F)cn4)C4(F)CCC4)ccc3C2=O)C(=O)N1,0,0.6127607133288319
1,CSNK1A1,O=C1CCC(N2Cc3cc(C(=O)N[C@H](c4ccc(F)cn4)C4CCC4)ccc3C2=O)C(=O)N1,0,0.6249019355916755
1,CSNK1A1,O=C1CCC(N2Cc3cc(C(=O)N[C@H](c4cccc(C(F)(F)F)c4)C4CC4)ccc3C2=O)C(=O)N1,0,0.5975642113342143
1,CSNK1A1,O=C1CCC(N2Cc3cc(C(=O)N[C@H](c4cccc(Cl)c4)C4CC4)ccc3C2=O)C(=O)N1,0,0.6029218852435645
1,CSNK1A1,O=C1CCC(N2Cc3cc(C(=O)N[C@H](c4cccc(F)c4)C4CC4)ccc3C2=O)C(=O)N1,0,0.5987318802659354
1,CSNK1A1,O=C1CCC(N2Cc3cc(C(=O)N[C@H](c4ccccc4Cl)C4CC4)ccc3C2=O)C(=O)N1,0,0.6029218852435645
1,CSNK1A1,O=C1CCC(N2Cc3cc(C(=O)N[C@H](c4ccccc4F)C4CC4)ccc3C2=O)C(=O)N1,0,0.5987318802659354
1,CSNK1A1,O=C1CCC(N2Cc3cc(C(=O)N[C@H](c4ncc(Cl)cc4Cl)C4CCC4)ccc3C2=O)C(=O)N1,0,0.6301600843936189
1,CSNK1A1,O=C1CCC(N2Cc3cc(C(=O)N[C@H](c4ncc(Cl)cc4F)C4(F)CCC4)ccc3C2=O)C(=O)N1,0,0.6187073243824089
1,CSNK1A1,O=C1CCC(N2Cc3cc(C(=O)N[C@H](c4ncc(Cl)cc4F)C4CCC4)ccc3C2=O)C(=O)N1,0,0.6291560541527599
1,CSNK1A1,O=C1CCC(N2Cc3cc(C(=O)N[C@H](c4ncc(F)cc4Cl)C4(F)CCC4)ccc3C2=O)C(=O)N1,1,0.6187073243824089
1,CSNK1A1,O=C1CCC(N2Cc3cc(C(=O)N[C@H](c4ncc(F)cc4Cl)C4CC4)ccc3C2=O)C(=O)N1,0,0.6475705783934508
1,CSNK1A1,O=C1CCC(N2Cc3cc(C(=O)N[C@H](c4ncc(F)cc4Cl)C4CCC4)ccc3C2=O)C(=O)N1,0,0.6291560541527599
1,CSNK1A1,O=C1CCC(N2Cc3cc(C(=O)N[C@H](c4ncccc4-c4ccc(F)cc4)C4CCC4)ccc3C2=O)C(=O)N1,0,0.6249019355916755
1,CSNK1A1,O=C1CCC(N2Cc3cc(C(=O)N[C@H](c4ncccc4Cl)C4(F)CCC4)ccc3C2=O)C(=O)N1,0,0.6187073243824089
1,CSNK1A1,O=C1CCC(N2Cc3cc(C(=O)N[C@H](c4ncccc4Cl)C4CCC4)ccc3C2=O)C(=O)N1,0,0.6301600843936189
1,CSNK1A1,O=C1CCC(N2Cc3cc(C(=O)N[C@H](c4ncccc4F)C4(F)CCC4)ccc3C2=O)C(=O)N1,0,0.6127607133288319
1,CSNK1A1,O=C1CCC(N2Cc3cc(C(=O)N[C@H](c4ncccc4F)C4CCC4)ccc3C2=O)C(=O)N1,0,0.6249019355916755
1,ARNT,O=C1CCC(N2Cc3nc(C4(O)CCN(Cc5ccc(CC(F)(F)F)cc5)CC4)ccc3C2=O)C(=O)N1,0,0.5850087993785598
1,ARNT,O=C1CCC(N2Cc3nc(C4(O)CCN(Cc5ccc(Cl)cc5)CC4)ccc3C2=O)C(=O)N1,0,0.5797750591370269
1,ARNT,O=C1CCC(N2Cc3nc(C4(O)CCN(Cc5ccc(F)cc5)CC4)ccc3C2=O)C(=O)N1,0,0.5869551787564657
1,ARNT,O=C1CCC(N2Cc3nc(C4(O)CCN(Cc5ccc(OC(F)(F)C(F)F)cc5)CC4)ccc3C2=O)C(=O)N1,0,0.5839570286810332
1,ARNT,O=C1CCC(N2Cc3nc(C4(O)CCN(Cc5ccc(SC(F)(F)F)cc5)CC4)ccc3C2=O)C(=O)N1,0,0.5873555475028908
1,ARNT,O=C1CCC(N2Cc3nc(C4(O)CCN(Cc5cccc(C(F)(F)F)c5)CC4)ccc3C2=O)C(=O)N1,0,0.5850087993785598
1,ARNT,O=C1CCC(N2Cc3nc(C4(O)CCN(Cc5ccccc5)CC4)ccc3C2=O)C(=O)N1,0,0.5956449558003198
1,ARNT,O=C1CCC(N2Cc3nc(C4(O)CCN(Cc5cccnc5)CC4)ccc3C2=O)C(=O)N1,0,0.5956449558003198
1,ARNT,O=C1CCC(N2Cc3nc(C4(O)CCN(Cc5ccncc5)CC4)ccc3C2=O)C(=O)N1,0,0.5956449558003198
1,CSNK1A1,O=C1CC[C@@H](N2Cc3c4c(cc(Cl)c3C2=O)C2(CCN(C(=O)N[C@H](c3ncccc3Cl)C(F)(F)F)CC2)CO4)C(=O)N1,1,0.6169756934698187
1,CSNK1A1,O=C1CC[C@@H](N2Cc3c4c(cc(Cl)c3C2=O)C2(CCN(C3CCC5(CC3)CCN(c3ccc(C(=O)N[C@H]6CC[C@H](Oc7ccccc7)CC6)nn3)C5)CC2)CO4)C(=O)N1,1,0.6127332552312142
1,CSNK1A1,O=C1CC[C@@H](N2Cc3c4c(cc(Cl)c3C2=O)C2(CCN(C3CCC5(CC3)CCN(c3ccc(C(=O)N[C@H]6CC[C@H](Oc7ccccc7)CC6)nn3)CC5)CC2)CO4)C(=O)N1,1,0.6127332552312142
1,CSNK1A1,O=C1CC[C@@H](N2Cc3c4c(cc(Cl)c3C2=O)C2(CCN(C3CCC5(CC3)CN(c3ccc(C(=O)N[C@H]6CC[C@H](Oc7ccccc7)CC6)nn3)C5)CC2)CO4)C(=O)N1,1,0.5908515911785865
1,CSNK1A1,O=C1CC[C@@H](N2Cc3c4c(cc(Cl)c3C2=O)C2(CCN(C3CCC5(CCN(c6ccc(C(=O)N[C@H]7CC[C@H](Oc8ccccc8)CC7)nn6)CC5)C3)CC2)CO4)C(=O)N1,1,0.6127332552312142
1,CSNK1A1,O=C1CC[C@@H](N2Cc3c4c(cc(Cl)c3C2=O)C2(CCN(CC3CCN(c5ccc(C(=O)N[C@H]6CC[C@H](Oc7ccc(F)cc7)CC6)cc5F)CC3)CC2)CO4)C(=O)N1,1,0.5620538462435538
1,CSNK1A1,O=C1CC[C@@H](N2Cc3c4c(cc(Cl)c3C2=O)C2(CCN(CC3CCN(c5ccc(C(=O)N[C@H]6CC[C@H](Oc7ccccc7)CC6)cn5)CC3)CC2)CO4)C(=O)N1,1,0.6101135399120621
1,CSNK1A1,O=C1CC[C@@H](N2Cc3c4c(cc(Cl)c3C2=O)C2(CCN(CC3CCN(c5ccc(C(=O)N[C@H]6CC[C@H](Oc7ccccc7)CC6)nc5)CC3)CC2)CO4)C(=O)N1,1,0.5608884857039343
1,CSNK1A1,O=C1CC[C@@H](N2Cc3c4c(cc(Cl)c3C2=O)C2(CCN(CC3CCN(c5ccc(C(=O)N[C@H]6CC[C@H](Oc7ccccc7F)CC6)cc5F)CC3)CC2)CO4)C(=O)N1,1,0.5620538462435538
1,CSNK1A1,O=C1CC[C@@H](N2Cc3c4c(cc(Cl)c3C2=O)C2(CCN(CC3CCN(c5ccc(C(=O)N[C@H]6CC[C@H](Oc7cccnc7)CC6)nn5)CC3)CC2)CO4)C(=O)N1,1,0.6156730723277322
1,CSNK1A1,O=C1CC[C@@H](N2Cc3c4c(cc(Cl)c3C2=O)C2(CCN(CC3CCN(c5ncc(C(=O)N[C@H]6CC[C@H](Oc7ccccc7)CC6)nn5)CC3)CC2)CO4)C(=O)N1,1,0.6168138957364977
1,CSNK1A1,O=C1CC[C@@H](N2Cc3c4c(cc(Cl)c3C2=O)C2(CCN([C@@H]3CCC5(CCN(c6ccc(C(=O)N[C@H]7CC[C@H](Oc8ccccc8)CC7)nn6)C5)C3)CC2)CO4)C(=O)N1,1,0.6127332552312142
1,CSNK1A1,O=C1CC[C@@H](N2Cc3cc(C(=O)N[C@H](c4ccc(F)cc4)C4CCC4)ccc3C2=O)C(=O)N1,0,0.5752074600732434
1,CSNK1A1,O=C1CC[C@H](N2CC3=C(C2=O)C2=C3OCC3(CCN(CC4(F)CCN(c5ccc(C(=O)NC6CCC(N7CCOCC7)CC6)cc5F)CC4)CC3)C2)C(=O)N1,1,0.538905114188099
1,CSNK1A1,O=C1CC[C@H](N2CC3=C(C2=O)C2=C3OCC34CCN(CC5(F)CCN(c6ccc(C(=O)NC7CCC(OC8CCC8)CC7)cc6F)CC5)CCCOC3=C24)C(=O)N1,1,0.5359322532227142
1,CSNK1A1,O=C1CC[C@H](N2Cc3c4c(cc(Cl)c3C2=O)C2(CCN(C(=O)C3CCN(c5ccc(C(=O)N[C@H]6CC[C@H](Oc7ccccc7)CC6)nn5)CC3)CC2)CO4)C(=O)N1,1,0.6127332552312142
1,CSNK1A1,O=C1CC[C@H](N2Cc3c4c(cc(Cl)c3C2=O)C2(CCN(C3CC(CN5C=C(c6ccc(C(=O)N[C@H]7CC[C@H](Oc8ccccc8Cl)CC7)nn6)C5)C3)CC2)CO4)C(=O)N1,1,0.5504580141539386
1,CSNK1A1,O=C1CC[C@H](N2Cc3c4c(cc(Cl)c3C2=O)C2(CCN(C3CC(CN5C=C(c6ccc(C(=O)N[C@H]7CC[C@H](Oc8ncccc8Cl)CC7)nn6)C5)C3)CC2)CO4)C(=O)N1,1,0.5504580141539386
1,CSNK1A1,O=C1CC[C@H](N2Cc3c4c(cc(Cl)c3C2=O)C2(CCN(C3CC(Cn5ccc(C(=O)N[C@H]6CC[C@H](Oc7ccccc7)CC6)n5)C3)CC2)CO4)C(=O)N1,1,0.5810377697655404
1,CSNK1A1,O=C1CC[C@H](N2Cc3c4c(cc(Cl)c3C2=O)C2(CCN(C3CC5(C3)CN(c3ccc(C(=O)NC6CCC(Oc7ccc(Cl)cc7)CC6)nn3)C5)CC2)CO4)C(=O)N1,1,0.5908515911785865
1,CSNK1A1,O=C1CC[C@H](N2Cc3c4c(cc(Cl)c3C2=O)C2(CCN(CC3(F)CCN(c5cc(F)c(C(=O)N[C@H]6CC[C@H](OC7CC7)CC6)cc5F)CC3)CC2)CO4)C(=O)N1,1,0.5756080879072156
1,CSNK1A1,O=C1CC[C@H](N2Cc3c4c(cc(Cl)c3C2=O)C2(CCN(CC3(F)CCN(c5ccc(C(=O)N[C@H]6CC[C@H](OC(F)F)CC6)cc5F)CC3)CC2)CO4)C(=O)N1,1,0.5742994914799294
1,CSNK1A1,O=C1CC[C@H](N2Cc3c4c(cc(Cl)c3C2=O)C2(CCN(CC3(F)CCN(c5ccc(C(=O)N[C@H]6CC[C@H](OC7CC(F)(F)C7)CC6)c(F)c5)CC3)CC2)CO4)C(=O)N1,1,0.5548309170088244
1,CSNK1A1,O=C1CC[C@H](N2Cc3c4c(cc(Cl)c3C2=O)C2(CCN(CC3(F)CCN(c5ccc(C(=O)N[C@H]6CC[C@H](OC7CC7)CC6)c(F)c5)CC3)CC2)CO4)C(=O)N1,1,0.5756080879072156
1,CSNK1A1,O=C1CC[C@H](N2Cc3c4c(cc(Cl)c3C2=O)C2(CCN(CC3(F)CCN(c5ccc(C(=O)N[C@H]6CC[C@H](OC7CC7)CC6)cc5F)CC3)CC2)CO4)C(=O)N1,1,0.5756080879072156
1,CSNK1A1,O=C1CC[C@H](N2Cc3c4c(cc(Cl)c3C2=O)C2(CCN(CC3(F)CCN(c5ccc(C(=O)N[C@H]6CC[C@H](OC7CCCC7)CC6)cc5F)CC3)CC2)CO4)C(=O)N1,1,0.5620538462435538
1,CSNK1A1,O=C1CC[C@H](N2Cc3c4c(cc(Cl)c3C2=O)C2(CCN(CC3(F)CCN(c5ccc(C(=O)N[C@H]6CC[C@H](OC7CCCCC7)CC6)c(F)c5)CC3)CC2)CO4)C(=O)N1,1,0.5620538462435538
1,CSNK1A1,O=C1CC[C@H](N2Cc3c4c(cc(Cl)c3C2=O)C2(CCN(CC3(F)CCN(c5ccc(C(=O)N[C@H]6CC[C@H](Oc7ccccc7Cl)CC6)cc5F)CC3)CC2)CO4)C(=O)N1,1,0.5620538462435538
1,CSNK1A1,O=C1CC[C@H](N2Cc3c4c(cc(Cl)c3C2=O)C2(CCN(CC3CCN(c5ccc(C(=O)NC6CCC(Oc7ccccc7)CC6)nn5)CC3)CC2)CO4)C(=O)N1,1,0.6156730723277322
1,CSNK1A1,O=C1CC[C@H](N2Cc3c4c(cc(Cl)c3C2=O)C2(CCN(CC3CCN(c5ccc(C(=O)NC6CCC(Oc7ccccc7Cl)CC6)c(F)c5)CC3)CC2)CO4)C(=O)N1,1,0.5620538462435538
1,CSNK1A1,O=C1CC[C@H](N2Cc3c4c(cc(Cl)c3C2=O)C2(CCN(CC3CCN(c5ccc(C(=O)N[C@H]6CC[C@H](Oc7ccc(Br)cc7)CC6)cc5F)CC3)CC2)CO4)C(=O)N1,1,0.5637879010776087
1,CSNK1A1,O=C1CC[C@H](N2Cc3c4c(cc(Cl)c3C2=O)C2(CCN(CC3CCN(c5ccc(C(=O)N[C@H]6CC[C@H](Oc7ccc(Cl)cc7)CC6)cc5F)CC3)CC2)CO4)C(=O)N1,1,0.5620538462435538
1,CSNK1A1,O=C1CC[C@H](N2Cc3c4c(cc(Cl)c3C2=O)C2(CCN(CC3CCN(c5ccc(C(=O)N[C@H]6CC[C@H](Oc7ccccc7)CC6)c(F)c5)CC3)CC2)CO4)C(=O)N1,1,0.5620538462435538
1,CSNK1A1,O=C1CC[C@H](N2Cc3c4c(cc(Cl)c3C2=O)C2(CCN(CC3CCN(c5ccc(C(=O)N[C@H]6CC[C@H](Oc7ccccc7)CC6)cc5)CC3)CC2)CO4)C(=O)N1,1,0.5588046965104196
1,CSNK1A1,O=C1CC[C@H](N2Cc3c4c(cc(Cl)c3C2=O)C2(CCN(CC3CCN(c5ccc(C(=O)N[C@H]6CC[C@H](Oc7ccccc7)CC6)cc5F)CC3)CC2)CO4)C(=O)N1,1,0.5620538462435538
1,CSNK1A1,O=C1CC[C@H](N2Cc3c4c(cc(Cl)c3C2=O)C2(CCN(CC3CCN(c5ccc(C(=O)N[C@H]6CC[C@H](Oc7ccccc7Br)CC6)cc5F)CC3)CC2)CO4)C(=O)N1,1,0.5637879010776087
1,CSNK1A1,O=C1CC[C@H](N2Cc3c4c(cc(Cl)c3C2=O)C2(CCN(CC3CCN(c5ccc(C(=O)N[C@H]6CC[C@H](Oc7ccccc7Cl)CC6)cc5Cl)CC3)CC2)CO4)C(=O)N1,1,0.5588046965104196
1,CSNK1A1,O=C1CC[C@H](N2Cc3c4c(cc(Cl)c3C2=O)C2(CCN(CC3CCN(c5ccc(C(=O)N[C@H]6CC[C@H](Oc7ccccc7Cl)CC6)nn5)CC3)CC2)CO4)C(=O)N1,1,0.6156730723277322
1,CSNK1A1,O=C1CC[C@H](N2Cc3c4c(cc(Cl)c3C2=O)C2(CCN(CC3CCN(c5ccc(C(=O)N[C@H]6CC[C@H](Oc7ccncc7)CC6)nn5)CC3)CC2)CO4)C(=O)N1,1,0.6156730723277322
1,CSNK1A1,O=C1CC[C@H](N2Cc3c4c(cc(Cl)c3C2=O)C2(CCN(CC3CCN(c5ccc(C(=O)N[C@H]6CC[C@H](Oc7ncccc7Cl)CC6)cc5F)CC3)CC2)CO4)C(=O)N1,1,0.5627600130594461
1,CSNK1A1,O=C1CC[C@H](N2Cc3c4c(cc(Cl)c3C2=O)C2(CCN(CC3CCN(c5ccc(C(=O)N[C@H]6CC[C@H](Oc7ncccc7Cl)CC6)nn5)CC3)CC2)CO4)C(=O)N1,1,0.6156730723277322
1,CSNK1A1,O=C1CC[C@H](N2Cc3c4c(cc(Cl)c3C2=O)C2(CCN(CC3CCN(c5ccc(NC(=O)C6CCCCC6)nn5)CC3)CC2)CO4)C(=O)N1,1,0.6132335322937829
1,CSNK1A1,O=C1CC[C@H](N2Cc3c4c(cc(Cl)c3C2=O)C2(CCN(CC3CCN(c5ccc6c(c5)CN([C@H]5CC[C@H](Oc7ccccc7)CC5)C6=O)CC3)CC2)CO4)C(=O)N1,1,0.519823288320206
1,CSNK1A1,O=C1CC[C@H](N2Cc3c4c(cc(Cl)c3C2=O)C2(CCN(CC3CCN(c5cnc(C(=O)NC6CCC(Oc7ccccc7)CC6)nc5)CC3)CC2)CO4)C(=O)N1,1,0.6101135399120621
1,CSNK1A1,O=C1CC[C@H](N2Cc3cc(C(=O)N[C@H](c4ccc(Cl)cc4F)C4CCC4)ccc3C2=O)C(=O)N1,0,0.5787474372201866
1,CSNK1A1,O=C1CC[C@H](N2Cc3cc(C(=O)N[C@H](c4ccc(Cl)cn4)C4CCC4)ccc3C2=O)C(=O)N1,0,0.6301600843936189
1,CSNK1A1,O=C1CC[C@H](N2Cc3cc(C(=O)N[C@H](c4ccc(F)c(F)c4)C4CCC4)ccc3C2=O)C(=O)N1,0,0.5752074600732434
1,CSNK1A1,O=C1CC[C@H](N2Cc3cc(C(=O)N[C@H](c4ccc(F)cc4)C4CCC4)ccc3C2=O)C(=O)N1,0,0.5752074600732434
1,CSNK1A1,O=C1CC[C@H](N2Cc3cc(C(=O)N[C@H](c4ccc(F)cc4)C4CCCC4)ccc3C2=O)C(=O)N1,1,0.5855796130886682
1,CSNK1A1,O=C1CC[C@H](N2Cc3cc(C(=O)N[C@H](c4ccc(F)cc4Cl)C4CCC4)ccc3C2=O)C(=O)N1,0,0.5787474372201866
1,CSNK1A1,[2H]C([2H])([2H])n1cc(-c2ccc3c(c2)CN(C2CCC(=O)NC2=O)C3=O)nc1-c1ccccc1,1,0.7264016421602415
1,CSNK1A1,[2H]C([2H])([2H])n1ncc(-c2ccc3c(c2)CN(C2CCC(=O)NC2=O)C3=O)c1-c1ccc(OC(F)(F)F)cc1,1,0.6399740310850577
1,CSNK1A1,[2H]C([2H])([2H])n1ncc(-c2ccc3c(c2)CN(C2CCC(=O)NC2=O)C3=O)c1-c1ccc(OC(F)F)cc1,1,0.6399740310850577
1,CSNK1A1,[2H]C([2H])([2H])n1ncc(-c2ccc3c(c2)CN(C2CCC(=O)NC2=O)C3=O)c1-c1ccc(OC)c(F)c1,1,0.669503632753942
1,CSNK1A1,[2H]C([2H])([2H])n1ncc(-c2ccc3c(c2)CN(C2CCC(=O)NC2=O)C3=O)c1-c1ccc(OC)cc1,1,0.6592058681439454
1,CSNK1A1,[2H]C([2H])([2H])n1ncc(-c2ccc3c(c2)CN(C2CCC(=O)NC2=O)C3=O)c1-c1ccc(OC)cc1Cl,1,0.6548504482205143
1,CSNK1A1,[2H]C([2H])([2H])n1ncc(-c2ccc3c(c2)CN(C2CCC(=O)NC2=O)C3=O)c1-c1ccc2c(c1)CCO2,1,0.6700869046032549
1,CSNK1A1,[2H]C([2H])([2H])n1ncc(-c2ccc3c(c2)CN(C2CCC(=O)NC2=O)C3=O)c1-c1ccccc1,1,0.71260476421408
2,SMARCA4,C#Cc1c([C@@H]2C[C@H]3COC[C@@H](C2)N3C(=O)C=C)[nH]c2nnc(-c3ccccc3O)cc12,0,0.162283487914587
2,SMARCA4,C=C(F)C(=O)N1CC(c2cc3cc(-c4ccccc4O)nnc3[nH]2)C1,0,0.1542170135001761
2,SMARCA4,C=C(F)C(=O)N1CCN(Cc2cc3cc(-c4ccccc4O)nnc3[nH]2)C[C@@H]1CC#N,0,0.16187370900657552
2,SMARCA4,C=CC(=O)N(C)C1CCN(C(=O)c2cc3cc(-c4ccccc4O)nnc3[nH]2)C1,0,0.18370793148869757
2,SMARCA4,C=CC(=O)N1C2CCC(c3cc4cc(-c5ccccc5O)nnc4[nH]3)C1CC2,0,0.17020329614219404
2,SMARCA4,C=CC(=O)N1C2CCC1CN(Cc1[nH]c3nnc(-c4ccccc4O)cc3c1C)C2,0,0.1605754589530833
2,SMARCA4,C=CC(=O)N1C2CCC1CN(Cc1[nH]c3nnc(-c4ccccc4O)cc3c1C1CC1)C2,0,0.1559764510858874
2,SMARCA4,C=CC(=O)N1C2CCC1CN(Cc1cc3cc(-c4ccccc4O)nnc3[nH]1)C2,0,0.15696972839681175
2,SMARCA4,C=CC(=O)N1C2COCC1C(c1cc3cc(-c4ccccc4O)nnc3[nH]1)C2,0,0.17076953251863775
2,SMARCA4,C=CC(=O)N1C2COCC1CN(C(C)c1[nH]c3nnc(-c4ccccc4O)cc3c1C)C2,0,0.16212514259729593
2,SMARCA4,C=CC(=O)N1C2COCC1CN(Cc1[nH]c3nnc(-c4cc(F)cc(F)c4O)cc3c1C1CC1)C2,0,0.16878966394423303
2,SMARCA4,C=CC(=O)N1C2COCC1CN(Cc1[nH]c3nnc(-c4cccc(F)c4O)cc3c1C1CC1)C2,0,0.16878966394423303
2,SMARCA4,C=CC(=O)N1C2COCC1CN(Cc1cc3cc(-c4cc(F)cc(F)c4O)nnc3[nH]1)C2,0,0.17117761163446155
2,SMARCA4,C=CC(=O)N1C2COCC1CN(Cc1cc3cc(-c4cccc(F)c4O)nnc3[nH]1)C2,0,0.17117761163446155
2,SMARCA4,C=CC(=O)N1C2COCC1[C@@H](F)[C@H](c1[nH]c3nnc(-c4ccccc4O)cc3c1-c1ccccc1)C2,0,0.1605793842359694
2,SMARCA4,C=CC(=O)N1C2COC[C@H]1[C@@H](F)[C@H](c1[nH]c3nnc(-c4ccccc4O)cc3c1-c1ccccc1)C2,0,0.1605793842359694
2,SMARCA4,C=CC(=O)N1CC(C)(C)C1Cc1cc2cc(-c3ccccc3O)nnc2[nH]1,0,0.16945695170138828
2,SMARCA4,C=CC(=O)N1CC(C)(C)OCC1c1cc2cc(-c3ccccc3O)nnc2[nH]1,0,0.19081831135999536
2,SMARCA4,C=CC(=O)N1CC(C)(c2[nH]c3nnc(-c4ccccc4O)cc3c2Br)C1,0,0.14966836551976384
2,SMARCA4,C=CC(=O)N1CC(C)(c2cc3cc(-c4ccccc4O)nnc3[nH]2)C1,0,0.14132970973110803
2,SMARCA4,C=CC(=O)N1CC(C)C(c2cc3cc(-c4ccccc4O)nnc3[nH]2)C1,0,0.1538140479656866
2,SMARCA4,C=CC(=O)N1CC(Cc2[nH]c3nnc(-c4ccccc4O)cc3c2Br)C1,0,0.1577233332194018
2,SMARCA4,C=CC(=O)N1CC(Cc2cc3cc(-c4ccccc4O)nnc3[nH]2)C1,0,0.15243243289165934
2,SMARCA4,C=CC(=O)N1CC(F)(F)C1Cc1cc2cc(-c3ccccc3O)nnc2[nH]1,0,0.16020071449850684
2,SMARCA4,C=CC(=O)N1CC(OC)C(c2[nH]c3nnc(-c4ccccc4O)cc3c2Br)C1,0,0.18701152030412005
2,SMARCA4,C=CC(=O)N1CC(OC)C(c2[nH]c3nnc(-c4ccccc4O)cc3c2Cl)C1,0,0.1888671369097366
2,SMARCA4,C=CC(=O)N1CC(c2[nH]c3nnc(-c4cccc(F)c4O)cc3c2-c2ccccc2)C1,0,0.1557680957512584
2,SMARCA4,C=CC(=O)N1CC(c2[nH]c3nnc(-c4ccccc4O)cc3c2-c2ccc(C(C)(C)C)cc2)C1,0,0.16590728967609325
2,SMARCA4,C=CC(=O)N1CC(c2[nH]c3nnc(-c4ccccc4O)cc3c2-c2ccc(Cl)cc2)C1,0,0.1491360181819715
2,SMARCA4,C=CC(=O)N1CC(c2[nH]c3nnc(-c4ccccc4O)cc3c2-c2ccc(OC)cc2)C1,0,0.14981816404797305
2,SMARCA4,C=CC(=O)N1CC(c2[nH]c3nnc(-c4ccccc4O)cc3c2-c2cccc(OC)c2)C1,0,0.14981816404797305
2,SMARCA4,C=CC(=O)N1CC(c2[nH]c3nnc(-c4ccccc4O)cc3c2-c2ccccc2)C1,0,0.15023469211785473
2,SMARCA4,C=CC(=O)N1CC(c2[nH]c3nnc(-c4ccccc4O)cc3c2-c2ccccc2)[C@H](F)C1,0,0.15851075864392125
2,SMARCA4,C=CC(=O)N1CC(c2[nH]c3nnc(-c4ccccc4O)cc3c2-c2ccncc2)C1,0,0.15023469211785473
2,SMARCA4,C=CC(=O)N1CC(c2[nH]c3nnc(-c4ccccc4O)cc3c2Br)C1,0,0.15053681183276515
2,SMARCA4,C=CC(=O)N1CC(c2[nH]c3nnc(-c4ccccc4O)cc3c2Br)C1OC,0,0.2034679579890788
2,SMARCA4,C=CC(=O)N1CC(c2[nH]c3nnc(-c4ccccc4O)cc3c2Br)C[C@@H]1C(=O)N(C)C,0,0.19092527255249536
2,SMARCA4,C=CC(=O)N1CC(c2[nH]c3nnc(-c4ccccc4O)cc3c2Br)[C@H](F)C1,0,0.15942742531058793
2,SMARCA4,C=CC(=O)N1CC(c2[nH]c3nnc(-c4ccccc4O)cc3c2C#CC(C)(C)O)C1,0,0.1621443127912164
2,SMARCA4,C=CC(=O)N1CC(c2[nH]c3nnc(-c4ccccc4O)cc3c2C#CC)C1,0,0.14740581609191988
2,SMARCA4,C=CC(=O)N1CC(c2[nH]c3nnc(-c4ccccc4O)cc3c2C#CCO)C1,0,0.1587036633854934
2,SMARCA4,C=CC(=O)N1CC(c2[nH]c3nnc(-c4ccccc4O)cc3c2C(C)=O)C1,0,0.1513172600293957
2,SMARCA4,C=CC(=O)N1CC(c2[nH]c3nnc(-c4ccccc4O)cc3c2C(N)=O)C1,0,0.19363903382576117
2,SMARCA4,C=CC(=O)N1CC(c2[nH]c3nnc(-c4ccccc4O)cc3c2C)C[C@@H]1C(=O)N(C)C,0,0.19555206607589326
2,SMARCA4,C=CC(=O)N1CC(c2[nH]c3nnc(-c4ccccc4O)cc3c2C2CC2)[C@H](F)C1,0,0.1566471222802849
2,SMARCA4,C=CC(=O)N1CC(c2[nH]c3nnc(-c4ccccc4O)cc3c2C2CCOC2)[C@H](OC)C1,0,0.1862360271223519
2,SMARCA4,C=CC(=O)N1CC(c2[nH]c3nnc(-c4ccccc4O)cc3c2C2CCOCC2)C1,0,0.1787858978927147
2,SMARCA4,C=CC(=O)N1CC(c2[nH]c3nnc(-c4ccccc4O)cc3c2CC#N)C1,0,0.15189039012355277
2,SMARCA4,C=CC(=O)N1CC(c2[nH]c3nnc(-c4ccccc4O)cc3c2CCCOC)[C@H](F)C1,0,0.19901222683402106
2,SMARCA4,C=CC(=O)N1CC(c2[nH]c3nnc(-c4ccccc4O)cc3c2CN(C)C)C1,0,0.18248996695255337
2,SMARCA4,C=CC(=O)N1CC(c2[nH]c3nnc(-c4ccccc4O)cc3c2Cc2ccccc2)C1,0,0.15065321063637327
2,SMARCA4,C=CC(=O)N1CC(c2[nH]c3nnc(-c4ccccc4O)cc3c2Cl)C1,0,0.1491360181819715
2,SMARCA4,C=CC(=O)N1CC(c2[nH]c3nnc(-c4ccccc4O)cc3c2Cl)[C@@H](F)C1,0,0.15752663165979428
2,SMARCA4,C=CC(=O)N1CC(c2[nH]c3nnc(-c4ccccc4O)cc3c2Cl)[C@H](F)C1,0,0.15752663165979428
2,SMARCA4,C=CC(=O)N1CC(c2[nH]c3nnc(-c4ccccc4O)cc3c2Cl)[C@H](OC)C1,0,0.1888671369097366
2,SMARCA4,C=CC(=O)N1CC(c2[nH]c3nnc(-c4ccccc4O)cc3c2N2CCCCC2)C1,0,0.2124424876592335
2,SMARCA4,C=CC(=O)N1CC(c2[nH]c3nnc(-c4ccccc4O)cc3c2N2CCC[C@H](C)C2)C1,0,0.22558922627830796
2,SMARCA4,C=CC(=O)N1CC(c2cc3cc(-c4ccccc4O)nnc3[nH]2)C(N2CCC2)C1,0,0.16651757900064063
2,SMARCA4,C=CC(=O)N1CC(c2cc3cc(-c4ccccc4O)nnc3[nH]2)C(N2CCOCC2)C1,0,0.19957683288344777
2,SMARCA4,C=CC(=O)N1CC(c2cc3cc(-c4ccccc4O)nnc3[nH]2)C(n2ccnn2)C1,0,0.17115841768719944
2,SMARCA4,C=CC(=O)N1CC(c2cc3cc(-c4ccccc4O)nnc3[nH]2)C1(C)C,0,0.15948600753487302
2,SMARCA4,C=CC(=O)N1CC(c2cc3cc(-c4ccccc4O)nnc3[nH]2)CC1COC,0,0.15938543949892728
2,SMARCA4,C=CC(=O)N1CC(c2cc3cc(-c4ccccc4O)nnc3[nH]2)CC[C@@H]1C,0,0.16156312791851263
2,SMARCA4,C=CC(=O)N1CC(c2cc3cc(-c4ccccc4O)nnc3[nH]2)CC[C@H]1C,0,0.16156312791851263
2,SMARCA4,C=CC(=O)N1CC(c2cc3cc(-c4ccccc4O)nnc3[nH]2)C[C@@H]1C,0,0.15521806070502436
2,SMARCA4,C=CC(=O)N1CC(c2cc3cc(-c4ccccc4O)nnc3[nH]2)C[C@@H]1C(=O)N(C)C,0,0.18557357818951062
2,SMARCA4,C=CC(=O)N1CC(c2cc3cc(-c4ccccc4O)nnc3[nH]2)C[C@H]1C,0,0.15521806070502436
2,SMARCA4,C=CC(=O)N1CC(c2cc3cc(-c4ccccc4O)nnc3[nH]2)C[C@H]1C#N,0,0.15725934598077482
2,SMARCA4,C=CC(=O)N1CC(c2cc3cc(-c4ccccc4O)nnc3[nH]2)C[C@H]1C(=O)N(C)C,0,0.18557357818951062
2,SMARCA4,C=CC(=O)N1CC(c2cc3cc(-c4ccccc4O)nnc3[nH]2)[C@@H](C)C1,0,0.1538140479656866
2,SMARCA4,C=CC(=O)N1CC(c2cc3cc(-c4ccccc4O)nnc3[nH]2)[C@@H](F)C1,0,0.15851075864392125
2,SMARCA4,C=CC(=O)N1CC(c2cc3cc(-c4ccccc4O)nnc3[nH]2)[C@@H](OC)C1,0,0.18763968317212376
2,SMARCA4,C=CC(=O)N1CC(c2cc3cc(-c4ccccc4O)nnc3[nH]2)[C@H](C)C1,0,0.1538140479656866
2,SMARCA4,C=CC(=O)N1CC(c2cc3cc(-c4ccccc4O)nnc3[nH]2)[C@H](F)C1,0,0.15851075864392125
2,SMARCA4,C=CC(=O)N1CC(c2cc3cc(-c4ccccc4O)nnc3[nH]2)[C@H](OC)C1,0,0.18763968317212376
2,SMARCA4,C=CC(=O)N1CC(c2cc3cc(-c4ccccc4O)nnc3[nH]2)[C@H]2OCCC[C@H]21,0,0.17385129384786505
2,SMARCA4,C=CC(=O)N1CC2(C1)OCC2c1[nH]c2nnc(-c3ccccc3O)cc2c1C,0,0.17140321068540726
2,SMARCA4,C=CC(=O)N1CC2(C1)OCC2c1cc2cc(-c3ccccc3O)nnc2[nH]1,0,0.1761445671067637
2,SMARCA4,C=CC(=O)N1CC2(CC(Cc3cc4cc(-c5ccccc5O)nnc4[nH]3)CO2)C1,0,0.17914626196910224
2,SMARCA4,C=CC(=O)N1CC2(CC(c3[nH]c4nnc(-c5ccccc5O)cc4c3C)CO2)C1,0,0.1601523386741555
2,SMARCA4,C=CC(=O)N1CC2(CC(c3cc4cc(-c5ccccc5O)nnc4[nH]3)CN2C)C1,0,0.1494590567042522
2,SMARCA4,C=CC(=O)N1CC2(CC(c3cc4cc(-c5ccccc5O)nnc4[nH]3)CO2)C1,0,0.16556036176217861
2,SMARCA4,C=CC(=O)N1CC2(CC2)C[C@H]1Cc1cc2cc(-c3ccccc3O)nnc2[nH]1,0,0.15925366767288832
2,SMARCA4,C=CC(=O)N1CC2(CCC(c3cc4cc(-c5ccccc5O)nnc4[nH]3)C2)C1,0,0.15010534242127607
2,SMARCA4,C=CC(=O)N1CC2(CCC2)C1Cc1cc2cc(-c3ccccc3O)nnc2[nH]1,0,0.15087847074628338
2,SMARCA4,C=CC(=O)N1CC2(CCC2c2[nH]c3nnc(-c4cccc(F)c4O)cc3c2C)C1,0,0.1515956564645313
2,SMARCA4,C=CC(=O)N1CC2(CCC2c2[nH]c3nnc(-c4ccccc4O)cc3c2Br)C1,0,0.15157304163027963
2,SMARCA4,C=CC(=O)N1CC2(CCC2c2[nH]c3nnc(-c4ccccc4O)cc3c2C(C)C)C1,0,0.1627129287738376
2,SMARCA4,C=CC(=O)N1CC2(CCC2c2[nH]c3nnc(-c4ccccc4O)cc3c2C)C1,0,0.14387278674166157
2,SMARCA4,C=CC(=O)N1CC2(CCC2c2[nH]c3nnc(-c4ccccc4O)cc3c2C2CCOC2)C1,0,0.17412312410532071
2,SMARCA4,C=CC(=O)N1CC2(CCC2c2[nH]c3nnc(-c4ccccc4O)cc3c2Cl)C1,0,0.1531537355375937
2,SMARCA4,C=CC(=O)N1CC2(CCC2c2cc3cc(-c4ccccc4O)nnc3[nH]2)C1,0,0.15010534242127607
2,SMARCA4,C=CC(=O)N1CC2(CCCC2c2[nH]c3nnc(-c4cc(F)cc(F)c4O)cc3c2C)C1,0,0.1515956564645313
2,SMARCA4,C=CC(=O)N1CC2(CCCC2c2[nH]c3nnc(-c4cccc(F)c4O)cc3c2C)C1,0,0.1515956564645313
2,SMARCA4,C=CC(=O)N1CC2(CCCC2c2[nH]c3nnc(-c4ccccc4O)cc3c2C)C1,0,0.14387278674166157
2,SMARCA4,C=CC(=O)N1CC2(CCCC2c2cc3cc(-c4ccccc4O)nnc3[nH]2)C1,0,0.15010534242127607
2,SMARCA4,C=CC(=O)N1CC2(c3[nH]c4nnc(-c5ccccc5O)cc4c3Br)CC1C2,0,0.15796750307055854
2,SMARCA4,C=CC(=O)N1CC2(c3cc4cc(-c5ccccc5O)nnc4[nH]3)CC1C2,0,0.15421362643744654
2,SMARCA4,C=CC(=O)N1CC2CC(c3cc4cc(-c5ccccc5O)nnc4[nH]3)C1C2,0,0.16567601264744147
2,SMARCA4,C=CC(=O)N1CC2CC(c3cc4cc(-c5ccccc5O)nnc4[nH]3)CC2C1,0,0.14880490948913594
2,SMARCA4,C=CC(=O)N1CC2CC1(c1cc3cc(-c4ccccc4O)nnc3[nH]1)CO2,0,0.1708051916637216
2,SMARCA4,C=CC(=O)N1CC2CCC(C1)N2Cc1cc2cc(-c3ccccc3O)nnc2[nH]1,0,0.1535530617301451
2,SMARCA4,C=CC(=O)N1CC2CCC(c3cc4cc(-c5ccccc5O)nnc4[nH]3)C21,0,0.1703497658464616
2,SMARCA4,C=CC(=O)N1CC2CN(Cc3cc4cc(-c5ccccc5O)nnc4[nH]3)CC2C1,0,0.1505955488537115
2,SMARCA4,C=CC(=O)N1CCC(C)(c2[nH]c3nnc(-c4ccccc4O)cc3c2-c2ccccc2)C1,0,0.1503947992792089
2,SMARCA4,C=CC(=O)N1CCC(C)(c2[nH]c3nnc(-c4ccccc4O)cc3c2C2CCOC2)C1,0,0.17506687723499897
2,SMARCA4,C=CC(=O)N1CCC(C)(c2[nH]c3nnc(-c4ccccc4O)cc3c2Cl)C1,0,0.15820505393683199
2,SMARCA4,C=CC(=O)N1CCC(C)(c2cc3cc(-c4ccccc4O)nnc3[nH]2)C1,0,0.1503947992792089
2,SMARCA4,C=CC(=O)N1CCC(C)(c2cc3cc(-c4ccccc4O)nnc3[nH]2)CC1,0,0.14896969105410068
2,SMARCA4,C=CC(=O)N1CCC(F)(F)CC1c1cc2cc(-c3ccccc3O)nnc2[nH]1,0,0.1599425399118425
2,SMARCA4,C=CC(=O)N1CCC(F)(c2[nH]c3nnc(-c4ccccc4O)cc3c2Br)C1,0,0.160277563034801
2,SMARCA4,C=CC(=O)N1CCC(F)(c2cc3cc(-c4ccccc4O)nnc3[nH]2)C1,0,0.15936089636813436
2,SMARCA4,C=CC(=O)N1CCC(O)(c2cc3cc(-c4ccccc4O)nnc3[nH]2)C1,0,0.19506785130541499
2,SMARCA4,C=CC(=O)N1CCC(c2[nH]c3nnc(-c4ccccc4O)cc3c2C2COC3(CCC3)C2)C1,0,0.17553478418437207
2,SMARCA4,C=CC(=O)N1CCC(c2[nH]c3nnc(-c4ccccc4O)cc3c2C2COCC2C)C1,0,0.1600075336299815
2,SMARCA4,C=CC(=O)N1CCC(c2[nH]c3nnc(-c4ccccc4O)cc3c2[C@H]2CCOC2)C1,0,0.1809658840900922
2,SMARCA4,C=CC(=O)N1CCC(c2cc3cc(-c4ccccc4O)nnc3[nH]2)C1,0,0.15544594752911015
2,SMARCA4,C=CC(=O)N1CCC(c2cc3cc(-c4ccccc4O)nnc3[nH]2)[C@@H]1C,0,0.16083088847336993
2,SMARCA4,C=CC(=O)N1CCC(c2cc3cc(-c4ccccc4O)nnc3[nH]2)[C@H]1C,0,0.16083088847336993
2,SMARCA4,C=CC(=O)N1CCC1Cc1[nH]c2nnc(-c3ccccc3O)cc2c1C,0,0.1586013677067802
2,SMARCA4,C=CC(=O)N1CCC1Cc1[nH]c2nnc(-c3ccccc3O)cc2c1C(C)C,0,0.18439923956983337
2,SMARCA4,C=CC(=O)N1CCC1Cc1cc2cc(-c3ccccc3O)nnc2[nH]1,0,0.16204119828161967
2,SMARCA4,C=CC(=O)N1CCC2(CC1)CC(c1[nH]c3nnc(-c4ccccc4O)cc3c1C)CO2,0,0.163784070903279
2,SMARCA4,C=CC(=O)N1CCC2(CC1)CC(c1cc3cc(-c4ccccc4O)nnc3[nH]1)CO2,0,0.16640557162477976
2,SMARCA4,C=CC(=O)N1CCC2(CC2)CC1c1cc2cc(-c3ccccc3O)nnc2[nH]1,0,0.1615566779616518
2,SMARCA4,C=CC(=O)N1CCCC(C)(c2cc3cc(-c4ccccc4O)nnc3[nH]2)C1,0,0.14836146594587554
2,SMARCA4,C=CC(=O)N1CCCC(c2cc3cc(-c4ccccc4O)nnc3[nH]2)C1,0,0.1515292808624435
2,SMARCA4,C=CC(=O)N1CCCCC(c2[nH]c3nnc(-c4ccccc4O)cc3c2C)C1,0,0.15828600200433088
2,SMARCA4,C=CC(=O)N1CCCCC1c1cc2cc(-c3cccc(F)c3O)nnc2[nH]1,0,0.16399812209446507
2,SMARCA4,C=CC(=O)N1CCCCC1c1cc2cc(-c3ccccc3O)nnc2[nH]1,0,0.16537030156121527
2,SMARCA4,C=CC(=O)N1CCN(C)C(c2cc3cc(-c4ccccc4O)nnc3[nH]2)C1,0,0.15541754681035103
2,SMARCA4,C=CC(=O)N1CCN(Cc2cc3cc(-c4ccccc4O)nnc3[nH]2)CC1,0,0.15083839305265126
2,SMARCA4,C=CC(=O)N1CCN(Cc2cc3cc(-c4ccccc4O)nnc3[nH]2)CC1CC#N,0,0.1515077361209305
2,SMARCA4,C=CC(=O)N1CCN(Cc2cc3cc(-c4ccccc4O)nnc3[nH]2)C[C@@H]1C,0,0.1592797180324205
2,SMARCA4,C=CC(=O)N1CCN(Cc2cc3cc(-c4ccccc4O)nnc3[nH]2)C[C@@H]1CC#N,0,0.1515077361209305
2,SMARCA4,C=CC(=O)N1CCN(Cc2cc3cc(-c4ccccc4O)nnc3[nH]2)C[C@H]1C,0,0.1592797180324205
2,SMARCA4,C=CC(=O)N1CCOCC1(C)c1cc2cc(-c3ccccc3O)nnc2[nH]1,0,0.16935402009214184
2,SMARCA4,C=CC(=O)N1CCOCC1c1[nH]c2nnc(-c3ccccc3O)cc2c1Cl,0,0.1784741945817495
2,SMARCA4,C=CC(=O)N1CCOC[C@@H]1Cc1cc2cc(-c3ccccc3O)nnc2[nH]1,0,0.18482141420680118
2,SMARCA4,C=CC(=O)N1CCOC[C@H]1Cc1cc2cc(-c3ccccc3O)nnc2[nH]1,0,0.18482141420680118
2,SMARCA4,C=CC(=O)N1CCO[C@H](C)C1c1cc2cc(-c3ccccc3O)nnc2[nH]1,0,0.175825872590389
2,SMARCA4,C=CC(=O)N1CC[C@@H](F)C(c2cc3cc(-c4ccccc4O)nnc3[nH]2)C1,0,0.1540533567561915
2,SMARCA4,C=CC(=O)N1CC[C@@H](c2[nH]c3nnc(-c4ccccc4O)cc3c2Br)C1,0,0.15422492927088258
2,SMARCA4,C=CC(=O)N1CC[C@@H](c2[nH]c3nnc(-c4ccccc4O)cc3c2C2CCCO2)C1,0,0.1809658840900922
2,SMARCA4,C=CC(=O)N1CC[C@@H](c2[nH]c3nnc(-c4ccccc4O)cc3c2CCOCC)C1,0,0.1840427735821599
2,SMARCA4,C=CC(=O)N1CC[C@@H](c2[nH]c3nnc(-c4ccccc4O)cc3c2I)C1,0,0.1533082626042159
2,SMARCA4,C=CC(=O)N1CC[C@@H](c2[nH]c3nnc(-c4ccccc4O)cc3c2[C@H]2COC[C@@H]2F)C1,0,0.16477059860751164
2,SMARCA4,C=CC(=O)N1CC[C@@H](c2[nH]c3nnc(-c4ccccc4OCOP(=O)(O)O)cc3c2C)C1,0,0.25291156968779344
2,SMARCA4,C=CC(=O)N1CC[C@@H](c2cc3cc(-c4ccccc4O)nnc3[nH]2)C1,0,0.15544594752911015
2,SMARCA4,C=CC(=O)N1CC[C@@H]1Cc1[nH]c2nnc(-c3ccccc3O)cc2c1Br,0,0.1651712349116563
2,SMARCA4,C=CC(=O)N1CC[C@@H]1Cc1cc2cc(-c3ccccc3O)nnc2[nH]1,0,0.16204119828161967
2,SMARCA4,C=CC(=O)N1CC[C@H](C)C(c2cc3cc(-c4ccccc4O)nnc3[nH]2)C1,0,0.15163893974057838
2,SMARCA4,C=CC(=O)N1CC[C@H](F)C(c2cc3cc(-c4ccccc4O)nnc3[nH]2)C1,0,0.1540533567561915
2,SMARCA4,C=CC(=O)N1CC[C@H](c2[nH]c3nnc(-c4ccccc4O)cc3c2-c2ccccc2)C1,0,0.15544594752911015
2,SMARCA4,C=CC(=O)N1CC[C@H](c2[nH]c3nnc(-c4ccccc4O)cc3c2C)C1,0,0.15225632114242496
2,SMARCA4,C=CC(=O)N1CC[C@H](c2[nH]c3nnc(-c4ccccc4O)cc3c2Cl)C[C@@H]1C,0,0.16371326557235102
2,SMARCA4,C=CC(=O)N1CC[C@H](c2cc3cc(-c4ccccc4O)nnc3[nH]2)C1,0,0.15544594752911015
2,SMARCA4,C=CC(=O)N1CC[C@H]1Cc1cc2cc(-c3ccccc3O)nnc2[nH]1,0,0.16204119828161967
2,SMARCA4,C=CC(=O)N1CCn2c(-c3cc4cc(-c5ccccc5O)nnc4[nH]3)cnc2C1,0,0.14586286388366695
2,SMARCA4,C=CC(=O)N1CCn2nc(C)c(-c3cc4cc(-c5ccccc5O)nnc4[nH]3)c2C1,0,0.1434261908662435
2,SMARCA4,C=CC(=O)N1CCn2nc(Cc3cc4cc(-c5ccccc5O)nnc4[nH]3)cc2C1,0,0.14621319254269532
2,SMARCA4,C=CC(=O)N1CCn2ncc(-c3cc4cc(-c5ccccc5O)nnc4[nH]3)c2C1,0,0.14636581725292874
2,SMARCA4,C=CC(=O)N1CCn2ncc(Cc3[nH]c4nnc(-c5ccccc5O)cc4c3-c3ccccc3)c2C1,0,0.14621319254269532
2,SMARCA4,C=CC(=O)N1CCn2ncc(Cc3[nH]c4nnc(-c5ccccc5O)cc4c3C3CC3)c2C1,0,0.15174213745399318
2,SMARCA4,C=CC(=O)N1CCn2ncc(Cc3cc4cc(-c5ccccc5O)nnc4[nH]3)c2C1,0,0.14621319254269532
2,SMARCA4,C=CC(=O)N1C[C@@H](N2CCOCC2)[C@H](c2[nH]c3nnc(-c4ccccc4O)cc3c2C)C1,0,0.1980105962675416
2,SMARCA4,C=CC(=O)N1C[C@@H](N2CCOCC2)[C@H](c2cc3cc(-c4ccccc4O)nnc3[nH]2)C1,0,0.19957683288344777
2,SMARCA4,C=CC(=O)N1C[C@@H]2CC(c3cc4cc(-c5ccccc5O)nnc4[nH]3)[C@H]1C2,0,0.16567601264744147
2,SMARCA4,C=CC(=O)N1C[C@@H]2C[C@@H]2C1c1cc2cc(-c3ccccc3O)nnc2[nH]1,0,0.16091148861633423
2,SMARCA4,C=CC(=O)N1C[C@@H]2C[C@]2(c2[nH]c3nnc(-c4ccccc4O)cc3c2-c2ccccc2)C1,0,0.14655946770775427
2,SMARCA4,C=CC(=O)N1C[C@@H]2C[C@]2(c2[nH]c3nnc(-c4ccccc4O)cc3c2Br)C1,0,0.1526141169800506
2,SMARCA4,C=CC(=O)N1C[C@@H]2C[C@]2(c2[nH]c3nnc(-c4ccccc4O)cc3c2Cl)C1,0,0.15504861744690399
2,SMARCA4,C=CC(=O)N1C[C@@H]2C[C@]2(c2cc3cc(-c4ccccc4O)nnc3[nH]2)C1,0,0.14655946770775427
2,SMARCA4,C=CC(=O)N1C[C@H](Cc2cc3cc(-c4ccccc4O)nnc3[nH]2)[C@@H](F)C1,0,0.15877276153850223
2,SMARCA4,C=CC(=O)N1C[C@H](c2cc3cc(-c4ccccc4O)nnc3[nH]2)[C@H]1C,0,0.14991222818628858
2,SMARCA4,C=CC(=O)N1C[C@H]2CC(c3cc4cc(-c5ccccc5O)nnc4[nH]3)[C@@H]1C2,0,0.16567601264744147
2,SMARCA4,C=CC(=O)N1C[C@H]2CC(c3cc4cc(-c5ccccc5O)nnc4[nH]3)[C@H](C2)C1,0,0.15741328076522265
2,SMARCA4,C=CC(=O)N1C[C@H]2C[C@@]2(c2[nH]c3nnc(-c4ccccc4O)cc3c2Cl)C1,0,0.15504861744690399
2,SMARCA4,C=CC(=O)N1C[C@H]2C[C@@]2(c2cc3cc(-c4ccccc4O)nnc3[nH]2)C1,0,0.14655946770775427
2,SMARCA4,C=CC(=O)N1C[C@H]2C[C@H]2C1c1cc2cc(-c3ccccc3O)nnc2[nH]1,0,0.16091148861633423
2,SMARCA4,C=CC(=O)N1Cc2c(F)ccc(-c3[nH]c4nnc(-c5ccccc5O)cc4c3Br)c2C1,0,0.156131647565874
2,SMARCA4,C=CC(=O)N1Cc2c(F)ccc(-c3cc4cc(-c5ccccc5O)nnc4[nH]3)c2C1,0,0.15521498089920738
2,SMARCA4,C=CC(=O)N1Cc2ccc(Cc3cc4cc(-c5ccccc5O)nnc4[nH]3)cc2C1,0,0.14699671860594507
2,SMARCA4,C=CC(=O)N1Cc2cccc(-c3[nH]c4nnc(-c5ccccc5O)cc4c3C)c2C1,0,0.1469702836574513
2,SMARCA4,C=CC(=O)N1Cc2cccc(-c3[nH]c4nnc(-c5ccccc5O)cc4c3C3CC3)c2C1,0,0.14973161774819715
2,SMARCA4,C=CC(=O)N1Cc2nccc(-c3cc4cc(-c5ccccc5O)nnc4[nH]3)c2C1,0,0.14981393509709773
2,SMARCA4,C=CC(=O)N1[C@@H]2CC[C@H]1C(c1cc3cc(-c4ccccc4O)nnc3[nH]1)C2,0,0.16658905875154553
2,SMARCA4,C=CC(=O)N1[C@@H]2COC[C@@H]1CC(c1[nH]c3nnc(-c4ccccc4O)cc3c1C(O)C(F)F)C2,0,0.16564512780612473
2,SMARCA4,C=CC(=O)N1[C@@H]2COC[C@@H]1CC(c1[nH]c3nnc(-c4ccccc4O)cc3c1CC(F)F)C2,0,0.16520531166771077
2,SMARCA4,C=CC(=O)N1[C@@H]2COC[C@@H]1CC(c1[nH]c3nnc(-c4ccccc4O)cc3c1COC(C)C)C2,0,0.1860242603963992
2,SMARCA4,C=CC(=O)N1[C@@H]2COC[C@H]1C(F)C(c1cc3cc(-c4ccccc4O)nnc3[nH]1)C2,0,0.1605793842359694
2,SMARCA4,C=CC(=O)N1[C@@H]2COC[C@H]1C[C@@](C)(c1cc3cc(-c4ccccc4O)nnc3[nH]1)C2,0,0.1514348915547078
2,SMARCA4,C=CC(=O)N1[C@@H]2COC[C@H]1C[C@H](c1[nH]c3nnc(-c4cccc(F)c4O)cc3c1C)C2,0,0.15887778250436768
2,SMARCA4,C=CC(=O)N1[C@@H]2COC[C@H]1C[C@H](c1[nH]c3nnc(-c4ccccc4O)cc3c1-c1cccc3c1OCC3)C2,0,0.16986850837212825
2,SMARCA4,C=CC(=O)N1[C@@H]2COC[C@H]1C[C@H](c1[nH]c3nnc(-c4ccccc4O)cc3c1-c1ccccc1)C2,0,0.15792317381008683
2,SMARCA4,C=CC(=O)N1[C@@H]2COC[C@H]1C[C@H](c1[nH]c3nnc(-c4ccccc4O)cc3c1-c1ccccc1OC)C2,0,0.1547759303672552
2,SMARCA4,C=CC(=O)N1[C@@H]2COC[C@H]1C[C@H](c1[nH]c3nnc(-c4ccccc4O)cc3c1C(=C)C)C2,0,0.16159741623432927
2,SMARCA4,C=CC(=O)N1[C@@H]2COC[C@H]1C[C@H](c1[nH]c3nnc(-c4ccccc4O)cc3c1C(C)(C)O)C2,0,0.16518229344861823
2,SMARCA4,C=CC(=O)N1[C@@H]2COC[C@H]1C[C@H](c1[nH]c3nnc(-c4ccccc4O)cc3c1C(C)CC)C2,0,0.16930906018969047
2,SMARCA4,C=CC(=O)N1[C@@H]2COC[C@H]1C[C@H](c1[nH]c3nnc(-c4ccccc4O)cc3c1C(C)CN1CCOCC1)C2,0,0.17500076423956565
2,SMARCA4,C=CC(=O)N1[C@@H]2COC[C@H]1C[C@H](c1[nH]c3nnc(-c4ccccc4O)cc3c1C(F)(F)F)C2,0,0.15915049046830376
2,SMARCA4,C=CC(=O)N1[C@@H]2COC[C@H]1C[C@H](c1[nH]c3nnc(-c4ccccc4O)cc3c1C1CCC(OC)CC1)C2,0,0.178986211197536
2,SMARCA4,C=CC(=O)N1[C@@H]2COC[C@H]1C[C@H](c1[nH]c3nnc(-c4ccccc4O)cc3c1C1CCCO1)C2,0,0.17436850837212825
2,SMARCA4,C=CC(=O)N1[C@@H]2COC[C@H]1C[C@H](c1[nH]c3nnc(-c4ccccc4O)cc3c1C1CCCOC1)C2,0,0.17436850837212825
2,SMARCA4,C=CC(=O)N1[C@@H]2COC[C@H]1C[C@H](c1[nH]c3nnc(-c4ccccc4O)cc3c1CCC1CCCO1)C2,0,0.1745960538666579
2,SMARCA4,C=CC(=O)N1[C@@H]2COC[C@H]1C[C@H](c1[nH]c3nnc(-c4ccccc4O)cc3c1CCC1CCOC1)C2,0,0.1745960538666579
2,SMARCA4,C=CC(=O)N1[C@@H]2COC[C@H]1C[C@H](c1[nH]c3nnc(-c4ccccc4O)cc3c1CCCC)C2,0,0.16411054656880839
2,SMARCA4,C=CC(=O)N1[C@@H]2COC[C@H]1C[C@H](c1[nH]c3nnc(-c4ccccc4O)cc3c1CCCOC)C2,0,0.18466083358733987
2,SMARCA4,C=CC(=O)N1[C@@H]2COC[C@H]1C[C@H](c1[nH]c3nnc(-c4ccccc4O)cc3c1CCCOC1CCOC1)C2,0,0.2157108885707159
2,SMARCA4,C=CC(=O)N1[C@@H]2COC[C@H]1C[C@H](c1[nH]c3nnc(-c4ccccc4O)cc3c1COC)C2,0,0.16124374315378517
2,SMARCA4,C=CC(=O)N1[C@@H]2COC[C@H]1C[C@H](c1[nH]c3nnc(-c4ccccc4O)cc3c1F)C2,0,0.1605793842359694
2,SMARCA4,C=CC(=O)N1[C@H]2CC[C@@H]1C(c1cc3cc(-c4ccccc4O)nnc3[nH]1)C2,0,0.16658905875154553
2,SMARCA4,C=CC(=O)N1[C@H]2COC[C@H]1CC(c1[nH]c3nnc(-c4ccccc4O)cc3c1C(C)CC)C2,0,0.16930906018969047
2,SMARCA4,C=CC(=O)N1[C@H]2COC[C@H]1CC(c1[nH]c3nnc(-c4ccccc4O)cc3c1C(C)CN1CCOCC1)C2,0,0.17500076423956565
2,SMARCA4,C=CC(=O)N1[C@H]2COC[C@H]1CC(c1[nH]c3nnc(-c4ccccc4O)cc3c1C1CCCO1)C2,0,0.17436850837212825
2,SMARCA4,C=CC(=O)N1[C@H]2COC[C@H]1CC(c1[nH]c3nnc(-c4ccccc4O)cc3c1CCOC)C2,0,0.18499750025400657
2,SMARCA4,C=CC(=O)NC(c1cc2cc(-c3ccccc3O)nnc2[nH]1)C(F)(F)F,0,0.1528094246741659
2,SMARCA4,C=CC(=O)NC1(c2[nH]c3nnc(-c4ccccc4O)cc3c2Br)CC1,0,0.17174464532268952
2,SMARCA4,C=CC(=O)NC1(c2[nH]c3nnc(-c4ccccc4O)cc3c2C)CC1,0,0.16493221331025748
2,SMARCA4,C=CC(=O)NC1(c2cc3cc(-c4ccccc4O)nnc3[nH]2)CC1,0,0.16243473856278273
2,SMARCA4,C=CC(=O)NC1(c2cc3cc(-c4ccccc4O)nnc3[nH]2)COC1,0,0.16638949739239386
2,SMARCA4,C=CC(=O)NCc1[nH]c2nnc(-c3ccccc3O)cc2c1Br,0,0.15980632426788016
2,SMARCA4,C=CC(=O)NCc1ocnc1Cc1cc2cc(-c3ccccc3O)nnc2[nH]1,0,0.1924014981388001
2,SMARCA4,C=CC(=O)N[C@@H]1CCC(c2cc3cc(-c4ccccc4O)nnc3[nH]2)C1,0,0.17010935835569535
2,SMARCA4,C=CC(=O)N[C@@H]1CCCC1c1cc2cc(-c3ccccc3O)nnc2[nH]1,0,0.1733442192394924
2,SMARCA4,C=CC(=O)N[C@H]1CCC(c2cc3cc(-c4ccccc4O)nnc3[nH]2)C1,0,0.17010935835569535
2,SMARCA4,C=CC(=O)N[C@H]1CCC[C@@H]1c1cc2cc(-c3ccccc3O)nnc2[nH]1,0,0.1733442192394924
2,SMARCA4,C=Cc1cc(N2CCN(c3cc(-c4ccccc4O)nnc3N)CC2C(C)C)ccn1,1,0.7020142283036077
2,SMARCA4,C=Cc1cc(N2CCN(c3cc(-c4ccccc4O)nnc3N)CC[C@@H]2C)ccn1,1,0.6811714281319398
2,SMARCA4,C=Cc1cc(N2CCN(c3cc(-c4ccccc4O)nnc3N)C[C@@H]2C)ccn1,1,0.6969787287535997
2,SMARCA4,C=Cc1cc(N2CCN3c4cc(-c5ccccc5O)nnc4NCC3C2)ccn1,1,0.5398523322256209
2,SMARCA4,C=Cc1cc(N2CCN3c4cc(-c5ccccc5O)nnc4NC[C@@H]3C2)ccn1,1,0.5398523322256209
2,SMARCA4,CC(=O)NCC#Cc1nccc(N2CCCN(c3cc(-c4ccccc4O)nnc3N)CC2)n1,0,0.23005975082448268
2,SMARCA4,CC(=O)NCC#Cc1nccc(N2CCN(c3cc(-c4ccccc4O)nnc3N)CC2)n1,0,0.25114796024880476
2,SMARCA4,CC(C#Cc1cc(N2CCN(c3cc(-c4ccccc4O)nnc3N)CC[C@H]2C)ccn1)N(C)C,1,0.5787175321719451
2,SMARCA4,CC(C#Cc1nccc(N2CCN(c3cc(-c4ccccc4O)nnc3N)CC2)n1)NC(=O)c1cc2ncccn2n1,1,0.24103933017515264
2,SMARCA4,CC(C#Cc1nccc(N2CCN(c3cc(-c4ccccc4O)nnc3N)CC[C@H]2C)n1)N(C)C,1,0.5787175321719451
2,CCNK,CC(C)(C)OC(=O)N1CC=C(c2cn3c(-c4cnn(C(F)F)c4)cnc3c(NCc3nc4cc(Cl)c(Cl)cc4[nH]3)n2)CC1,0,0.41624300903414185
2,SMARCA4,CC(C)(C)OC(=O)N1CCC(C#Cc2nccc(N3CCCN(c4cc(-c5ccccc5O)nnc4N)CC3)n2)CC1,0,0.23522890338309838
2,SMARCA4,CC(C)(C)OC(=O)N1Cc2cn(CC#Cc3nccc(N4CCCN(c5cc(-c6ccccc6O)nnc5N)CC4)n3)nc2C1,1,0.28737487416072244
2,SMARCA4,CC(C)(O)C#Cc1nccc(N2CCCN(c3cc(-c4ccccc4O)nnc3N)CC2)n1,0,0.3827095892479049
2,SMARCA4,CC(C)NC(=O)NCC#Cc1nccc(N2CCCN(c3cc(-c4ccccc4O)nnc3N)CC2)n1,0,0.2162959994310075
2,SMARCA4,CC(C)OCC#Cc1cc(N2CCN(c3cc(-c4ccccc4O)nnc3N)CC[C@H]2C)ccn1,1,0.47375257090403944
2,SMARCA4,CC(N[C@H]1CCCC[C@@H]1Cc1ccc2c(c1)CN(C1CCC(=O)NC1=O)C2=O)C1(C)CC1,0,0.2489084257200531
2,SMARCA4,CC1(C)CN(CC#Cc2nccc(N3CCCN(c4cc(-c5ccccc5O)nnc4N)CC3)n2)CCO1,0,0.4533959714293827
2,SMARCA4,CC1(C)COCCN1CC#Cc1nccc(N2CCCN(c3cc(-c4ccccc4O)nnc3N)CC2)n1,0,0.4533959714293827
2,SMARCA4,CC12CC(C1)N(C/C=C/C(=O)N1CC(c3cc4cc(-c5ccccc5O)nnc4[nH]3)C1)C2,0,0.16395541167922373
2,SMARCA4,CC1CC(C)N1CC#Cc1cc(N2CCN(c3cc(-c4ccccc4O)nnc3N)CC[C@H]2C)ccn1,1,0.5677543517869442
2,SMARCA4,CC1CC(C)N1CC#Cc1nccc(N2CCN(c3cc(-c4ccccc4O)nnc3N)CC[C@H]2C)n1,1,0.5677543517869442
2,SMARCA4,CC1CCN(c2cc(-c3ccccc3O)nnc2N)CCN1c1ccnc(C#CCN)n1,0,0.4577109892003914
2,SMARCA4,CC1CCN(c2ccnc(C#CCNC(=O)c3cc4ncccn4n3)n2)CCN1c1cc(-c2ccccc2O)nnc1N,0,0.2601858105781217
2,SMARCA4,CC1CN(c2ccnc(C#CCN)n2)CCCN1c1cc(-c2ccccc2O)nnc1N,0,0.4577109892003914
2,SMARCA4,CC1CN(c2ccnc(C#CCN)n2)CCN(c2cc(-c3ccccc3O)nnc2N)C1,0,0.4064060973141253
2,SMARCA4,CCC(N[C@H]1CCCC[C@@H]1Cc1ccc2c(c1)CN(C1CCC(=O)NC1=O)C2=O)C1CC1,0,0.23929777560788762
2,SMARCA4,CCN(CC)C/C=C/C(=O)N1CC(c2cc3cc(-c4ccccc4O)nnc3[nH]2)C1,0,0.16838345674460595
2,SMARCA4,CCN(CC)CC#Cc1nccc(N2CCN(c3cc(-c4ccccc4O)nnc3N)CC[C@H]2C)n1,1,0.5703501821380648
2,SMARCA4,CCNC(=O)NCC#Cc1nccc(N2CCCN(c3cc(-c4ccccc4O)nnc3N)CC2)n1,0,0.1930299466667863
2,AR,CCc1cn(C2=CCC3C4CC=C5C[C@@H](NC(=O)c6ccncc6)CC[C@]5(C)C4CC[C@]23C)cn1,0,0.39071359052939686
2,SMARCA4,CN(C)C/C=C/C(=O)N1CC(c2cc3cc(-c4ccccc4O)nnc3[nH]2)[C@H](F)C1,0,0.20917551232928872
2,SMARCA4,CN(C)C/C=C/C(=O)N1CC2(CCC2c2cc3cc(-c4ccccc4O)nnc3[nH]2)C1,0,0.20049848895312183
2,SMARCA4,CN(C)C/C=C/C(=O)N1CC[C@@H](c2[nH]c3nnc(-c4ccccc4O)cc3c2C2CCCO2)C1,0,0.23141736350675318
2,SMARCA4,CN(C)C/C=C/C(=O)N1Cc2cccc(-c3cc4cc(-c5ccccc5O)nnc4[nH]3)c2C1,0,0.2058026126809181
2,SMARCA4,CN(C)CC#Cc1ncc(F)c(N2C3CCC2CN(c2cc(-c4ccccc4O)nnc2N)C3)n1,1,0.6039294690196314
2,SMARCA4,CN(C)CC#Cc1nccc(N2C3CCC2CN(c2cc(-c4ccccc4O)nnc2N)C3)n1,1,0.6098266087120517
2,SMARCA4,CN(C)CC#Cc1nccc(N2C3CCC2CN(c2cnnc(-c4ccccc4O)c2)C3)n1,0,0.5528986055945361
2,SMARCA4,CN(C)CC#Cc1nccc(N2C[C@H]3C[C@@H](C2)[C@H]3Oc2cc(-c3ccccc3O)nnc2N)n1,0,0.4773326496895978
2,SMARCA4,CN(C)c1cc(N2CCCN(c3cc(-c4ccccc4O)nnc3N)CC2)nc(C#CCNC(=O)c2cc3ncccn3n2)n1,0,0.2109616321349518
2,SMARCA4,CN(C1CCC(F)(F)CC1)[C@H]1CCCC[C@@H]1Cc1ccc2c(c1F)CN(C1CCC(=O)NC1=O)C2=O,0,0.3035381888827143
2,SMARCA4,CN(CC#Cc1nccc(N2CCCN(c3cc(-c4ccccc4O)nnc3N)CC2)n1)C(=O)c1cc2ncccn2n1,1,0.2509347691825083
2,SMARCA4,CN1C(=O)NC2(CCN(CC#Cc3nccc(N4CCCN(c5cc(-c6ccccc6O)nnc5N)CC4)n3)CC2)C1=O,0,0.32204466344536964
2,CCNK,CN1CC=C(c2cn3c(-c4cnn(C(F)F)c4)cnc3c(NCc3nc4cc(Cl)c(Cl)cc4[nH]3)n2)CC1,0,0.48652730149201956
2,CCNK,CN1CC=C(c2cn3c(-c4cnn(C)c4)cnc3c(NCc3nc4c(F)c(F)ccc4[nH]3)n2)CC1,0,0.5276501042850608
2,CCNK,CN1CC=C(c2cn3c(-c4cnn(C)c4)cnc3c(NCc3nc4cc(Cl)c(Cl)cc4[nH]3)n2)CC1,0,0.5175043609002142
2,SMARCA4,CN1CCC(C#Cc2nccc(N3CCCN(c4cc(-c5ccccc5O)nnc4N)CC3)n2)CC1,0,0.49597467025027886
2,IKZF3,CNC(c1ccc(COc2cccc3c2CN([C@H]2CCC(=O)NC2=O)C3=O)cc1)C1CCN(c2ccc(C#N)cc2F)CC1,1,0.6742625618324312
2,SMARCA4,CNCC#Cc1nccc(N2CCN(c3cc(-c4ccccc4O)nnc3N)CC2)n1,1,0.4100483445197086
2,SMARCA4,CNCC#Cc1nccc(N2CCN(c3cc(-c4ccccc4O)nnc3N)CC[C@H]2C)n1,1,0.49337721203014373
2,SMARCA4,CNCC#Cc1nccc(N2CCN(c3cc(-c4ccccc4O)nnc3N)[C@@H](C)C2)n1,1,0.5110086325112446
2,IKZF3,CNCCOCCc1cc(N2CCN(Cc3ccc(COc4cccc5c4CN([C@H]4CCC(=O)NC4=O)C5=O)c(F)c3)CC2)ccc1C#N,1,0.6757720658767487
2,IKZF3,CNCCOc1cc(N2CCN(Cc3ccc(COc4cccc5c4CN([C@H]4CCC(=O)NC4=O)C5=O)cc3)CC2)ccc1C#N,1,0.6679212858890097
2,SMARCA4,COC/C=C/c1nccc(N2CCN(c3cc(-c4ccccc4O)nnc3N)CC[C@H]2C)n1,0,0.5022528600177736
2,SMARCA4,COCC#Cc1cc(N2CCN(c3cc(-c4ccccc4O)nnc3N)CC[C@H]2C)ccn1,0,0.44347606988382837
2,SMARCA4,COCC1CCC(N[C@H]2CCCC[C@@H]2Cc2ccc3c(c2)CN(C2CCC(=O)NC2=O)C3=O)CC1,0,0.27624928252375586
2,IKZF3,COc1cc(N2CCC(C(C)(N)c3ccc(COc4cccc5c4CN([C@H]4CCC(=O)NC4=O)C5=O)c(F)c3)CC2)ccc1C#N,1,0.6937119776448416
2,IKZF3,COc1cc(N2CCC(C(N)c3ccc(COc4cccc5c4CN([C@H]4CCC(=O)NC4=O)C5=O)c(F)c3)CC2)ccc1C#N,1,0.6657372062183121
2,IKZF3,COc1cc(N2CCC(C(O)c3ccc(COc4cccc5c4CN([C@H]4CCC(=O)NC4=O)C5=O)c(F)c3)CC2)ccc1C,1,0.6785286463117861
2,IKZF3,COc1cc(N2CCN([C@@H](CO)c3ccc(COc4cccc5c4CN([C@H]4CCC(=O)NC4=O)C5=O)c(F)c3)CC2)ccc1C#N,1,0.6806828185851337
2,IKZF3,COc1cc(N2CCN([C@H](CO)c3ccc(COc4cccc5c4CN([C@H]4CCC(=O)NC4=O)C5=O)c(F)c3)CC2)ccc1C#N,1,0.6806828185851337
2,AR,COc1ccc(C(=O)/C=C/C(=O)N[C@H]2C[C@H](NC(=O)CN3CCN(c4ccc(C(=O)N[C@H]5CC[C@H](Oc6ccc(C#N)c(Cl)c6)CC5)nn4)CC3)C2)c(Cl)c1,0,0.36732660985140086
2,AR,COc1ccc(C(=O)/C=C/C(=O)N[C@H]2C[C@H](NC(=O)CN3CCN(c4ccc(C(=O)N[C@H]5CC[C@H](Oc6ccc(C#N)c(Cl)c6)CC5)nn4)CC3)C2)c(F)c1,0,0.3753742885012535
2,AR,COc1ccc(C(=O)/C=C/C(=O)N[C@H]2C[C@H](NC(=O)CN3CCN(c4ccc(C(=O)N[C@H]5CC[C@H](Oc6ccc(C#N)c(Cl)c6)CC5)nn4)CC3)C2)cc1,0,0.36732660985140086
2,AR,COc1cn(C2=CCC3C4CC=C5C[C@@H](NC(=O)c6ccnnc6)CC[C@]5(C)C4CC[C@]23C)cn1,0,0.3772070382899181
2,SMARCA4,CS(=O)(=O)N1CCC(C#Cc2nccc(N3CCCN(c4cc(-c5ccccc5O)nnc4N)CC3)n2)CC1,0,0.3182923100570976
2,SMARCA4,C[C@@H]1CCN(c2cc(-c3ccccc3O)nnc2N)CCN1c1ccc(C#N)c(C#CCN2CC(F)(F)[C@H]2C)n1,0,0.5221117587942462
2,SMARCA4,C[C@@H]1CCN(c2cc(-c3ccccc3O)nnc2N)CCN1c1ccnc(/C=C/C2CC2)n1,0,0.6136345179354529
2,SMARCA4,C[C@@H]1CCN(c2cc(-c3ccccc3O)nnc2N)CCN1c1ccnc(/C=C/CN(C)CCF)n1,1,0.5883961978448922
2,SMARCA4,C[C@@H]1CCN(c2cc(-c3ccccc3O)nnc2N)CCN1c1ccnc(C#CC2CCC2)c1,0,0.5468712837081345
2,SMARCA4,C[C@@H]1CCN(c2cc(-c3ccccc3O)nnc2N)CCN1c1ccnc(C#CC2CCCO2)n1,0,0.44535475906024546
2,SMARCA4,C[C@@H]1CCN(c2cc(-c3ccccc3O)nnc2N)CCN1c1ccnc(C#CCN(C)C)c1,1,0.5798972790929482
2,SMARCA4,C[C@@H]1CCN(c2cc(-c3ccccc3O)nnc2N)CCN1c1ccnc(C#CCN(C)C)c1C#N,0,0.5378591998446441
2,SMARCA4,C[C@@H]1CCN(c2cc(-c3ccccc3O)nnc2N)CCN1c1ccnc(C#CCN(C)C)n1,1,0.5798972790929482
2,SMARCA4,C[C@@H]1CCN(c2cc(-c3ccccc3O)nnc2N)CCN1c1ccnc(C#CCN2CC(F)(F)C2)c1,1,0.5330713026640768
2,SMARCA4,C[C@@H]1CCN(c2cc(-c3ccccc3O)nnc2N)CCN1c1ccnc(C#CCN2CC3(COC3)C2)n1,0,0.4485427689145357
2,SMARCA4,C[C@@H]1CCN(c2cc(-c3ccccc3O)nnc2N)CCN1c1ccnc(C#CCN2CCCCC2)n1,1,0.5372974407465181
2,SMARCA4,C[C@@H]1CCN(c2cc(-c3ccccc3O)nnc2N)CCN1c1ccnc(C#CCN2CC[C@H]2CF)n1,1,0.527324027449414
2,SMARCA4,C[C@@H]1CCN(c2cc(-c3ccccc3O)nnc2N)CCN1c1ccnc(C#CCN2[C@H](C)COC[C@@H]2C)c1,1,0.47544927612867105
2,SMARCA4,C[C@@H]1CCN(c2cc(-c3ccccc3O)nnc2N)CCN1c1ccnc(C#CCN2[C@H](C)C[C@@H]2C)n1,1,0.5677543517869442
2,SMARCA4,C[C@@H]1CCN(c2cc(-c3ccccc3O)nnc2N)CCN1c1ccnc(C#CCN2[C@H](C)C[C@H]2C)n1,1,0.5677543517869442
2,SMARCA4,C[C@@H]1CCN(c2cc(-c3ccccc3O)nnc2N)CCN1c1ccnc(C#CCO)c1,0,0.4053904836792199
2,SMARCA4,C[C@@H]1CCN(c2cc(-c3ccccc3O)nnc2N)CCN1c1ccnc(C#C[C@@H](C)O)n1,0,0.4742647825482154
2,SMARCA4,C[C@@H]1CCN(c2cc(-c3ccccc3O)nnc2N)CCN1c1nc(C#CCN(C)C)ncc1F,1,0.5586660734976733
2,SMARCA4,C[C@@H]1CCN(c2cc(-c3ccccc3O)nnc2N)CCN1c1nc(C#CCNC(=O)OC(C)(C)C)ncc1F,0,0.2674387446328712
2,SMARCA4,C[C@@H]1CCN(c2cc(-c3ccccc3O)nnc2N)CCN1c1nc(C#CCO)ncc1F,0,0.4610733942307716
2,SMARCA4,C[C@@H]1CCN1CC#Cc1cc(N2CCN(c3cc(-c4ccccc4O)nnc3N)CC[C@H]2C)ccn1,1,0.5752079899788177
2,SMARCA4,C[C@@H]1CN(CC#Cc2nccc(N3CCCN(c4cc(-c5ccccc5O)nnc4N)CC3)n2)CCO1,0,0.4514632058359073
2,SMARCA4,C[C@@H]1CN(CC#Cc2nccc(N3CCCN(c4cc(-c5ccccc5O)nnc4N)CC3)n2)C[C@@H](C)O1,0,0.4166649258634705
2,SMARCA4,C[C@@H]1CN(c2cc(-c3ccccc3O)nnc2N)CCN1c1ccnc(C#CCNC(=O)c2cc3ncccn3n2)n1,1,0.2611355379199265
2,SMARCA4,C[C@@H]1CN(c2ccnc(C#CCNC(=O)c3cc4ncccn4n3)n2)CCN1c1cc(-c2ccccc2O)nnc1N,0,0.2611355379199265
2,SMARCA4,C[C@@H]1CN(c2ccnc(C#CCNC(=O)c3cc4ncccn4n3)n2)C[C@@H](C)N1c1cc(-c2ccccc2O)nnc1N,0,0.24687429790302978
2,IKZF1,C[C@H](NC(=O)c1ccccc1)C(=O)Nc1ccc2c(c1)CN(C1CCC(=O)NC1=O)C2=O,1,0.574171245947748
2,SMARCA4,C[C@H]1CCC[C@H](N[C@H]2CCCC[C@@H]2Cc2ccc3c(c2)CN(C2CCC(=O)NC2=O)C3=O)C1,0,0.2607201655009231
2,SMARCA4,C[C@H]1CCN(c2cc(-c3ccccc3O)nnc2N)CCN1c1ccnc(C#CCN(C)C)n1,1,0.5798972790929482
2,SMARCA4,C[C@H]1CCN(c2cc(-c3ccccc3O)nnc2N)CCN1c1ccnc(C#CCNC(=O)c2cc3ncccn3n2)n1,1,0.2601858105781217
2,SMARCA4,C[C@H]1CN(c2cc(-c3ccccc3O)nnc2N)CCN1c1ccnc(C#CCNC(=O)c2cc3ncccn3n2)n1,1,0.2611355379199265
2,SMARCA4,C[C@H]1CN(c2ccnc(C#CCN)n2)CCN1c1cc(-c2ccccc2O)nnc1N,0,0.47330742218361
2,SMARCA4,C[C@H]1CN(c2ccnc(C#CCNC(=O)c3cc4ncccn4n3)n2)C[C@H](C)N1c1cc(-c2ccccc2O)nnc1N,0,0.24687429790302978
2,SMARCA4,C[C@H]1CN(c2ccnc(C#CCn3ccnc3)n2)CCN1c1cc(-c2ccccc2O)nnc1N,1,0.5439484507071338
2,SMARCA4,C[C@H]1COCCN1CC#Cc1nccc(N2CCCN(c3cc(-c4ccccc4O)nnc3N)CC2)n1,0,0.4514632058359073
2,AR,C[C@]12CC[C@H](NC(=O)c3cccnc3)CC1=CCC1C2CC[C@]2(C)C(c3cccnc3)=CCC12,0,0.38667614174852705
2,AR,C[C@]12CC[C@H](NC(=O)c3ccncc3)CC1=CCC1C2CC[C@]2(C)C(n3ccnc3)=CCC12,0,0.3820893841801905
2,AR,C[C@]12CC[C@H](NC(=O)c3ccncc3)CC1=CCC1C2CC[C@]2(C)C(n3cnc4ccccc43)=CCC12,0,0.3820893841801905
2,AR,C[C@]12CC[C@H](NC(=O)c3ccnnc3)CC1=CCC1C2CC[C@]2(C)C(c3cncnc3)=CCC12,0,0.4027360353890844
2,AR,C[C@]12CC[C@H](NC(=O)c3ccnnc3)CC1=CCC1C2CC[C@]2(C)C(n3ccnc3)=CCC12,0,0.3972115200826351
2,AR,C[C@]12CC[C@H](NC(=O)c3ccnnc3)CC1=CCC1C2CC[C@]2(C)C(n3cnc([N+](=O)[O-])c3)=CCC12,0,0.40826679894441903
2,SMARCA4,Cc1c(C(=O)NCC#Cc2nccc(N3CCN(c4cc(-c5ccccc5O)nnc4N)CC3)n2)nn(C)c1C,1,0.2148129257588345
2,SMARCA4,Cc1c(C2C[C@@H]3COC[C@@H](C2)N3C(=O)/C=C/CN2CCCCC2)[nH]c2nnc(-c3ccccc3O)cc12,0,0.1694514849666719
2,SMARCA4,Cc1c([C@@H]2CCN(C(=O)/C(C#N)=C/C3CC3)C2)[nH]c2nnc(-c3ccccc3O)cc12,0,0.182624137999897
2,SMARCA4,Cc1c([C@@H]2C[C@H]3COC[C@@H](C2)N3C(=O)/C=C/CN(C)C)[nH]c2nnc(-c3ccccc3O)cc12,0,0.2045933908206746
2,SMARCA4,Cc1c([C@@H]2C[C@H]3COC[C@@H](C2)N3C(=O)/C=C/CN2CCC2)[nH]c2nnc(-c3ccccc3O)cc12,0,0.16623745532735623
2,SMARCA4,Cc1c([C@@H]2C[C@H]3COC[C@@H](C2)N3C(=O)/C=C/CN2CCCC2=O)[nH]c2nnc(-c3ccccc3O)cc12,0,0.2099485727093967
2,AR,Cc1cn(C2=CCC3C4CC=C5C[C@@H](NC(=O)c6ccc(C#N)cc6)CC[C@]5(C)C4CC[C@]23C)cn1,0,0.3848909714817778
2,AR,Cc1cn(C2=CCC3C4CC=C5C[C@@H](NC(=O)c6ccc(F)cc6)CC[C@]5(C)C4CC[C@]23C)cn1,0,0.3905051611536145
2,AR,Cc1cn(C2=CCC3C4CC=C5C[C@@H](NC(=O)c6ccc(F)cc6F)CC[C@]5(C)C4CC[C@]23C)cn1,0,0.3908662722647256
2,AR,Cc1cn(C2=CCC3C4CC=C5C[C@@H](NC(=O)c6ccc(S(C)(=O)=O)cc6)CC[C@]5(C)C4CC[C@]23C)cn1,0,0.41630344656344836
2,AR,Cc1cn(C2=CCC3C4CC=C5C[C@@H](NC(=O)c6ccc([N+](=O)[O-])cc6)CC[C@]5(C)C4CC[C@]23C)cn1,0,0.4033933616251985
2,AR,Cc1cn(C2=CCC3C4CC=C5C[C@@H](NC(=O)c6cccnc6)CC[C@]5(C)C4CC[C@]23C)cn1,0,0.39323155896447054
2,AR,Cc1cn(C2=CCC3C4CC=C5C[C@@H](NC(=O)c6ccnnc6)CC[C@]5(C)C4CC[C@]23C)cn1,0,0.4005373498084648
2,IKZF1,Cc1nc(N2CCN(Cc3ccc(Cc4ccc5c6c(cccc46)C(=O)N5[C@H]4CCC(=O)NC4=O)cc3)CC2)cc(-n2cnc(C(F)(F)F)c2)n1,1,0.5867785271843514
2,IKZF1,Cc1ncc(-c2nc(N3CCN(Cc4ccc(Cc5ccc6c7c(cccc57)C(=O)N6C5CCC(=O)NC5=O)cc4)CC3)cc(C(F)(F)F)n2)s1,1,0.6126262923882448
2,IKZF1,Cc1ncn(-c2cccc(N3CCN(Cc4ccc(Cc5ccc6c7c(cccc57)C(=O)N6C5CCC(=O)NC5=O)cc4)CC3)n2)n1,1,0.5787887961826175
2,SMARCA4,Cc1nn2ccn(CC#Cc3nccc(N4CCN(c5cc(-c6ccccc6O)nnc5N)CC4)n3)c(=O)c2c1C,1,0.25252836426864617
2,SMARCA4,Cc1nn2ccn(CC#Cc3nccc(N4CCN(c5cc(-c6ccccc6O)nnc5N)[C@@H](C)C4)n3)c(=O)c2c1C,1,0.30867837731718895
2,SMARCA4,Cc1nn2ccn(CC#Cc3nccc(N4CCN(c5cnnc(-c6ccccc6O)c5)CC[C@H]4C)n3)c(=O)c2c1C,0,0.2748265227698614
2,IKZF1,Cc1nnc(-c2cccc(N3CCN(Cc4ccc(Cc5ccc6c7c(cccc57)C(=O)N6C5CCC(=O)NC5=O)cc4)CC3)n2)s1,1,0.6113992537015298
2,IKZF1,Cn1c2cc(CNc3cccc4c3C(=O)N(C3CCC(=O)NC3=O)C4=O)ccc2nc1[C@H]1CC[C@H](c2nc3cccnc3s2)CC1,1,0.6560226167325688
2,CCNK,Cn1cc(-c2cnc3c(NCc4nc5c(F)c(F)ccc5[nH]4)nc(C4=CCNCC4)cn23)cn1,0,0.48217642511234987
2,CCNK,Cn1cc(-c2cnc3c(NCc4nc5c(F)c(F)ccc5[nH]4)nc(C4=CCOCC4)cn23)cn1,0,0.4801150878626156
2,CCNK,Cn1cc(-c2cnc3c(NCc4nc5cc(Cl)c(Cl)cc5[nH]4)nc(C4=CCNCC4)cn23)cn1,0,0.4648864550155018
2,CCNK,Cn1cc(-c2cnc3c(NCc4nc5cc(Cl)c(Cl)cc5[nH]4)nc(C4=CCOCC4)cn23)cn1,0,0.4725729590549131
2,SMARCA4,Cn1ccc(C(=O)NCC#Cc2nccc(N3CCN(c4cc(-c5ccccc5O)nnc4N)CC3)n2)n1,1,0.21063015588500766
2,SMARCA4,Cn1nc(C(=O)NCC#Cc2nccc(N3CCN(c4cc(-c5ccccc5O)nnc4N)CC3)n2)cc1C1CC1,1,0.23269013159373175
2,CCNK,FC(F)n1cc(-c2cnc3c(NCc4nc5cc(Cl)c(Cl)cc5[nH]4)nc(C4=CCNCC4)cn23)cn1,0,0.417212989717011
2,CCNK,FC(F)n1cc(-c2cnc3c(NCc4nc5cc(Cl)c(Cl)cc5[nH]4)nc(C4=CCOCC4)cn23)cn1,0,0.42889001431259266
2,CCNK,FC(F)n1cc(-c2cnc3c(NCc4nc5cc(Cl)c(Cl)cc5[nH]4)nc(C4CCNCC4)cn23)cn1,0,0.37571791878937755
2,SMARCA4,N#C/C=C/C(=O)N1CC(c2cc3cc(-c4ccccc4O)nnc3[nH]2)C1,0,0.16091124468406245
2,SMARCA4,N#CC1CCN(CC#Cc2nccc(N3CCCN(c4cc(-c5ccccc5O)nnc4N)CC3)n2)CC1,0,0.3376257667930487
2,IKZF3,N#Cc1ccc(N2CCC(C(CN)c3ccc(COc4cccc5c4CN([C@H]4CCC(=O)NC4=O)C5=O)c(F)c3)CC2)nc1,1,0.6347736722384235
2,IKZF3,N#Cc1ccc(N2CCC(C(CO)c3ccc(COc4cccc5c4CN([C@H]4CCC(=O)NC4=O)C5=O)c(F)c3)CC2)cn1,1,0.6845760660232374
2,IKZF3,N#Cc1ccc(N2CCC(C(CO)c3ccc(COc4cccc5c4CN([C@H]4CCC(=O)NC4=O)C5=O)c(F)c3)CC2)nc1,1,0.6387721084154219
2,IKZF3,N#Cc1ccc(N2CCC(C(N)c3ccc(CNc4cccc5c4C(=O)N([C@H]4CCC(=O)NC4=O)C5=O)c(F)c3)CC2)nc1,1,0.6298098700011547
2,IKZF3,N#Cc1ccc(N2CCC(C(N)c3ccc(CNc4cccc5c4CN([C@H]4CCC(=O)NC4=O)C5=O)c(F)c3)CC2)nc1,1,0.6225722767290104
2,IKZF3,N#Cc1ccc(N2CCC(C(N)c3ccc(COc4cccc5c4C(=O)N([C@H]4CCC(=O)NC4=O)C5=O)c(F)c3)CC2)nc1,1,0.6344603791065818
2,IKZF3,N#Cc1ccc(N2CCC(C(N)c3ccc(COc4cccc5c4CN([C@H]4CCC(=O)NC4=O)C5=O)c(F)c3)CC2)cn1,1,0.6719191350020906
2,IKZF3,N#Cc1ccc(N2CCC(C(O)c3ccc(COc4cccc5c4CN([C@H]4CCC(=O)NC4=O)C5=O)c(F)c3)CC2)cn1,1,0.6824101150387382
2,IKZF3,N#Cc1ccc(N2CCC(C(O)c3ccc(COc4cccc5c4CN([C@H]4CCC(=O)NC4=O)C5=O)cc3)CC2)c(F)c1,1,0.6847476745743367
2,IKZF3,N#Cc1ccc(N2CCC([C@@H](N)c3ccc(Cc4ccc5c6c(cccc46)C(=O)N5[C@H]4CCC(=O)NC4=O)c(F)c3)CC2)c(F)c1,1,0.6369991712558972
2,IKZF3,N#Cc1ccc(N2CCC([C@@H](O)c3ccc(Cc4ccc5c6c(cccc46)C(=O)N5[C@@H]4CCC(=O)NC4=O)c(F)c3)CC2)c(F)c1,1,0.6576443908260088
2,IKZF3,N#Cc1ccc(N2CCC([C@@H]3NCCc4cc(COc5cccc6c5CN([C@H]5CCC(=O)NC5=O)C6=O)ccc43)CC2)c(F)c1,1,0.6735458144190417
2,IKZF3,N#Cc1ccc(N2CCC([C@H](N)c3ccc(COc4cccc5c4CN([C@H]4CCC(=O)NC4=O)C5=O)c(F)c3)CC2)c(F)c1,1,0.6737566945376892
2,IKZF3,N#Cc1ccc(N2CCC([C@H](N)c3ccc(COc4cccc5c4CN([C@H]4CCC(=O)NC4=O)C5=O)c(F)c3)CC2)nc1,1,0.6344603791065818
2,IKZF3,N#Cc1ccc(N2CCC([C@H](O)c3ccc(COc4cccc5c4CN([C@H]4CCC(=O)NC4=O)C5=O)c(F)c3)CC2)c(F)c1,1,0.6847476745743367
2,IKZF3,N#Cc1ccc(N2CCC([C@H]3NCCc4cc(COc5cccc6c5CN([C@H]5CCC(=O)NC5=O)C6=O)ccc43)CC2)c(F)c1,1,0.6735458144190417
2,IKZF3,N#Cc1ccc(N2CCN(C(CN)c3ccc(COc4cccc5c4CN([C@H]4CCC(=O)NC4=O)C5=O)c(F)c3)CC2)cn1,1,0.6724088955103994
2,IKZF3,N#Cc1ccc(N2CCN(C(CN)c3ccc(COc4cccc5c4CN([C@H]4CCC(=O)NC4=O)C5=O)cc3)CC2)c(F)c1,1,0.6742464550459981
2,IKZF3,N#Cc1ccc(N2CCN(C(CO)c3ccc(COc4cccc5c4CN([C@H]4CCC(=O)NC4=O)C5=O)c(F)c3)CC2)cn1,1,0.6845760660232374
2,IKZF3,N#Cc1ccc(N2CCN(C(CO)c3ccc(COc4cccc5c4CN([C@H]4CCC(=O)NC4=O)C5=O)cc3)CC2)c(F)c1,1,0.6869136255588361
2,IKZF3,N#Cc1ccc(N2CCN(C(CO)c3ccc(Cc4ccc5c6c(cccc46)C(=O)N5[C@H]4CCC(=O)NC4=O)c(F)c3)CC2)c(C(=O)O)c1,1,0.6748550348789376
2,IKZF3,N#Cc1ccc(N2CCN(C3c4ccc(COc5cccc6c5CN([C@H]5CCC(=O)NC5=O)C6=O)cc4CC3O)CC2)c(F)c1,1,0.6847476745743367
2,IKZF1,N#Cc1ccc(N2CCN(Cc3ccc(COc4cccc5c4CN([C@H]4CCC(=O)NC4=O)C5=O)cc3)CC2)c(F)c1,1,0.6124415327370034
2,IKZF1,N#Cc1ccc(N2CCN(Cc3ccc(Cc4ccc5c6c(c(F)ccc46)C(=O)N5C4CCC(=O)NC4=O)cc3)CC2)c(F)c1,1,0.5888803458401755
2,IKZF1,N#Cc1ccc(N2CCN(Cc3ccc(Cc4ccc5c6c(cc(Br)cc46)C(=O)N5C4CCC(=O)NC4=O)cc3)CC2)c(F)c1,1,0.5887851077449373
2,IKZF1,N#Cc1ccc(N2CCN(Cc3ccc(Cc4ccc5c6c(cc(F)cc46)C(=O)N5C4CCC(=O)NC4=O)cc3)CC2)c(F)c1,1,0.5888803458401755
2,IKZF1,N#Cc1ccc(N2CCN(Cc3ccc(Cc4ccc5c6c(cc(F)cc46)C(=O)N5[C@@H]4CCC(=O)NC4=O)cc3)CC2)c(F)c1,1,0.5888803458401755
2,IKZF1,N#Cc1ccc(N2CCN(Cc3ccc(Cc4ccc5c6c(cc(F)cc46)C(=O)N5[C@H]4CCC(=O)NC4=O)cc3)CC2)c(F)c1,1,0.5888803458401755
2,IKZF1,N#Cc1ccc(N2CCN(Cc3ccc(Cc4ccc5c6c(ccc(F)c46)C(=O)N5C4CCC(=O)NC4=O)cc3)CC2)c(F)c1,1,0.5888803458401755
2,IKZF1,N#Cc1ccc(N2CCN(Cc3ccc(Cc4ccc5c6c(cccc46)C(=O)N5C4CCC(=O)NC4=O)c(F)c3)CC2)c(F)c1,1,0.5888803458401755
2,IKZF1,N#Cc1ccc(N2CCN(Cc3ccc(Cc4ccc5c6c(cccc46)C(=O)N5C4CCC(=O)NC4=O)cc3)CC2)c(F)c1,1,0.5888803458401755
2,IKZF1,N#Cc1ccc(N2CCN(Cc3ccc(Cc4ccc5c6c(cccc46)C(=O)N5[C@H]4CCC(=O)NC4=O)cc3)CC2)c(F)c1,1,0.5888803458401755
2,IKZF3,N#Cc1ccc(N2CCN([C@@H](CO)c3ccc(COc4cccc5c4CN([C@H]4CCC(=O)NC4=O)C5=O)c(F)c3)CC2)c(F)c1,1,0.6869136255588361
2,IKZF3,N#Cc1ccc(N2CCN([C@@H](CO)c3ccc(COc4cccc5c4CN([C@H]4CCC(=O)NC4=O)C5=O)c(F)c3)CC2)cc1F,1,0.6869136255588361
2,IKZF3,N#Cc1ccc(N2CCN([C@H](CO)c3ccc(COc4cccc5c4CN([C@H]4CCC(=O)NC4=O)C5=O)c(F)c3)CC2)cc1F,1,0.6869136255588361
2,IKZF3,N#Cc1ccc(N2CCN([C@H](CO)c3ccc(Cc4ccc5c6c(cccc46)C(=O)N5[C@H]4CCC(=O)NC4=O)c(F)c3)CC2)c(F)c1,1,0.6627624237631686
2,IKZF3,N#Cc1ccc(N2CCN([C@H]3CNCc4cc(COc5cccc6c5CN([C@H]5CCC(=O)NC5=O)C6=O)ccc43)CC2)c(F)c1,1,0.6735458144190417
2,IKZF3,N#Cc1cnc(N2CCC(C(CN)c3ccc(COc4cccc5c4CN([C@H]4CCC(=O)NC4=O)C5=O)c(F)c3)CC2)c(F)c1,1,0.6347736722384235
2,IKZF3,N#Cc1cnc(N2CCC(C(CO)c3ccc(COc4cccc5c4CN([C@H]4CCC(=O)NC4=O)C5=O)c(F)c3)CC2)c(F)c1,1,0.6387721084154219
2,IKZF3,N#Cc1cnc(N2CCC(C(N)c3ccc(COc4cccc5c4CN([C@H]4CCC(=O)NC4=O)C5=O)c(F)c3)CC2)c(F)c1,1,0.6344603791065818
2,IKZF3,N#Cc1cnc(N2CCC(C(O)c3ccc(COc4cccc5c4CN([C@H]4CCC(=O)NC4=O)C5=O)c(F)c3)CC2)c(F)c1,1,0.6367826248073898
2,IKZF3,N#Cc1cnc(N2CCN(C(CN)c3ccc(COc4cccc5c4CN([C@H]4CCC(=O)NC4=O)C5=O)c(F)c3)CC2)c(F)c1,1,0.6347736722384235
2,IKZF3,N#Cc1cnc(N2CCN(C(CO)c3ccc(COc4cccc5c4CN([C@H]4CCC(=O)NC4=O)C5=O)c(F)c3)CC2)c(F)c1,1,0.6387721084154219
2,IKZF3,NC(c1ccc(COc2cccc3c2CN([C@H]2CCC(=O)NC2=O)C3=O)cc1)C1CCOCC1,1,0.6670718317417346
2,SMARCA4,NC/C=C/c1nccc(N2CCCN(c3cc(-c4ccccc4O)nnc3N)CC2)n1,0,0.4383272425858857
2,IKZF3,NCC(c1ccc(COc2cccc3c2CN([C@H]2CCC(=O)NC2=O)C3=O)cc1)N1CCOCC1,1,0.667422583787242
2,IKZF3,N[C@@H](c1ccc(Cc2ccc3c4c(cccc24)C(=O)N3[C@H]2CCC(=O)NC2=O)c(F)c1)C1CCOCC1,1,0.653335205012201
2,IKZF3,N[C@H](c1ccc(Cc2ccc3c4c(cccc24)C(=O)N3[C@@H]2CCC(=O)NC2=O)cc1)C1CCOCC1,1,0.673947601870503
2,SMARCA4,Nc1nnc(-c2cc(F)ccc2O)cc1N1CCCN(c2ccnc(C#CCNC(=O)c3cc4ncccn4n3)n2)CC1,0,0.21468887528053007
2,SMARCA4,Nc1nnc(-c2ccccc2O)cc1N1C2CCC1CN(c1ccnc(C#CCn3ccnc3)n1)C2,0,0.3491352723339213
2,SMARCA4,Nc1nnc(-c2ccccc2O)cc1N1CC2CC(C1)N2c1ccc(C(=O)N2CCC(CN3CCC(c4cn(C5CCC5)c5cc(N6CCC(=O)NC6=O)ccc45)CC3)CC2)c(Cl)c1,0,0.4530898308967453
2,SMARCA4,Nc1nnc(-c2ccccc2O)cc1N1CC2CC(C1)N2c1ccc(C(=O)N2CCC(F)(CN3CCC(c4cn(C5CCC5)c5cc(N6CCC(=O)NC6=O)ccc45)CC3)CC2)c(C(F)(F)F)c1,0,0.40211226152247925
2,SMARCA4,Nc1nnc(-c2ccccc2O)cc1N1CC2CC(C1)N2c1ccc(C(=O)N2CCC(F)(CN3CCC(c4cn(C5CCC5)c5cc(N6CCC(=O)NC6=O)ccc45)CC3)CC2)c(Cl)c1,0,0.433480825071833
2,SMARCA4,Nc1nnc(-c2ccccc2O)cc1N1CC2CC(C1)N2c1ccnc(C#CCN2CC(F)(F)C2)n1,0,0.3662429562692544
2,SMARCA4,Nc1nnc(-c2ccccc2O)cc1N1CC2CCC(C1)N2c1ccc(C(=O)N2CCC(CN3CCN(c4ccc5c(c4)c(C4CC4)cn5C4CCC(=O)NC4=O)CC3)CC2)cc1,0,0.3998664041467659
2,SMARCA4,Nc1nnc(-c2ccccc2O)cc1N1CCC2(CCCN(c3ccnc(C#CCO)n3)C2)CC1,1,0.2592047342278057
2,SMARCA4,Nc1nnc(-c2ccccc2O)cc1N1CCCN(c2ccnc(C#CCN3CC4CCC(C3)O4)n2)CC1,0,0.3357508212392075
2,SMARCA4,Nc1nnc(-c2ccccc2O)cc1N1CCCN(c2ccnc(C#CCN3CCC3)n2)CC1,0,0.352075172293295
2,SMARCA4,Nc1nnc(-c2ccccc2O)cc1N1CCCN(c2ccnc(C#CCN3CCCC(O)C3)n2)CC1,0,0.3058070137046504
2,SMARCA4,Nc1nnc(-c2ccccc2O)cc1N1CCCN(c2ccnc(C#CCN3C[C@@H]4C[C@H]3CO4)n2)CC1,0,0.34388914171604507
2,SMARCA4,Nc1nnc(-c2ccccc2O)cc1N1CCCN(c2ccnc(C#CCN3C[C@H]4C[C@@H]3CO4)n2)CC1,0,0.34388914171604507
2,SMARCA4,Nc1nnc(-c2ccccc2O)cc1N1CCCN(c2ccnc(C#CCNC3CC3)n2)CC1,0,0.2733360131602356
2,SMARCA4,Nc1nnc(-c2ccccc2O)cc1N1CCCN(c2ccnc(C#CCNCCF)n2)CC1,0,0.29264647555803364
2,SMARCA4,Nc1nnc(-c2ccccc2O)cc1N1CCN(c2ccnc(C#CCNC(=O)c3cc4ccccc4o3)n2)CC1,1,0.2593485565817272
2,SMARCA4,Nc1nnc(-c2ccccc2O)cc1N1CCN(c2ccnc(C#CCNC(=O)c3cc4n(n3)CCC4)n2)CC1,0,0.2013874495694946
2,SMARCA4,Nc1nnc(-c2ccccc2O)cc1N1CCN(c2ccnc(C#CCNC(=O)c3cc4n(n3)CCCC4)n2)CC1,1,0.2013874495694946
2,SMARCA4,Nc1nnc(-c2ccccc2O)cc1N1CCN(c2ccnc(C#CCNC(=O)c3cc4n(n3)CCCO4)n2)CC1,1,0.24161944220779294
2,SMARCA4,Nc1nnc(-c2ccccc2O)cc1N1CCN(c2ccnc(C#CCNC(=O)c3cc4ncccn4n3)n2)C2CC21,1,0.19699404287332892
2,SMARCA4,Nc1nnc(-c2ccccc2O)cc1N1CCN(c2ccnc(C#CCNC(=O)c3cc4ncccn4n3)n2)CC(F)C1,0,0.21468887528053007
2,SMARCA4,Nc1nnc(-c2ccccc2O)cc1N1CCN(c2ccnc(C#CCNC(=O)c3cc4ncccn4n3)n2)CC1,1,0.2013874495694946
2,SMARCA4,Nc1nnc(-c2ccccc2O)cc1N1CCN(c2ccnc(C#CCNC(=O)c3ccn(C(F)F)n3)n2)CC1,1,0.2220952667988422
2,SMARCA4,Nc1nnc(-c2ccccc2O)cc1N1CCN(c2ccnc(C#CCNC(=O)c3ccn(CC(F)(F)F)n3)n2)CC1,1,0.22309535246218423
2,SMARCA4,Nc1nnc(-c2ccccc2O)cc1OC1CC2CN(c3ccnc(C#CCN4CCC4)n3)CC2C1,0,0.3281486943801572
2,SMARCA4,O=C(/C=C/C(F)(F)F)N1CC(c2cc3cc(-c4ccccc4O)nnc3[nH]2)C1,0,0.16465361234088172
2,SMARCA4,O=C(/C=C/CN1CC2CC1C2)N1CC(c2cc3cc(-c4ccccc4O)nnc3[nH]2)C1,0,0.16159642986924766
2,SMARCA4,O=C(/C=C/CN1CC2CCC(C2)C1)N1CC(c2[nH]c3nnc(-c4ccccc4O)cc3c2-c2ccccc2)C1,0,0.17002593501570498
2,SMARCA4,O=C(/C=C/CN1CC2CCC(C2)C1)N1CCN2c3cc(-c4ccccc4O)nnc3NC[C@H]2C1,1,0.2055621817904157
2,IKZF1,O=C1CCC(N2C(=O)c3cc(F)cc4c(Cc5ccc(CN6CCOCC6)cc5)ccc2c34)C(=O)N1,1,0.5861532472288303
2,IKZF1,O=C1CCC(N2C(=O)c3cc(F)cc4c(Cc5ccc(CN6CCOCC6)cc5F)ccc2c34)C(=O)N1,1,0.5846532472288304
2,IKZF1,O=C1CCC(N2C(=O)c3cccc(NCc4ccc5nc(C6CCC(c7nc8cccnc8s7)CC6)sc5c4)c3C2=O)C(=O)N1,1,0.6397696366022451
2,IKZF1,O=C1CCC(N2C(=O)c3cccc(NCc4ccnc(NCC5CCCCC5)c4F)c3C2=O)C(=O)N1,1,0.6125404123592455
2,IKZF1,O=C1CCC(N2C(=O)c3cccc4c(Cc5ccc(CN6CCN(C(=O)c7cccc(-n8ccnc8)n7)CC6)cc5)ccc2c34)C(=O)N1,1,0.6075097553532176
2,IKZF1,O=C1CCC(N2C(=O)c3cccc4c(Cc5ccc(CN6CCN(C(=O)c7ccnc(-n8ccnc8)n7)CC6)cc5)ccc2c34)C(=O)N1,1,0.6139567964104837
2,IKZF1,O=C1CCC(N2C(=O)c3cccc4c(Cc5ccc(CN6CCN(c7ccnc(-n8ccnc8)n7)CC6)cc5)ccc2c34)C(=O)N1,1,0.6079508206732271
2,IKZF1,O=C1CCC(N2C(=O)c3cccc4c(Cc5ccc(CN6CCN(c7ccnc(-n8cnc(C(F)(F)F)c8)n7)CC6)cc5)ccc2c34)C(=O)N1,1,0.5857404406999912
2,IKZF1,O=C1CCC(N2C(=O)c3cccc4c(Cc5ccc(CN6CCOCC6)cc5)ccc2c34)C(=O)N1,1,0.5875751347935245
2,SMARCA4,O=C1CCC(N2Cc3c(ccc(C[C@H]4OCCC[C@@H]4NC4CCC(C(F)(F)F)CC4)c3F)C2=O)C(=O)N1,0,0.23864973305338946
2,SMARCA4,O=C1CCC(N2Cc3cc(C[C@H]4CCCC[C@@H]4NC4CCCCC4(F)F)ccc3C2=O)C(=O)N1,0,0.24709392066932728
2,SMARCA4,O=C1CCC(N2Cc3cc(NC(=O)N4CC5(CCOCC5)c5ccccc54)ccc3C2=O)C(=O)N1,0,0.35737387997037784
2,IKZF1,O=C1CCC(N2Cc3cc(O[C@H]4CCCC[C@@H]4N4CC(c5ccc(-n6cccn6)cc5)C4)ccc3C2=O)C(=O)N1,0,0.6062560785951192
2,IKZF3,O=C1CCC(N2Cc3cc(O[C@H]4CCCC[C@@H]4N4CC(c5ccc(-n6cccn6)cc5)C4)ccc3C2=O)C(=O)N1,0,0.6544747950802513
2,IKZF1,O=C1CCC(N2Cc3cc(O[C@H]4CCCC[C@@H]4N4CCC(c5ccccc5)C4)ccc3C2=O)C(=O)N1,0,0.5671828388099109
2,IKZF3,O=C1CCC(N2Cc3cc(O[C@H]4CCCC[C@@H]4N4CCC(c5ccccc5)C4)ccc3C2=O)C(=O)N1,0,0.6268682016580984
2,IKZF1,O=C1CC[C@@H](N2C(=O)c3cccc4c(Cc5ccc(CN6CCN(c7cc(-n8cnc(C(F)(F)F)c8)ncn7)CC6)cc5)ccc2c34)C(=O)N1,1,0.586149531609082
2,IKZF3,O=C1CC[C@@H](N2C(=O)c3cccc4c(Cc5ccc([C@@H](CO)N6CCOCC6)cc5F)ccc2c34)C(=O)N1,1,0.6612070799464123
2,IKZF3,O=C1CC[C@H](N2C(=O)c3cccc(NCc4ccc(C(CO)N5CC(N6CCOCC6)C5)cc4F)c3C2=O)C(=O)N1,1,0.6689212429768038
2,IKZF3,O=C1CC[C@H](N2C(=O)c3cccc(NCc4ccc(C(O)C5CN(C6CCOCC6)C5)cc4F)c3C2=O)C(=O)N1,1,0.6715261147788235
2,IKZF3,O=C1CC[C@H](N2C(=O)c3cccc4c(Cc5ccc(C(CO)N6CCN(c7ccc(C(=O)O)cc7F)CC6)cc5F)ccc2c34)C(=O)N1,1,0.6634316239496121
2,IKZF3,O=C1CC[C@H](N2C(=O)c3cccc4c(Cc5ccc([C@@H](O)C6CCOCC6)cc5F)ccc2c34)C(=O)N1,1,0.6655895476912933
2,IKZF3,O=C1CC[C@H](N2Cc3c(OCc4ccc(C(CO)N5CCOCC5)cc4)cccc3C2=O)C(=O)N1,1,0.6657447632851372
2,IKZF3,O=C1CC[C@H](N2Cc3c(OCc4ccc(C(NC(=O)CO)C5CCOCC5)cc4)cccc3C2=O)C(=O)N1,1,0.6646889555520915
2,IKZF3,O=C1CC[C@H](N2Cc3c(OCc4ccc(C(O)C5CCOCC5)cc4)cccc3C2=O)C(=O)N1,1,0.6635075643531828
2,IKZF1,O=C1CC[C@H](N2Cc3c(OCc4ccc(CN5CCN(c6ccnc(-n7ccnc7)n6)CC5)cc4)cccc3C2=O)C(=O)N1,1,0.5864919566433209
2,SMARCA4,[2H]C1(N[C@H]2CCCC[C@@H]2Cc2ccc3c(c2)CN(C2CCC(=O)NC2=O)C3=O)CCC(F)(F)CC1,0,0.24709392066932728
2,IKZF3,[N-]=Cc1ccc(N2CCN(C3c4ccc(COc5cccc6c5CN([C@H]5CCC(=O)NC5=O)C6=O)cc4CCC3O)CC2)c(F)c1,1,0.6868807499660348
3,GSPT1,C#CCNCCOCCc1ccc(NC(=O)NCc2ccc3c(c2)CN(C2CCC(=O)NC2=O)C3=O)cc1Cl,1,0.6331458896695973
3,PTPN1,C=C(C)C#Cc1cc(-c2nc(-c3ccc(-c4ccc5c(c4)n(C)c(=O)n5C4CCC(=O)NC4=O)cc3)n[nH]2)cc2c(Br)c(C(F)(F)P(=O)(O)O)sc12,1,0.6041819513118079
3,PTPN1,C=C(C)C#Cc1cc(-c2nnc(-c3cc(C)n(-c4ccc5c(C6CCC(=O)NC6=O)nn(C)c5c4)c3C)[nH]2)cc2c(Br)c(C(F)(F)P(=O)(O)O)sc12,1,0.6100951207763898
3,GSPT1,CC#Cc1ccc(F)c(NC(=O)OC2CN(c3cc(F)c(N4CCC(=O)NC4=O)c(F)c3)C2)c1,1,0.6235557199629981
3,GSPT1,CC(C)(C)OC(=O)/C=C/c1ccc2c(c1)C(=O)N(C1CCC(=O)NC1=O)C2,0,0.522028197547089
3,GSPT1,CC(C)(C)OC(=O)COc1ccc2c(c1)C(=O)N(C1CCC(=O)NC1=O)C2,0,0.5868853779029629
3,GSPT1,CC(C)(C)OC(=O)N1CCC(C)(n2cc(C(=O)c3ccc4c5c(cccc35)C(=O)N4C3CCC(=O)NC3=O)cn2)CC1,0,0.5773128550215648
3,SALL4,CC(C)(C)OC(=O)N1CCC(C)(n2cc(C(=O)c3ccc4c5c(cccc35)C(=O)N4C3CCC(=O)NC3=O)cn2)CC1,1,0.2761082429753484
3,GSPT1,CC(C)(C)OC(=O)N1CCC(n2cc(Cc3ccc4c5c(cccc35)C(=O)N4[C@H]3CCC(=O)NC3=O)cn2)CC1,0,0.5758997437047769
3,SALL4,CC(C)(C)OC(=O)N1CCC(n2cc(Cc3ccc4c5c(cccc35)C(=O)N4[C@H]3CCC(=O)NC3=O)cn2)CC1,1,0.3032967060995258
3,GSPT1,CC(C)(c1ccc(NC(=O)OCc2ccc3c(c2)C(=O)N(C2CCC(=O)NC2=O)C3)cc1)c1ccc(OC(F)F)cc1,1,0.6708913321388719
3,WIZ,CC(C)CN1CCN(Cc2cc3c(N4CCC(=O)NC4=O)noc3cc2F)C[C@@H]1C,0,0.2458380875353987
3,WIZ,CC(C)CN1CCN(Cc2ccn3nc(F)c(N4CCC(=O)NC4=O)c3c2)C[C@@H]1C,1,0.2415928220257735
3,WIZ,CC(C)OC(=O)N1CCC(CN2CCN(Cc3ccn4nc(F)c(N5CCC(=O)NC5=O)c4c3)C[C@@H]2C)CC1,1,0.2467178607429274
3,GSPT1,CC(C)OC1CCC(C2CN([C@H]3CCCC[C@@H]3Oc3ccc4c(c3)CN(C3CCC(=O)NC3=O)C4=O)C2)CC1,0,0.3660675308153274
3,GSPT1,CC(C)OC1CCN(Cc2cc3c4c(cccc4c2)N(C2CCC(=O)NC2=O)C3=O)CC1,0,0.5712248571438949
3,SALL4,CC(C)OC1CCN(Cc2cc3c4c(cccc4c2)N(C2CCC(=O)NC2=O)C3=O)CC1,0,0.27200032817772757
3,GSPT1,CC(C)O[C@H]1CC[C@@H](C2CN([C@H]3CCCC[C@@H]3Oc3ccc4c(c3)CN(C3CCC(=O)NC3=O)C4=O)C2)CC1,0,0.3660675308153274
3,WIZ,CC(C)S(=O)(=O)N1CCC(CN2CCN(Cc3ccn4nc(F)c(N5CCC(=O)NC5=O)c4c3)C[C@@H]2C)CC1,1,0.32910954425691263
3,GSPT1,CC(C)n1c(C2CCC(NC(=O)c3cccc(CNc4cccc5c4C(=O)N(C4CCC(=O)NC4=O)C5=O)c3)CC2)nc2ccncc21,1,0.6746077610529921
3,WIZ,CC(C)n1ccc(N2CCC(CN3CCN(Cc4ccn5nc(F)c(N6CCC(=O)NC6=O)c5c4)C[C@@H]3C)CC2)n1,1,0.24996848009740885
3,WIZ,CC(C1CCC1)N1CCN(Cc2ccn3nc(F)c(N4CCC(=O)NC4=O)c3c2)C[C@@H]1C,0,0.21786532911495862
3,WIZ,CC(CN1CCN(Cc2ccn3nc(F)c(N4CCC(=O)NC4=O)c3c2)C[C@@H]1C)C1CC1,0,0.23438421293967496
3,GSPT1,CC(F)(F)c1ncc(NC(=O)NC2CN(c3cc(F)c(C4CCC(=O)NC4=O)c(F)c3)C2)cc1C#CC1CC1,0,0.5350295056022105
3,SALL4,CC(NC(=O)c1ccc2c3c(ccnc13)N(C1CCC(=O)NC1=O)C2=O)c1ccccc1,1,0.2762337726493983
3,GSPT1,CC(c1ccc2c(c1)CN(C1CCC(=O)NC1=O)C2=O)n1cc(Cc2ccccc2)nn1,1,0.635450180246513
3,GSPT1,CC1(C(=O)N2CCC(n3cc(Cc4ccc5c6c(cccc46)C(=O)N5[C@H]4CCC(=O)NC4=O)cn3)CC2)CCC1,0,0.5222569666236277
3,SALL4,CC1(C(=O)N2CCC(n3cc(Cc4ccc5c6c(cccc46)C(=O)N5[C@H]4CCC(=O)NC4=O)cn3)CC2)CCC1,1,0.23619911146190645
3,GSPT1,CC1(O)CC2(CN([C@@H]3CCCC[C@@H]3Oc3ccc4c(c3)CN(C3CCC(=O)NC3=O)C4=O)C2)C1,0,0.41881881625518136
3,GSPT1,CC1(O)CC2(CN([C@H]3CCCC[C@@H]3Oc3ccc4c(c3)CN(C3CCC(=O)NC3=O)C4=O)C2)C1,0,0.41881881625518136
3,GSPT1,CC1(n2cc(Cc3ccc4c5c(cccc35)C(=O)N4C3CCC(=O)NC3=O)cn2)CCN(C(=O)C2(C#N)CCCCC2)CC1,0,0.6051774665195854
3,SALL4,CC1(n2cc(Cc3ccc4c5c(cccc35)C(=O)N4C3CCC(=O)NC3=O)cn2)CCN(C(=O)C2(C#N)CCCCC2)CC1,1,0.297436788112741
3,GSPT1,CC1(n2cc(Cc3ccc4c5c(cccc35)C(=O)N4C3CCC(=O)NC3=O)cn2)CCN(C(=O)C2(C(F)(F)F)CC2)CC1,0,0.5836103039048708
3,SALL4,CC1(n2cc(Cc3ccc4c5c(cccc35)C(=O)N4C3CCC(=O)NC3=O)cn2)CCN(C(=O)C2(C(F)(F)F)CC2)CC1,1,0.2893043764558471
3,GSPT1,CC1(n2cc(Cc3ccc4c5c(cccc35)C(=O)N4C3CCC(=O)NC3=O)cn2)CCN(C(=O)C2CC2)CC1,0,0.5741401036565886
3,SALL4,CC1(n2cc(Cc3ccc4c5c(cccc35)C(=O)N4C3CCC(=O)NC3=O)cn2)CCN(C(=O)C2CC2)CC1,1,0.278265397953193
3,GSPT1,CC1(n2cc(Cc3ccc4c5c(cccc35)C(=O)N4C3CCC(=O)NC3=O)cn2)CCN(c2ncccc2F)CC1,0,0.5662699979943885
3,SALL4,CC1(n2cc(Cc3ccc4c5c(cccc35)C(=O)N4C3CCC(=O)NC3=O)cn2)CCN(c2ncccc2F)CC1,1,0.2886235319277115
3,GSPT1,CCCn1c(C2CCC(NC(=O)c3cccc(CNc4cccc5c4C(=O)N(C4CCC(=O)NC4=O)C5=O)c3)CC2)nc2ccncc21,1,0.6530991777687296
3,GSPT1,CCOC(=O)c1cc(Cc2ccc3c4c(cccc24)N(C2CCC(=O)NC2=O)C3=O)ccc1F,0,0.6373417250359633
3,SALL4,CCOC(=O)c1cc(Cc2ccc3c4c(cccc24)N(C2CCC(=O)NC2=O)C3=O)ccc1F,0,0.3001557974954597
3,GSPT1,CCOC(=O)c1ccc(Cc2ccc3c4c(cccc24)N(C2CCC(=O)NC2=O)C3=O)cc1,0,0.6315694045930458
3,SALL4,CCOC(=O)c1ccc(Cc2ccc3c4c(cccc24)N(C2CCC(=O)NC2=O)C3=O)cc1,1,0.29759811163663674
3,GSPT1,CCOC(=O)c1cccc(Cc2ccc3c4c(cccc24)N(C2CCC(=O)NC2=O)C3=O)c1,0,0.6315694045930458
3,SALL4,CCOC(=O)c1cccc(Cc2ccc3c4c(cccc24)N(C2CCC(=O)NC2=O)C3=O)c1,0,0.29759811163663674
3,GSPT1,CCOC1CCC(C2CN([C@H]3CCCC[C@@H]3Oc3ccc4c(c3)CN(C3CCC(=O)NC3=O)C4=O)C2)CC1,0,0.4495259259555133
3,GSPT1,CCOc1ccc(Cc2ccc3c4c(cccc24)N(C2CCC(=O)NC2=O)C3=O)c(F)c1,0,0.6579574982636698
3,SALL4,CCOc1ccc(Cc2ccc3c4c(cccc24)N(C2CCC(=O)NC2=O)C3=O)c(F)c1,0,0.30133073124763804
3,GSPT1,CCOc1ccc(Cc2ccc3c4c(cccc24)N(C2CCC(=O)NC2=O)C3=O)cc1,0,0.6343261849121595
3,SALL4,CCOc1ccc(Cc2ccc3c4c(cccc24)N(C2CCC(=O)NC2=O)C3=O)cc1,0,0.29851728787103043
3,GSPT1,CCc1c(F)ccc(S(=O)(=O)Nc2ccc3c(c2)C(=O)N(C2CCC(=O)NC2=O)C3=O)c1Cl,0,0.6351518466514704
3,GSPT1,CCc1cccc(S(=O)(=O)Nc2ccc3c(c2)C(=O)N(C2CCC(=O)NC2=O)C3=O)c1Br,0,0.6321546819982359
3,GSPT1,CCc1cccc(S(=O)(=O)Nc2ccc3c(c2)C(=O)N(C2CCC(=O)NC2=O)C3=O)c1Cl,0,0.6325384852676978
3,GSPT1,CCc1cccc(S(=O)(=O)Nc2ccc3c(c2)C(=O)N(C2CCC(=O)NC2=O)C3=O)c1OC(F)F,0,0.6761088342340659
3,GSPT1,CCn1c(C2CCC(NC(=O)c3cccc(CNc4cccc5c4C(=O)N(C4CCC(=O)NC4=O)C5=O)c3)CC2)nc2ccncc21,1,0.653022467697192
3,WIZ,CCn1cc(F)c(N2CCC(CN3CCN(Cc4ccn5nc(F)c(N6CCC(=O)NC6=O)c5c4)C[C@@H]3C)CC2)n1,1,0.23618340042307498
3,WIZ,CCn1ccc(C2CCC(N3CCN(Cc4ccn5nc(F)c(N6CCC(=O)NC6=O)c5c4)C[C@@H]3C)CC2)n1,1,0.24365381889349344
3,WIZ,CCn1ccc(N2CCC(CN3CCN(Cc4ccn5nc(F)c(N6CCC(=O)NC6=O)c5c4)C[C@@H]3C)CC2)n1,1,0.23618340042307498
3,GSPT1,CN(C(=O)c1cc(CNc2cccc3c2C(=O)N(C2CCC(=O)NC2=O)C3=O)ccn1)[C@H]1CC[C@H](c2nc3cccnc3s2)CC1,1,0.7180918523705748
3,GSPT1,CN(CCOCCc1ccc(NC(=O)NCc2ccc3c(c2)CN(C2CCC(=O)NC2=O)C3=O)cc1Cl)C(=N)N,1,0.6628300578156539
3,SALL4,CN1CC(c2ccc3c4c(cccc24)N(C2CCC(=O)NC2=O)C3=O)C1,1,0.18227708593039174
3,GSPT1,CN1CC=C(c2c(-c3ccc4c(c3)CN(C3CCC(=O)NC3=O)C4=O)cnn2C)CC1,1,0.5329641766326714
3,GSPT1,CN1Cc2cccc(-c3c(-c4ccc5c(c4)CN(C4CCC(=O)NC4=O)C5=O)ncn3C)c2C1,1,0.5448960561573214
3,GSPT1,CNC(=N)NCCC#Cc1ccc(NC(=O)NCc2ccc3c(c2)CN(C2CCC(=O)NC2=O)C3=O)cc1Cl,1,0.6490199186370159
3,GSPT1,CNC(=N)NCCOCCc1ccc(NC(=O)NCc2ccc3c(c2)CN(C2CCC(=O)NC2=O)C3=O)cc1Cl,1,0.6684125052532738
3,BCL6,CNC(=O)COc1cc2cc(Nc3nc(N4CCC(Cl)CC4)ncc3Cl)cc3c2n(c1=O)CCO3,0,0.39604179473155027
3,BCL6,CNC(=O)COc1cc2cc(Nc3nc(N4CCC(F)(F)CC4)ncc3Cl)cc3c2n(c1=O)CCO3,1,0.3960834939085436
3,BCL6,CNC(=O)COc1cc2cc(Nc3nc(N4CCC(F)CC4)ncc3Cl)cc3c2n(c1=O)CCO3,0,0.4019005248902804
3,BCL6,CNC(=O)COc1cc2cc(Nc3nc(N4CCCC(CO)C4)ncc3Cl)cc3c2n(c1=O)CCO3,0,0.4498597241757356
3,BCL6,CNC(=O)COc1cc2cc(Nc3nc(N4CCC[C@@H](C)C4)ncc3Cl)cc3c2n(c1=O)CCO3,0,0.3970751280648836
3,BCL6,CNC(=O)COc1cc2cc(Nc3nc(N4CCC[C@H](C)C4)ncc3Cl)cc3c2n(c1=O)CCO3,0,0.3970751280648836
3,BCL6,CNC(=O)COc1cc2cc(Nc3nc(N4C[C@@H](C)O[C@@H](C)C4)ncc3Cl)cc3c2n(c1=O)CCO3,0,0.4085667947315504
3,BCL6,CNC(=O)COc1cc2cc(Nc3nc(N4C[C@H](C)C[C@H](C)C4)ncc3Cl)cc3c2n(c1=O)CCO3,1,0.4085667947315504
3,GSPT1,CNCCOCCc1ccc(NC(=O)NCc2ccc3c(c2)CN(C2CCC(=O)NC2=O)C3=O)cc1Cl,1,0.6679633911489873
3,GSPT1,CNCc1cccc(S(=O)(=O)Nc2ccc3c(c2)C(=O)NC3=O)c1Cl,0,0.6280618901885794
3,GSPT1,CNc1ccc2c(c1)nc(C1CCC(NC(=O)c3cccc(CNc4cccc5c4C(=O)N(C4CCC(=O)NC4=O)C5=O)c3)CC1)n2C,1,0.6796586295342097
3,GSPT1,COC(=O)c1ccc(Nc2ccc3cccc4c3c2C(=O)N4C2CCC(=O)NC2=O)cc1,0,0.6104977444162083
3,SALL4,COC(=O)c1ccc(Nc2ccc3cccc4c3c2C(=O)N4C2CCC(=O)NC2=O)cc1,0,0.27061477298190223
3,GSPT1,COC1CC2(C1)CN([C@@H]1CCCC[C@@H]1Oc1ccc3c(c1)CN(C1CCC(=O)NC1=O)C3=O)C2,0,0.38225339268599595
3,GSPT1,COC1CC2(C1)CN([C@H]1CCCC[C@@H]1Oc1ccc3c(c1)CN(C1CCC(=O)NC1=O)C3=O)C2,0,0.38225339268599595
3,GSPT1,COC1CCC(C2CN([C@H]3CCCC[C@@H]3Oc3ccc4c(c3)CN(C3CCC(=O)NC3=O)C4=O)C2)CC1,0,0.36778265541672933
3,GSPT1,COC1CCCC(NC(=O)c2cccc(CNc3cccc4c3C(=O)N(C3CCC(=O)NC3=O)C4=O)c2)C1,1,0.6604747570246049
3,GSPT1,COCCN(C)Cc1cc(NC(=O)CCc2cc3c(cc2F)CN(C2CCC(=O)NC2=O)C3=O)cc(Cl)c1C,1,0.6439906619046774
3,GSPT1,COCCN(C)Cc1cc(NC(=O)CCc2ccc3c(c2)C(=O)N(C2CCC(=O)NC2=O)C3)cc(Cl)c1C,1,0.6346419952005375
3,GSPT1,COCCN(C)Cc1cc(NC(=O)CCc2ccc3c(c2)C(=O)N(C2CCC(=O)NC2=O)C3)ccc1-c1ccncc1,0,0.6140440306600955
3,GSPT1,COCCOc1cc(NC(=O)NCc2ccc3c(C4CCC(=O)NC4=O)coc3c2)cc(Cl)c1C,1,0.7226860706167195
3,GSPT1,COCCOc1cc(NC(=O)NCc2ccc3c(C4CCC(=O)NC4=O)noc3c2)cc(Cl)c1C,1,0.6911691694623183
3,GSPT1,CONCCOCCc1ccc(NC(=O)NCc2ccc3c(c2)CN(C2CCC(=O)NC2=O)C3=O)cc1Cl,1,0.6454130296858412
3,GSPT1,CO[C@H]1CC[C@@H](C2CN([C@H]3CCCC[C@@H]3Oc3ccc4c(c3)CN(C3CCC(=O)NC3=O)C4=O)C2)CC1,0,0.36778265541672933
3,GSPT1,COc1c(COC(=O)Nc2ccc(C)c(Cl)c2)ccc2c1C(=O)N(C1CCC(=O)NC1=O)C2,0,0.6847141311366868
3,BRD4,COc1cc(F)ccc1C(=O)/C=C/C(=O)N1CCN(C(=O)C[C@@H]2N=C(c3ccc(Cl)cc3)c3c(sc(C)c3C)-n3c(C)nnc32)CC1,1,0.32315212332187115
3,BRD4,COc1ccc(/C=C/S(=O)(=O)N2CCN(C(=O)C[C@@H]3N=C(c4ccc(Cl)cc4)c4c(sc(C)c4C)-n4c(C)nnc43)CC2)cc1,0,0.3520592121225661
3,BRD4,COc1ccc(C(=O)/C(C)=C/C(=O)N2CCN(C(=O)C[C@@H]3N=C(c4ccc(Cl)cc4)c4c(sc(C)c4C)-n4c(C)nnc43)CC2)cc1,0,0.3203290079987559
3,BRD4,COc1ccc(C(=O)/C=C(\C#N)C(=O)N2CCN(C(=O)C[C@@H]3N=C(c4ccc(Cl)cc4)c4c(sc(C)c4C)-n4c(C)nnc43)CC2)cc1,0,0.31799091276066066
3,BRD4,COc1ccc(C(=O)/C=C(\C)C(=O)N2CCN(C(=O)C[C@@H]3N=C(c4ccc(Cl)cc4)c4c(sc(C)c4C)-n4c(C)nnc43)CC2)cc1,0,0.31696537163511956
3,BRD4,COc1ccc(C(=O)/C=C/C(=O)N2CCN(C(=O)C[C@@H]3N=C(c4ccc(Cl)cc4)c4c(sc(C)c4C)-n4c(C)nnc43)CC2)c(Cl)c1,1,0.3239480556178035
3,BRD4,COc1ccc(C(=O)/C=C/C(=O)N2CCN(C(=O)C[C@@H]3N=C(c4ccc(Cl)cc4)c4c(sc(C)c4C)-n4c(C)nnc43)CC2)c(F)c1,1,0.3210006081703561
3,BRD4,COc1ccc(C(=O)/C=C/C(=O)N2CCN(C(=O)C[C@@H]3N=C(c4ccc(Cl)cc4)c4c(sc(C)c4C)-n4c(C)nnc43)CC2)cc1F,1,0.3210006081703561
3,BRD4,COc1ccc(C(=O)/C=C/C(=O)N2CCN(C(=O)C[C@@H]3N=C(c4ccc(Cl)cc4)c4c(sc(C)c4C)-n4c(C)nnc43)C[C@H]2C)cc1,1,0.3054687935077634
3,BRD4,COc1ccc(C(=O)/C=C/C(=O)N2CCN(C(=O)C[C@@H]3N=C(c4ccc(Cl)cc4)c4c(sc(C)c4C)-n4c(C)nnc43)[C@@H](C)C2)cc1,1,0.3054687935077634
3,BRD4,COc1ccc(C(=O)/C=C/C(=O)N2CCN(C(=O)C[C@@H]3N=C(c4ccc(Cl)cc4)c4c(sc(C)c4C)-n4c(C)nnc43)[C@H](C)C2)cc1,1,0.3054687935077634
3,BRD4,COc1ccc(C(=O)/C=C/C(=O)N2[C@H](C)CN(C(=O)C[C@@H]3N=C(c4ccc(Cl)cc4)c4c(sc(C)c4C)-n4c(C)nnc43)C[C@@H]2C)cc1,1,0.2960451307648787
3,GSPT1,COc1ccc(CNc2cccc3c2C(=O)N(C2CCC(=O)NC2=O)C3=O)cc1C(=O)N[C@H]1CC[C@H](c2nc3cc(N)ccc3s2)CC1,1,0.7143632182871891
3,GSPT1,COc1ccc(CNc2cccc3c2C(=O)N(C2CCC(=O)NC2=O)C3=O)cc1C(=O)N[C@H]1CC[C@H](c2nc3cc(N)cnc3s2)CC1,1,0.7143632182871891
3,GSPT1,COc1ccc(CNc2cccc3c2C(=O)N(C2CCC(=O)NC2=O)C3=O)cc1C(=O)N[C@H]1CC[C@H](c2nc3cccnc3s2)CC1,1,0.7228022742604554
3,GSPT1,COc1ccc(CNc2cccc3c2C(=O)N(C2CCC(=O)NC2=O)C3=O)cc1C(=O)N[C@H]1CC[C@H](c2nc3ccncc3n2C)CC1,1,0.6916794771095159
3,GSPT1,COc1ccc(CNc2cccc3c2C(=O)N(C2CCC(=O)NC2=O)C3=O)cc1C(=O)N[C@H]1CC[C@H](c2nc3ccncc3s2)CC1,1,0.7228022742604554
3,GSPT1,COc1ccc(CNc2cccc3c2C(=O)N(C2CCC(=O)NC2=O)C3=O)cc1C(=O)N[C@H]1CC[C@H](c2nc3ncccc3s2)CC1,1,0.740151059167305
3,GSPT1,COc1ccc(Cc2cn(Cc3ccc4c(c3)CN(C3CCC(=O)NC3=O)C4=O)nn2)cc1,1,0.599321333814362
3,WIZ,COc1ccc(N2CCC(CN3CCN(Cc4ccn5ncc(N6CCC(=O)NC6=O)c5c4)C[C@@H]3C)CC2)nc1,0,0.2435738351297714
3,BRD4,COc1ccc(NC(=O)/C=C/C(=O)N2CCN(C(=O)C[C@@H]3N=C(c4ccc(Cl)cc4)c4c(sc(C)c4C)-n4c(C)nnc43)CC2)cc1,0,0.33447609096051373
3,GSPT1,COc1ccc(NC(=O)Cc2ccc3c(c2)CN(C2CCC(=O)NC2=O)C3=O)cc1,1,0.5833574136494535
3,GSPT1,COc1ccc(NC(=O)OCc2ccc3cc(C4CCC(=O)NC4=O)c(C)nc3c2)nn1,1,0.6847417083747055
3,BRD4,COc1ccc2c(c1)CCCN2C(=O)/C=C/C(=O)N1CCN(C(=O)C[C@@H]2N=C(c3ccc(Cl)cc3)c3c(sc(C)c3C)-n3c(C)nnc32)CC1,0,0.3239480556178035
3,BRD4,COc1ccc2c(c1)CCN(C(=O)/C=C/C(=O)N1CCN(C(=O)C[C@@H]3N=C(c4ccc(Cl)cc4)c4c(sc(C)c4C)-n4c(C)nnc43)CC1)C2,0,0.3239480556178035
3,GSPT1,COc1ccc2c(c1)nc(C1CCC(NC(=O)c3cccc(CNc4cccc5c4C(=O)N(C4CCC(=O)NC4=O)C5=O)c3)CC1)n2C,1,0.6916794771095159
3,GSPT1,COc1ccc2c(c1)nc([C@H]1CC[C@H](COc3cc(CNc4cccc5c4C(=O)N(C4CCC(=O)NC4=O)C5=O)ccn3)CC1)n2C,1,0.6958430536931154
3,GSPT1,COc1ccc2c(c1)nc([C@H]1CC[C@H](NC(=O)c3cc(CNc4cccc5c4C(=O)N(C4CCC(=O)NC4=O)C5=O)ccn3)CC1)n2C,1,0.6916794771095159
3,GSPT1,COc1ccc2nc([C@H]3CC[C@H](C(=O)Nc4cccc(CNc5cccc6c5C(=O)N(C5CCC(=O)NC5=O)C6=O)c4)CC3)sc2n1,1,0.7221584351938818
3,BRD4,COc1cccc(C(=O)/C=C/C(=O)N2CCN(C(=O)C[C@@H]3N=C(c4ccc(Cl)cc4)c4c(sc(C)c4C)-n4c(C)nnc43)CC2)c1,1,0.3239480556178035
3,GSPT1,COc1cccc(C(F)(F)c2cn(Cc3ccc4c(c3)CN(C3CCC(=O)NC3=O)C4=O)nn2)n1,0,0.5996325521226844
3,BRD4,COc1ccccc1C(=O)/C=C/C(=O)N1CCN(C(=O)C[C@@H]2N=C(c3ccc(Cl)cc3)c3c(sc(C)c3C)-n3c(C)nnc32)CC1,1,0.32476623743598526
3,GSPT1,COc1cnc(NC(=O)OCc2ccc3cc(C4CCC(=O)NC4=O)c(C)nc3c2)cn1,1,0.6959708340764318
3,GSPT1,COc1cnc2sc([C@H]3CC[C@H](C(=O)Nc4cccc(CNc5cccc6c5C(=O)N(C5CCC(=O)NC5=O)C6=O)c4)CC3)nc2c1,1,0.7228022742604554
3,GSPT1,COc1ncc(CN2CCC(c3ccc4c5c(cccc35)N(C3CCC(=O)NC3=O)C4=O)CC2)cn1,0,0.6009293738445896
3,SALL4,COc1ncc(CN2CCC(c3ccc4c5c(cccc35)N(C3CCC(=O)NC3=O)C4=O)CC2)cn1,0,0.2842331651561768
3,GSPT1,COc1ncc(CNc2cccc3c2C(=O)N(C2CCC(=O)NC2=O)C3=O)cc1C(=O)N[C@H]1CC[C@H](c2nc3cccnc3s2)CC1,1,0.7221584351938818
3,BCL6,C[C@@H]1C[C@H](C)CN(c2ncc(Cl)c(Nc3cc4c5c(c3)cc(OCC(=O)N(C)C)c(=O)n5CCO4)n2)C1,0,0.4040286557556404
3,BCL6,C[C@@H]1C[C@H](C)CN(c2ncc(Cl)c(Nc3cc4c5c(c3)n(CCC(C)(C)O)c(=O)n5CCO4)n2)C1,1,0.3752974127743635
3,WIZ,C[C@H]1CN(Cc2ccc3occ(N4CCC(=O)NC4=O)c3c2)CCN1CC1CCN(c2ccc(C#N)cc2)CC1,1,0.23093267590053818
3,WIZ,C[C@H]1CN(Cc2ccc3occ(N4CCC(=O)NC4=O)c3c2)CCN1CC1CCN(c2ccc(C#N)cn2)CC1,1,0.2354599600557841
3,WIZ,C[C@H]1CN(Cc2ccc3occ(N4CCC(=O)NC4=O)c3c2)CCN1CC1CCN(c2ccc(Cl)cn2)CC1,1,0.2142856091143279
3,WIZ,C[C@H]1CN(Cc2ccc3occ(N4CCC(=O)NC4=O)c3c2)CCN1CC1CCN(c2ccc(F)cc2F)CC1,0,0.2204853090860661
3,WIZ,C[C@H]1CN(Cc2ccc3occ(N4CCC(=O)NC4=O)c3c2)CCN1CC1CCN(c2ccc(F)cn2)CC1,0,0.2230935456222644
3,WIZ,C[C@H]1CN(Cc2ccc3occ(N4CCC(=O)NC4=O)c3c2)CCN1CC1CCN(c2ncc(Cl)cn2)CC1,1,0.21017118979231983
3,WIZ,C[C@H]1CN(Cc2ccc3occ(N4CCC(=O)NC4=O)c3c2)CCN1CC1CCN(c2ncccn2)CC1,0,0.2270472276433577
3,WIZ,C[C@H]1CN(Cc2ccc3onc(N4CCC(=O)NC4=O)c3c2)CCN1CC1CCN(c2ccc(C#N)cc2)CC1,0,0.24939300099145661
3,WIZ,C[C@H]1CN(Cc2ccc3onc(N4CCC(=O)NC4=O)c3c2)CCN1CC1CCN(c2ccc(C#N)cn2)CC1,0,0.24939300099145661
3,WIZ,C[C@H]1CN(Cc2ccc3onc(N4CCC(=O)NC4=O)c3c2)CCN1CC1CCN(c2ccc(Cl)cn2)CC1,0,0.21907341726346327
3,WIZ,C[C@H]1CN(Cc2ccn3nc(F)c(N4CCC(=O)NC4=O)c3c2)CCN1C1CCC(c2ccn(C(F)F)n2)CC1,1,0.2280803828524103
3,WIZ,C[C@H]1CN(Cc2ccn3nc(F)c(N4CCC(=O)NC4=O)c3c2)CCN1C1CCC(c2ccn(C)n2)CC1,1,0.24463985063952517
3,WIZ,C[C@H]1CN(Cc2ccn3nc(F)c(N4CCC(=O)NC4=O)c3c2)CCN1C1CCN(c2ccc(C#N)cc2Cl)CC1,1,0.2177757106869237
3,WIZ,C[C@H]1CN(Cc2ccn3nc(F)c(N4CCC(=O)NC4=O)c3c2)CCN1C1CCN(c2ccc(C#N)cc2F)CC1,1,0.22702016647268386
3,WIZ,C[C@H]1CN(Cc2ccn3nc(F)c(N4CCC(=O)NC4=O)c3c2)CCN1C1CCN(c2ccc(F)cc2)CC1,1,0.22044962722132966
3,WIZ,C[C@H]1CN(Cc2ccn3nc(F)c(N4CCC(=O)NC4=O)c3c2)CCN1C1CCN(c2ccc(F)cc2F)CC1,1,0.22044962722132966
3,WIZ,C[C@H]1CN(Cc2ccn3nc(F)c(N4CCC(=O)NC4=O)c3c2)CCN1CC1CC2CCC(C1)N2c1ncccn1,1,0.2205472796783784
3,WIZ,C[C@H]1CN(Cc2ccn3nc(F)c(N4CCC(=O)NC4=O)c3c2)CCN1CC1CCC(c2cc3n(n2)CCC3)CC1,1,0.2280803828524103
3,WIZ,C[C@H]1CN(Cc2ccn3nc(F)c(N4CCC(=O)NC4=O)c3c2)CCN1CC1CCC(c2ccn(C(F)F)n2)CC1,1,0.2280803828524103
3,WIZ,C[C@H]1CN(Cc2ccn3nc(F)c(N4CCC(=O)NC4=O)c3c2)CCN1CC1CCC(c2ccn(C)n2)CC1,1,0.24463985063952517
3,WIZ,C[C@H]1CN(Cc2ccn3nc(F)c(N4CCC(=O)NC4=O)c3c2)CCN1CC1CCC(c2ccn(C3CC3)n2)CC1,1,0.23115685344064565
3,WIZ,C[C@H]1CN(Cc2ccn3nc(F)c(N4CCC(=O)NC4=O)c3c2)CCN1CC1CCC(c2ccnn2C)CC1,1,0.24463985063952517
3,WIZ,C[C@H]1CN(Cc2ccn3nc(F)c(N4CCC(=O)NC4=O)c3c2)CCN1CC1CCC(c2cnn(C)c2)CC1,1,0.24463985063952517
3,WIZ,C[C@H]1CN(Cc2ccn3nc(F)c(N4CCC(=O)NC4=O)c3c2)CCN1CC1CCC(c2nn(C)cc2F)CC1,1,0.24463985063952517
3,WIZ,C[C@H]1CN(Cc2ccn3nc(F)c(N4CCC(=O)NC4=O)c3c2)CCN1CC1CCC(n2cc(C(F)(F)F)cn2)CC1,1,0.23249135059434578
3,WIZ,C[C@H]1CN(Cc2ccn3nc(F)c(N4CCC(=O)NC4=O)c3c2)CCN1CC1CCC(n2cc(Cl)cn2)CC1,1,0.21870259373331685
3,WIZ,C[C@H]1CN(Cc2ccn3nc(F)c(N4CCC(=O)NC4=O)c3c2)CCN1CC1CCC(n2ccc(C(F)(F)F)n2)CC1,1,0.23249135059434578
3,WIZ,C[C@H]1CN(Cc2ccn3nc(F)c(N4CCC(=O)NC4=O)c3c2)CCN1CC1CCC(n2ccc(C3CC3)n2)CC1,1,0.23115685344064565
3,WIZ,C[C@H]1CN(Cc2ccn3nc(F)c(N4CCC(=O)NC4=O)c3c2)CCN1CC1CCN(C(=O)C2CC2)CC1,1,0.23442614939960893
3,WIZ,C[C@H]1CN(Cc2ccn3nc(F)c(N4CCC(=O)NC4=O)c3c2)CCN1CC1CCN(C(=O)N(C)C)CC1,1,0.25249411350976836
3,WIZ,C[C@H]1CN(Cc2ccn3nc(F)c(N4CCC(=O)NC4=O)c3c2)CCN1CC1CCN(c2cc(C(F)(F)F)n(C)n2)CC1,1,0.23785389197453424
3,WIZ,C[C@H]1CN(Cc2ccn3nc(F)c(N4CCC(=O)NC4=O)c3c2)CCN1CC1CCN(c2cc(F)c(F)cc2F)CC1,1,0.22044962722132966
3,WIZ,C[C@H]1CN(Cc2ccn3nc(F)c(N4CCC(=O)NC4=O)c3c2)CCN1CC1CCN(c2ccc(C#N)c(Cl)c2)CC1,1,0.2177757106869237
3,WIZ,C[C@H]1CN(Cc2ccn3nc(F)c(N4CCC(=O)NC4=O)c3c2)CCN1CC1CCN(c2ccc(C#N)cc2)CC1,1,0.22702016647268386
3,WIZ,C[C@H]1CN(Cc2ccn3nc(F)c(N4CCC(=O)NC4=O)c3c2)CCN1CC1CCN(c2ccc(C#N)cc2Cl)CC1,1,0.2177757106869237
3,WIZ,C[C@H]1CN(Cc2ccn3nc(F)c(N4CCC(=O)NC4=O)c3c2)CCN1CC1CCN(c2ccc(C#N)cc2F)CC1,1,0.22702016647268386
3,WIZ,C[C@H]1CN(Cc2ccn3nc(F)c(N4CCC(=O)NC4=O)c3c2)CCN1CC1CCN(c2ccc(C#N)cn2)CC1,1,0.21913847186390306
3,WIZ,C[C@H]1CN(Cc2ccn3nc(F)c(N4CCC(=O)NC4=O)c3c2)CCN1CC1CCN(c2ccc(C#N)nc2)CC1,1,0.22702016647268386
3,WIZ,C[C@H]1CN(Cc2ccn3nc(F)c(N4CCC(=O)NC4=O)c3c2)CCN1CC1CCN(c2ccc(C(F)(F)F)cc2F)CC1,1,0.22532059496326512
3,WIZ,C[C@H]1CN(Cc2ccn3nc(F)c(N4CCC(=O)NC4=O)c3c2)CCN1CC1CCN(c2ccc(C(F)(F)F)cn2)CC1,1,0.21715318606877004
3,WIZ,C[C@H]1CN(Cc2ccn3nc(F)c(N4CCC(=O)NC4=O)c3c2)CCN1CC1CCN(c2ccc(Cl)cn2)CC1,1,0.20424688675019861
3,WIZ,C[C@H]1CN(Cc2ccn3nc(F)c(N4CCC(=O)NC4=O)c3c2)CCN1CC1CCN(c2ccc(F)cc2)CC1,1,0.22044962722132966
3,WIZ,C[C@H]1CN(Cc2ccn3nc(F)c(N4CCC(=O)NC4=O)c3c2)CCN1CC1CCN(c2ccc(F)cc2F)CC1,1,0.22044962722132966
3,WIZ,C[C@H]1CN(Cc2ccn3nc(F)c(N4CCC(=O)NC4=O)c3c2)CCN1CC1CCN(c2ccc3nn(C)cc3c2)CC1,1,0.24463985063952517
3,WIZ,C[C@H]1CN(Cc2ccn3nc(F)c(N4CCC(=O)NC4=O)c3c2)CCN1CC1CCN(c2ccn(C)n2)CC1,1,0.23620514645482096
3,WIZ,C[C@H]1CN(Cc2ccn3nc(F)c(N4CCC(=O)NC4=O)c3c2)CCN1CC1CCN(c2ccn(C3CC3)n2)CC1,1,0.22243062101673877
3,WIZ,C[C@H]1CN(Cc2ccn3nc(F)c(N4CCC(=O)NC4=O)c3c2)CCN1CC1CCN(c2ccn(CC(F)(F)F)n2)CC1,1,0.22376511817043893
3,WIZ,C[C@H]1CN(Cc2ccn3nc(F)c(N4CCC(=O)NC4=O)c3c2)CCN1CC1CCN(c2cscn2)CC1,1,0.3490623770569934
3,WIZ,C[C@H]1CN(Cc2ccn3nc(F)c(N4CCC(=O)NC4=O)c3c2)CCN1CC1CCN(c2ncc(C(F)(F)F)cn2)CC1,1,0.22315392829659844
3,WIZ,C[C@H]1CN(Cc2ccn3nc(F)c(N4CCC(=O)NC4=O)c3c2)CCN1CC1CCN(c2ncc(C3CC3)cn2)CC1,1,0.22162030070811564
3,WIZ,C[C@H]1CN(Cc2ccn3nc(F)c(N4CCC(=O)NC4=O)c3c2)CCN1CC1CCN(c2ncc(Cl)cn2)CC1,1,0.2077051714355695
3,WIZ,C[C@H]1CN(Cc2ccn3nc(F)c(N4CCC(=O)NC4=O)c3c2)CCN1CC1CCN(c2ncc(F)cn2)CC1,1,0.21828296055466295
3,WIZ,C[C@H]1CN(Cc2ccn3nc(F)c(N4CCC(=O)NC4=O)c3c2)CCN1CC1CCN(c2ncccc2Cl)CC1,1,0.20424688675019861
3,WIZ,C[C@H]1CN(Cc2ccn3nc(F)c(N4CCC(=O)NC4=O)c3c2)CCN1CC1CCN(c2ncccc2F)CC1,1,0.21228221832683455
3,WIZ,C[C@H]1CN(Cc2ccn3nc(F)c(N4CCC(=O)NC4=O)c3c2)CCN1CC1CCN(c2ncccn2)CC1,1,0.21828296055466295
3,WIZ,C[C@H]1CN(Cc2ccn3nc(F)c(N4CCC(=O)NC4=O)c3c2)CCN1CC1CCN(c2ncn(C)n2)CC1,1,0.2379731839728585
3,WIZ,C[C@H]1CN(Cc2ccn3nc(F)c(N4CCC(=O)NC4=O)c3c2)CCN1CC1CCN(c2ncns2)CC1,1,0.4019466760363506
3,WIZ,C[C@H]1CN(Cc2ccn3nc(F)c(N4CCC(=O)NC4=O)c3c2)CCN1C[C@@H]1[C@@H]2C[C@H]1CN(c1ncccn1)C2,1,0.20626911874675335
3,WIZ,C[C@H]1CN(Cc2ccn3nc(F)c(N4CCC(=O)NC4=O)c3c2)CCN1C[C@H]1CC[C@@H](c2ccn(C)n2)CC1,1,0.24463985063952517
3,WIZ,C[C@H]1CN(Cc2ccn3nc(F)c(N4CCC(=O)NC4=O)c3c2)CCN1C[C@H]1CC[C@@H](n2cc(F)cn2)CC1,1,0.2280803828524103
3,WIZ,C[C@H]1CN(Cc2ccn3nc(F)c(N4CCC(=O)NC4=O)c3c2)CCN1C[C@H]1CC[C@H](c2ccn(C)n2)CC1,1,0.24463985063952517
3,WIZ,C[C@H]1CN(Cc2ccn3nc(F)c(N4CCC(=O)NC4=O)c3c2)CCN1C[C@H]1CC[C@H](c2ccnn2C)CC1,1,0.24463985063952517
3,WIZ,C[C@H]1CN(Cc2ccn3nc(F)c(N4CCC(=O)NC4=O)c3c2)CCN1C[C@H]1CC[C@H](n2cc(F)cn2)CC1,1,0.2280803828524103
3,WIZ,C[C@H]1CN(Cc2ccn3nc(F)c(N4CCC(=O)NC4=O)c3c2)CCN1C[C@H]1[C@@H]2C[C@H]1CN(c1ncccn1)C2,1,0.20626911874675335
3,WIZ,C[C@H]1CN(Cc2ccn3ncc(N4CCC(=O)NC4=O)c3c2)CCN1CC1CCN(c2cc(Cl)ccn2)CC1,1,0.20483341557225382
3,WIZ,C[C@H]1CN(Cc2ccn3ncc(N4CCC(=O)NC4=O)c3c2)CCN1CC1CCN(c2ccc(C#N)c(F)c2)CC1,0,0.22702016647268386
3,WIZ,C[C@H]1CN(Cc2ccn3ncc(N4CCC(=O)NC4=O)c3c2)CCN1CC1CCN(c2ccc(C#N)cc2)CC1,1,0.2363975715043492
3,WIZ,C[C@H]1CN(Cc2ccn3ncc(N4CCC(=O)NC4=O)c3c2)CCN1CC1CCN(c2ccc(C#N)cc2F)CC1,0,0.22702016647268386
3,WIZ,C[C@H]1CN(Cc2ccn3ncc(N4CCC(=O)NC4=O)c3c2)CCN1CC1CCN(c2ccc(C#N)cn2)CC1,1,0.23138492451461604
3,WIZ,C[C@H]1CN(Cc2ccn3ncc(N4CCC(=O)NC4=O)c3c2)CCN1CC1CCN(c2ccc(C#N)nc2)CC1,0,0.2363975715043492
3,WIZ,C[C@H]1CN(Cc2ccn3ncc(N4CCC(=O)NC4=O)c3c2)CCN1CC1CCN(c2ccc(Cl)c(F)c2)CC1,1,0.20987183810223614
3,WIZ,C[C@H]1CN(Cc2ccn3ncc(N4CCC(=O)NC4=O)c3c2)CCN1CC1CCN(c2ccc(Cl)cc2)CC1,0,0.20947027168619606
3,WIZ,C[C@H]1CN(Cc2ccn3ncc(N4CCC(=O)NC4=O)c3c2)CCN1CC1CCN(c2ccc(Cl)cc2F)CC1,1,0.20987183810223614
3,WIZ,C[C@H]1CN(Cc2ccn3ncc(N4CCC(=O)NC4=O)c3c2)CCN1CC1CCN(c2ccc(Cl)cn2)CC1,1,0.20483341557225382
3,WIZ,C[C@H]1CN(Cc2ccn3ncc(N4CCC(=O)NC4=O)c3c2)CCN1CC1CCN(c2ccc(F)c(Cl)c2)CC1,0,0.20987183810223614
3,WIZ,C[C@H]1CN(Cc2ccn3ncc(N4CCC(=O)NC4=O)c3c2)CCN1CC1CCN(c2ccc(F)cc2)CC1,0,0.22158496556719434
3,WIZ,C[C@H]1CN(Cc2ccn3ncc(N4CCC(=O)NC4=O)c3c2)CCN1CC1CCN(c2ccc(F)cc2F)CC1,0,0.22044962722132966
3,WIZ,C[C@H]1CN(Cc2ccn3ncc(N4CCC(=O)NC4=O)c3c2)CCN1CC1CCN(c2ccc(F)cn2)CC1,1,0.21370327095841352
3,WIZ,C[C@H]1CN(Cc2ccn3ncc(N4CCC(=O)NC4=O)c3c2)CCN1CC1CCN(c2cccnn2)CC1,0,0.23810534093395433
3,WIZ,C[C@H]1CN(Cc2ccn3ncc(N4CCC(=O)NC4=O)c3c2)CCN1CC1CCN(c2ccncc2F)CC1,1,0.22044962722132966
3,WIZ,C[C@H]1CN(Cc2ccn3ncc(N4CCC(=O)NC4=O)c3c2)CCN1CC1CCN(c2ccncn2)CC1,0,0.22452867097754756
3,WIZ,C[C@H]1CN(Cc2ccn3ncc(N4CCC(=O)NC4=O)c3c2)CCN1CC1CCN(c2cnccn2)CC1,0,0.22452867097754756
3,WIZ,C[C@H]1CN(Cc2ccn3ncc(N4CCC(=O)NC4=O)c3c2)CCN1CC1CCN(c2ncc(Cl)cn2)CC1,0,0.20730360501952944
3,WIZ,C[C@H]1CN(Cc2ccn3ncc(N4CCC(=O)NC4=O)c3c2)CCN1CC1CCN(c2ncccn2)CC1,0,0.22737465130061404
3,WIZ,C[C@H]1CN(Cc2ccn3ncc(N4CCC(=O)NC4=O)c3c2)CCN1CC1CCN(c2nccs2)CC1,1,0.39116671479267767
3,WIZ,C[C@H]1CN(Cc2cnn3nc(F)c(N4CCC(=O)NC4=O)c3c2)CCN1CC1CCN(c2ccc3c(cnn3C)c2)CC1,1,0.24313985063952517
3,GSPT1,Cc1c(-c2c(-c3ccc4c(c3)CN(C3CCC(=O)NC3=O)C4=O)cnn2C)cnn1-c1ccccc1,1,0.6378923559202976
3,GSPT1,Cc1c(Cl)cc(N)cc1CN1CCN(C)CC1,0,0.5094935097847365
3,GSPT1,Cc1c(Cl)cc(NC(=O)CCc2ccc3c(c2)C(=O)N(C2CCC(=O)NC2=O)C3)cc1CN1CC(O)C1,0,0.49690546994478085
3,GSPT1,Cc1c(Cl)cc(NC(=O)CCc2ccc3c(c2)C(=O)N(C2CCC(=O)NC2=O)C3)cc1CN1CC2(COC2)C1,1,0.5979329704836495
3,GSPT1,Cc1c(Cl)cc(NC(=O)CCc2ccc3c(c2)C(=O)N(C2CCC(=O)NC2=O)C3)cc1CN1CCC(N2CCOCC2)CC1,0,0.6515622453402551
3,GSPT1,Cc1c(Cl)cc(NC(=O)CCc2ccc3c(c2)C(=O)N(C2CCC(=O)NC2=O)C3)cc1CN1CCOCC1,1,0.6491440782526834
3,GSPT1,Cc1c(Cl)cc(NC(=O)NCc2ccc3c(C4CCC(=O)NC4=O)coc3c2)cc1OCCN1CCOCC1,1,0.740266566082993
3,GSPT1,Cc1c(Cl)cc(NC(=O)NCc2ccc3c(C4CCC(=O)NC4=O)noc3c2)cc1OCCN1CCOCC1,1,0.6554962182675796
3,GSPT1,Cc1c(Cl)cccc1S(=O)(=O)Nc1ccc2c(c1)C(=O)N(C1CCC(=O)NC1=O)C2=O,0,0.6155052045844172
3,GSPT1,Cc1c(F)ccc(S(=O)(=O)Nc2ccc3c(c2)C(=O)N(C2CCC(=O)NC2=O)C3=O)c1Br,0,0.6192557428046702
3,GSPT1,Cc1c(F)ccc(S(=O)(=O)Nc2ccc3c(c2)C(=O)N(C2CCC(=O)NC2=O)C3=O)c1C,0,0.6302371599877838
3,GSPT1,Cc1c(F)ccc(S(=O)(=O)Nc2ccc3c(c2)C(=O)N(C2CCC(=O)NC2=O)C3=O)c1Cl,0,0.6202852326348562
3,GSPT1,Cc1c(F)ccc(S(=O)(=O)Nc2ccc3c(c2)C(=O)N(C2CCC(=O)NC2=O)C3=O)c1OC(F)(F)F,0,0.6498269838284473
3,GSPT1,Cc1c(F)ccc(S(=O)(=O)Nc2ccc3c(c2)C(=O)N(C2CCC(=O)NC2=O)C3=O)c1OC(F)F,0,0.6498269838284473
3,PTPN1,Cc1cc(-c2nnc(-c3cc(OCc4ccc(S(C)(=O)=O)cc4)c4sc(C(F)(F)P(=O)(O)O)c(Br)c4c3)[nH]2)c(C)n1-c1ccc2c(C3CCC(=O)NC3=O)nn(C)c2c1,1,0.6907548456552454
3,SALL4,Cc1cc(C)nc(-c2ccc3c4c(cccc24)N(C2CCC(=O)NC2=O)C3=O)n1,1,0.28905736373762697
3,WIZ,Cc1cc(Cl)cnc1N1CCC(CN2CCN(Cc3ccn4ncc(N5CCC(=O)NC5=O)c4c3)C[C@@H]2C)CC1,1,0.21717708567506686
3,WIZ,Cc1cc(N2CCC(CN3CCC(Cc4ccn5nc(F)c(N6CCC(=O)NC6=O)c5c4)C[C@@H]3C)CC2)nn1C,1,0.24889562264529716
3,WIZ,Cc1cc(N2CCC(CN3CCN(Cc4ccn5nc(F)c(N6CCC(=O)NC6=O)c5c4)C[C@@H]3C)CC2)nn1C(C)C,1,0.24996848009740885
3,WIZ,Cc1cc(N2CCC(CN3CCN(Cc4ccn5nc(F)c(N6CCC(=O)NC6=O)c5c4)C[C@@H]3C)CC2)no1,1,0.259060626908684
3,WIZ,Cc1cc(N2CCC(CN3CCN(Cc4ccn5ncc(N6CCC(=O)NC6=O)c5c4)C[C@@H]3C)CC2)ncc1Cl,0,0.21717708567506686
3,GSPT1,Cc1ccc(C(F)(F)c2cn(Cc3ccc4c(c3)CN(C3CCC(=O)NC3=O)C4=O)nn2)cn1,1,0.5947343898137946
3,GSPT1,Cc1ccc(CN2CCC(c3ccc4c5c(cccc35)N(C3CCC(=O)NC3=O)C4=O)CC2)cc1F,0,0.5338550935151214
3,SALL4,Cc1ccc(CN2CCC(c3ccc4c5c(cccc35)N(C3CCC(=O)NC3=O)C4=O)CC2)cc1F,0,0.26918050020932976
3,GSPT1,Cc1ccc(CNC(=O)Cc2ccc3c(c2)CN(C2CCC(=O)NC2=O)C3=O)cc1,1,0.5241167431876667
3,GSPT1,Cc1ccc(F)c(CNCc2ccc3c4c(cccc24)N(C2CCC(=O)NC2=O)C3=O)c1,0,0.6167833889320037
3,SALL4,Cc1ccc(F)c(CNCc2ccc3c4c(cccc24)N(C2CCC(=O)NC2=O)C3=O)c1,1,0.2998295845302463
3,WIZ,Cc1ccc(N2CCC(CN3CCN(Cc4ccn5nc(F)c(N6CCC(=O)NC6=O)c5c4)C[C@@H]3C)CC2)c(F)c1,1,0.23130774235143967
3,WIZ,Cc1ccc(N2CCC(CN3CCN(Cc4ccn5nc(F)c(N6CCC(=O)NC6=O)c5c4)C[C@@H]3C)CC2)nc1,1,0.22439614741043296
3,WIZ,Cc1ccc(N2CCC(CN3CCN(Cc4ccn5ncc(N6CCC(=O)NC6=O)c5c4)C[C@@H]3C)CC2)nc1,0,0.23100353520443404
3,GSPT1,Cc1ccc(NC(=O)C(C)Cc2ccc3c(c2)CN(C2CCC(=O)NC2=O)C3=O)cc1Cl,0,0.583640487861119
3,GSPT1,Cc1ccc(NC(=O)CC(C)c2ccc3c(c2)C(=O)N(C2CCC(=O)NC2=O)C3)cc1Cl,0,0.583640487861119
3,GSPT1,Cc1ccc(NC(=O)CCc2ccc3c(c2)C(=O)N(C2CCCC(=O)NC2=O)C3)cc1Cl,0,0.5732781926986068
3,GSPT1,Cc1ccc(NC(=O)CCc2ccc3c(c2)CN(C2CCC(=O)NC2=O)C3=O)cc1Cl,0,0.5728781926986068
3,GSPT1,Cc1ccc(NC(=O)CCc2cccc3c2C(=O)N(C2CCC(=O)NC2=O)C3=O)cc1Cl,0,0.6007495364337971
3,GSPT1,Cc1ccc(NC(=O)CCc2cnc3c(c2)C(=O)N(C2CCC(=O)NC2=O)C3)cc1Cl,0,0.6054787150265841
3,GSPT1,Cc1ccc(NC(=O)CNc2ccc3c(c2)C(=O)N(C2CCC(=O)NC2=O)C3)cc1Cl,0,0.5744673988258974
3,GSPT1,Cc1ccc(NC(=O)COc2ccc3c(c2)C(=O)N(C2CCC(=O)NC2=O)C3)cc1Cl,0,0.6521944459406137
3,GSPT1,Cc1ccc(NC(=O)NCc2ccc3nc(C)c(N4CCC(=O)NC4=O)cc3c2)cc1Cl,1,0.6525525960441458
3,GSPT1,Cc1ccc(NC(=O)OCc2cc3nc(C)c(C4CCC(=O)NC4=O)cc3cc2F)cc1Cl,1,0.6515772101130569
3,GSPT1,Cc1ccc(NC(=O)OCc2ccc3c(C)c(C4CCC(=O)NC4=O)c(C)nc3c2)cc1Cl,1,0.6615201292883899
3,GSPT1,Cc1ccc(NC(=O)OCc2ccc3c(c2C)C(=O)N(C2CCC(=O)NC2=O)C3)cc1Cl,0,0.6383179323827507
3,GSPT1,Cc1ccc(NC(=O)OCc2ccc3c(c2Cl)C(=O)N(C2CCC(=O)NC2=O)C3)cc1Cl,0,0.6213569141905481
3,GSPT1,Cc1ccc(NC(=O)OCc2ccc3cc(C4CCC(=O)NC4=O)c(C)nc3c2)c(Cl)c1Cl,1,0.6575643000601467
3,GSPT1,Cc1ccc(NC(=O)OCc2ccc3cc(C4CCC(=O)NC4=O)c(C)nc3c2F)cc1Cl,1,0.6515772101130569
3,GSPT1,Cc1ccc(NC(=O)OCc2ccc3cc([C@@H]4CCC(=O)NC4=O)c(C)nc3c2)cc1Cl,1,0.6575643000601467
3,GSPT1,Cc1ccc(NC(=O)OCc2ccc3cc([C@H]4CCC(=O)NC4=O)c(C)nc3c2)cc1Cl,1,0.6575643000601467
3,GSPT1,Cc1ccc(O)c(-c2cn(Cc3ccc4c(c3)CN(C3CCC(=O)NC3=O)C4=O)nn2)c1,1,0.6102297867188881
3,GSPT1,Cc1ccc(Oc2cn(Cc3ccc4c(c3)CN(C3CCC(=O)NC3=O)C4=O)nn2)cc1,1,0.6063987285514809
3,GSPT1,Cc1cccc(S(=O)(=O)Nc2ccc3c(c2)C(=O)N(C2CCC(=O)NC2=O)C3=O)c1Br,0,0.615817999954411
3,GSPT1,Cc1cccc(S(=O)(=O)Nc2ccc3c(c2)C(=O)N(C2CCC(=O)NC2=O)C3=O)c1C,0,0.6140630866315455
3,GSPT1,Cc1cccc(S(=O)(=O)Nc2ccc3c(c2)C(=O)N(C2CCC(=O)NC2=O)C3=O)c1C(F)(F)F,0,0.6231573595123039
3,GSPT1,Cc1cccc(S(=O)(=O)Nc2ccc3c(c2)C(=O)N(C2CCC(=O)NC2=O)C3=O)c1Cl,0,0.6155052045844172
3,GSPT1,Cc1cccc(S(=O)(=O)Nc2ccc3c(c2)C(=O)N(C2CCC(=O)NC2=O)C3=O)c1I,0,0.6189132380496492
3,GSPT1,Cc1cccc(S(=O)(=O)Nc2ccc3c(c2)C(=O)N(C2CCC(=O)NC2=O)C3=O)c1OC(F)(F)F,0,0.6480211946806368
3,GSPT1,Cc1cccc(S(=O)(=O)Nc2ccc3c(c2)C(=O)N(C2CCC(=O)NC2=O)C3=O)c1OC(F)F,0,0.6480211946806368
3,GSPT1,Cc1ccccc1NC(=O)Cc1ccc2c(c1)CN(C1CCC(=O)NC1=O)C2=O,0,0.568609898044133
3,WIZ,Cc1ccnc(N2CCC(CN3CCN(Cc4ccn5nc(F)c(N6CCC(=O)NC6=O)c5c4)C[C@@H]3C)CC2)n1,1,0.228141075684773
3,WIZ,Cc1cn(C)nc1C1CCC(CN2CCN(Cc3ccn4nc(F)c(N5CCC(=O)NC5=O)c4c3)C[C@@H]2C)CC1,1,0.25733032683000134
3,WIZ,Cc1cnc(N2CCC(CN3CCN(Cc4ccn5nc(F)c(N6CCC(=O)NC6=O)c5c4)C[C@@H]3C)CC2)nc1,1,0.228141075684773
3,WIZ,Cc1cnc(N2CC[C@@H](CN3CCN(Cc4ccn5nc(F)c(N6CCC(=O)NC6=O)c5c4)C[C@@H]3C)C2)nc1,1,0.228141075684773
3,WIZ,Cc1cnn(C2CCC(N3CCN(Cc4ccn5nc(F)c(N6CCC(=O)NC6=O)c5c4)C[C@@H]3C)CC2)c1,1,0.24365381889349344
3,WIZ,Cc1nc(N2CCC(CN3CCN(Cc4ccn5ncc(N6CCC(=O)NC6=O)c5c4)C[C@@H]3C)CC2)ccc1Cl,0,0.21717708567506686
3,GSPT1,Cc1nc(NC(=O)OCc2ccc3c(c2)C(=O)N(C2CCC(=O)NC2=O)C3)ncc1C(F)(F)F,1,0.667802232806401
3,GSPT1,Cc1nc2cc(COC(=O)NC3CCC(C(C)(C)C)CC3)ccc2cc1C1CCC(=O)NC1=O,1,0.6225465574442844
3,GSPT1,Cc1nc2cc(COC(=O)Nc3cc(C(C)(C)C)n[nH]3)ccc2cc1C1CCC(=O)NC1=O,1,0.6575807852008432
3,GSPT1,Cc1nc2cc(COC(=O)Nc3cc(C(C)(C)C)no3)ccc2cc1N1CCC(=O)NC1=O,1,0.6442771006932774
3,GSPT1,Cc1nc2cc(COC(=O)Nc3cc(C(C)(C)C)on3)ccc2cc1C1CCC(=O)NC1=O,1,0.6709020145529576
3,GSPT1,Cc1nc2cc(COC(=O)Nc3cc(C(F)(F)F)n[nH]3)ccc2cc1C1CCC(=O)NC1=O,1,0.6358621417540613
3,GSPT1,Cc1nc2cc(COC(=O)Nc3cc(C(F)(F)F)no3)ccc2cc1C1CCC(=O)NC1=O,1,0.6392126977798496
3,GSPT1,Cc1nc2cc(COC(=O)Nc3cc(C4(C(F)(F)F)CC4)no3)ccc2cc1C1CCC(=O)NC1=O,1,0.6341709983800586
3,GSPT1,Cc1nc2cc(COC(=O)Nc3ccc(N4CCOCC4)nc3)ccc2cc1C1CCC(=O)NC1=O,1,0.6569652953578732
3,GSPT1,Cc1nc2cc(COC(=O)Nc3cccc(-c4ccccc4)c3)ccc2cc1C1CCC(=O)NC1=O,1,0.6543826760270484
3,GSPT1,Cc1nc2cc(COC(=O)Nc3nc(C(C)(C)C)no3)ccc2cc1C1CCC(=O)NC1=O,1,0.6567196095344043
3,GSPT1,Cc1nc2ccc(CNC(=O)Nc3cc(C(C)(C)C)no3)cc2cc1N1CCC(=O)NC1=O,1,0.613855026716595
3,GSPT1,Cc1nc2ccc(COC(=O)Nc3cc(C(C)(C)C)no3)cc2cc1N1CCC(=O)NC1=O,1,0.6442771006932774
3,WIZ,Cc1ncc(C2CCC(CN3CCN(Cc4ccn5nc(F)c(N6CCC(=O)NC6=O)c5c4)C[C@@H]3C)CC2)cn1,1,0.22439614741043296
3,GSPT1,Cc1ncc(NC(=O)OCc2ccc3cc(C4CCC(=O)NC4=O)c(C)nc3c2)cc1Cl,1,0.6392368667797123
3,PTPN1,Cc1nn(-c2nnc(-c3cc(OCc4ccc(S(C)(=O)=O)cc4)c4sc(C(F)(F)P(=O)(O)O)c(Br)c4c3)[nH]2)c(C)c1-c1ccc2c(C3CCC(=O)NC3=O)nn(C)c2c1,1,0.6846647362032937
3,WIZ,Cc1nn(C2CCC(CN3CCN(Cc4ccn5nc(F)c(N6CCC(=O)NC6=O)c5c4)C[C@@H]3C)CC2)cc1Cl,1,0.2361172996156698
3,PTPN1,Cc1nn(CC(=O)Nc2cc(OCc3ccc(S(C)(=O)=O)cc3)c3sc(C(F)(F)P(=O)(O)O)c(Br)c3c2)c(C)c1-c1ccc2c(C3CCC(=O)NC3=O)nn(C)c2c1,1,0.7265442882788982
3,PTPN1,Cc1nn(CC(=O)Nc2ccc3c(F)c(N4CC(=O)NS4(=O)=O)c4[nH]ncc4c3c2)c(C)c1-c1ccc2c(C3CCC(=O)NC3=O)nn(C)c2c1,1,0.6811414102280775
3,WIZ,Cc1nn2ccc(CN3CCN(CC(C)C)[C@@H](C)C3)cc2c1N1CCC(=O)NC1=O,0,0.24291010956914796
3,BRD4,Cc1sc2c(c1C)C(c1ccc(Cl)cc1)=N[C@@H](CC(=O)N1CCN(C(=O)/C=C/C(=O)N3CCN(C)CC3)CC1)c1nnc(C)n1-2,0,0.29365306622144793
3,BRD4,Cc1sc2c(c1C)C(c1ccc(Cl)cc1)=N[C@@H](CC(=O)N1CCN(C(=O)/C=C/C(=O)N3CCOCC3)CC1)c1nnc(C)n1-2,0,0.3270628574526568
3,BRD4,Cc1sc2c(c1C)C(c1ccc(Cl)cc1)=N[C@@H](CC(=O)N1CCN(C(=O)/C=C/C(=O)c3ccc(F)cc3)CC1)c1nnc(C)n1-2,1,0.3078983684717217
3,BRD4,Cc1sc2c(c1C)C(c1ccc(Cl)cc1)=N[C@@H](CC(=O)N1CCN(C(=O)/C=C/C(=O)c3ccc4c(c3)CCO4)CC1)c1nnc(C)n1-2,1,0.3274064908307729
3,BRD4,Cc1sc2c(c1C)C(c1ccc(Cl)cc1)=N[C@@H](CC(=O)N1CCN(C(=O)/C=C/C(=O)c3ccc4c(c3)OCC4)CC1)c1nnc(C)n1-2,1,0.3274064908307729
3,BRD4,Cc1sc2c(c1C)C(c1ccc(Cl)cc1)=N[C@@H](CC(=O)N1CCN(C(=O)/C=C/C(=O)c3ccccc3)CC1)c1nnc(C)n1-2,1,0.3096791492525025
3,BRD4,Cc1sc2c(c1C)C(c1ccc(Cl)cc1)=N[C@@H](CC(=O)NC1CC(NC(=O)/C=C/C(=O)N3CC4(COC4)C3)C1)c1nnc(C)n1-2,0,0.32414663918403425
3,BRD4,Cc1sc2c(c1C)C(c1ccc(Cl)cc1)=N[C@@H](CC(=O)N[C@H]1C[C@@H](NC(=O)/C=C/C(=O)N3CCOCC3)C1)c1nnc(C)n1-2,0,0.3446160460989584
3,BRD4,Cc1sc2c(c1C)C(c1ccc(Cl)cc1)=N[C@@H](CC(=O)N[C@H]1C[C@H](NC(=O)/C=C/C(=O)N3CC4(COC4)C3)C1)c1nnc(C)n1-2,0,0.32414663918403425
3,BRD4,Cc1sc2c(c1C)C(c1ccc(Cl)cc1)=N[C@@H](CC(=O)N[C@H]1C[C@H](NC(=O)/C=C/C(=O)N3CCOCC3)C1)c1nnc(C)n1-2,0,0.3446160460989584
3,PTPN1,Cn1c(=O)n(C2CCC(=O)NC2=O)c2ccc(-c3ccc(-c4nc(-c5cc(OC6CC(F)(F)C6)c6sc(C(F)(F)P(=O)(O)O)c(Br)c6c5)n[nH]4)cc3)cc21,1,0.6196063431726068
3,PTPN1,Cn1c(=O)n(C2CCC(=O)NC2=O)c2ccc(-c3ccc(-c4nc(-c5cc(OCC(C)(F)F)c6sc(C(F)(F)P(=O)(O)O)c(Br)c6c5)n[nH]4)cc3)cc21,1,0.672690144128702
3,PTPN1,Cn1c(=O)n(C2CCC(=O)NC2=O)c2ccc(-c3ccc(-c4nc(-c5cc(OCC6CC(F)(F)C6)c6sc(C(F)(F)P(=O)(O)O)c(Br)c6c5)n[nH]4)cc3)cc21,1,0.652433913911047
3,PTPN1,Cn1c(=O)n(C2CCC(=O)NC2=O)c2ccc(-c3ccc(-c4nc(-c5cc(OCC6CC6(F)F)c6sc(C(F)(F)P(=O)(O)F)c(Br)c6c5)n[nH]4)cc3)cc21,1,0.6609548341019672
3,PTPN1,Cn1c(=O)n(C2CCC(=O)NC2=O)c2ccc(-c3ccc(-c4nc(-c5cc(OCC6CC6)c6sc(C(F)(F)P(=O)(O)F)c(Br)c6c5)n[nH]4)cc3)cc21,1,0.6609548341019672
3,PTPN1,Cn1c(=O)n(C2CCC(=O)NC2=O)c2ccc(-c3ccc(-c4nc(-c5cc(OCCCC(C)(F)F)c6sc(C(F)(F)P(=O)(O)O)c(Br)c6c5)n[nH]4)cc3)cc21,1,0.6706719623105201
3,PTPN1,Cn1c(=O)n(C2CCC(=O)NC2=O)c2ccc(-c3ccc(-c4nc(-c5cc(OCCCC(F)(F)F)c6sc(C(F)(F)P(=O)(O)O)c(Br)c6c5)n[nH]4)cc3)cc21,1,0.6649060495531827
3,PTPN1,Cn1c(=O)n(C2CCC(=O)NC2=O)c2ccc(-c3ccc(-c4nc(-c5cc(OCCCS(C)(=O)=O)c6sc(C(F)(F)P(=O)(O)O)c(Br)c6c5)n[nH]4)cc3)cc21,1,0.6661965904601481
3,PTPN1,Cn1c(=O)n(C2CCC(=O)NC2=O)c2ccc(-c3ccc(-c4nnc(-c5cc(OCc6ccc(S(C)(=O)=O)cc6)c6sc(C(F)(F)P(=O)(O)O)c(Br)c6c5)[nH]4)cc3)cc21,1,0.6687639536525115
3,PTPN1,Cn1c(=O)n(C2CCC(=O)NC2=O)c2ccc(-c3ccc(Cc4nnc(-c5cc(OCc6ccc(S(C)(=O)=O)cc6)c6sc(C(F)(F)P(=O)(O)O)c(Br)c6c5)[nH]4)cc3)cc21,1,0.6687639536525115
3,GSPT1,Cn1c(C2CC(NC(=O)c3cccc(CNc4cccc5c4C(=O)N(C4CCC(=O)NC4=O)C5=O)c3)C2)nc2ccncc21,1,0.6330222539887462
3,GSPT1,Cn1c(C2CC3(CC(NC(=O)c4cccc(CNc5cccc6c5C(=O)N(C5CCC(=O)NC5=O)C6=O)c4)C3)C2)nc2ccncc21,1,0.6103971931356209
3,GSPT1,Cn1c(C2CCC(NC(=O)C3CC(CNc4cccc5c4C(=O)N(C4CCC(=O)NC4=O)C5=O)C3)CC2)nc2ccncc21,1,0.6252858057893947
3,GSPT1,Cn1c(C2CCC(NC(=O)CCCCNc3cccc4c3C(=O)N(C3CCC(=O)NC3=O)C4=O)CC2)nc2c3c(C4CCCCC4)c[nH]c3ncc21,1,0.6765174282968625
3,GSPT1,Cn1c(C2CCC(NC(=O)CCCCNc3cccc4c3C(=O)N(C3CCC(=O)NC3=O)C4=O)CC2)nc2c3c(C4CCOCC4)c[nH]c3ncc21,1,0.6709707385094061
3,GSPT1,Cn1c(C2CCC(NC(=O)CCCCNc3cccc4c3C(=O)N(C3CCC(=O)NC3=O)C4=O)CC2)nc2ccncc21,1,0.6765174282968625
3,GSPT1,Cn1c(C2CCC(NC(=O)c3cc(CNc4cccc5c4C(=O)N(C4CCC(=O)NC4=O)C5=O)ccc3F)CC2)nc2ccncc21,1,0.6705719622803844
3,GSPT1,Cn1c(C2CCC(NC(=O)c3cc(CNc4cccc5c4CN(C4CCC(=O)NC4=O)C5=O)ccn3)CC2)nc2ccncc21,1,0.6507886238648601
3,GSPT1,Cn1c(C2CCC(NC(=O)c3cc(COc4cccc5c4C(=O)N(C4CCC(=O)NC4=O)C5=O)ccn3)CC2)nc2ccncc21,1,0.6801713044024668
3,GSPT1,Cn1c(C2CCC(NC(=O)c3cccc(CNc4cccc5c4C(=O)N(C4CCC(=O)NC4=O)C5=O)c3)CC2)nc2c3cc[nH]c3ncc21,1,0.6765174282968625
3,GSPT1,Cn1c(C2CCC(NC(=O)c3cccc(CNc4cccc5c4C(=O)N(C4CCC(=O)NC4=O)C5=O)c3)CC2)nc2ccccc21,1,0.6765174282968625
3,GSPT1,Cn1c(C2CCC(NC(=O)c3cccc(CNc4cccc5c4CN(C4CCC(=O)NC4=O)C5=O)c3)CC2)nc2ccncc21,1,0.6507886238648601
3,GSPT1,Cn1c(N2CCC(NC(=O)c3cc(CNc4cccc5c4C(=O)N(C4CCC(=O)NC4=O)C5=O)ccn3)CC2)nc2ccccc21,0,0.6345417445035313
3,GSPT1,Cn1c2cc(N)ccc2nc1[C@H]1CC[C@H](NC(=O)c2cc(CNc3cccc4c3C(=O)N(C3CCC(=O)NC3=O)C4=O)ccn2)CC1,1,0.6681110320216216
3,GSPT1,Cn1c2cc(N)ccc2nc1[C@H]1CC[C@H](NC(=O)c2cc(COc3cccc4c3CN(C3CCC(=O)NC3=O)C4=O)ccn2)CC1,1,0.6791667230408984
3,GSPT1,Cn1c2ccccc2nc1[C@H]1CC[C@H](NC(=O)c2cc(CNc3cccc4c3C(=O)N(C3CCC(=O)NC3=O)C4=O)ccn2)CC1,1,0.6765174282968625
3,GSPT1,Cn1c2cccnc2nc1[C@H]1CC[C@H](NC(=O)c2cc(CNc3cccc4c3C(=O)N(C3CCC(=O)NC3=O)C4=O)ccn2)CC1,1,0.6765174282968625
3,GSPT1,Cn1c2ccncc2nc1[C@H]1CC[C@H](C(=O)Nc2cccc(CNc3cccc4c3C(=O)N(C3CCC(=O)NC3=O)C4=O)c2)CC1,1,0.6765174282968625
3,GSPT1,Cn1c2cnccc2nc1[C@H]1CC[C@H](C(=O)Nc2cccc(CNc3cccc4c3C(=O)N(C3CCC(=O)NC3=O)C4=O)c2)CC1,1,0.6765174282968625
3,GSPT1,Cn1c2cnccc2nc1[C@H]1CC[C@H](N2Cc3ccc(CNc4cccc5c4C(=O)N(C4CCC(=O)NC4=O)C5=O)cc3C2=O)CC1,1,0.6593898558692898
3,GSPT1,Cn1c2cnccc2nc1[C@H]1CC[C@H](NC(=O)c2cc(CNc3cccc4c3C(=O)N(C3CCC(=O)NC3=O)C4=O)ccn2)CC1,1,0.6765174282968625
3,GSPT1,Cn1c2cnccc2nc1[C@H]1CC[C@H](NC(=O)c2cc(COc3cccc4c3CN(C3CCC(=O)NC3=O)C4=O)ccn2)CC1,1,0.6601470764082389
3,GSPT1,Cn1c2cnccc2nc1[C@H]1CC[C@H](NC(=O)c2cccc(CNc3cccc4c3C(=O)N(C3CCC(=O)NC3=O)C4=O)c2)CC1,1,0.6765174282968625
3,GSPT1,Cn1c2ncccc2nc1[C@H]1CC[C@H](NC(=O)c2cc(CNc3cccc4c3C(=O)N(C3CCC(=O)NC3=O)C4=O)ccn2)CC1,1,0.6765174282968625
3,GSPT1,Cn1cc(-c2ccc3c(c2)CN(C2CCC(=O)NC2=O)C3=O)nc1-c1ccc2c(c1)CC(=O)N2,1,0.6355172769922153
3,GSPT1,Cn1cc(-c2ccc3c(c2)CN(C2CCC(=O)NC2=O)C3=O)nc1-c1ccc2c(c1)CCC(=O)N2,1,0.6355172769922153
3,GSPT1,Cn1cc(-c2ccc3c(c2)CN(C2CCC(=O)NC2=O)C3=O)nc1-c1ccn2ccnc2c1,1,0.5961162467902248
3,GSPT1,Cn1cc(C2CCOCC2)c2c3nc(C4CCC(NC(=O)CCCCNc5cccc6c5C(=O)N(C5CCC(=O)NC5=O)C6=O)CC4)[nH]c3cnc21,1,0.6709317774704451
3,GSPT1,Cn1cnc(-c2ccc3c(c2)CN(C2CCC(=O)NC2=O)C3=O)c1-c1ccc(C(=O)NCc2ccccc2)c(Cl)c1,1,0.6025346426545876
3,GSPT1,Cn1cnc(-c2ccc3c(c2)CN(C2CCC(=O)NC2=O)C3=O)c1-c1cnn(C2CCCCC2)c1,1,0.6130855874495653
3,GSPT1,Cn1cnc(-c2ccc3c(c2)CN(C2CCC(=O)NC2=O)C3=O)c1-c1cnn(Cc2ccccc2)c1,1,0.6000016769809488
3,GSPT1,Cn1ncc(-c2ccc3c(c2)CN(C2CCC(=O)NC2=O)C3=O)c1-c1cnn(-c2ccccc2)c1,1,0.6291876698018185
3,GSPT1,Cn1ncc(-c2ccc3c(c2)CN(C2CCC(=O)NC2=O)C3=O)c1-c1cnn(C2CCC2)c1,1,0.5634917732807903
3,GSPT1,N#CC1(C(=O)N2CCC(n3cc(Cc4ccc5c6c(cccc46)C(=O)N5C4CCC(=O)NC4=O)cn3)CC2)CCC1,0,0.525195786614781
3,SALL4,N#CC1(C(=O)N2CCC(n3cc(Cc4ccc5c6c(cccc46)C(=O)N5C4CCC(=O)NC4=O)cn3)CC2)CCC1,1,0.25832088523255237
3,GSPT1,N#CC1(C2CN([C@H]3CCCC[C@@H]3Oc3ccc4c(c3)CN(C3CCC(=O)NC3=O)C4=O)C2)CCC1,0,0.3770704262917122
3,GSPT1,N#CCNCCOCCc1ccc(NC(=O)NCc2ccc3c(c2)CN(C2CCC(=O)NC2=O)C3=O)cc1Cl,1,0.6391513772786751
3,GSPT1,N#Cc1ccc(-c2ccc(NC(=O)CCc3ccc4c(c3)C(=O)N(C3CCC(=O)NC3=O)C4)cc2CN2CCOCC2)cc1,0,0.6337413621800235
3,GSPT1,N#Cc1ccc(Cc2ccc3c4c(cccc24)N(C2CCC(=O)NC2=O)C3=O)cc1,0,0.5837791526036653
3,GSPT1,N#Cc1ccc(Cc2cn(Cc3ccc4c(c3)CN(C3CCC(=O)NC3=O)C4=O)nn2)cc1,0,0.6076951315784186
3,GSPT1,N#Cc1ccc(Oc2cn(Cc3ccc4c(c3)CN(C3CCC(=O)NC3=O)C4=O)nn2)cc1,0,0.6186727822058061
3,GSPT1,N#Cc1cccc(Cc2cn(Cc3ccc4c(c3)CN(C3CCC(=O)NC3=O)C4=O)nn2)c1,1,0.6076951315784186
3,GSPT1,N=C(N)NCCOCCc1ccc(NC(=O)NCc2ccc3c(c2)CN(C2CCC(=O)NC2=O)C3=O)cc1Cl,1,0.6221041020049294
3,GSPT1,Nc1ccc(-c2ccncc2)c(CN2CCOCC2)c1,1,0.5718937166703345
3,GSPT1,Nc1ccc(Cl)cc1-c1cn(Cc2ccc3c(c2)CN(C2CCC(=O)NC2=O)C3=O)nn1,1,0.5341081100918169
3,GSPT1,O=C(Cc1ccc2c(c1)CN(C1CCC(=O)NC1=O)C2=O)NCCc1ccccc1,1,0.5033899342527121
3,GSPT1,O=C(Cc1ccc2c(c1)CN(C1CCC(=O)NC1=O)C2=O)NCc1ccc(Cl)cc1,1,0.49204165390376103
3,GSPT1,O=C(Cc1ccc2c(c1)CN(C1CCC(=O)NC1=O)C2=O)NCc1ccc(F)cc1,1,0.5182064779323367
3,GSPT1,O=C(Cc1ccc2c(c1)CN(C1CCC(=O)NC1=O)C2=O)NCc1cccc(C(F)(F)F)c1,1,0.5067946378701844
3,GSPT1,O=C(Cc1ccc2c(c1)CN(C1CCC(=O)NC1=O)C2=O)NCc1cccc2ccccc12,1,0.5033899342527121
3,GSPT1,O=C(Cc1ccc2c(c1)CN(C1CCC(=O)NC1=O)C2=O)NCc1ccccc1,1,0.5033899342527121
3,GSPT1,O=C(Cc1cccc(Br)c1)NCC1CCCN(c2cc(F)c(C3CCC(=O)NC3=O)c(F)c2)C1,1,0.5523680280964517
3,GSPT1,O=C(Cc1cccc(Br)c1)NCC1CCN(c2cc(F)c(C3CCC(=O)NC3=O)c(F)c2)CC1,1,0.5429645965818074
3,GSPT1,O=C(O)/C=C/c1ccc2c(c1)C(=O)N(C1CCC(=O)NC1=O)C2,0,0.4758674622468828
3,GSPT1,O=C(O)CCc1ccc2c(c1)C(=O)N(C1CCC(=O)NC1=O)C2,0,0.5134698330502946
3,GSPT1,O=C(O)CCc1cccc2c1CN(C1CCC(=O)NC1=O)C2=O,0,0.5134698330502946
3,GSPT1,O=C1CCC(N2C(=O)c3cc(CNCc4ccco4)cc4cccc2c34)C(=O)N1,0,0.584969646480129
3,SALL4,O=C1CCC(N2C(=O)c3ccc(C4(F)CCN(Cc5ccccc5)CC4)c4nccc2c34)C(=O)N1,1,0.27445572067997653
3,GSPT1,O=C1CCC(N2C(=O)c3ccc(C4CCN(Cc5cccc(S(=O)(=O)N6CCOCC6)c5)CC4)c4nccc2c34)C(=O)N1,0,0.6159250272036169
3,SALL4,O=C1CCC(N2C(=O)c3ccc(C4CCN(Cc5cccc(S(=O)(=O)N6CCOCC6)c5)CC4)c4nccc2c34)C(=O)N1,1,0.377059822451908
3,GSPT1,O=C1CCC(N2C(=O)c3ccc(CN4CC(Oc5ccccc5)C4)c4cccc2c34)C(=O)N1,1,0.43093957356863444
3,SALL4,O=C1CCC(N2C(=O)c3ccc(CN4CC(Oc5ccccc5)C4)c4cccc2c34)C(=O)N1,1,0.18300777328225554
3,GSPT1,O=C1CCC(N2C(=O)c3ccc(CNC(=O)C(F)(F)c4ccc(Cl)cc4)c4cccc2c34)C(=O)N1,0,0.561625744395057
3,SALL4,O=C1CCC(N2C(=O)c3ccc(CNC(=O)C(F)(F)c4ccc(Cl)cc4)c4cccc2c34)C(=O)N1,1,0.28150860270513306
3,GSPT1,O=C1CCC(N2C(=O)c3ccc(CNCCc4ccc(Cl)cc4)c4cccc2c34)C(=O)N1,0,0.5215034547952367
3,SALL4,O=C1CCC(N2C(=O)c3ccc(CNCCc4ccc(Cl)cc4)c4cccc2c34)C(=O)N1,1,0.28783893400622135
3,GSPT1,O=C1CCC(N2C(=O)c3ccc(CNCc4cc(F)ccc4F)c4cccc2c34)C(=O)N1,0,0.5758846517807834
3,SALL4,O=C1CCC(N2C(=O)c3ccc(CNCc4cc(F)ccc4F)c4cccc2c34)C(=O)N1,1,0.2988892924237302
3,GSPT1,O=C1CCC(N2C(=O)c3ccc(N4CCc5ccccc54)c4cccc2c34)C(=O)N1,0,0.5571654026309318
3,SALL4,O=C1CCC(N2C(=O)c3ccc(N4CCc5ccccc54)c4cccc2c34)C(=O)N1,1,0.2438480453532449
3,GSPT1,O=C1CCC(N2C(=O)c3ccc(NS(=O)(=O)c4cccc(CO)c4Cl)cc3C2=O)C(=O)N1,0,0.6397524891217937
3,GSPT1,O=C1CCC(N2C(=O)c3ccc(NS(=O)(=O)c4cccc(COC(F)(F)F)c4Cl)cc3C2=O)C(=O)N1,0,0.640142586686488
3,GSPT1,O=C1CCC(N2C(=O)c3ccc(NS(=O)(=O)c4ccccc4OC(F)(F)F)cc3C2=O)C(=O)N1,0,0.6204966621982554
3,GSPT1,O=C1CCC(N2C(=O)c3cccc(NCCCCC(=O)NC4CCC(c5nc6c(cnc7[nH]cc(C8CCOCC8)c76)[nH]5)CC4)c3C2=O)C(=O)N1,1,0.6629639249511348
3,GSPT1,O=C1CCC(N2C(=O)c3cccc(NCCCCC(=O)NC4CCC(c5nc6c(cnc7[nH]ccc76)[nH]5)CC4)c3C2=O)C(=O)N1,1,0.6413063080937488
3,GSPT1,O=C1CCC(N2C(=O)c3cccc(NCCCCC(=O)NC4CCC(c5nc6ccccc6[nH]5)CC4)c3C2=O)C(=O)N1,1,0.6413063080937488
3,GSPT1,O=C1CCC(N2C(=O)c3cccc(NCCCCC(=O)NC4CCC(c5nc6ccncc6[nH]5)CC4)c3C2=O)C(=O)N1,1,0.6413063080937488
3,GSPT1,O=C1CCC(N2C(=O)c3cccc(NCc4ccc(C(=O)NC5CCC(c6nc7c(cnc8[nH]cc(C9CCOCC9)c87)[nH]6)CC5)cc4)c3C2=O)C(=O)N1,1,0.6629639249511348
3,GSPT1,O=C1CCC(N2C(=O)c3cccc(NCc4ccc(F)c(C(=O)N[C@H]5CC[C@H](c6nc7cccnc7s6)CC5)c4)c3C2=O)C(=O)N1,1,0.6437595545334686
3,GSPT1,O=C1CCC(N2C(=O)c3cccc(NCc4ccc5cn([C@H]6CC[C@H](c7nc8cccnc8s7)CC6)nc5c4)c3C2=O)C(=O)N1,1,0.7028313581171327
3,GSPT1,O=C1CCC(N2C(=O)c3cccc(NCc4cccc(C(=O)NC5CCC(c6cc7ccccc7o6)CC5)c4)c3C2=O)C(=O)N1,1,0.6251105813312569
3,GSPT1,O=C1CCC(N2C(=O)c3cccc(NCc4cccc(C(=O)NC5CCC(c6cc7ccccc7s6)CC5)c4)c3C2=O)C(=O)N1,1,0.6370764522705274
3,GSPT1,O=C1CCC(N2C(=O)c3cccc(NCc4cccc(C(=O)NC5CCC(c6cc7ccncc7s6)CC5)c4)c3C2=O)C(=O)N1,1,0.6673236010593759
3,GSPT1,O=C1CCC(N2C(=O)c3cccc(NCc4cccc(C(=O)NC5CCC(c6cc7cnccc7s6)CC5)c4)c3C2=O)C(=O)N1,1,0.6673236010593759
3,GSPT1,O=C1CCC(N2C(=O)c3cccc(NCc4cccc(C(=O)NC5CCC(c6cc7sccc7s6)CC5)c4)c3C2=O)C(=O)N1,1,0.6370764522705274
3,GSPT1,O=C1CCC(N2C(=O)c3cccc(NCc4cccc(C(=O)NC5CCC(c6ccccc6)CC5)c4)c3C2=O)C(=O)N1,1,0.5941198674308454
3,GSPT1,O=C1CCC(N2C(=O)c3cccc(NCc4cccc(C(=O)NC5CCC(c6coc7ccccc67)CC5)c4)c3C2=O)C(=O)N1,1,0.6251105813312569
3,GSPT1,O=C1CCC(N2C(=O)c3cccc(NCc4cccc(C(=O)NC5CCC(c6csc7ccncc67)CC5)c4)c3C2=O)C(=O)N1,1,0.6673236010593759
3,GSPT1,O=C1CCC(N2C(=O)c3cccc(NCc4cccc(C(=O)NC5CCC(c6csc7cncnc67)CC5)c4)c3C2=O)C(=O)N1,1,0.680361685555525
3,GSPT1,O=C1CCC(N2C(=O)c3cccc(NCc4cccc(C(=O)NC5CCC(c6n[nH]c7ccccc67)CC5)c4)c3C2=O)C(=O)N1,1,0.6346997523289005
3,GSPT1,O=C1CCC(N2C(=O)c3cccc(NCc4cccc(C(=O)NC5CCC(c6nc7c(cnc8[nH]cc(C9CCOCC9)c87)[nH]6)CC5)c4)c3C2=O)C(=O)N1,1,0.6629639249511348
3,GSPT1,O=C1CCC(N2C(=O)c3cccc(NCc4cccc(C(=O)NC5CCC(c6nc7ccccc7o6)CC5)c4)c3C2=O)C(=O)N1,1,0.655882627479368
3,GSPT1,O=C1CCC(N2C(=O)c3cccc(NCc4cccc(C(=O)NC5CCC(c6nc7ccccc7s6)CC5)c4)c3C2=O)C(=O)N1,1,0.6852426486784234
3,GSPT1,O=C1CCC(N2C(=O)c3cccc(NCc4cccc(C(=O)NC5CCC(c6nc7cccnc7[nH]6)CC5)c4)c3C2=O)C(=O)N1,1,0.6413063080937488
3,GSPT1,O=C1CCC(N2C(=O)c3cccc(NCc4cccc(C(=O)NC5CCC(c6nc7cccnc7s6)CC5)c4)c3C2=O)C(=O)N1,1,0.6852426486784234
3,GSPT1,O=C1CCC(N2C(=O)c3cccc(NCc4cccc(C(=O)NC5CCC(c6nc7ccncc7n6C6CC6)CC5)c4)c3C2=O)C(=O)N1,1,0.6363259546226001
3,GSPT1,O=C1CCC(N2C(=O)c3cccc(NCc4cccc(C(=O)NC5CCC(c6nc7ccncc7n6C6COC6)CC5)c4)c3C2=O)C(=O)N1,1,0.5898782225787212
3,GSPT1,O=C1CCC(N2C(=O)c3cccc(NCc4cccc(C(=O)NC5CCC(c6nsc7ccccc67)CC5)c4)c3C2=O)C(=O)N1,1,0.6773701634638328
3,GSPT1,O=C1CCC(N2C(=O)c3cccc(NCc4cccc(C(=O)NC5CCCC(F)(F)C5)c4)c3C2=O)C(=O)N1,1,0.5914643369479818
3,GSPT1,O=C1CCC(N2C(=O)c3cccc(NCc4cccc(C(=O)NC5CCCC(F)C5)c4)c3C2=O)C(=O)N1,1,0.5998769572187119
3,GSPT1,O=C1CCC(N2C(=O)c3cccc(NCc4cccc(C(=O)N[C@H]5CC[C@H](c6nc7cccnc7s6)CC5)c4)c3C2=O)C(=O)N1,1,0.6852426486784234
3,GSPT1,O=C1CCC(N2C(=O)c3cccc(NCc4cccc(NC(=O)[C@H]5CC[C@H](c6nc7cccnc7s6)CC5)c4)c3C2=O)C(=O)N1,1,0.6852426486784234
3,GSPT1,O=C1CCC(N2C(=O)c3cccc(NCc4cccc(NC(=O)[C@H]5CC[C@H](c6nc7cccnc7s6)CC5)c4F)c3C2=O)C(=O)N1,1,0.6437595545334686
3,GSPT1,O=C1CCC(N2C(=O)c3cccc(NCc4cccc(NC(=O)[C@H]5CC[C@H](c6nc7cccnc7s6)CC5)n4)c3C2=O)C(=O)N1,1,0.6993270673211345
3,GSPT1,O=C1CCC(N2C(=O)c3cccc(NCc4ccnc(C(=O)NC5CCC(c6nc7ccccc7[nH]6)CC5)c4)c3C2=O)C(=O)N1,1,0.6413063080937488
3,GSPT1,O=C1CCC(N2C(=O)c3cccc(NCc4ccnc(C(=O)NC5CCC(c6nc7ccccc7o6)CC5)c4)c3C2=O)C(=O)N1,1,0.655882627479368
3,GSPT1,O=C1CCC(N2C(=O)c3cccc(NCc4ccnc(C(=O)NC5CCC(c6nc7cccnc7s6)CC5)c4)c3C2=O)C(=O)N1,1,0.6852426486784234
3,GSPT1,O=C1CCC(N2C(=O)c3cccc(NCc4ccnc(C(=O)N[C@H]5CC[C@H](c6nc7ccncc7[nH]6)CC5)c4)c3C2=O)C(=O)N1,1,0.6413063080937488
3,GSPT1,O=C1CCC(N2C(=O)c3cccc4c(Cc5cnn(C6CCN(C(=O)C7(C(F)(F)F)CCC7)CC6)c5)ccc2c34)C(=O)N1,0,0.503352975716874
3,SALL4,O=C1CCC(N2C(=O)c3cccc4c(Cc5cnn(C6CCN(C(=O)C7(C(F)(F)F)CCC7)CC6)c5)ccc2c34)C(=O)N1,1,0.2502404625498699
3,GSPT1,O=C1CCC(N2Cc3c(Br)cccc3C2=O)C(=O)N1,0,0.4736000392915402
3,GSPT1,O=C1CCC(N2Cc3c(F)cc(COC(=O)Nc4ccc(Cl)c(C#CC5CC5)c4)cc3C2=O)C(=O)N1,1,0.5906882353403324
3,GSPT1,O=C1CCC(N2Cc3c(OCc4ccnc(C(=O)N[C@H]5CC[C@H](c6nc7cccnc7s6)CC5)c4)cccc3C2=O)C(=O)N1,1,0.6997598660210499
3,GSPT1,O=C1CCC(N2Cc3c(cc(COC(=O)Nc4ccc(Cl)c(C#CC5CC5)c4)cc3C3CC3)C2=O)C(=O)N1,1,0.5796437721018348
3,GSPT1,O=C1CCC(N2Cc3c(ccc(CNc4nsnc4Nc4cc(OC(F)(F)F)ccc4F)c3F)C2=O)C(=O)N1,1,0.6655056094532671
3,GSPT1,O=C1CCC(N2Cc3c(ccc(Cn4cc(Oc5ccc(Cl)cc5)nn4)c3F)C2=O)C(=O)N1,1,0.5735725805752836
3,GSPT1,O=C1CCC(N2Cc3c(ccc(Cn4cc(Oc5ccc(F)cc5)nn4)c3F)C2=O)C(=O)N1,1,0.5823072020234052
3,GSPT1,O=C1CCC(N2Cc3c(ccc(O[C@H]4CCCC[C@@H]4N4CC(C5C=C5)C4)c3F)C2=O)C(=O)N1,0,0.3311387976237459
3,GSPT1,O=C1CCC(N2Cc3c(ccc(O[C@H]4CCCC[C@@H]4N4CC(C5CC5)C4)c3F)C2=O)C(=O)N1,0,0.32304900834391925
3,GSPT1,O=C1CCC(N2Cc3c(ccc(O[C@H]4CCCC[C@@H]4N4CC(C5CCC5)C4)c3F)C2=O)C(=O)N1,0,0.30599400556830586
3,GSPT1,O=C1CCC(N2Cc3cc(C(=O)N4CC5(C4)CC(F)(c4cccc(F)c4)C5)ccc3C2=O)C(=O)N1,0,0.31217717049308713
3,GSPT1,O=C1CCC(N2Cc3cc(C(=O)N4CC5(C=C(c6ccc(F)cc6)C5)C4)ccc3C2=O)C(=O)N1,0,0.32866457882053285
3,GSPT1,O=C1CCC(N2Cc3cc(C(=O)N4CC5(CC(C(F)(F)F)C5)C4)ccc3C2=O)C(=O)N1,0,0.3505665027009455
3,GSPT1,O=C1CCC(N2Cc3cc(C(=O)N4CCC5(C4)CC(F)(F)C5)ccc3C2=O)C(=O)N1,0,0.33388609014898174
3,GSPT1,O=C1CCC(N2Cc3cc(C(=O)N4CCC5(CCC(F)(F)C5)C4)ccc3C2=O)C(=O)N1,0,0.4194056531955565
3,GSPT1,O=C1CCC(N2Cc3cc(C(=O)N4Cc5c(F)ccc(OC(F)(F)F)c5C4)ccc3C2=O)C(=O)N1,0,0.5063619299973307
3,GSPT1,O=C1CCC(N2Cc3cc(CC(=O)N4CCOCC4)ccc3C2=O)C(=O)N1,0,0.5492913525764874
3,GSPT1,O=C1CCC(N2Cc3cc(CC(=O)NC4CCCCC4)ccc3C2=O)C(=O)N1,0,0.4849875345386239
3,GSPT1,O=C1CCC(N2Cc3cc(CC(=O)Nc4ccc(N5CCCCC5)cc4)ccc3C2=O)C(=O)N1,1,0.5138634782285353
3,GSPT1,O=C1CCC(N2Cc3cc(CC(=O)Nc4cccc(Cl)c4)ccc3C2=O)C(=O)N1,1,0.5187096420527827
3,GSPT1,O=C1CCC(N2Cc3cc(CC(=O)Nc4cccc(F)c4)ccc3C2=O)C(=O)N1,0,0.5555173903683999
3,GSPT1,O=C1CCC(N2Cc3cc(CC(=O)Nc4cccc(OCc5ccccc5)c4)ccc3C2=O)C(=O)N1,1,0.659485989361359
3,GSPT1,O=C1CCC(N2Cc3cc(CC(=O)Nc4ccccc4)ccc3C2=O)C(=O)N1,0,0.5437004782015673
3,GSPT1,O=C1CCC(N2Cc3cc(CNC(=O)Nc4ccc(CCOCCNC5CC5)c(Cl)c4)ccc3C2=O)C(=O)N1,1,0.6189087093253524
3,GSPT1,O=C1CCC(N2Cc3cc(CNC(=O)Nc4ccc(CCOCCNCC(F)(F)F)c(Cl)c4)ccc3C2=O)C(=O)N1,1,0.6410334225253816
3,GSPT1,O=C1CCC(N2Cc3cc(Cc4cn(Cc5ccc(Cl)cc5)nn4)ccc3C2=O)C(=O)N1,1,0.5136261780393482
3,GSPT1,O=C1CCC(N2Cc3cc(Cc4nc(Cc5ccc(Cl)cc5)no4)ccc3C2=O)C(=O)N1,1,0.5269721884452759
3,GSPT1,O=C1CCC(N2Cc3cc(Cc4noc(C(F)(F)c5ccc(Cl)cc5)n4)ccc3C2=O)C(=O)N1,1,0.5323589330384966
3,GSPT1,O=C1CCC(N2Cc3cc(Cn4cc(-c5cc(Cl)ccc5F)nn4)ccc3C2=O)C(=O)N1,1,0.5074472181484629
3,GSPT1,O=C1CCC(N2Cc3cc(Cn4cc(-c5cc(Cl)ccc5O)nn4)ccc3C2=O)C(=O)N1,1,0.5886380994846667
3,GSPT1,O=C1CCC(N2Cc3cc(Cn4cc(C(F)(F)c5ccc(Cl)cc5)nn4)ccc3C2=O)C(=O)N1,1,0.5166272043304978
3,GSPT1,O=C1CCC(N2Cc3cc(Cn4cc(C(F)(F)c5ccc(F)cc5)nn4)ccc3C2=O)C(=O)N1,1,0.5391553980786669
3,GSPT1,O=C1CCC(N2Cc3cc(Cn4cc(C(F)(F)c5cccc(C6CC6)n5)nn4)ccc3C2=O)C(=O)N1,1,0.5725347778270999
3,GSPT1,O=C1CCC(N2Cc3cc(Cn4cc(C(F)(F)c5ccccc5)nn4)ccc3C2=O)C(=O)N1,1,0.5639601338436323
3,GSPT1,O=C1CCC(N2Cc3cc(Cn4cc(C5(c6ccccc6)CC5)nn4)ccc3C2=O)C(=O)N1,1,0.5847200427388496
3,GSPT1,O=C1CCC(N2Cc3cc(Cn4cc(CC5CCC(F)(F)CC5)nn4)ccc3C2=O)C(=O)N1,1,0.5391553980786669
3,GSPT1,O=C1CCC(N2Cc3cc(Cn4cc(CC5CCCCC5)nn4)ccc3C2=O)C(=O)N1,1,0.5852884649117518
3,GSPT1,O=C1CCC(N2Cc3cc(Cn4cc(CC5CCOCC5)nn4)ccc3C2=O)C(=O)N1,0,0.5856430134534191
3,GSPT1,O=C1CCC(N2Cc3cc(Cn4cc(CN5CCCCC5)nn4)ccc3C2=O)C(=O)N1,0,0.5361754640978559
3,GSPT1,O=C1CCC(N2Cc3cc(Cn4cc(Cc5cc(OC(F)(F)F)ccc5F)nn4)ccc3C2=O)C(=O)N1,1,0.5866352852945708
3,GSPT1,O=C1CCC(N2Cc3cc(Cn4cc(Cc5ccc(Cl)cc5)cn4)ccc3C2=O)C(=O)N1,1,0.5154075508609204
3,GSPT1,O=C1CCC(N2Cc3cc(Cn4cc(Cc5ccc(Cl)cc5)nn4)ccc3C2=O)C(=O)N1,1,0.5136261780393482
3,GSPT1,O=C1CCC(N2Cc3cc(Cn4cc(Cc5ccc(F)cc5)nn4)ccc3C2=O)C(=O)N1,1,0.5338249106434991
3,GSPT1,O=C1CCC(N2Cc3cc(Cn4cc(Cc5ccc(OC(F)(F)F)cc5)nn4)ccc3C2=O)C(=O)N1,0,0.5893948100899812
3,GSPT1,O=C1CCC(N2Cc3cc(Cn4cc(Cc5cccc(Br)c5)nn4)ccc3C2=O)C(=O)N1,1,0.5369468497773636
3,GSPT1,O=C1CCC(N2Cc3cc(Cn4cc(Cc5cccc(C6CC6)c5)nn4)ccc3C2=O)C(=O)N1,1,0.5917596021078891
3,GSPT1,O=C1CCC(N2Cc3cc(Cn4cc(Cc5cccc(Cl)c5)nn4)ccc3C2=O)C(=O)N1,1,0.5136261780393482
3,GSPT1,O=C1CCC(N2Cc3cc(Cn4cc(Cc5ccccc5)cn4)ccc3C2=O)C(=O)N1,1,0.5746174148507018
3,GSPT1,O=C1CCC(N2Cc3cc(Cn4cc(Cc5ccccc5)nn4)ccc3C2=O)C(=O)N1,1,0.5852884649117518
3,GSPT1,O=C1CCC(N2Cc3cc(Cn4cc(Nc5cc(OC(F)(F)F)ccc5F)nn4)ccc3C2=O)C(=O)N1,1,0.6177517080914708
3,GSPT1,O=C1CCC(N2Cc3cc(Cn4cc(Nc5ccc(F)c(Cl)c5)nn4)ccc3C2=O)C(=O)N1,1,0.5188651171124423
3,GSPT1,O=C1CCC(N2Cc3cc(Cn4cc(Oc5cc(OC(F)(F)F)ccc5F)nn4)ccc3C2=O)C(=O)N1,1,0.596664039826073
3,GSPT1,O=C1CCC(N2Cc3cc(Cn4cc(Oc5ccc(Cl)cc5)nn4)ccc3C2=O)C(=O)N1,1,0.5728336916863946
3,GSPT1,O=C1CCC(N2Cc3cc(Cn4cc(Oc5ccc(Cl)cc5F)nn4)ccc3C2=O)C(=O)N1,1,0.5735725805752836
3,GSPT1,O=C1CCC(N2Cc3cc(Cn4cc(Oc5ccc(F)c(Cl)c5)nn4)ccc3C2=O)C(=O)N1,1,0.5735725805752836
3,GSPT1,O=C1CCC(N2Cc3cc(Cn4cc(Oc5ccc(F)c(OC(F)(F)F)c5)nn4)ccc3C2=O)C(=O)N1,1,0.596664039826073
3,GSPT1,O=C1CCC(N2Cc3cc(Cn4cc(Oc5ccc(F)cc5)nn4)ccc3C2=O)C(=O)N1,1,0.5823072020234052
3,GSPT1,O=C1CCC(N2Cc3cc(O[C@H]4CCCCC[C@@H]4N4CC(c5ccccc5)C4)ccc3C2=O)C(=O)N1,0,0.33353382506732737
3,GSPT1,O=C1CCC(N2Cc3cc(O[C@H]4CCCC[C@@H]4N4CC(C5C=C5)C4)c(F)cc3C2=O)C(=O)N1,0,0.3311387976237459
3,GSPT1,O=C1CCC(N2Cc3cc(O[C@H]4CCCC[C@@H]4N4CC(C5CC(F)(F)C5)C4)ccc3C2=O)C(=O)N1,0,0.31336761646385375
3,GSPT1,O=C1CCC(N2Cc3cc(O[C@H]4CCCC[C@@H]4N4CC(C5CC5)C4)c(F)cc3C2=O)C(=O)N1,0,0.32304900834391925
3,GSPT1,O=C1CCC(N2Cc3cc(O[C@H]4CCCC[C@@H]4N4CC(C5CC5)C4)ccc3C2=O)C(=O)N1,0,0.3337272801416649
3,GSPT1,O=C1CCC(N2Cc3cc(O[C@H]4CCCC[C@@H]4N4CC(C5CCC(F)(F)CC5)C4)ccc3C2=O)C(=O)N1,0,0.31336761646385375
3,GSPT1,O=C1CCC(N2Cc3cc(O[C@H]4CCCC[C@@H]4N4CC(C5CCC(OC(F)F)CC5)C4)ccc3C2=O)C(=O)N1,0,0.35269686860059923
3,GSPT1,O=C1CCC(N2Cc3cc(O[C@H]4CCCC[C@@H]4N4CC(C5CCC5)C4)c(F)cc3C2=O)C(=O)N1,0,0.30599400556830586
3,GSPT1,O=C1CCC(N2Cc3cc(O[C@H]4CCCC[C@@H]4N4CC(C5CCC5)C4)ccc3C2=O)C(=O)N1,0,0.32481953935304164
3,GSPT1,O=C1CCC(N2Cc3cc(O[C@H]4CCCC[C@@H]4N4CC(C5CCCC(F)(F)C5)C4)ccc3C2=O)C(=O)N1,0,0.31336761646385375
3,GSPT1,O=C1CCC(N2Cc3cc(O[C@H]4CCCC[C@@H]4N4CC(C5CCCC5)C4)ccc3C2=O)C(=O)N1,0,0.32481953935304164
3,GSPT1,O=C1CCC(N2Cc3cc(O[C@H]4CCCC[C@@H]4N4CC(C5CCCCC5)C4)ccc3C2=O)C(=O)N1,0,0.32481953935304164
3,GSPT1,O=C1CCC(N2Cc3cc(O[C@H]4CCCC[C@@H]4N4CC(c5ccc(N6CCOCC6)cc5)C4)ccc3C2=O)C(=O)N1,0,0.4843773228285555
3,GSPT1,O=C1CCC(N2Cc3cc(O[C@H]4CCCC[C@@H]4N4CC5(C4)CC(F)(F)C5)ccc3C2=O)C(=O)N1,0,0.3281445450880157
3,GSPT1,O=C1CCC(N2Cc3cc(O[C@H]4CCCC[C@@H]4N4CC5(CC(F)C5)C4)ccc3C2=O)C(=O)N1,0,0.3281445450880157
3,GSPT1,O=C1CCC(N2Cc3cc(O[C@H]4CCCC[C@@H]4N4CC5(CC(O)C5)C4)ccc3C2=O)C(=O)N1,0,0.4041843202507294
3,GSPT1,O=C1CCC(N2Cc3cc(O[C@H]4CCCC[C@@H]4N4CC5(CC5)C4)ccc3C2=O)C(=O)N1,0,0.3605585638878289
3,GSPT1,O=C1CCC(N2Cc3cc(O[C@H]4CCCC[C@@H]4N4CC5(CCC5)C4)ccc3C2=O)C(=O)N1,0,0.3496058347542174
3,GSPT1,O=C1CCC(N2Cc3cc(O[C@H]4CCCC[C@@H]4N4CC5(COC5)C4)ccc3C2=O)C(=O)N1,0,0.5013451894933736
3,GSPT1,O=C1CCC(N2Cc3cc(O[C@H]4CCCC[C@H]4N4CC5(CC(F)C5)C4)ccc3C2=O)C(=O)N1,0,0.3281445450880157
3,GSPT1,O=C1CCC(N2Cc3cc(O[C@H]4CCCC[C@H]4N4CC5(CC(O)C5)C4)ccc3C2=O)C(=O)N1,0,0.4041843202507294
3,GSPT1,O=C1CCC(N2Cc3cc(O[C@H]4CCC[C@@H]4N4CC(C5CC5)C4)ccc3C2=O)C(=O)N1,0,0.3337272801416649
3,GSPT1,O=C1CCC(N2Cc3cc(O[C@H]4CCC[C@@H]4N4CC(C5CCC(F)(F)CC5)C4)ccc3C2=O)C(=O)N1,0,0.31336761646385375
3,GSPT1,O=C1CCC(N2Cc3ccc(CCC(=O)Nc4ccc(-c5ccc(C(F)(F)F)cc5)c(CN5CCOCC5)c4)cc3C2=O)C(=O)N1,1,0.6195241716868325
3,GSPT1,O=C1CCC(N2Cc3ccc(CCC(=O)Nc4ccc(-c5ccc(F)cc5)c(CN5CCOCC5)c4)cc3C2=O)C(=O)N1,1,0.6154038635701948
3,GSPT1,O=C1CCC(N2Cc3ccc(CCC(=O)Nc4ccc(-c5ccccc5)c(CN5CCOCC5)c4)cc3C2=O)C(=O)N1,1,0.6149285933811937
3,GSPT1,O=C1CCC(N2Cc3ccc(CCC(=O)Nc4ccc(-c5ccccc5)cc4)cc3C2=O)C(=O)N1,1,0.5437004782015673
3,GSPT1,O=C1CCC(N2Cc3ccc(CCC(=O)Nc4ccc(-c5cccnc5)c(CN5CCOCC5)c4)cc3C2=O)C(=O)N1,0,0.6232327461463837
3,GSPT1,O=C1CCC(N2Cc3ccc(CCC(=O)Nc4ccc(-c5ccncc5)c(CN5CCC(N6CCOCC6)CC5)c4)cc3C2=O)C(=O)N1,0,0.6328712912125349
3,GSPT1,O=C1CCC(N2Cc3ccc(CCC(=O)Nc4ccc(-c5ccncc5)c(CN5CCS(=O)(=O)CC5)c4)cc3C2=O)C(=O)N1,0,0.5716028034148571
3,GSPT1,O=C1CCC(N2Cc3ccc(CCC(=O)Nc4cccc(C(F)(F)F)c4)cc3C2=O)C(=O)N1,1,0.5418234600408294
3,GSPT1,O=C1CCC(N2Cc3ccc(COC(=O)Nc4cc(OC(F)(F)F)ccc4F)cc3C2=O)C(=O)N1,1,0.6850486283499028
3,GSPT1,O=C1CCC(N2Cc3ccc(COC(=O)Nc4ccc(C#CC5CC5)c(Cl)c4)cc3C2=O)C(=O)N1,1,0.5796437721018348
3,GSPT1,O=C1CCC(N2Cc3ccc(COC(=O)Nc4ccc(C(F)(F)F)c(C#CC5CC5)c4)cc3C2=O)C(=O)N1,1,0.5934951196383877
3,GSPT1,O=C1CCC(N2Cc3ccc(COC(=O)Nc4ccc(OC(F)F)c(C#CC5CC5)c4)cc3C2=O)C(=O)N1,1,0.6234334377736255
3,GSPT1,O=C1CCC(N2Cc3ccc(COC(=O)Nc4ccc5c(c4)C4(CC4)CN(C4CC4)C5=O)cc3C2=O)C(=O)N1,1,0.5898108219435524
3,GSPT1,O=C1CCC(N2Cc3ccc(COC(=O)Nc4nc5ccccc5s4)cc3C2=O)C(=O)N1,1,0.7230362423672078
3,GSPT1,O=C1CCC(c2c(F)cc(C3=CCC(C(=O)Nc4cccc(Br)c4)CC3)cc2F)C(=O)N1,0,0.5966662203180221
3,GSPT1,O=C1CCC(c2c(F)cc(C3=CCN(C(=O)Nc4cccc(Br)c4)CC3)cc2F)C(=O)N1,1,0.5910784663822667
3,GSPT1,O=C1CCC(c2c(F)cc(C3CCN(C(=O)Nc4cccc(Br)c4)CC3)cc2F)C(=O)N1,1,0.5968352923235483
3,GSPT1,O=C1CCC(c2c(F)cc(N3CC(NC(=O)Nc4cc(F)c5c(c4)OCC54CC4)C3)cc2F)C(=O)N1,1,0.5957067085453566
3,GSPT1,O=C1CCC(c2c(F)cc(N3CC(NC(=O)Nc4cc5c(cc4F)C4(CC4)CO5)C3)cc2F)C(=O)N1,1,0.5957067085453566
3,GSPT1,O=C1CCC(c2c(F)cc(N3CC(NC(=O)Nc4ccc5c(c4F)OCC54CC4)C3)cc2F)C(=O)N1,1,0.5957067085453566
3,GSPT1,O=C1CCC(c2c(F)cc(N3CC(OC(=O)Nc4ccc(C#CC5CC5)c(Cl)c4)C3)cc2F)C(=O)N1,1,0.5451736038476066
3,GSPT1,O=C1CCC(c2c(F)cc(N3CC(OC(=O)Nc4ccc5c(c4F)OCC54CC4)C3)cc2F)C(=O)N1,0,0.6226777726063756
3,GSPT1,O=C1CCC(c2c(F)cc(N3CCC(C(=O)Nc4cccc(Br)c4)CC3)cc2F)C(=O)N1,0,0.5237169036918973
3,GSPT1,O=C1CCC(c2c(F)cc(N3CCC(NC(=O)Cc4cccc(Br)c4)CC3)cc2F)C(=O)N1,0,0.5429601715809865
3,GSPT1,O=C1CCC(c2c(F)cc(N3CCCC(NC(=O)Cc4cccc(Br)c4)C3)cc2F)C(=O)N1,0,0.4640999009517362
3,GSPT1,O=C1CCC(c2c(F)cc(N3CCN(C(=O)Nc4cccc(Br)c4)CC3)cc2F)C(=O)N1,1,0.521303102806361
3,GSPT1,O=C1CCC(c2c(F)cc([C@H]3CC[C@@H](C(=O)Nc4cccc(Br)c4)CC3)cc2F)C(=O)N1,1,0.5966858503282995
3,GSPT1,O=C1CCN(c2c(F)cc(N3CC(OC(=O)Nc4cc(C#CC5CC5)ccc4F)C3)cc2F)C(=O)N1,1,0.6013232860608089
3,GSPT1,O=C1CCN(c2c(F)cc(N3CC(OC(=O)Nc4cc(OC(F)(F)F)ccc4F)C3)cc2F)C(=O)N1,1,0.609511021245698
3,GSPT1,O=C1CCN(c2c(F)cc(N3CC(OC(=O)Nc4ccc(C#CC5CC5)c(Cl)c4)C3)cc2F)C(=O)N1,1,0.6015772185895313
3,GSPT1,O=C1CCN(c2c(F)cc(N3CC(OC(=O)Nc4ccc(Cl)c(C#CC5CC5)c4)C3)cc2F)C(=O)N1,1,0.6015772185895313
3,GSPT1,O=C1CCN(c2c(F)cc(N3CC(OC(=O)Nc4ccc(OC(F)F)c(C#CC5CC5)c4)C3)cc2F)C(=O)N1,1,0.6053282581669918
3,GSPT1,O=C1CCN(c2c(F)cc(N3CC(OC(=O)Nc4nc5ccccc5s4)C3)cc2F)C(=O)N1,1,0.6571026116246642
3,GSPT1,O=C1CC[C@H](N2Cc3cc(O[C@H]4CCCC[C@H]4N4CC5(C4)CC(F)(F)C5)ccc3C2=O)C(=O)N1,0,0.3281445450880157
3,GSPT1,O=C1NC(O)CCC1N1C(=O)c2ccc(NS(=O)(=O)c3cccc(CN4CCOCC4)c3Cl)cc2C1=O,0,0.6286587212417295
3,GSPT1,O=[N+]([O-])c1ccc(Br)c(CBr)c1,0,0.5598075271531067
3,GSPT1,O=[N+]([O-])c1ccc(Br)c(CN2CCOCC2)c1,0,0.5261546335735824
3,GSPT1,[2H]C([2H])(OC(=O)Nc1cc(C(C)(C)C)no1)c1ccc2cc(C3CCC(=O)NC3=O)c(C)nc2c1,1,0.6362008278803284
4,SMARCA2,C=CC(=O)NC1(c2[nH]c3nnc(-c4ccccc4O)cc3c2-c2ccccc2)CC1,0,0.24767848761198014
4,SMARCA2,C=Cc1cc(N2C3CC2CN(c2cc(-c4cccc(F)c4O)nnc2N)C3)ccn1,1,0.6365350580595766
4,SMARCA2,C=Cc1cc(N2C3CC2CN(c2cc(-c4ccccc4O)nnc2N)C3)ccn1,1,0.6666905146092786
4,SMARCA2,C=Cc1cc(N2CC3CN(c4cc(-c5ccccc5O)nnc4N)CC3C2)ccn1,1,0.718966496281344
4,SMARCA2,C=Cc1cc(N2CCC3(CC2)CCN(c2cc(-c4ccccc4O)nnc2N)C3)ccn1,1,0.7066346398795776
4,SMARCA2,C=Cc1cc(N2C[C@@H]3CN(c4cc(-c5ccccc5O)nnc4N)C[C@@H]3C2)ccn1,1,0.718966496281344
4,NEK7,CC(C)(C(=O)NCc1cc(F)c(C2CCC(=O)NC2=O)c(Cl)c1)c1nocc1C(F)(F)F,1,0.7068243265604484
4,SMARCA2,CC(C)(C)OC(=O)NCC#Cc1nccc(N2C3CCC2CN(c2cc(-c4ccccc4O)nnc2N)CC3)n1,1,0.4387171263005607
4,BRAF,CC(C)S(=O)(=O)Nc1ccc(F)c(Oc2ccc3ncn([C@H]4COC5(CCN(C(=O)CC6(O)CCN(c7cc8c(cc7F)c(N7CCC(=O)NC7=O)nn8C)CC6)CC5)C4)c(=O)c3c2)c1C#N,1,0.6120063907111483
4,BRAF,CC(C)S(=O)(=O)Nc1ccc(F)c(Oc2ccc3ncn([C@H]4COC5(CCN(C(=O)CN6CCC(c7ccc(NC8CCC(=O)NC8=O)cc7F)CC6)CC5)C4)c(=O)c3c2)c1C#N,1,0.5582980893370927
4,BRAF,CC(C)S(=O)(=O)Nc1ccc(F)c(Oc2ccc3ncn([C@H]4COC5(CCN(C(=O)CN6CCC(c7ccc8c(C9CCC(=O)NC9=O)nn(C)c8c7)CC6)CC5)C4)c(=O)c3c2)c1C#N,1,0.6106308345679451
4,SMARCA2,CC(C)c1cn(C2CCN(CC3(F)CCN(C(=O)c4ccc(NC5CC6CN(c7cc(-c8ccccc8Cl)nnc7N)CC5N6)cc4)CC3)CC2)c2ccc(N3CCC(=O)NC3=O)cc12,0,0.3368052629021403
4,SMARCA2,CC(C)c1cn(C2CCN(CC3CCN(C(=O)c4ccc(N5C6CCC5CN(c5cc(-c7ccccc7O)nnc5N)C6)cc4)CC3)CC2)c2ccc(N3CCC(=O)NC3=O)cc12,1,0.33935199728057336
4,SMARCA2,CC(C1CCN(C(=O)c2ccc(N3C4CCC3CN(c3cc(-c5ccccc5O)nnc3N)C4)cc2)CC1)N1CCC(n2cc(C3CC3)c3cc(N4CCC(=O)NC4=O)cnc32)CC1,1,0.3030501309932246
4,IKZF2,CC(c1ccc(C(F)(F)F)cc1)N1CCC(O)(c2ccc3c(c2)C(=O)N(C2CCC(=O)NC2=O)C3=O)CC1,1,0.5988122886731518
4,IKZF2,CC(c1ccccc1)N1CCC(O)(c2ccc3c(c2)C(=O)N(C2CCC(=O)NC2=O)C3=O)CC1,1,0.5659831200815233
4,SMARCA2,CC1(CN2CCC(n3ccc4c(N5CCC(=O)NC5=O)cccc43)CC2)CCN(C(=O)c2ccc(N3C4CCC3CN(c3cc(-c5ccccc5O)nnc3N)C4)cc2)CC1,1,0.31071968482900175
4,IKZF2,CC1CC(O)(c2ccc3c(c2)C(=O)N(C2CCC(=O)NC2=O)C3=O)CCN1Cc1ccccc1,1,0.6547802253597349
4,SMARCA2,CC1CN(c2cc(-c3ccccc3O)nnc2N)CCN1c1ccc(C(=O)N2CCC(F)(CN3CC[C@@H](n4ccc5cc(N6CCC(=O)NC6=O)ccc54)[C@H](C)C3)CC2)cc1,1,0.3411260716273062
4,IKZF2,CCCN1CCC(O)(c2ccc3c(c2)C(=O)N(C2CCC(=O)NC2=O)C3=O)CC1,1,0.5807543140518463
4,IKZF2,CCCN1CCC(O)(c2ccc3c(c2F)C(=O)N(C2CCC(=O)NC2=O)C3=O)CC1,1,0.6133758296411799
4,BRAF,CCN(C)S(=O)(=O)Nc1ccc(F)c(Nc2ccc3ncn([C@H]4COC5(CCN(C(=O)CC6(O)CCN(c7cc8c(cc7F)N7C(=O)NC(=O)CCC7=NN8C)CC6)CC5)C4)c(=O)c3c2Cl)c1C#N,1,0.6031003432129458
4,BRAF,CCN(C)S(=O)(=O)Nc1ccc(F)c(Nc2ccc3ncn([C@H]4COC5(CCN(C(=O)CC6(O)CCN(c7cc8c(cc7F)c(N7CCC(=O)NC7=O)nn8C)CC6)CC5)C4)c(=O)c3c2)c1C#N,1,0.614301755798182
4,BRAF,CCN(C)S(=O)(=O)Nc1ccc(F)c(Nc2ccc3ncn([C@H]4COC5(CCN(C(=O)CC6(O)CCN(c7cc8c(cc7F)c(N7CCC(=O)NC7=O)nn8C)CC6)CC5)C4)c(=O)c3c2F)c1C#N,1,0.614301755798182
4,BRAF,CCN(C)S(=O)(=O)Nc1ccc(F)c(Nc2ccc3ncn([C@H]4COC5(CCN(C(=O)CC6CCN(c7cc8c(cc7F)c(N7CCC(=O)NC7=O)nn8C)CC6)CC5)C4)c(=O)c3c2F)c1C#N,1,0.619971352867779
4,BRAF,CCN(C)S(=O)(=O)Nc1ccc(F)c(Nc2ccc3ncn([C@H]4COC5(CCN(C(=O)CN6CCC(c7ccc(NC8CCC(=O)NC8=O)cc7F)CC6)CC5)C4)c(=O)c3c2)c1C#N,1,0.5892803768731096
4,BRAF,CCN(C)S(=O)(=O)Nc1ccc(F)c(Oc2ccc3c(c2)C(=O)C(C2CCOC4(CCN(C(=O)CN5CCC(c6ccc(NC7CCC(=O)NC7=O)cc6F)CC5)CC4)C2)C=N3)c1C#N,1,0.577460948440308
4,BRAF,CCN(C)S(=O)(=O)Nc1ccc(F)c(Oc2ccc3ncc(-n4cc(N5CCCN(C(=O)CN6CCC(c7ccc(NC8CCC(=O)NC8=O)cc7F)CC6)CC5)cn4)nc3c2)c1C#N,1,0.5998682234145855
4,BRAF,CCN(C)S(=O)(=O)Nc1ccc(F)c(Oc2ccc3ncc(C4CCC5(CCN(C(=O)CN6CCC(c7ccc(NC8CCC(=O)NC8=O)cc7F)CC6)CC5)C4)nc3c2)c1C#N,1,0.5808864559247768
4,BRAF,CCN(C)S(=O)(=O)Nc1ccc(F)c(Oc2ccc3ncc(C4COC5(CCN(C(=O)CN6CCC(c7ccc(NC8CCC(=O)NC8=O)cc7F)CC6)CC5)C4)cc3c2)c1C#N,1,0.5907489184622395
4,BRAF,CCN(C)S(=O)(=O)Nc1ccc(F)c(Oc2ccc3ncc(C4COC5(CCN(C(=O)CN6CCC(c7ccc(NC8CCC(=O)NC8=O)cc7F)CC6)CC5)C4)nc3c2)c1C#N,1,0.5907489184622395
4,BRAF,CCN(C)S(=O)(=O)Nc1ccc(F)c(Oc2ccc3ncc(N4CCC5(CCN(C(=O)CN6CCC(c7ccc(NC8CCC(=O)NC8=O)cc7F)CC6)CC5)C4)nc3c2)c1C#N,1,0.5836957505517184
4,BRAF,CCN(C)S(=O)(=O)Nc1ccc(F)c(Oc2ccc3ncc(OCC4CCN(C(=O)CN5CCC(c6ccc(NC7CCC(=O)NC7=O)cc6F)CC5)CC4)nc3c2)c1C#N,1,0.5978001372818545
4,BRAF,CCN(C)S(=O)(=O)Nc1ccc(F)c(Oc2ccc3ncc(OC[C@@H]4[C@H]5CN(C(=O)CN6CCC(c7ccc(NC8CCC(=O)NC8=O)cc7F)CC6)C[C@@H]45)nc3c2)c1C#N,1,0.6028380882198056
4,BRAF,CCN(C)S(=O)(=O)Nc1ccc(F)c(Oc2ccc3ncc([C@@H]4COC5(CCN(C(=O)CN6CCC(c7ccc(NC8CCC(=O)NC8=O)cc7F)CC6)CC5)C4)nc3c2)c1C#N,1,0.5907489184622395
4,BRAF,CCN(C)S(=O)(=O)Nc1ccc(F)c(Oc2ccc3ncc([C@H]4COC5(CCN(C(=O)CC6(O)CCN(c7cc8c(c(N9CCC(=O)NC9=O)nn8C)c(F)c7F)CC6)CC5)C4)c(OC)c3c2)c1C#N,0,0.6234128381798525
4,BRAF,CCN(C)S(=O)(=O)Nc1ccc(F)c(Oc2ccc3ncc([C@H]4COC5(CCN(C(=O)CC6(O)CCN(c7cc8c(cc7F)N7C(=O)NC(=O)CCC7=NN8C)CC6)CC5)C4)nc3c2)c1C#N,1,0.618491583508598
4,BRAF,CCN(C)S(=O)(=O)Nc1ccc(F)c(Oc2ccc3ncc([C@H]4COC5(CCN(C(=O)CN6CCC(c7ccc(NC8CCC(=O)NC8=O)cc7F)CC6)CC5)C4)nc3c2)c1C#N,1,0.5907489184622395
4,BRAF,CCN(C)S(=O)(=O)Nc1ccc(F)c(Oc2ccc3ncc([C@]4(OC)COC5(CCN(C(=O)CC6(O)CCN(c7cc8c(cc7F)c(N7CCC(=O)NC7=O)nn8C)CC6)CC5)C4)c(OC)c3c2)c1C#N,1,0.6253648456495068
4,BRAF,CCN(C)S(=O)(=O)Nc1ccc(F)c(Oc2ccc3ncn(-c4ccc(N5CCN(C(=O)CN6CCC(c7ccc(NC8CCC(=O)NC8=O)cc7F)CC6)CC5)nc4)c(=O)c3c2)c1C#N,1,0.5918167190660832
4,BRAF,CCN(C)S(=O)(=O)Nc1ccc(F)c(Oc2ccc3ncn(-c4cnc(N5CCN(C(=O)CC6(O)CCN(c7cc8c(cc7F)c(N7CCC(=O)NC7=O)nn8C)CC6)CC5)nc4)c(=O)c3c2)c1C#N,1,0.6094907075327218
4,BRAF,CCN(C)S(=O)(=O)Nc1ccc(F)c(Oc2ccc3ncn(-c4cnc(N5CCN(C(=O)CN6CCC(c7ccc(NC8CCC(=O)NC8=O)cc7F)CC6)CC5)nc4)c(=O)c3c2)c1C#N,1,0.5848025182342355
4,BRAF,CCN(C)S(=O)(=O)Nc1ccc(F)c(Oc2ccc3ncn(-c4cnc(N5CCN(C(=O)CN6CCC(c7ccc(NC8CCC(=O)NC8=O)cc7F)CC6)CC5)nc4)c(=O)c3c2F)c1C#N,1,0.5848025182342355
4,BRAF,CCN(C)S(=O)(=O)Nc1ccc(F)c(Oc2ccc3ncn(-c4cnn(C5CCN(C(=O)CN6CCC(c7c(F)cc(NC8CCC(=O)NC8=O)cc7F)CC6)CC5)c4)c(=O)c3c2)c1C#N,1,0.6089312482556155
4,BRAF,CCN(C)S(=O)(=O)Nc1ccc(F)c(Oc2ccc3ncn(-c4cnn(C5CCN(C(=O)CN6CCC(c7ccc(C8CCC(=O)NC8=O)cc7F)CC6)CC5)c4)c(=O)c3c2)c1C#N,1,0.6129312482556154
4,BRAF,CCN(C)S(=O)(=O)Nc1ccc(F)c(Oc2ccc3ncn(-c4cnn(C5CCN(C(=O)CN6CCC(c7ccc(NC8CCC(=O)NC8=O)c(F)c7)CC6)CC5)c4)c(=O)c3c2)c1C#N,1,0.6089312482556155
4,BRAF,CCN(C)S(=O)(=O)Nc1ccc(F)c(Oc2ccc3ncn(-c4cnn(C5CCN(C(=O)CN6CCC(c7ccc(NC8CCC(=O)NC8=O)cc7)CC6)CC5)c4)c(=O)c3c2)c1C#N,1,0.6089312482556155
4,BRAF,CCN(C)S(=O)(=O)Nc1ccc(F)c(Oc2ccc3ncn(-c4cnn(C5CCN(C(=O)CN6CCC(c7ccc(NC8CCC(=O)NC8=O)cc7F)CC6)CC5)c4)c(=O)c3c2)c1C#N,1,0.6089312482556155
4,BRAF,CCN(C)S(=O)(=O)Nc1ccc(F)c(Oc2ccc3ncn(-c4cnn(C5CCN(C(=O)CN6CCC(c7ccc8c(C9CCC(=O)NC9=O)nn(C)c8c7)CC6)CC5)c4)c(=O)c3c2)c1C#N,1,0.6167645815889489
4,BRAF,CCN(C)S(=O)(=O)Nc1ccc(F)c(Oc2ccc3ncn(-c4cnn(C5CCN(CC(=O)N6CCC(c7ccc(NC8CCC(=O)NC8=O)cc7)CC6)CC5)c4)c(=O)c3c2)c1C#N,1,0.6089312482556155
4,BRAF,CCN(C)S(=O)(=O)Nc1ccc(F)c(Oc2ccc3ncn(C(C)CCC4CCN(C(=O)CN5CCC(c6ccc(NC7CCC(=O)NC7=O)cc6F)CC5)CC4)c(=O)c3c2)c1C#N,1,0.5882735733229374
4,BRAF,CCN(C)S(=O)(=O)Nc1ccc(F)c(Oc2ccc3ncn(C4C5CN(C(=O)CN6CCC(c7ccc(NC8CCC(=O)NC8=O)cc7F)CC6)CC54)c(=O)c3c2)c1C#N,1,0.5950190406007577
4,BRAF,CCN(C)S(=O)(=O)Nc1ccc(F)c(Oc2ccc3ncn(C4CC5(CCN(C(=O)CC6(O)CCN(c7ccc(NC8CCC(=O)NC8=O)cc7F)CC6)CC5)C4)c(=O)c3c2)c1C#N,1,0.5620548010367958
4,BRAF,CCN(C)S(=O)(=O)Nc1ccc(F)c(Oc2ccc3ncn(C4CC5(CCN(C(=O)CN6CCC(c7ccc(NC8CCC(=O)NC8=O)cc7F)CC6)CC5)C4)c(=O)c3c2)c1C#N,1,0.5712139046782524
4,BRAF,CCN(C)S(=O)(=O)Nc1ccc(F)c(Oc2ccc3ncn(C4CC5(CCN(C(=O)CN6CCC(c7ccc8c(C9CCC(=O)NC9=O)nn(C)c8c7)CC6)CC5)C4)c(=O)c3c2)c1C#N,1,0.5959773598277542
4,BRAF,CCN(C)S(=O)(=O)Nc1ccc(F)c(Oc2ccc3ncn(C4CC5(CCN(C(=O)CN6CCC(c7ccc8c(N9CCC(=O)NC9=O)nn(C)c8c7)CC6)CC5)C4)c(=O)c3c2)c1C#N,1,0.6080577664967757
4,BRAF,CCN(C)S(=O)(=O)Nc1ccc(F)c(Oc2ccc3ncn(C4CC5(CCN(C(=O)NC6CCN(c7ccc(NC8CCC(=O)NC8=O)cc7F)CC6)CC5)C4)c(=O)c3c2)c1C#N,1,0.5817305713449191
4,BRAF,CCN(C)S(=O)(=O)Nc1ccc(F)c(Oc2ccc3ncn(C4CC5(CCN(C(=O)[C@H]6C[C@H](N7CC(c8ccc(NC9CCC(=O)NC9=O)cc8F)C7)C6)CC5)C4)c(=O)c3c2)c1C#N,1,0.5442053325373056
4,BRAF,CCN(C)S(=O)(=O)Nc1ccc(F)c(Oc2ccc3ncn(C4CCC5(CC4)CCN(C(=O)CC4(O)CCN(c6cc7c(cc6F)c(N6CCC(=O)NC6=O)nn7C)CC4)CC5)c(=O)c3c2)c1C#N,1,0.6139073741993886
4,BRAF,CCN(C)S(=O)(=O)Nc1ccc(F)c(Oc2ccc3ncn(C4CCC5(CC4)CCN(C(=O)CN4CCC(c6ccc(NC7CCC(=O)NC7=O)cc6F)CC4)C5)c(=O)c3c2)c1C#N,1,0.5826339306722516
4,BRAF,CCN(C)S(=O)(=O)Nc1ccc(F)c(Oc2ccc3ncn(C4CCC5(CC4)CCN(C(=O)CN4CCC(c6ccc(NC7CCC(=O)NC7=O)cc6F)CC4)CC5)c(=O)c3c2)c1C#N,1,0.5812197892581101
4,BRAF,CCN(C)S(=O)(=O)Nc1ccc(F)c(Oc2ccc3ncn(C4CCC5(CC4)CCN(C(=O)CN4CCC(c6ccc7c(C8CCC(=O)NC8=O)nn(C)c7c6)CC4)CC5)c(=O)c3c2)c1C#N,1,0.6094574590818261
4,BRAF,CCN(C)S(=O)(=O)Nc1ccc(F)c(Oc2ccc3ncn(C4CCC5(CC4)CCN(C(=O)CN4CCC(c6ccc7c(N8CCC(=O)NC8=O)nn(C)c7c6)CC4)CC5)c(=O)c3c2)c1C#N,1,0.6152859456279599
4,BRAF,CCN(C)S(=O)(=O)Nc1ccc(F)c(Oc2ccc3ncn(C4CCC5(CC4)CCN(C(=O)CN4CCN(c6cc7c(cc6F)c(N6CCC(=O)NC6=O)nn7C)CC4)CC5)c(=O)c3c2)c1C#N,1,0.6152859456279599
4,BRAF,CCN(C)S(=O)(=O)Nc1ccc(F)c(Oc2ccc3ncn(C4CCC5(CCN(C(=O)CN6CCC(c7ccc(NC8CCC(=O)NC8=O)cc7F)CC6)CC5)C4)c(=O)c3c2)c1C#N,1,0.5808864559247768
4,BRAF,CCN(C)S(=O)(=O)Nc1ccc(F)c(Oc2ccc3ncn(C4CCC5(CCN(C(=O)CN6CCC(c7ccc(NC8CCC(=O)NC8=O)cc7F)CC6)CC5)C4)c(=O)c3c2Br)c1C#N,1,0.5822197892581101
4,BRAF,CCN(C)S(=O)(=O)Nc1ccc(F)c(Oc2ccc3ncn(C4CCC5(CCN(C(=O)CN6CCC(c7ccc(NC8CCC(=O)NC8=O)cc7F)CC6)CC5)C4)c(=O)c3c2C)c1C#N,1,0.5840531225914434
4,BRAF,CCN(C)S(=O)(=O)Nc1ccc(F)c(Oc2ccc3ncn(C4CCC5(CCN(C(=O)CN6CCC(c7ccc(NC8CCC(=O)NC8=O)cc7F)CC6)CC5)C4)c(=O)c3c2F)c1C#N,1,0.5808864559247768
4,BRAF,CCN(C)S(=O)(=O)Nc1ccc(F)c(Oc2ccc3ncn(C4CCC5(CCN(CC(=O)N6CCC(c7ccc(NC8CCC(=O)NC8=O)cc7F)CC6)CC5)C4)c(=O)c3c2Cl)c1C#N,1,0.5826639867045307
4,BRAF,CCN(C)S(=O)(=O)Nc1ccc(F)c(Oc2ccc3ncn(C4COC5(CCN(C(=O)CC6(O)CCN(c7cc8c(cc7F)c(N7CCC(=O)NC7=O)nn8C)CC6)CC5)C4)c(=O)c3c2N(C)C)c1C#N,1,0.6230556471252932
4,BRAF,CCN(C)S(=O)(=O)Nc1ccc(F)c(Oc2ccc3ncn(C4COC5(CCN(C(=O)CC6(O)CCN(c7ccc(NC8CCC(=O)NC8=O)cc7F)CC6)CC5)C4)c(=O)c3c2)c1C#N,1,0.5838183862493543
4,BRAF,CCN(C)S(=O)(=O)Nc1ccc(F)c(Oc2ccc3ncn(C4COC5(CCN(C(=O)CN6CCC(c7ccc(NC8CCC(=O)NC8=O)cc7F)CC6)CC5)C4)c(=O)c3c2Br)c1C#N,1,0.5927489184622395
4,BRAF,CCN(C)S(=O)(=O)Nc1ccc(F)c(Oc2ccc3ncn(C4COC5(CCN(C(=O)CN6CCC(c7ccc(NC8CCC(=O)NC8=O)cc7F)CC6)CC5)C4)c(=O)c3c2C)c1C#N,1,0.5965822517955728
4,BRAF,CCN(C)S(=O)(=O)Nc1ccc(F)c(Oc2ccc3ncn(C4COC5(CCN(C(=O)CN6CCC(c7ccc(NC8CCC(=O)NC8=O)cc7F)CC6)CC5)C4)c(=O)c3c2Cl)c1C#N,1,0.5914597825753266
4,BRAF,CCN(C)S(=O)(=O)Nc1ccc(F)c(Oc2ccc3ncn(C4COC5(CCN(C(=O)CN6CCC(c7ccc(NC8CCC(=O)NC8=O)cc7F)CC6)CC5)C4)c(=O)c3c2F)c1C#N,1,0.5907489184622395
4,BRAF,CCN(C)S(=O)(=O)Nc1ccc(F)c(Oc2ccc3ncn(C4COC5(CCN(C(=O)CN6CCC(c7ccc(NC8CCC(=O)NC8=O)cc7F)CC6)CC5)C4)c(=O)c3c2N)c1C#N,1,0.5839266962400173
4,BRAF,CCN(C)S(=O)(=O)Nc1ccc(F)c(Oc2ccc3ncn(C4COC5(CCN(C(=O)CN6CCC(c7ccc(NC8CCC(=O)NC8=O)cc7F)CC6)CC5)C4)c3c2)c1C#N,1,0.5907489184622395
4,BRAF,CCN(C)S(=O)(=O)Nc1ccc(F)c(Oc2ccc3ncn(C4COC5(CCN(C(=O)CN6CCC(c7ccc8c(N9CCC(=O)NC9=O)nn(C)c8c7)CC6)CC5)C4)c(=O)c3c2)c1C#N,1,0.6225914096084241
4,BRAF,CCN(C)S(=O)(=O)Nc1ccc(F)c(Oc2ccc3ncn(C4COC5(CCN(C(=O)NC6CCN(c7ccc(NC8CCC(=O)NC8=O)cc7F)CC6)CC5)C4)c(=O)c3c2)c1C#N,1,0.5958846327479537
4,BRAF,CCN(C)S(=O)(=O)Nc1ccc(F)c(Oc2ccc3ncn(CC(C)CC4CCN(C(=O)CN5CCC(c6ccc(NC7CCC(=O)NC7=O)cc6F)CC5)CC4)c(=O)c3c2)c1C#N,1,0.5938911425728597
4,BRAF,CCN(C)S(=O)(=O)Nc1ccc(F)c(Oc2ccc3ncn(CC4CC5(CCN(C(=O)CN6CCC(c7ccc(NC8CCC(=O)NC8=O)cc7F)CC6)CC5)C4)c(=O)c3c2)c1C#N,1,0.5712139046782524
4,BRAF,CCN(C)S(=O)(=O)Nc1ccc(F)c(Oc2ccc3ncn(CC4COC5(CCN(C(=O)CN6CCC(c7ccc(NC8CCC(=O)NC8=O)cc7F)CC6)CC5)C4)c(=O)c3c2)c1C#N,1,0.5907489184622395
4,BRAF,CCN(C)S(=O)(=O)Nc1ccc(F)c(Oc2ccc3ncn(CCC(C)C4CCN(C(=O)CN5CCC(c6ccc(NC7CCC(=O)NC7=O)cc6F)CC5)CC4)c(=O)c3c2)c1C#N,1,0.5914931500425142
4,BRAF,CCN(C)S(=O)(=O)Nc1ccc(F)c(Oc2ccc3ncn(CCC4(F)CCN(C(=O)CN5CCC(c6ccc(NC7CCC(=O)NC7=O)cc6F)CC5)CC4)c(=O)c3c2)c1C#N,1,0.5812197892581101
4,BRAF,CCN(C)S(=O)(=O)Nc1ccc(F)c(Oc2ccc3ncn(CCC4CCN(C(=O)CN5CCC(c6ccc(C7CCC(=O)NC7=O)cc6F)CC5)CC4)c(=O)c3c2)c1C#N,1,0.5915048991866163
4,BRAF,CCN(C)S(=O)(=O)Nc1ccc(F)c(Oc2ccc3ncn(CCC4CCN(C(=O)CN5CCC(c6ccc(NC7CCC(=O)NC7=O)c(F)c6)CC5)CC4)c(=O)c3c2)c1C#N,1,0.5895048991866163
4,BRAF,CCN(C)S(=O)(=O)Nc1ccc(F)c(Oc2ccc3ncn(CCC4CCN(C(=O)CN5CCC(c6ccc(NC7CCC(=O)NC7=O)cc6F)CC5)CC4)c(=O)c3c2)c1C#N,1,0.5895048991866163
4,BRAF,CCN(C)S(=O)(=O)Nc1ccc(F)c(Oc2ccc3ncn(CCC4CCN(C(=O)CN5CCC(c6ccc7c(C8CCC(=O)NC8=O)nn(C)c7c6)CC5)CC4)c(=O)c3c2)c1C#N,1,0.6167645815889489
4,BRAF,CCN(C)S(=O)(=O)Nc1ccc(F)c(Oc2ccc3ncn(CCCC4(C)CCN(C(=O)CN5CCC(c6ccc(NC7CCC(=O)NC7=O)cc6F)CC5)CC4)c(=O)c3c2)c1C#N,1,0.5852080401140081
4,BRAF,CCN(C)S(=O)(=O)Nc1ccc(F)c(Oc2ccc3ncn(CCCC4(F)CCN(C(=O)CN5CCC(c6ccc(NC7CCC(=O)NC7=O)cc6F)CC5)CC4)c(=O)c3c2)c1C#N,1,0.5812197892581101
4,BRAF,CCN(C)S(=O)(=O)Nc1ccc(F)c(Oc2ccc3ncn(CCCC4CCN(C(=O)CN5CCC(c6ccc(C7CCC(=O)NC7=O)cc6F)CC5)CC4)c(=O)c3c2)c1C#N,1,0.5915048991866163
4,BRAF,CCN(C)S(=O)(=O)Nc1ccc(F)c(Oc2ccc3ncn(CCCC4CCN(C(=O)CN5CCC(c6ccc(NC7CCC(=O)NC7=O)cc6)CC5)CC4)c(=O)c3c2)c1C#N,1,0.5895048991866163
4,BRAF,CCN(C)S(=O)(=O)Nc1ccc(F)c(Oc2ccc3ncn(CCCC4CCN(C(=O)CN5CCC(c6ccc7c(C8CCC(=O)NC8=O)nn(C)c7c6)CC5)CC4)c(=O)c3c2)c1C#N,1,0.6167645815889489
4,BRAF,CCN(C)S(=O)(=O)Nc1ccc(F)c(Oc2ccc3ncn(CCCC4CCN(CC(=O)N5CCC(c6ccc(NC7CCC(=O)NC7=O)cc6)CC5)CC4)c(=O)c3c2)c1C#N,1,0.5895048991866163
4,BRAF,CCN(C)S(=O)(=O)Nc1ccc(F)c(Oc2ccc3ncn(CCCC4CCN(CC(=O)N5CCC(c6ccc(NC7CCC(=O)NC7=O)cc6F)CC5)CC4)c(=O)c3c2)c1C#N,1,0.5895048991866163
4,BRAF,CCN(C)S(=O)(=O)Nc1ccc(F)c(Oc2ccc3ncn(CCN4CCN(C(=O)CN5CCC(c6ccc(NC7CCC(=O)NC7=O)cc6)CC5)CC4)c(=O)c3c2)c1C#N,1,0.5895048991866163
4,BRAF,CCN(C)S(=O)(=O)Nc1ccc(F)c(Oc2ccc3ncn(CCN4CCN(C(=O)CN5CCC(c6ccc(NC7CCC(=O)NC7=O)cc6F)CC5)CC4)c(=O)c3c2)c1C#N,1,0.5895048991866163
4,BRAF,CCN(C)S(=O)(=O)Nc1ccc(F)c(Oc2ccc3ncn([C@@H]4CCC5(CCN(C(=O)CN6CCC(c7ccc(NC8CCC(=O)NC8=O)cc7F)CC6)CC5)C4)c(=O)c3c2)c1C#N,1,0.5808864559247768
4,BRAF,CCN(C)S(=O)(=O)Nc1ccc(F)c(Oc2ccc3ncn([C@@H]4CCC5(CCN(C(=O)CN6CCC(c7ccc(NC8CCC(=O)NC8=O)cc7F)CC6)CC5)C4)c(=O)c3c2Cl)c1C#N,1,0.5826639867045307
4,BRAF,CCN(C)S(=O)(=O)Nc1ccc(F)c(Oc2ccc3ncn([C@@H]4CCC5(CCN(C(=O)CN6CCC(c7ccc(N[C@@H]8CCC(=O)NC8=O)cc7F)CC6)CC5)C4)c(=O)c3c2)c1C#N,1,0.5808864559247768
4,BRAF,CCN(C)S(=O)(=O)Nc1ccc(F)c(Oc2ccc3ncn([C@@H]4CCC5(CCN(C(=O)CN6CCC(c7ccc(N[C@H]8CCC(=O)NC8=O)cc7F)CC6)CC5)C4)c(=O)c3c2)c1C#N,1,0.5808864559247768
4,BRAF,CCN(C)S(=O)(=O)Nc1ccc(F)c(Oc2ccc3ncn([C@@H]4COC5(CCN(C(=O)CC6(O)CCN(c7ccc(NC8CCC(=O)NC8=O)cc7F)CC6)CC5)C4)c(=O)c3c2)c1C#N,1,0.5838183862493543
4,BRAF,CCN(C)S(=O)(=O)Nc1ccc(F)c(Oc2ccc3ncn([C@@H]4COC5(CCN(C(=O)CN6CCC(c7ccc(NC8CCC(=O)NC8=O)cc7F)CC6)CC5)C4)c(=O)c3c2Br)c1C#N,1,0.5927489184622395
4,BRAF,CCN(C)S(=O)(=O)Nc1ccc(F)c(Oc2ccc3ncn([C@@H]4COC5(CCN(CC(=O)N6CCC(c7ccc(NC8CCC(=O)NC8=O)cc7F)CC6)CC5)C4)c(=O)c3c2Cl)c1C#N,1,0.5914597825753266
4,BRAF,CCN(C)S(=O)(=O)Nc1ccc(F)c(Oc2ccc3ncn([C@H]4CCC5(CCN(C(=O)CC6(O)CCN(c7cc8c(cc7F)c(N7CCC(=O)NC7=O)nn8C)CC6)CC5)C4)c(=O)c3c2)c1C#N,1,0.6139073741993886
4,BRAF,CCN(C)S(=O)(=O)Nc1ccc(F)c(Oc2ccc3ncn([C@H]4CCC5(CCN(C(=O)CC6(O)CCN(c7ccc8c(N9CCC(=O)NC9=O)nn(C)c8c7F)CC6)CC5)C4)c(=O)c3c2)c1C#N,1,0.6139073741993886
4,BRAF,CCN(C)S(=O)(=O)Nc1ccc(F)c(Oc2ccc3ncn([C@H]4CCC5(CCN(C(=O)CC6CCN(c7ccc8c(C9CCC(=O)NC9=O)nn(C)c8c7)CC6)CC5)C4)c(=O)c3c2)c1C#N,1,0.61485361292798
4,BRAF,CCN(C)S(=O)(=O)Nc1ccc(F)c(Oc2ccc3ncn([C@H]4CCC5(CCN(C(=O)CN6CCC(c7cc(F)c(NC8CCC(=O)NC8=O)cc7F)CC6)CC5)C4)c(=O)c3c2)c1C#N,1,0.5808864559247768
4,BRAF,CCN(C)S(=O)(=O)Nc1ccc(F)c(Oc2ccc3ncn([C@H]4CCC5(CCN(C(=O)CN6CCC(c7ccc(NC8CCC(=O)NC8=O)c(F)c7)CC6)CC5)C4)c(=O)c3c2)c1C#N,1,0.5808864559247768
4,BRAF,CCN(C)S(=O)(=O)Nc1ccc(F)c(Oc2ccc3ncn([C@H]4CCC5(CCN(C(=O)CN6CCC(c7ccc(NC8CCC(=O)NC8=O)c(F)c7F)CC6)CC5)C4)c(=O)c3c2)c1C#N,1,0.5808864559247768
4,BRAF,CCN(C)S(=O)(=O)Nc1ccc(F)c(Oc2ccc3ncn([C@H]4CCC5(CCN(C(=O)CN6CCC(c7ccc(NC8CCC(=O)NC8=O)cc7F)CC6)CC5)C4)c(=O)c3c2)c1C#N,1,0.5808864559247768
4,BRAF,CCN(C)S(=O)(=O)Nc1ccc(F)c(Oc2ccc3ncn([C@H]4CCC5(CCN(C(=O)CN6CCC(c7ccc(NC8CCC(=O)NC8=O)cc7F)CC6)CC5)C4)c(=O)c3c2Cl)c1C#N,1,0.5826639867045307
4,BRAF,CCN(C)S(=O)(=O)Nc1ccc(F)c(Oc2ccc3ncn([C@H]4CCC5(CCN(C(=O)CN6CCC(c7ccc8c(C9CCC(=O)NC9=O)nn(C)c8c7)CC6)CC5)C4)c(=O)c3c2)c1Cl,1,0.6154005284825357
4,BRAF,CCN(C)S(=O)(=O)Nc1ccc(F)c(Oc2ccc3ncn([C@H]4CCC5(CCN(C(=O)CN6CCN(c7cc8c(cc7F)c(N7CCC(=O)NC7=O)nn8C)CC6)CC5)C4)c(=O)c3c2)c1C#N,1,0.6152859456279599
4,BRAF,CCN(C)S(=O)(=O)Nc1ccc(F)c(Oc2ccc3ncn([C@H]4CCC5(CCN(C(=O)CN6CCN(c7ccc(C8CCC(=O)NC8=O)cc7F)CC6)CC5)C4)c(=O)c3c2)c1C#N,1,0.5828864559247768
4,BRAF,CCN(C)S(=O)(=O)Nc1ccc(F)c(Oc2ccc3ncn([C@H]4CCC5(CCN(C(=O)CN6CCN(c7ccc(NC8CCC(=O)NC8=O)cc7F)CC6)CC5)C4)c(=O)c3c2)c1C#N,1,0.5808864559247768
4,BRAF,CCN(C)S(=O)(=O)Nc1ccc(F)c(Oc2ccc3ncn([C@H]4CCC5(CCN(CC(=O)N6CCC(c7ccc(C8CCC(=O)NC8=O)cc7F)C(F)(F)C6)CC5)C4)c(=O)c3c2)c1C#N,1,0.5828864559247768
4,BRAF,CCN(C)S(=O)(=O)Nc1ccc(F)c(Oc2ccc3ncn([C@H]4CCC5(CCN(CC(=O)N6CCC(c7ccc8c(C9CCC(=O)NC9=O)nn(C)c8c7)C(F)(F)C6)CC5)C4)c(=O)c3c2)c1C#N,1,0.6094574590818261
4,BRAF,CCN(C)S(=O)(=O)Nc1ccc(F)c(Oc2ccc3ncn([C@H]4CCC5(CCN(CC(=O)N6CCC(c7ccc8c(N9CCC(=O)NC9=O)nn(C)c8c7)CC6)CC5)C4)c(=O)c3c2)c1C#N,1,0.6152859456279599
4,BRAF,CCN(C)S(=O)(=O)Nc1ccc(F)c(Oc2ccc3ncn([C@H]4COC5(CCC(C(=O)CC6CCN(c7ccc8c(C9CCC(=O)NC9=O)nn(C)c8c7)CC6)CC5)C4)c(=O)c3c2)c1C#N,1,0.6159867325860999
4,BRAF,CCN(C)S(=O)(=O)Nc1ccc(F)c(Oc2ccc3ncn([C@H]4COC5(CCC(N6CCC(c7cc8c(cc7F)C(N7CCC(=O)NC7=O)NN8C)CC6)CC5)C4)c(=O)c3c2)c1C#N,1,0.6181914096084241
4,BRAF,CCN(C)S(=O)(=O)Nc1ccc(F)c(Oc2ccc3ncn([C@H]4COC5(CCN(C(=O)CC6(F)CCN(c7cc8c(cc7F)N7C(=O)NC(=O)CCC7=NN8C)CC6)CC5)C4)c(=O)c3c2)c1C#N,1,0.6173261378431522
4,BRAF,CCN(C)S(=O)(=O)Nc1ccc(F)c(Oc2ccc3ncn([C@H]4COC5(CCN(C(=O)CC6(O)CCN(c7cc8c(cc7F)N7C(=O)NC(=O)CCC7=NN8C)CC6)CC5)C4)c(=O)c3c2O)c1C#N,1,0.6120898741068886
4,BRAF,CCN(C)S(=O)(=O)Nc1ccc(F)c(Oc2ccc3ncn([C@H]4COC5(CCN(C(=O)CC6(O)CCN(c7cc8c(cc7F)c(N7CCC(=O)NC7=O)nn8C)CC6)CC5)C4)c(=O)c3c2)c1C#N,1,0.618521812538827
4,BRAF,CCN(C)S(=O)(=O)Nc1ccc(F)c(Oc2ccc3ncn([C@H]4COC5(CCN(C(=O)CC6(O)CCN(c7cc8c(cc7F)c(N7CCC(=O)NC7=O)nn8C)CC6)CC5)C4)c(=O)c3c2F)c1C#N,1,0.618521812538827
4,BRAF,CCN(C)S(=O)(=O)Nc1ccc(F)c(Oc2ccc3ncn([C@H]4COC5(CCN(C(=O)CC6(O)CCN(c7cc8c(cc7F)c(N7CCC(=O)NC7=O)nn8C)CC6)CC5)C4)c(=O)c3c2N)c1C#N,1,0.6080662569832714
4,BRAF,CCN(C)S(=O)(=O)Nc1ccc(F)c(Oc2ccc3ncn([C@H]4COC5(CCN(C(=O)CC6(O)CCN(c7ccc8c(C9CCC(=O)NC9=O)nn(C)c8c7)CC6)CC5)C4)c(=O)c3c2)c1C#N,1,0.6102485080655226
4,BRAF,CCN(C)S(=O)(=O)Nc1ccc(F)c(Oc2ccc3ncn([C@H]4COC5(CCN(C(=O)CC6(O)CCN(c7ccc8c(N9CCC(=O)NC9=O)nn(C)c8c7F)CC6)CC5)C4)c(=O)c3c2)c1C#N,0,0.618521812538827
4,BRAF,CCN(C)S(=O)(=O)Nc1ccc(F)c(Oc2ccc3ncn([C@H]4COC5(CCN(C(=O)CC6CCN(c7cc8c(cc7F)c(N7CCC(=O)NC7=O)nn8C)CC6)CC5)C4)c(=O)c3c2)c1C#N,1,0.6225914096084241
4,BRAF,CCN(C)S(=O)(=O)Nc1ccc(F)c(Oc2ccc3ncn([C@H]4COC5(CCN(C(=O)CC6CCN(c7ccc(NC8CCC(=O)NC8=O)cc7F)CC6)CC5)C4)c3c2)c1C#N,1,0.5907489184622395
4,BRAF,CCN(C)S(=O)(=O)Nc1ccc(F)c(Oc2ccc3ncn([C@H]4COC5(CCN(C(=O)CN6CC(c7ccc8c(C9CCC(=O)NC9=O)nn(C)c8c7)C6)CC5)C4)c(=O)c3c2)c1C#N,1,0.5914663796443208
4,BRAF,CCN(C)S(=O)(=O)Nc1ccc(F)c(Oc2ccc3ncn([C@H]4COC5(CCN(C(=O)CN6CCC(c7cc(F)c(NC8CCC(=O)NC8=O)cc7F)CC6)CC5)C4)c(=O)c3c2)c1C#N,1,0.5907489184622395
4,BRAF,CCN(C)S(=O)(=O)Nc1ccc(F)c(Oc2ccc3ncn([C@H]4COC5(CCN(C(=O)CN6CCC(c7cc(OC)c(NC8CCC(=O)NC8=O)cc7F)CC6)CC5)C4)c(=O)c3c2)c1C#N,1,0.5965822517955728
4,BRAF,CCN(C)S(=O)(=O)Nc1ccc(F)c(Oc2ccc3ncn([C@H]4COC5(CCN(C(=O)CN6CCC(c7cc8c(cc7F)c(N7CCC(=O)NC7=O)nn8C)CC6)CC5)C4)c(=O)c3c2)c1C#N,1,0.6225914096084241
4,BRAF,CCN(C)S(=O)(=O)Nc1ccc(F)c(Oc2ccc3ncn([C@H]4COC5(CCN(C(=O)CN6CCC(c7ccc(C8CCC(=O)NC8=O)cc7F)C(F)(F)C6)CC5)C4)c(=O)c3c2)c1C#N,1,0.5927489184622395
4,BRAF,CCN(C)S(=O)(=O)Nc1ccc(F)c(Oc2ccc3ncn([C@H]4COC5(CCN(C(=O)CN6CCC(c7ccc(C8CCC(=O)NC8=O)cc7F)CC6)CC5)C4)c(=O)c3c2)c1C#N,1,0.5927489184622395
4,BRAF,CCN(C)S(=O)(=O)Nc1ccc(F)c(Oc2ccc3ncn([C@H]4COC5(CCN(C(=O)CN6CCC(c7ccc(NC8CCC(=O)NC8=O)c(F)c7)CC6)CC5)C4)c(=O)c3c2)c1C#N,1,0.5907489184622395
4,BRAF,CCN(C)S(=O)(=O)Nc1ccc(F)c(Oc2ccc3ncn([C@H]4COC5(CCN(C(=O)CN6CCC(c7ccc(NC8CCC(=O)NC8=O)c(F)c7F)CC6)CC5)C4)c(=O)c3c2)c1C#N,1,0.5907489184622395
4,BRAF,CCN(C)S(=O)(=O)Nc1ccc(F)c(Oc2ccc3ncn([C@H]4COC5(CCN(C(=O)CN6CCC(c7ccc(NC8CCC(=O)NC8=O)cc7F)C(F)(F)C6)CC5)C4)c(=O)c3c2)c1C#N,1,0.5907489184622395
4,BRAF,CCN(C)S(=O)(=O)Nc1ccc(F)c(Oc2ccc3ncn([C@H]4COC5(CCN(C(=O)CN6CCC(c7ccc(NC8CCC(=O)NC8=O)cc7F)CC6)CC5)C4)c(=O)c3c2)c1C#N,1,0.5907489184622395
4,BRAF,CCN(C)S(=O)(=O)Nc1ccc(F)c(Oc2ccc3ncn([C@H]4COC5(CCN(C(=O)CN6CCC(c7ccc(NC8CCC(=O)NC8=O)cc7F)CC6)CC5)C4)c(=O)c3c2Br)c1C#N,1,0.5927489184622395
4,BRAF,CCN(C)S(=O)(=O)Nc1ccc(F)c(Oc2ccc3ncn([C@H]4COC5(CCN(C(=O)CN6CCC(c7ccc(NC8CCC(=O)NC8=O)cc7F)CC6)CC5)C4)c(=O)c3c2F)c1C#N,1,0.5907489184622395
4,BRAF,CCN(C)S(=O)(=O)Nc1ccc(F)c(Oc2ccc3ncn([C@H]4COC5(CCN(C(=O)CN6CCC(c7ccc(N[C@@H]8CCC(=O)NC8=O)cc7F)CC6)CC5)C4)c(=O)c3c2)c1C#N,1,0.5907489184622395
4,BRAF,CCN(C)S(=O)(=O)Nc1ccc(F)c(Oc2ccc3ncn([C@H]4COC5(CCN(C(=O)CN6CCC(c7ccc(N[C@H]8CCC(=O)NC8=O)cc7F)CC6)CC5)C4)c(=O)c3c2)c1C#N,1,0.5907489184622395
4,BRAF,CCN(C)S(=O)(=O)Nc1ccc(F)c(Oc2ccc3ncn([C@H]4COC5(CCN(C(=O)CN6CCC(c7ccc8c(C9CCC(=O)NC9=O)nn(C)c8c7)C(F)(F)C6)CC5)C4)c(=O)c3c2)c1C#N,1,0.6186200659194333
4,BRAF,CCN(C)S(=O)(=O)Nc1ccc(F)c(Oc2ccc3ncn([C@H]4COC5(CCN(C(=O)CN6CCC(c7ccc8c(C9CCC(=O)NC9=O)nn(C)c8c7)CC6)CC5)C4)c(=O)c3c2)c1C#N,1,0.6186200659194333
4,BRAF,CCN(C)S(=O)(=O)Nc1ccc(F)c(Oc2ccc3ncn([C@H]4COC5(CCN(C(=O)CN6CCCC(c7ccc(NC8CCC(=O)NC8=O)cc7F)CC6)CC5)C4)c(=O)c3c2)c1C#N,1,0.5834431213607902
4,BRAF,CCN(C)S(=O)(=O)Nc1ccc(F)c(Oc2ccc3ncn([C@H]4COC5(CCN(C(=O)CN6CCN(c7cc8c(c(N9CCC(=O)NC9=O)nn8C)c(F)c7F)CC6)CC5)C4)c(=O)c3c2)c1C#N,1,0.6225914096084241
4,BRAF,CCN(C)S(=O)(=O)Nc1ccc(F)c(Oc2ccc3ncn([C@H]4COC5(CCN(C(=O)CN6CCN(c7ccc(C8CCC(=O)NC8=O)cc7F)CC6)CC5)C4)c(=O)c3c2)c1C#N,1,0.5927489184622395
4,BRAF,CCN(C)S(=O)(=O)Nc1ccc(F)c(Oc2ccc3ncn([C@H]4COC5(CCN(C(=O)CN6CCN(c7ccc(NC8CCC(=O)NC8=O)cc7F)CC6)CC5)C4)c(=O)c3c2)c1C#N,0,0.5907489184622395
4,BRAF,CCN(C)S(=O)(=O)Nc1ccc(F)c(Oc2ccc3ncn([C@H]4COC5(CCN(C(=O)CN6CC[C@@H](c7cc8c(cc7F)c(N7CCC(=O)NC7=O)nn8C)C(F)(F)C6)CC5)C4)c(=O)c3c2)c1C#N,1,0.6225914096084241
4,BRAF,CCN(C)S(=O)(=O)Nc1ccc(F)c(Oc2ccc3ncn([C@H]4COC5(CCN(C(=O)CN6CC[C@H](c7cc8c(cc7F)c(N7CCC(=O)NC7=O)nn8C)C(F)(F)C6)CC5)C4)c(=O)c3c2)c1C#N,1,0.6225914096084241
4,BRAF,CCN(C)S(=O)(=O)Nc1ccc(F)c(Oc2ccc3ncn([C@H]4COC5(CCN(C(=O)C[C@H]6CC[C@@H](c7ccc8c(C9CCC(=O)NC9=O)nn(C)c8c7)CC6)CC5)C4)c(=O)c3c2)c1C#N,1,0.6159867325860999
4,BRAF,CCN(C)S(=O)(=O)Nc1ccc(F)c(Oc2ccc3ncn([C@H]4COC5(CCN(C(=O)C[C@H]6CC[C@H](c7ccc8c(C9CCC(=O)NC9=O)nn(C)c8c7)CC6)CC5)C4)c(=O)c3c2)c1C#N,1,0.6159867325860999
4,BRAF,CCN(C)S(=O)(=O)Nc1ccc(F)c(Oc2ccc3ncn([C@H]4COC5(CCN([C@H]6CC[C@H](c7ccc(NC8CCC(=O)NC8=O)cc7F)CC6)CC5)C4)c(=O)c3c2)c1C#N,1,0.5907489184622395
4,BRAF,CCN(C)S(=O)(=O)Nc1ccc(F)c(Oc2ccc3ncn([C@H]4[C@@H]5CN(c6ccc(C(=O)NC7CCN(c8ccc(NC9CCC(=O)NC9=O)cc8F)CC7)cc6)C[C@@H]54)c(=O)c3c2)c1C#N,1,0.5950190406007577
4,BRAF,CCN(C)S(=O)(=O)Nc1cccc(Oc2ccc3ncn(C4CC5(CCN(C(=O)CN6CCC(c7ccc(NC8CCC(=O)NC8=O)cc7F)CC6)CC5)C4)c(=O)c3c2)c1C#N,1,0.5712139046782524
4,BRAF,CCN(CC)S(=O)(=O)Nc1ccc(F)c(Oc2ccc3ncn([C@H]4COC5(CCN(C(=O)CC6(O)CCN(c7cc8c(c(N9CCC(=O)NC9=O)nn8C)c(F)c7F)CC6)CC5)C4)c(=O)c3c2OC)c1C#N,1,0.6229884735121592
4,BRAF,CCN(CC)S(=O)(=O)c1cc(F)c(Oc2ccc3ncn([C@H]4COC5(CCN(C(=O)CN6CCC(c7ccc(NC8CCC(=O)NC8=O)cc7F)CC6)CC5)C4)c(=O)c3c2Cl)c(C#N)c1C#N,1,0.5359041903328114
4,SMARCA2,CCc1cn(C2CCN(CC3(F)CCN(C(=O)c4ccc(N5C6CCC5CN(c5cc(-c7ccccc7O)nnc5N)C6)cc4)CC3)CC2)c2ccc(N3CCC(=O)NC3=O)cc12,0,0.31009020237374274
4,IKZF2,CCn1cc(CN2CCC(O)(c3ccc4c(c3)C(=O)N(C3CCC(=O)NC3=O)C4=O)CC2)cn1,0,0.6831146625968173
4,SMARCA2,CN(C)CC#Cc1nccc(N2C3CC2CN(c2cc(-c4ccccc4O)nnc2N)C3)n1,1,0.5684601238347665
4,SMARCA2,CN(C)CC#Cc1nccc(N2C3CCC2CN(c2cc(-c4ccccc4O)nnc2N)CC3)n1,1,0.663382224480111
4,BRAF,CN(C1CC1)S(=O)(=O)Nc1ccc(F)c(Oc2ccc3ncn([C@H]4CCC5(CCN(C(=O)CC6(O)CCN(c7cc8c(cc7F)c(N7CCC(=O)NC7=O)nn8C)CC6)CC5)O4)c(=O)c3c2)c1C#N,1,0.6111271182008039
4,SMARCA2,COC1(CN2CCC(n3ccc4cc(N5CCC(=O)NC5=O)ccc43)CC2)CCN(C(=O)c2ccc(N3C4CCC3CN(c3cc(-c5ccccc5O)nnc3N)C4)cc2)CC1,0,0.340691574260811
4,BRAF,COC1CCN(S(=O)(=O)Nc2ccc(F)c(Oc3ccc4ncn([C@H]5COC6(CCN(C(=O)CC7(O)CCN(c8cc9c(cc8F)C(=O)N(C8CCC(=O)NC8=O)NN9C)CC7)CC6)C5)c(=O)c4c3)c2C#N)C1,1,0.6073812104048962
4,BRAF,COC1CN(S(=O)(=O)Nc2ccc(F)c(Oc3ccc4ncn([C@H]5COC6(CCN(C(=O)CC7(O)CCN(c8cc9c(cc8F)C(=O)N(N8CCC(=O)NC8=O)NN9C)CC7)CC6)C5)c(=O)c4c3)c2C#N)C1,0,0.593481092565705
4,IKZF2,COC[C@H]1CC[C@H](CN2CCC(O)(c3ccc4c(c3)C(=O)N(C3CCC(=O)NC3=O)C4=O)CC2)CC1,1,0.6612324783819052
4,IKZF2,COCc1ccc(CN2CCC(O)(c3ccc4c(c3)C(=O)N(C3CCC(=O)NC3=O)C4=O)CC2)cc1,1,0.7277672129963282
4,KRAS,CO[C@@H]1CC([C@H](C)Oc2nc(-c3noc4c3CCCC43CCCc4sc(N)c(C#N)c43)nc3c2CN(CCN2CCC4CCC(c5ccc6c(N7CCC(=O)NC7=O)nn(C)c6c5F)CCN4C2(F)F)C3)N(C)C1,1,0.7371106097818654
4,BRAF,CO[C@@H]1CCN(S(=O)(=O)Nc2ccc(F)c(Oc3ccc4ncn([C@H]5COC6(CCN(C(=O)CC7(O)CCN(c8cc9c(cc8F)N8C(=O)NC(=O)CCC8=NN9C)CC7)CC6)C5)c(=O)c4c3)c2C#N)C1,1,0.6057232017468875
4,KRAS,CO[C@@H]1C[C@@H]([C@@H](C)Oc2nc(-c3noc4c3CCC[C@]43CCCc4sc(N)c(C#N)c43)nc3c2CN(CCN2CC[C@H](N4CCC(c5ccc6c(N7CCC(=O)NC7=O)cnn6c5)CC4)C(F)(F)C2)C3)N(C)C1,1,0.7463478768626107
4,KRAS,CO[C@@H]1C[C@@H]([C@H](C)Oc2nc(-c3coc4c3CCC[C@@]43CCCc4sc(N)c(C#N)c43)nc3c2CN(CCN2CC[C@@H](N4CCN(c5ccc6c(N7CCC(=O)NC7=O)cnn6c5)CC4)C(F)(F)C2)C3)N(C)C1,1,0.7389986731804552
4,KRAS,CO[C@@H]1C[C@@H]([C@H](C)Oc2nc(-c3noc4c3CCCC43C(C#N)=C(N)SC4=C3CCC4)nc3c2CN(CCN2CCN(C4CCN(c5ccn6c(N7CCC(=O)NC7=O)cnc6c5Cl)CC4)C(F)(F)C2)C3)N(C)C1,1,0.7017072953939979
4,KRAS,CO[C@@H]1C[C@@H]([C@H](C)Oc2nc(-c3noc4c3CCCC43C4=C(CCc5sc(N)c(C#N)c53)OC4)nc3c2CN([C@H]2CC[C@@H](N4CCC(c5cc6n(N7CCC(=O)NC7=O)cnn6c5)C(F)(F)C4)CC2)C3)N(C)C1,1,0.6640787051133037
4,KRAS,CO[C@@H]1C[C@@H]([C@H](C)Oc2nc(-c3noc4c3CCC[C@@]43C(C#N)=C(N)SC4=C3CCC4)nc3c2CN(CCN2CCC(N4CCC(c5cc6c(C)nn(C7CCC(=O)NC7=O)c6cc5F)CC4)C(F)(F)C2)C3)N(C)C1,1,0.6986048246975268
4,KRAS,CO[C@@H]1C[C@@H]([C@H](C)Oc2nc(-c3noc4c3CCC[C@@]43CCCc4sc(N)c(C#N)c43)nc3c2CN(C2CCC(N4CC[C@@H](c5ccc6c(N7CCC(=O)NC7=O)cnn6c5)C(F)(F)C4)CC2)C3)N(C)C1,1,0.7290807098062964
4,KRAS,CO[C@@H]1C[C@@H]([C@H](C)Oc2nc(-c3noc4c3CCC[C@@]43CCCc4sc(N)c(C#N)c43)nc3c2CN(C2CCC(N4CC[C@@H](c5ccc6c(N7CCC(=O)NC7=O)nn(C)c6c5)C(F)(F)C4)CC2)C3)N(C)C1,1,0.7290807098062964
4,KRAS,CO[C@@H]1C[C@@H]([C@H](C)Oc2nc(-c3noc4c3CCC[C@@]43CCCc4sc(N)c(C#N)c43)nc3c2CN(C2CCC(N4CC[C@H](c5ccc6c(N7CCC(=O)NC7=O)cnn6c5)C(F)(F)C4)CC2)C3)N(C)C1,1,0.7290807098062964
4,KRAS,CO[C@@H]1C[C@@H]([C@H](C)Oc2nc(-c3noc4c3CCC[C@@]43CCCc4sc(N)c(C#N)c43)nc3c2CN(C2CCC(N4CC[C@H](c5ccc6c(N7CCC(=O)NC7=O)nn(C)c6c5)C(F)(F)C4)CC2)C3)N(C)C1,1,0.7290807098062964
4,KRAS,CO[C@@H]1C[C@@H]([C@H](C)Oc2nc(-c3noc4c3CCC[C@@]43CCCc4sc(N)c(C#N)c43)nc3c2CN(CC2CC(N4CC[C@H](c5ccc6c(N7CCC(=O)NC7=O)nn(C)c6c5F)C(F)(F)C4)C2)C3)N(C)C1,1,0.7233531359731197
4,KRAS,CO[C@@H]1C[C@@H]([C@H](C)Oc2nc(-c3noc4c3CCC[C@@]43CCCc4sc(N)c(C#N)c43)nc3c2CN(CCN2CCC(N4CCC(c5ccc6c(N7CCC(=O)NC7=O)cnn6c5)CC4)C(F)(F)C2)C3)N(C)C1,1,0.7463478768626107
4,KRAS,CO[C@@H]1C[C@@H]([C@H](C)Oc2nc(-c3noc4c3CCC[C@@]43CCCc4sc(N)c(C#N)c43)nc3c2CN(CCN2CCC(N4CCN(c5ccc6c(N7CCC(=O)NC7=O)nn(C)c6c5)CC4)C(F)(F)C2)C3)N(C)C1,1,0.7463478768626107
4,KRAS,CO[C@@H]1C[C@@H]([C@H](C)Oc2nc(-c3noc4c3CCC[C@@]43CCCc4sc(N)c(C#N)c43)nc3c2CN(CCN2CCC(N4CCN(c5ccc6c(N7CCC(=O)NC7=O)nn(C)c6c5F)CC4)C(F)(F)C2)C3)N(C)C1,1,0.7463478768626107
4,KRAS,CO[C@@H]1C[C@@H]([C@H](C)Oc2nc(-c3noc4c3CCC[C@@]43CCCc4sc(N)c(C#N)c43)nc3c2CN(CCN2CCN(C4CCN(c5ccc6c(N7CCC(=O)NC7=O)cnn6c5C)CC4)C(F)(F)C2)C3)N(C)C1,1,0.7463478768626107
4,KRAS,CO[C@@H]1C[C@@H]([C@H](C)Oc2nc(-c3noc4c3CCC[C@@]43CCCc4sc(N)c(C#N)c43)nc3c2CN(CCN2CCN(C4CCN(c5ccc6c(N7CCC(=O)NC7=O)nn(C)c6c5Cl)CC4)C(F)(F)C2)C3)N(C)C1,1,0.734819713402958
4,KRAS,CO[C@@H]1C[C@@H]([C@H](C)Oc2nc(-c3noc4c3CCC[C@@]43CCCc4sc(N)c(C#N)c43)nc3c2CN(CCN2CCN(C4CCN(c5ccn6c(N7CCC(=O)NC7=O)cnc6c5F)CC4)C(F)(F)C2)C3)N(C)C1,1,0.7439978961796782
4,KRAS,CO[C@@H]1C[C@@H]([C@H](C)Oc2nc(-c3noc4c3CCC[C@@]43CCCc4sc(N)c(C#N)c43)nc3c2CN(CCN2CCN(N4CCN(c5ccc6c(N7CCC(=O)NC7=O)nn(C)c6c5)CC4)C(F)(F)C2)C3)N(C)C1,1,0.7463478768626107
4,KRAS,CO[C@@H]1C[C@@H]([C@H](C)Oc2nc(-c3noc4c3CCC[C@@]43CCCc4sc(N)c(C#N)c43)nc3c2CN(CCN2CC[C@@H](N4CCC(n5ccc6c(N7CCC(=O)NC7=O)cccc65)CC4)C(F)(F)C2)C3)N(C)C1,1,0.7439978961796782
4,KRAS,CO[C@@H]1C[C@@H]([C@H](C)Oc2nc(-c3noc4c3CCC[C@@]43CCCc4sc(N)c(C#N)c43)nc3c2CN(CCN2CC[C@@H](N4CCN(c5ccc6c(N7CCC(=O)NC7=O)nn(C)c6c5C)CC4)C(F)(F)C2)C3)N(C)C1,1,0.7463478768626107
4,KRAS,CO[C@@H]1C[C@@H]([C@H](C)Oc2nc(-c3noc4c3CCC[C@@]43CCCc4sc(N)c(C#N)c43)nc3c2CN(CCN2CC[C@@H](N4CCN(c5ccc6c(N7CCC(=O)NC7=O)nn(C)c6c5F)CC4)C(F)(F)C2)C3)N(C)C1,1,0.7463478768626107
4,KRAS,CO[C@@H]1C[C@@H]([C@H](C)Oc2nc(-c3noc4c3CCC[C@@]43CCCc4sc(N)c(C#N)c43)nc3c2CN(CCN2CC[C@@H](N4CCN(c5ccc6c(N7CCC(=O)NC7=O)nn(C)c6c5F)CC4)[C@H](F)C2)C3)N(C)C1,1,0.7463478768626107
4,KRAS,CO[C@@H]1C[C@@H]([C@H](C)Oc2nc(-c3noc4c3CCC[C@@]43CCCc4sc(N)c(C#N)c43)nc3c2CN(CCN2CC[C@H](N4CCC(c5ccc6c(N7CCC(=O)NC7=O)nn(C)c6c5F)CC4)C(F)(F)C2)C3)N(C)C1,1,0.7463478768626107
4,KRAS,CO[C@@H]1C[C@@H]([C@H](C)Oc2nc(-c3noc4c3CCC[C@@]43CCCc4sc(N)c(C#N)c43)nc3c2CN(CCN2CC[C@H](N4CCN(c5ccc6c(N7CCC(=O)NC7=O)nn(C)c6c5F)CC4)C(F)(F)C2)C3)N(C)C1,1,0.7463478768626107
4,KRAS,CO[C@@H]1C[C@@H]([C@H](C)Oc2nc(-c3noc4c3CCC[C@@]43CCCc4sc(N)c(C#N)c43)nc3c2CN(CCN2C[C@@H](N4CCN(c5ccc6c(N7CCC(=O)NC7=O)nn(C)c6c5F)CC4)[C@@H](F)C2)C3)N(C)C1,1,0.7463478768626107
4,KRAS,CO[C@@H]1C[C@@H]([C@H](C)Oc2nc(-c3noc4c3CCC[C@@]43CCCc4sc(N)c(C#N)c43)nc3c2CN(CCN2C[C@H](F)[C@@H](N4CCN(c5ccc6c(N7CCC(=O)NC7=O)nn(C)c6c5F)CC4)C2)C3)N(C)C1,1,0.7463478768626107
4,KRAS,CO[C@@H]1C[C@@H]([C@H](C)Oc2nc(-c3noc4c3CCC[C@@]43CCCc4sc(N)c(C#N)c43)nc3c2CN([C@@H]2CCN(CC4(F)CCN(c5ccc6c(N7CCC(=O)NC7=O)cnn6c5)CC4)C[C@@H]2F)C3)N(C)C1,1,0.7463478768626107
4,KRAS,CO[C@@H]1C[C@@H]([C@H](C)Oc2nc(-c3noc4c3CCC[C@@]43CCCc4sc(N)c(C#N)c43)nc3c2CN([C@H]2C[C@@H](CN4CC[C@@H](c5ccc6c(N7CCC(=O)NC7=O)nn(C)c6c5)C(F)(F)C4)C2)C3)N(C)C1,1,0.7233531359731197
4,KRAS,CO[C@@H]1C[C@@H]([C@H](C)Oc2nc(-c3noc4c3CCC[C@@]43CCCc4sc(N)c(C#N)c43)nc3c2CN([C@H]2C[C@H](CN4CC[C@@H](c5ccc6c(N7CCC(=O)NC7=O)nn(C)c6c5)C(F)(F)C4)C2)C3)N(C)C1,1,0.7233531359731197
4,KRAS,CO[C@@H]1C[C@@H]([C@H](C)Oc2nc(-c3noc4c3CCC[C@@]43CCCc4sc(N)c(C#N)c43)nc3c2CN([C@H]2C[C@H](N4CC[C@@H](c5ccc6c(N7CCC(=O)NC7=O)nn(C)c6c5)C(F)(F)C4)C2)C3)N(C)C1,1,0.7061212976563976
4,KRAS,CO[C@@H]1C[C@@H]([C@H](C)Oc2nc(C3=NO[C@]4(CCCc5sc(N)c(C#N)c54)C4CC[C@H]34)nc3c2CN(CCCC2CCN(c4ccc5c6c(ncc5c4)C(=O)NC(=O)CC6)CC2)C3)N(C)C1,1,0.6804407110479648
4,BRAF,CO[C@H]1CCN(S(=O)(=O)Nc2ccc(F)c(Oc3ccc4ncn([C@H]5COC6(CCN(C(=O)CC7(O)CCN(c8cc9c(cc8F)C(=O)N(C8CCC(=O)NC8=O)NN9C)CC7)CC6)C5)c(=O)c4c3)c2C#N)C1,1,0.6073812104048962
4,KRAS,COc1c(N2CCC(N3CCN(CCN4Cc5nc(-c6noc7c6CCC[C@@]76CCCc7sc(N)c(C#N)c76)nc(O[C@@H](C)[C@@H]6C[C@@H](OC)CN6C)c5C4)CC3(F)F)CC2)ccc2c(N3CCC(=O)NC3=O)nn(C)c12,1,0.7463478768626107
4,IKZF2,COc1cc2c(C)c(C(=O)N3CCC(c4ccc5c(c4)CN(C4CCC(=O)NC4=O)C5=O)CC3)[nH]c2cc1[N+](=O)[O-],1,0.6377596203618
4,SMARCA2,COc1ccc(C(=O)/C=C/C(=O)N[C@H]2C[C@H](NC(=O)CN3CCN(c4cc(-c5ccccc5O)nnc4N)CC3)C2)c(F)c1,0,0.37832630907484
4,SMARCA2,COc1ccc(C(=O)/C=C/C(=O)N[C@H]2C[C@H](NC(=O)CN3CCN(c4cc(-c5ccccc5O)nnc4N)CC3)C2)cc1,0,0.38408079918057353
4,IKZF2,COc1ccc(CN2CCC(O)(c3ccc4c(c3)C(=O)N(C3CCC(=O)NC3=O)C4=O)CC2)cn1,1,0.7044601473051794
4,IKZF2,COc1ccc(Oc2cccc(CN3CCC(O)(c4ccc5c(c4)C(=O)N(C4CCC(=O)NC4=O)C5=O)CC3)c2)cc1,1,0.6551317184689475
4,IKZF2,COc1cccc(CN2CCC(O)(c3ccc4c(c3)C(=O)N(C3CCC(=O)NC3=O)C4=O)CC2)c1,1,0.6551317184689475
4,SMARCA2,COc1ccccc1-c1cc(N2CC3CCC(C2)N3c2ccc(C(=O)N3CC4(CC(CN5CCC(n6ccc7cc(N8CCC(=O)NNC8=O)ccc76)CC5)C4)C3)cc2)c(N)nn1,1,0.33217933364013214
4,SMARCA2,C[C@@H]1CCN(c2cc(-c3ccccc3O)nnc2N)CCN1c1ccnc(C#CC2CN(C)C2)n1,1,0.6192270439724322
4,SMARCA2,C[C@@H]1CCN(c2cc(-c3ccccc3O)nnc2N)CCN1c1ccnc(C#CC2CN(CC(F)(F)F)C2)n1,1,0.5174031760049732
4,SMARCA2,C[C@@H]1CN(CC2(F)CCN(C(=O)c3ccc(N4C5CCC4CN(c4cc(-c6ccccc6O)nnc4N)C5)cc3)CC2)CC[C@@H]1n1cc(C2CC2)c2cc(N3CCC(=O)NC3=O)cnc21,0,0.31576305175793157
4,NEK7,C[C@@H]1c2cc([C@H]3CCCCN3)ccc2C(=O)N1[C@H]1CCC(=O)NC1=O,1,0.43086305148079324
4,KRAS,C[C@H](Oc1nc(-c2noc3c2CCC[C@@]32CCCc3sc(N)c(C#N)c32)nc2c1CN(CCCN1CCC(c3ccc4c(N5CCC(=O)NC5=O)nn(C)c4c3F)=C(F)C1)C2)[C@@H]1C[C@@H](F)CN1C,1,0.7129708355131555
4,KRAS,C[C@H](Oc1nc(-c2noc3c2CCC[C@@]32CCCc3sc(N)c(C#N)c32)nc2c1CN(CCCN1CC[C@@H](c3ccc4c(c3)CN(C3CCC(=O)NC3=O)C4=O)C(F)(F)C1)C2)[C@@H]1C[C@@H](F)CN1C,1,0.735632946171147
4,KRAS,C[C@H](Oc1nc(-c2noc3c2CCC[C@@]32CCCc3sc(N)c(C#N)c32)nc2c1CN(CCCN1CC[C@H](c3ccc4c(c3)CN(C3CCC(=O)NC3=O)C4=O)C(F)(F)C1)C2)[C@@H]1C[C@@H](F)CN1C,1,0.735632946171147
4,KRAS,C[C@H](Oc1nc(-c2noc3c2CCC[C@@]32CCCc3sc(N)c(C#N)c32)nc2c1CN(CCN1CCC(N3CCC(c4cc5ccn(C6CCC(=O)NC6=O)c5cc4F)CC3)C(F)(F)C1)C2)[C@@H]1C[C@@H](F)CN1C,1,0.735632946171147
4,KRAS,C[C@H](Oc1nc(-c2noc3c2CCC[C@@]32CCCc3sc(N)c(C#N)c32)nc2c1CN(CCN1CCC(N3CCC(c4cc5oc(=O)n(C6CCC(=O)NC6=O)c5cc4F)CC3)C(F)(F)C1)C2)[C@@H]1C[C@@H](F)CN1C,1,0.7196950965983069
4,KRAS,C[C@H](Oc1nc(-c2noc3c2CCC[C@@]32CCCc3sc(N)c(C#N)c32)nc2c1CN(CCN1CCC(N3CCC(c4ccc5c(C6CCC(=O)NC6=O)nn(C)c5c4)CC3)C(F)(F)C1)C2)[C@@H]1C[C@@H](F)CN1C,1,0.7433340091051621
4,KRAS,C[C@H](Oc1nc(-c2noc3c2CCC[C@@]32CCCc3sc(N)c(C#N)c32)nc2c1CN(CCN1CCC(N3CCC(n4ccc5c(N6CCC(=O)NC6=O)c(Cl)ccc54)CC3)C(F)(F)C1)C2)[C@@H]1C[C@@H](F)CN1C,1,0.7241091266594195
4,KRAS,C[C@H](Oc1nc(-c2noc3c2CCC[C@@]32CCCc3sc(N)c(C#N)c32)nc2c1CN(CCN1CCC(N3CCN(c4ccc(NC5CCC(=O)NC5=O)cc4F)CC3)C(F)(F)C1)C2)[C@@H]1C[C@@H](F)CN1C,1,0.735632946171147
4,KRAS,C[C@H](Oc1nc(-c2noc3c2CCC[C@@]32CCCc3sc(N)c(C#N)c32)nc2c1CN(CCN1CCC(N3CCN(c4ccc(NC5CCC(=O)NC5=O)cc4F)CC3)CC1)C2)[C@@H]1C[C@@H](F)CN1C,1,0.735632946171147
4,KRAS,C[C@H](Oc1nc(-c2noc3c2CCC[C@@]32CCCc3sc(N)c(C#N)c32)nc2c1CN(CCN1CCC(N3CCN(c4ccc5c(N6CCC(=O)NC6=O)cnn5c4)CC3)C(F)(F)C1)C2)[C@@H]1C[C@@H](F)CN1C,1,0.7394859721007059
4,KRAS,C[C@H](Oc1nc(-c2noc3c2CCC[C@@]32CCCc3sc(N)c(C#N)c32)nc2c1CN(CCN1CCC(N3CCN(c4ccc5c(N6CCC(=O)NC6=O)nn(C)c5c4F)CC3)C(F)(F)C1)C2)[C@@H]1C[C@@H](F)CN1C,1,0.7463478768626107
4,KRAS,C[C@H](Oc1nc(-c2noc3c2CCC[C@@]32CCCc3sc(N)c(C#N)c32)nc2c1CN(CCN1CCN(C3CCC(c4ccc5c(N6CCC(=O)NC6=O)cnn5c4)CC3)C(F)(F)C1)C2)[C@@H]1C[C@@H](F)CN1C,1,0.7394859721007059
4,KRAS,C[C@H](Oc1nc(-c2noc3c2CCC[C@@]32CCCc3sc(N)c(C#N)c32)nc2c1CN(CCN1CC[C@@H](N3CCN(c4ccc5c(N6CCC(=O)NC6=O)ccn5c4)CC3)C(F)(F)C1)C2)[C@@H]1C[C@@H](F)CN1C,1,0.7365645628463449
4,KRAS,C[C@H](Oc1nc(-c2noc3c2CCC[C@@]32CCCc3sc(N)c(C#N)c32)nc2c1CN(CCN1CC[C@@H](N3CCN(c4ccc5c(N6CCC(=O)NC6=O)cncc5c4)CC3)C(F)(F)C1)C2)[C@@H]1C[C@@H](F)CN1C,1,0.7365645628463449
4,KRAS,C[C@H](Oc1nc(-c2noc3c2CCC[C@@]32CCCc3sc(N)c(C#N)c32)nc2c1CN(CCN1CC[C@@H](N3CCN(c4ccc5c(N6CCC(=O)NC6=O)nn(C)c5c4F)CC3)C(F)(F)C1)C2)[C@@H]1C[C@@H](F)CN1C,1,0.7463478768626107
4,KRAS,C[C@H](Oc1nc(-c2noc3c2CCC[C@@]32CCCc3sc(N)c(C#N)c32)nc2c1CN(CCN1CC[C@@H](N3CCN(c4ccc5c(c4)n(C)c(=O)n5C4CCC(=O)NC4=O)CC3)C(F)(F)C1)C2)[C@@H]1C[C@@H](F)CN1C,1,0.7439978961796782
4,KRAS,C[C@H](Oc1nc(-c2noc3c2CCC[C@@]32CCCc3sc(N)c(C#N)c32)nc2c1CN(CCN1CC[C@H](N3CCN(c4ccc(N[C@H]5CCC(=O)NC5=O)cc4F)CC3)C(F)(F)C1)C2)[C@@H]1C[C@@H](F)CN1C,1,0.735632946171147
4,KRAS,C[C@H](Oc1nc(-c2noc3c2CCC[C@@]32CCCc3sc(N)c(C#N)c32)nc2c1CN(CCN1CC[C@H](N3CCN(c4ccc5c(N6CCC(=O)NC6=O)cnn5c4)CC3)C(F)(F)C1)C2)[C@@H]1C[C@@H](F)CN1C,1,0.7394859721007059
4,KRAS,C[C@H](Oc1nc(-c2noc3c2CCC[C@@]32CCCc3sc(N)c(C#N)c32)nc2c1CN(CCN1CC[C@H](N3CCN(c4ccc5c(N6CCC(=O)NC6=O)nn(C)c5c4)CC3)C(F)(F)C1)C2)[C@@H]1C[C@@H](F)CN1C,1,0.7463478768626107
4,KRAS,C[C@H](Oc1nc(-c2noc3c2CCC[C@@]32CCCc3sc(N)c(C#N)c32)nc2c1CN(CCN1CC[C@H](N3CCN(c4ccc5c(N6CCC(=O)NC6=O)nn(C)c5c4F)CC3)C(F)(F)C1)C2)[C@@H]1C[C@@H](F)CN1C,1,0.7463478768626107
4,KRAS,C[C@H](Oc1nc(-c2noc3c2CCC[C@@]32CCCc3sc(N)c(C#N)c32)nc2c1CN(CCN1CC[C@H](N3CCN(c4ccc5c(N6CCC(=O)NC6=O)nn(C)c5c4F)CC3)[C@H](F)C1)C2)[C@@H]1C[C@@H](F)CN1C,1,0.7463478768626107
4,KRAS,C[C@H](Oc1nc(-c2noc3c2CCC[C@]32CCCc3sc(N)c(C#N)c32)nc2c1CN(CCN1CCC(N3CCC(c4ccc5c(c4)CN(C4CCC(=O)NC4=O)C5=O)CC3)C(F)(F)C1)C2)[C@@H]1C[C@@H](F)CN1C,1,0.735632946171147
4,KRAS,C[C@H](Oc1nc(-c2noc3c2CCC[C@]32CCCc3sc(N)c(C#N)c32)nc2c1CN(CCN1CCC(N3CCN(c4ccc5c(c4)CN(C4CCC(=O)NC4=O)C5=O)CC3)C(F)(F)C1)C2)[C@@H]1C[C@@H](F)CN1C,1,0.735632946171147
4,KRAS,C[C@H](Oc1nc(-c2onc3c2CCC[C@@]32CCCc3sc(N)c(C#N)c32)nc2c1CN(CCN1CC[C@H](N3CCN(c4ccc5c(N6CCC(=O)NC6=O)nn(C)c5c4F)CC3)C(F)(F)C1)C2)[C@@H]1C[C@@H](F)CN1C,1,0.7463478768626107
4,SMARCA2,C[C@H]1CN(CC2(F)CCN(C(=O)c3ccc(N4C5CCC4CN(c4cc(-c6ccccc6O)nnc4N)C5)cc3)CC2)CCN1[C@H]1C=Cc2cc(N3CCC(=O)NC3=O)ccc21,1,0.3190131365517777
4,SMARCA2,C[C@H]1CN(CC2(F)CCN(C(=O)c3ccc(N4C5CCC4CN(c4cc(-c6ccccc6O)nnc4N)C5)cc3)CC2)CC[C@@H]1n1cc(C2CC2)c2cc(N3CCC(=O)NC3=O)ccc21,1,0.31576305175793157
4,SMARCA2,C[C@H]1CN(CC2(F)CCN(C(=O)c3ccc(N4C5CCC4CN(c4cc(-c6ccccc6O)nnc4N)C5)cc3)CC2)CC[C@@H]1n1cc(C2CC2)c2cc(N3CCC(=O)NC3=O)cnc21,1,0.31576305175793157
4,SMARCA2,C[C@H]1CN(CC2(F)CCN(C(=O)c3ccc(N4C5CCC4CN(c4cc(-c6ccccc6O)nnc4N)C5)cc3)CC2)CC[C@H]1n1cc(C2CC2)c2cc(N3CCC(=O)NC3=O)cnc21,0,0.31576305175793157
4,IKZF2,Cc1c(C(=O)N2C3CC(c4ccc5c(c4)CN(C4CCC(=O)NC4=O)C5=O)CC2C3)[nH]c2cc(Cl)ccc12,1,0.30331844859444196
4,IKZF2,Cc1c(C(=O)N2CCC(c3ccc4c(c3)C(=O)N(C3CCC(=O)NC3=O)C4=O)CC2)[nH]c2cc([N+](=O)[O-])ccc12,1,0.6456451720193763
4,IKZF2,Cc1c(C(=O)N2CCC(c3ccc4c(c3)CN(C3CCC(=O)NC3=O)C4=O)CC2)[nH]c2c(F)c(Cl)ccc12,1,0.5444327960456026
4,IKZF2,Cc1c(C(=O)N2CCC(c3ccc4c(c3)CN(C3CCC(=O)NC3=O)C4=O)CC2)[nH]c2cc(C#N)ccc12,1,0.5752413257117183
4,IKZF2,Cc1c(C(=O)N2CCC(c3ccc4c(c3)CN(C3CCC(=O)NC3=O)C4=O)CC2)[nH]c2cc(Cl)c(O)cc12,1,0.5599173355729397
4,IKZF2,Cc1c(C(=O)N2CCC(c3ccc4c(c3)CN(C3CCC(=O)NC3=O)C4=O)CC2)[nH]c2cc(N3CCOCC3)ccc12,1,0.6501926542477277
4,IKZF2,Cc1c(C(=O)N2CCC(c3ccc4c(c3)CN(C3CCC(=O)NC3=O)C4=O)CC2)[nH]c2cc([N+](=O)[O-])c(O)cc12,1,0.6446236628165474
4,IKZF2,Cc1c(C(=O)N2CCC(c3ccc4c(c3)CN(C3CCC(=O)NC3=O)C4=O)CC2C)[nH]c2cc(Cl)ccc12,1,0.5520251201689463
4,IKZF2,Cc1c(C(=O)N2CCC(c3ccc4c(c3F)CN(C3CCC(=O)NC3=O)C4=O)CC2)[nH]c2cc(C#N)c(F)cc12,1,0.5969002014983573
4,IKZF2,Cc1c(C(=O)N2CCC(c3ccc4c(c3F)CN(C3CCC(=O)NC3=O)C4=O)CC2)[nH]c2cc(Cl)c(C#N)cc12,1,0.5780240733025844
4,IKZF2,Cc1c(C(=O)N2CCC(c3ccc4c(c3F)CN(C3CCC(=O)NC3=O)C4=O)CC2)[nH]c2cc(N3CCOCC3)ccc12,1,0.7035095769204993
4,SMARCA2,Cc1c(C)n(C2CCN(CC3(F)CCN(C(=O)c4ccc(N5C6CCC5CN(c5cc(-c7ccccc7O)nnc5N)C6)cc4)CC3)CC2)c2ccc(N3CCC(=O)NC3=O)cc12,0,0.3334954735044009
4,SMARCA2,Cc1c(N2CCC(=O)NC2=O)ccc2c1ccn2C1CCN(CC2(F)CCN(C(=O)c3ccc(N4C5CCC4CN(c4cc(-c6ccccc6O)nnc4N)C5)cc3)CC2)CC1,1,0.3185960964796368
4,SMARCA2,Cc1c(N2CCC(=O)NC2=O)cnc2c1ccn2C1CCN(CC2(F)CCN(C(=O)c3ccc(N4C5CCC4CN(c4cc(-c6ccccc6O)nnc4N)C5)cc3)CC2)CC1,1,0.3185960964796368
4,SMARCA2,Cc1cc(N2C3CCC2CN(c2cc(-c4ccccc4O)nnc2N)C3)cc(F)c1C(=O)N1CCC(F)(CN2CCC(c3cn(C4CCC4)c4cc(N5CCC(=O)NC5=O)ccc34)CC2)CC1,0,0.29198482723164343
4,SMARCA2,Cc1cc(N2C3CCC2CN(c2cc(-c4ccccc4O)nnc2N)C3)cc(F)c1C(=O)N1CCC(F)(CN2CCC(n3cc(C4CC4)c4cc(N5CCC(=O)NC5=O)cnc43)CC2)CC1,1,0.30771607538961576
4,SMARCA2,Cc1cc(N2C3CCC2CN(c2cc(-c4ccccc4O)nnc2N)C3)ccc1C(=O)N1CCC(CN2CCC(c3cn(C4CCC4)c4cc(N5CCC(=O)NC5=O)ccc34)CC2)CC1,1,0.29187817728840293
4,SMARCA2,Cc1cc(N2C3CCC2CN(c2cc(-c4ccccc4O)nnc2N)C3)ccc1C(=O)N1CCC(F)(CN2CCC(c3cn(C4CCC4)c4c(F)c(N5CCC(=O)NC5=O)ccc34)CC2)CC1,1,0.29198482723164343
4,SMARCA2,Cc1cc(N2C3CCC2CN(c2cc(-c4ccccc4O)nnc2N)C3)ccc1C(=O)N1CCC(F)(CN2CCC(n3cc(C)c4cc(N5CCC(=O)NC5=O)ccc43)CC2)CC1,1,0.32758481749374474
4,SMARCA2,Cc1cc(N2C3CCC2CN(c2cc(-c4ccccc4O)nnc2N)C3)ccc1C(=O)N1CCC(F)(CN2CCN(c3cc4c(C5CC5)cn(C5CCC(=O)NC5=O)c4cn3)CC2)CC1,1,0.3219735524861626
4,SMARCA2,Cc1cc(N2CCC(=O)NC2=O)c2ccn(C3CCN(CC4CCN(C(=O)c5ccc(N6C7CCC6CN(c6cc(-c8ccccc8O)nnc6N)C7)cc5)CC4)CC3)c2c1,1,0.31291684695207267
4,SMARCA2,Cc1cc(N2CCC(=O)NC2=O)cc2ccn(C3CCN(CC4(F)CCN(C(=O)c5ccc(N6C7CCC6CN(c6cc(-c8ccccc8O)nnc6N)C7)cc5)CC4)CC3)c12,1,0.3121854404689808
4,SMARCA2,Cc1cc(NC2CCN(c3cc(-c4ccccc4C)nnc3C)C2)ccc1C(=O)N1CCC(CN2CCN(c3ccc(N4CCC(=O)NC4=O)cc3)CC2)CC1,1,0.386234010143757
4,SMARCA2,Cc1cc2c(N3CCC(=O)NC3=O)cccc2n1C1CCN(CC2CCN(C(=O)c3ccc(N4C5CCC4CN(c4cc(-c6ccccc6O)nnc4N)C5)cc3)CC2)CC1,1,0.3180180923733181
4,SMARCA2,Cc1cc2c(ccn2C2CCN(CC3(F)CCN(C(=O)c4ccc(N5C6CCC5CN(c5cc(-c7ccccc7O)nnc5N)C6)cc4)CC3)CC2)cc1N1CCC(=O)NC1=O,1,0.3185960964796368
4,SMARCA2,Cc1cc2cc(N3CCC(=O)NC3=O)ccc2n1C1CCN(CC2(F)CCN(C(=O)c3ccc(N4C5CCC4CN(c4cc(-c6ccccc6O)nnc4N)C5)cc3)CC2)CC1,0,0.3185960964796368
4,SMARCA2,Cc1ccc(N2CCC(=O)NC2=O)c2ccn(C3CCN(CC4CCN(C(=O)c5ccc(N6C7CCC6CN(c6cc(-c8ccccc8O)nnc6N)C7)cc5)CC4)CC3)c12,1,0.31291684695207267
4,SMARCA2,Cc1ccc2c(ccn2C2CCN(CC3CCN(C(=O)c4ccc(N5C6CCC5CN(c5cc(-c7ccccc7O)nnc5N)C6)cc4)CC3)CC2)c1N1CCC(=O)NC1=O,1,0.3180180923733181
4,SMARCA2,Cc1ccccc1-c1cc(N2CC3CCC(C2)N3c2ccc(C(=O)N3CCC(F)(CN4CCC(n5ccc6c(N7CCC(=O)NC7=O)c(C)ccc65)CC4)CC3)cc2)c(N)nn1,1,0.3368158504405391
4,SMARCA2,Cc1cn(C2CCC3(CC2)CCN(CC2(F)CCN(C(=O)c4ccc(N5C6CCC5CN(c5cc(-c7ccccc7O)nnc5N)C6)cc4)CC2)CC3)c2ccc(N3CCC(=O)NC3=O)cc12,0,0.3121854404689808
4,SMARCA2,Cc1cn(C2CCN(CC3(F)CCN(C(=O)c4c(F)cc(N5C6CCC5CN(c5cc(-c7ccccc7O)nnc5N)C6)cc4C#N)CC3)CC2)c2ccc(N3CCC(=O)NC3=O)c(F)c12,0,0.31285051452535917
4,SMARCA2,Cc1cn(C2CCN(CC3(F)CCN(C(=O)c4c(F)cc(N5C6CCC5CN(c5cc(-c7ccccc7O)nnc5N)C6)cc4C#N)CC3)CC2)c2ccc(N3CCC(=O)NC3=O)cc12,1,0.31285051452535917
4,SMARCA2,Cc1cn(C2CCN(CC3(F)CCN(C(=O)c4c(F)cc(N5C6CCC5CN(c5cc(-c7ccccc7O)nnc5N)C6)cc4F)CC3)CC2)c2ccc(N3CCC(=O)NC3=O)cc12,0,0.3121854404689808
4,SMARCA2,Cc1cn(C2CCN(CC3(F)CCN(C(=O)c4ccc(N5C6CCC5CN(c5cc(-c7c(O)cccc7F)nnc5N)C6)cc4)CC3)CC2)c2ccc(N3CCC(=O)NC3=O)cc12,0,0.3121854404689808
4,SMARCA2,Cc1cn(C2CCN(CC3(F)CCN(C(=O)c4ccc(N5C6CCC5CN(c5cc(-c7ccccc7O)nnc5N)C6)c(F)c4)CC3)CC2)c2ccc(N3CCC(=O)NC3=O)c(F)c12,0,0.3121854404689808
4,SMARCA2,Cc1cn(C2CCN(CC3(F)CCN(C(=O)c4ccc(N5C6CCC5CN(c5cc(-c7ccccc7O)nnc5N)C6)cc4)CC3)CC2)c2cc(F)c(N3CCC(=O)NC3=O)c(F)c12,1,0.3121854404689808
4,SMARCA2,Cc1cn(C2CCN(CC3(F)CCN(C(=O)c4ccc(N5C6CCC5CN(c5cc(-c7ccccc7O)nnc5N)C6)cc4)CC3)CC2)c2ccc(N3CCC(=O)N(COP(=O)(O)O)C3=O)cc12,0,0.38197695282086463
4,SMARCA2,Cc1cn(C2CCN(CC3(F)CCN(C(=O)c4ccc(N5C6CCC5CN(c5cc(-c7ccccc7O)nnc5N)C6)cc4)CC3)CC2)c2ccc(N3CCC(=O)NC3=O)c(F)c12,1,0.3121854404689808
4,SMARCA2,Cc1cn(C2CCN(CC3(F)CCN(C(=O)c4ccc(N5C6CCC5CN(c5cc(-c7ccccc7O)nnc5N)C6)cc4)CC3)CC2)c2ccc(N3CCC(=O)NC3=O)cc12,1,0.3121854404689808
4,SMARCA2,Cc1cn(C2CCN(CC3(F)CCN(C(=O)c4ccc(N5C6CCC5CN(c5cc(-c7ccccc7O)nnc5N)C6)cc4)CC3)CC2)c2ccn(C3CCC(=O)NC3=O)c12,1,0.3229953651179752
4,SMARCA2,Cc1cn(C2CCN(CC3(F)CCN(C(=O)c4ccc(N5C6CCC5CN(c5cc(-c7ccccc7O)nnc5N)C6)cc4)CC3)CC2)c2ncc(N3CCC(=O)NC3=O)cc12,0,0.3121854404689808
4,SMARCA2,Cc1cn(C2CCN(CC3(F)CCN(C(=O)c4ccc(N5C6CCC5CN(c5cc(-c7ccccc7O)nnc5N)C6)cc4C#N)CC3)CC2)c2ccc(N3CCC(=O)NC3=O)c(F)c12,0,0.31285051452535917
4,SMARCA2,Cc1cn(C2CCN(CC3(F)CCN(C(=O)c4ccc(N5C6CCC5CN(c5cc(-c7ccccc7O)nnc5N)C6)cc4F)CC3)CC2)c2ccc(N3CCC(=O)NC3=O)cc12,1,0.3121854404689808
4,SMARCA2,Cc1cn(C2CCN(CC3(F)CCN(Cc4ccc(N5C6CCC5CN(c5cc(-c7ccccc7O)nnc5N)C6)cc4)CC3)CC2)c2ccc(N3CCC(=O)NC3=O)cc12,0,0.31224165164910506
4,SMARCA2,Cc1cn(C2CCN(CC3CCN(C(=O)c4ccc(N5C6CCC5CN(c5cc(-c7ccccc7O)nnc5N)C6)cc4)CC3)CC2)c2ccc(N3CCC(=O)NC3=O)cc12,1,0.31291684695207267
4,NEK7,Cc1ncc(C(C)(C)C(=O)NCc2cc(Cl)c(C3CCC(=O)NC3=O)c(Cl)c2)o1,1,0.6821240521663221
4,KRAS,Cc1nn(C2CCC(=O)NC2=O)c2cc(F)c(C3CCN(C4CCN(CCN5Cc6nc(-c7noc8c7CCC[C@@]87CCC/C7=C7\SC(N)=C7C#N)nc(O[C@@H](C)[C@@H]7C[C@@H](F)CN7C)c6C5)CC4(F)F)CC3)cc12,1,0.6212856008855259
4,IKZF2,Cn1c(CN2CCC(O)(c3ccc4c(c3)C(=O)N(C3CCC(=O)NC3=O)C4=O)CC2)cc2ccccc21,1,0.7180187054837873
4,SMARCA2,Cn1cc(C2CCN(CC3(F)CCN(C(=O)c4ccc(N5C6CCC5CN(c5cc(-c7ccccc7O)nnc5N)C6)cc4)CC3)CC2)c2cccc(N3CCC(=O)NC3=O)c21,1,0.3199296128657848
4,SMARCA2,Cn1cc(N2CCN(CC3CCN(C(=O)c4ccc(N5C6CCC5CN(c5cc(-c7ccccc7O)nnc5N)C6)cc4)CC3)CC2)c2ccc(N3CCC(=O)NC3=O)cc21,0,0.3243155882034455
4,IKZF2,Cn1ccc2cc(CN3CCC(O)(c4ccc5c(c4)C(=O)N(C4CCC(=O)NC4=O)C5=O)CC3)ccc21,1,0.7149153238412754
4,BRAF,Cn1nc(C2CCC(=O)NC2=O)c2ccc(C3CCN(CC(=O)N4CCC5(CC4)C[C@@H](n4cnc6ccc(Oc7c(F)ccc(NS(=O)(=O)C8CCCC8)c7C#N)cc6c4=O)CO5)CC3)cc21,1,0.5827874761719553
4,BRAF,Cn1nc(C2CCC(=O)NC2=O)c2ccc(C3CCN(CC(=O)N4CCC5(CC4)C[C@@H](n4cnc6ccc(Oc7c(F)ccc(NS(=O)(=O)N8CC[C@@H](F)C8)c7C#N)cc6c4=O)CO5)CC3)cc21,0,0.601823608312
4,BRAF,Cn1nc(N2CCC(=O)NC2=O)c2cc(F)c(N3CCC(O)(CC(=O)N4CCC5(CC4)C[C@@H](n4cnc6ccc(Oc7c(F)ccc(NS(=O)(=O)C8CC8)c7C#N)cc6c4=O)CO5)CC3)cc21,1,0.5840535085056346
4,BRAF,Cn1nc(N2CCC(=O)NC2=O)c2cc(F)c(N3CCC(O)(CC(=O)N4CCC5(CC4)C[C@@H](n4cnc6ccc(Oc7c(F)ccc(NS(=O)(=O)C8CCC8)c7C#N)cc6c4=O)CO5)CC3)cc21,1,0.5831993220484429
4,BRAF,Cn1nc(N2CCC(=O)NC2=O)c2cc(F)c(N3CCC(O)(CC(=O)N4CCC5(CC4)C[C@@H](n4cnc6ccc(Oc7c(F)ccc(NS(=O)(=O)C8CCCC8)c7C#N)cc6c4=O)O5)CC3)cc21,1,0.5531755471307477
4,BRAF,Cn1nc(N2CCC(=O)NC2=O)c2cc(F)c(N3CCC(O)(CC(=O)N4CCC5(CC4)C[C@@H](n4cnc6ccc(Oc7c(F)ccc(NS(=O)(=O)C8CCCCC8)c7C#N)cc6c4=O)O5)CC3)cc21,1,0.5531755471307477
4,BRAF,Cn1nc(N2CCC(=O)NC2=O)c2cc(F)c(N3CCC(O)(CC(=O)N4CCC5(CC4)C[C@@H](n4cnc6ccc(Oc7c(F)ccc(NS(=O)(=O)N8CC9CC9C8)c7C#N)cc6c4=O)CO5)CC3)cc21,1,0.6013396406456795
4,BRAF,Cn1nc(N2CCC(=O)NC2=O)c2cc(F)c(N3CCC(O)(CC(=O)N4CCC5(CC4)C[C@@H](n4cnc6ccc(Oc7c(F)ccc(NS(=O)(=O)N8CCC8)c7C#N)cc6c4=O)CO5)CC3)cc21,0,0.5785817419163544
4,BRAF,Cn1nc(N2CCC(=O)NC2=O)c2cc(F)c(N3CCC(O)(CC(=O)N4CCC5(CC4)C[C@@H](n4cnc6ccc(Oc7c(F)ccc(NS(=O)(=O)N8CCCC8)c7C#N)cc6c4=O)CO5)CC3)cc21,1,0.5980396406456794
4,BRAF,Cn1nc(N2CCC(=O)NC2=O)c2cc(F)c(N3CCC(O)(CC(=O)N4CCC5(CC4)C[C@@H](n4cnc6ccc(Oc7c(F)ccc(NS(=O)(=O)N8CCCCC8)c7C#N)cc6c4=O)CO5)CC3)cc21,1,0.5980396406456794
4,BRAF,Cn1nc(N2CCC(=O)NC2=O)c2cc(F)c(N3CCC(O)(CC(=O)N4CCC5(CC4)C[C@@H](n4cnc6ccc(Oc7c(F)ccc(NS(=O)(=O)N8CC[C@@H](F)C8)c7C#N)cc6c4=O)CO5)CC3)cc21,1,0.5980396406456794
4,IKZF2,Cn1ncc2cc(CN3CCC(O)(c4ccc5c(c4)C(=O)N(C4CCC(=O)NC4=O)C5=O)CC3)ccc21,1,0.7234716601113994
4,IKZF2,Cn1ncc2ccc(CN3CCC(O)(c4ccc5c(c4)C(=O)N(C4CCC(=O)NC4=O)C5=O)CC3)cc21,1,0.7234716601113994
4,SMARCA2,N#CC1(CN2CCN(c3ccc(N4CCC(=O)NC4=O)cc3)CC2)CCN(C(=O)c2ccc(N3C4CCC3CN(c3cc(-c5ccccc5O)nnc3N)C4)cc2)CC1,1,0.3061187484604172
4,BRAF,N#Cc1c(NS(=O)(=O)C2CCCC2)ccc(F)c1Oc1ccc2ncn([C@H]3COC4(CCN(C(=O)CN5CCC(c6ccc(NC7CCC(=O)NC7=O)cc6F)CC5)CC4)C3)c(=O)c2c1,1,0.5367096646255152
4,BRAF,N#Cc1c(NS(=O)(=O)N2CC[C@@H](F)C2)ccc(F)c1Oc1ccc2ncn([C@H]3COC4(CCN(C(=O)CN5CCC(c6ccc(NC7CCC(=O)NC7=O)cc6F)CC5)CC4)C3)c(=O)c2c1,0,0.5507323240594044
4,SMARCA2,N#Cc1cc2c(N3CCC(=O)NC3=O)cccc2n1C1CCN(CC2(F)CCN(C(=O)c3ccc(N4C5CCC4CN(c4cc(-c6ccccc6O)nnc4N)C5)cc3)CC2)CC1,0,0.31231889577916794
4,IKZF2,N#Cc1ccc(CN2CCC(O)(c3ccc4c(c3)C(=O)N(C3CCC(=O)NC3=O)C4=O)CC2)cc1,1,0.6612535472693972
4,IKZF2,N#Cc1ccc(Oc2cccc(CN3CCC(O)(c4ccc5c(c4)C(=O)N(C4CCC(=O)NC4=O)C5=O)CC3)c2)cc1,1,0.6545129550627978
4,IKZF2,N#Cc1cccc(CN2CCC(O)(c3ccc4c(c3)C(=O)N(C3CCC(=O)NC3=O)C4=O)CC2)c1,1,0.6612535472693972
4,SMARCA2,N#Cc1cn(C2CCN(CC3(F)CCN(C(=O)c4ccc(N5C6CCC5CN(c5cc(-c7ccccc7O)nnc5N)C6)cc4)CC3)CC2)c2ccc(N3CCC(=O)NC3=O)c(F)c12,1,0.31231889577916794
4,SMARCA2,N#Cc1cn(C2CCN(CC3(F)CCN(C(=O)c4ccc(N5C6CCC5CN(c5cc(-c7ccccc7O)nnc5N)C6)cc4F)CC3)CC2)c2ccc(N3CCC(=O)NC3=O)cc12,0,0.31231889577916794
4,SMARCA2,N#Cc1cn(C2CCN(CC3CCN(C(=O)c4ccc(N5C6CCC5CN(c5cc(-c7ccccc7O)nnc5N)C6)cc4)CC3)CC2)c2ccc(N3CCC(=O)NC3=O)cc12,1,0.311789372957721
4,SMARCA2,NCC#Cc1nccc(N2C3CC2CN(c2cc(-c4ccccc4O)nnc2N)C3)n1,0,0.3755281336946419
4,IKZF2,Nc1nc(-c2ccc3c(c2F)CN(C2CCC(=O)NC2=O)C3=O)ccc1CN1CC(C2CCC(F)(F)CC2)C1,1,0.49880895738526326
4,IKZF4,Nc1nc(-c2ccc3c(c2F)CN(C2CCC(=O)NC2=O)C3=O)ccc1CN1CC(C2CCC(F)(F)CC2)C1,1,0.38143954481964526
4,SMARCA2,Nc1ncc(-c2ccccc2O)cc1N1CCCN(c2ccnc(C#CCn3ccn4nccc4c3=O)n2)CC1,1,0.43766119516194063
4,SMARCA2,Nc1nnc(-c2cc(F)ccc2O)cc1N1CC2CCC(C1)N2c1ccc(C(=O)N2CCC(F)(CN3CCC(n4ccc5cc(N6CCC(=O)NC6=O)ccc54)CC3)CC2)cc1,1,0.31298715505612285
4,SMARCA2,Nc1nnc(-c2ccccc2O)cc1N1CC2C1CCN2c1ccnc(C#CCNC(=O)c2cc3ncccn3n2)n1,0,0.34335974654575274
4,SMARCA2,Nc1nnc(-c2ccccc2O)cc1N1CC2CC(C1)N2c1ccc(C(=O)N2CCC(F)(CN3CCN(C4=C(C5CC5)c5cc(N6CCC(=O)NC6=O)cnc54)CC3)CC2)c(C(F)(F)F)c1,1,0.3046648471313936
4,SMARCA2,Nc1nnc(-c2ccccc2O)cc1N1CC2CC(C1)N2c1ccnc(C#CCCNC(=O)c2cc3ncccn3n2)n1,0,0.3620017509493266
4,SMARCA2,Nc1nnc(-c2ccccc2O)cc1N1CC2CCC(C1)N2c1cc(F)c(C(=O)N2CCC(F)(CN3CCC(c4cn(C5CCC5)c5cc(N6CCC(=O)NC6=O)ccc45)CC3)CC2)c(F)c1,0,0.2897865418187854
4,SMARCA2,Nc1nnc(-c2ccccc2O)cc1N1CC2CCC(C1)N2c1ccc(C(=O)N2CC3(CC(CN4CCC(n5ccc6c(N7CCC(=O)NC7=O)cccc65)CC4)C3)C2)cc1,1,0.27125004626339433
4,SMARCA2,Nc1nnc(-c2ccccc2O)cc1N1CC2CCC(C1)N2c1ccc(C(=O)N2CCC(CCCN3CCC(n4ccc5cc(N6CCC(=O)NC6=O)ccc54)CC3)CC2)cc1,0,0.3106147697831178
4,SMARCA2,Nc1nnc(-c2ccccc2O)cc1N1CC2CCC(C1)N2c1ccc(C(=O)N2CCC(CCN3CCC(n4ccc5c(N6CCC(=O)NC6=O)cccc54)CC3)CC2)cc1,1,0.3106147697831178
4,SMARCA2,Nc1nnc(-c2ccccc2O)cc1N1CC2CCC(C1)N2c1ccc(C(=O)N2CCC(CCN3CCC(n4ccc5cc(N6CCC(=O)NC6=O)ccc54)CC3)CC2)cc1,1,0.3106147697831178
4,SMARCA2,Nc1nnc(-c2ccccc2O)cc1N1CC2CCC(C1)N2c1ccc(C(=O)N2CCC(CN3CCC(c4cn(C5CCC5)c5c(F)c(N6CCC(=O)NC6=O)ccc45)CC3)CC2)c(F)c1,0,0.29830491668716025
4,SMARCA2,Nc1nnc(-c2ccccc2O)cc1N1CC2CCC(C1)N2c1ccc(C(=O)N2CCC(CN3CCC(n4cc(C5CC5)c5cc(N6CCC(=O)NC6=O)ccc54)CC3)CC2)cc1,1,0.3037896782080262
4,SMARCA2,Nc1nnc(-c2ccccc2O)cc1N1CC2CCC(C1)N2c1ccc(C(=O)N2CCC(CN3CCC(n4ccc5c(N6CCC(=O)NC6=O)ccc(F)c54)CC3)CC2)cc1,1,0.3236346215475174
4,SMARCA2,Nc1nnc(-c2ccccc2O)cc1N1CC2CCC(C1)N2c1ccc(C(=O)N2CCC(CN3CCC(n4ccc5c(N6CCC(=O)NC6=O)cccc54)CC3)CC2)cc1,1,0.3106147697831178
4,SMARCA2,Nc1nnc(-c2ccccc2O)cc1N1CC2CCC(C1)N2c1ccc(C(=O)N2CCC(CN3CCC(n4ccc5cc(N6CCC(=O)NC6=O)ccc54)CC3)(C(F)F)CC2)cc1,0,0.3112749949939628
4,SMARCA2,Nc1nnc(-c2ccccc2O)cc1N1CC2CCC(C1)N2c1ccc(C(=O)N2CCC(CN3CCC(n4ccc5cc(N6CCC(=O)NC6=O)ccc54)CC3)CC2)c(Cl)c1,1,0.316064484798588
4,SMARCA2,Nc1nnc(-c2ccccc2O)cc1N1CC2CCC(C1)N2c1ccc(C(=O)N2CCC(CN3CCC(n4ccc5cc(N6CCC(=O)NC6=O)ccc54)CC3)CC2)c(F)c1,1,0.3236346215475174
4,SMARCA2,Nc1nnc(-c2ccccc2O)cc1N1CC2CCC(C1)N2c1ccc(C(=O)N2CCC(CN3CCN(C4C=Cc5c4cncc5N4CCC(=O)NC4=O)CC3)CC2)cc1,1,0.3110377617240973
4,SMARCA2,Nc1nnc(-c2ccccc2O)cc1N1CC2CCC(C1)N2c1ccc(C(=O)N2CCC(CN3CCN(C4C=Cc5cc(N6CCC(=O)NC6=O)ccc54)CC3)CC2)cc1,1,0.3110377617240973
4,SMARCA2,Nc1nnc(-c2ccccc2O)cc1N1CC2CCC(C1)N2c1ccc(C(=O)N2CCC(CN3CCN(c4c[nH]c5cc(N6CCC(=O)NC6=O)ccc45)CC3)CC2)cc1,1,0.3106147697831178
4,SMARCA2,Nc1nnc(-c2ccccc2O)cc1N1CC2CCC(C1)N2c1ccc(C(=O)N2CCC(CN3CC[C@@H](n4ccc5cc(N6CCC(=O)NC6=O)ccc54)[C@H](F)C3)CC2)cc1,1,0.3236346215475174
4,SMARCA2,Nc1nnc(-c2ccccc2O)cc1N1CC2CCC(C1)N2c1ccc(C(=O)N2CCC(CN3CC[C@H](n4ccc5cc(N6CCC(=O)NC6=O)ccc54)[C@@H](F)C3)CC2)cc1,1,0.3236346215475174
4,SMARCA2,Nc1nnc(-c2ccccc2O)cc1N1CC2CCC(C1)N2c1ccc(C(=O)N2CCC(F)(CCN3CCC(n4ccc5c(N6CCC(=O)NC6=O)cccc54)CC3)CC2)cc1,1,0.31298715505612285
4,SMARCA2,Nc1nnc(-c2ccccc2O)cc1N1CC2CCC(C1)N2c1ccc(C(=O)N2CCC(F)(CN3C4CC[C@@H]3C[C@@H](n3ccc5cc(N6CCC(=O)NC6=O)ccc53)C4)CC2)cc1,0,0.31298715505612285
4,SMARCA2,Nc1nnc(-c2ccccc2O)cc1N1CC2CCC(C1)N2c1ccc(C(=O)N2CCC(F)(CN3CCC(N4CCc5cc(N6CCC(=O)NC6=O)ccc54)CC3)CC2)cc1,0,0.31298715505612285
4,SMARCA2,Nc1nnc(-c2ccccc2O)cc1N1CC2CCC(C1)N2c1ccc(C(=O)N2CCC(F)(CN3CCC(c4cn(C5CCC5)c5c(F)c(N6CCC(=O)NC6=O)ccc45)CC3)CC2)c(Cl)c1,1,0.2922401180670985
4,SMARCA2,Nc1nnc(-c2ccccc2O)cc1N1CC2CCC(C1)N2c1ccc(C(=O)N2CCC(F)(CN3CCC(c4cn(C5CCC5)c5c(F)c(N6CCC(=O)NC6=O)ccc45)CC3)CC2)c(F)c1,0,0.2897865418187854
4,SMARCA2,Nc1nnc(-c2ccccc2O)cc1N1CC2CCC(C1)N2c1ccc(C(=O)N2CCC(F)(CN3CCC(c4cn(C5CCC5)c5cc(N6CCC(=O)NC6=O)ccc45)CC3)CC2)c(C2CC2)c1,1,0.2891903879726315
4,SMARCA2,Nc1nnc(-c2ccccc2O)cc1N1CC2CCC(C1)N2c1ccc(C(=O)N2CCC(F)(CN3CCC(c4cn(C5CCC5)c5cc(N6CCC(=O)NC6=O)ccc45)CC3)CC2)cc1,1,0.2897865418187854
4,SMARCA2,Nc1nnc(-c2ccccc2O)cc1N1CC2CCC(C1)N2c1ccc(C(=O)N2CCC(F)(CN3CCC(n4cc(C(F)(F)F)c5cc(N6CCC(=O)NC6=O)ccc54)CC3)CC2)cc1,0,0.31298715505612285
4,SMARCA2,Nc1nnc(-c2ccccc2O)cc1N1CC2CCC(C1)N2c1ccc(C(=O)N2CCC(F)(CN3CCC(n4cc(C5CC5)c5cc(N6CCC(=O)N(COP(=O)(O)O)C6=O)cnc54)CC3)CC2)cc1,1,0.3795227125302218
4,SMARCA2,Nc1nnc(-c2ccccc2O)cc1N1CC2CCC(C1)N2c1ccc(C(=O)N2CCC(F)(CN3CCC(n4cc(C5CC5)c5cc(N6CCC(=O)NC6=O)cnc54)CC3)CC2)cc1,1,0.3072271916861595
4,SMARCA2,Nc1nnc(-c2ccccc2O)cc1N1CC2CCC(C1)N2c1ccc(C(=O)N2CCC(F)(CN3CCC(n4cc(Cl)c5cc(N6CCC(=O)NC6=O)ccc54)CC3)CC2)cc1,1,0.3122407313044359
4,SMARCA2,Nc1nnc(-c2ccccc2O)cc1N1CC2CCC(C1)N2c1ccc(C(=O)N2CCC(F)(CN3CCC(n4ccc5c(F)c(N6CCC(=O)NC6=O)ccc54)CC3)CC2)cc1F,1,0.31298715505612285
4,SMARCA2,Nc1nnc(-c2ccccc2O)cc1N1CC2CCC(C1)N2c1ccc(C(=O)N2CCC(F)(CN3CCC(n4ccc5c(F)c(N6CCC(=O)NC6=O)cnc54)CC3)CC2)cc1,1,0.31298715505612285
4,SMARCA2,Nc1nnc(-c2ccccc2O)cc1N1CC2CCC(C1)N2c1ccc(C(=O)N2CCC(F)(CN3CCC(n4ccc5c(N6CCC(=O)NC6=O)c(F)ccc54)CC3)CC2)cc1,1,0.31298715505612285
4,SMARCA2,Nc1nnc(-c2ccccc2O)cc1N1CC2CCC(C1)N2c1ccc(C(=O)N2CCC(F)(CN3CCC(n4ccc5c(N6CCC(=O)NC6=O)cccc54)CC3)CC2)cc1,1,0.31298715505612285
4,SMARCA2,Nc1nnc(-c2ccccc2O)cc1N1CC2CCC(C1)N2c1ccc(C(=O)N2CCC(F)(CN3CCC(n4ccc5c(N6CCC(=O)NC6=O)ccnc54)CC3)CC2)cc1,1,0.31298715505612285
4,SMARCA2,Nc1nnc(-c2ccccc2O)cc1N1CC2CCC(C1)N2c1ccc(C(=O)N2CCC(F)(CN3CCC(n4ccc5c(N6CCC(=O)NC6=O)cncc54)CC3)CC2)cc1,1,0.31298715505612285
4,SMARCA2,Nc1nnc(-c2ccccc2O)cc1N1CC2CCC(C1)N2c1ccc(C(=O)N2CCC(F)(CN3CCC(n4ccc5cc(N6CCC(=O)NC6=O)c(F)cc54)CC3)CC2)cc1,1,0.31298715505612285
4,SMARCA2,Nc1nnc(-c2ccccc2O)cc1N1CC2CCC(C1)N2c1ccc(C(=O)N2CCC(F)(CN3CCC(n4ccc5cc(N6CCC(=O)NC6=O)c(F)cc54)CC3)CC2)cc1F,0,0.31298715505612285
4,SMARCA2,Nc1nnc(-c2ccccc2O)cc1N1CC2CCC(C1)N2c1ccc(C(=O)N2CCC(F)(CN3CCC(n4ccc5cc(N6CCC(=O)NC6=O)cc(F)c54)CC3)CC2)cc1,0,0.31298715505612285
4,SMARCA2,Nc1nnc(-c2ccccc2O)cc1N1CC2CCC(C1)N2c1ccc(C(=O)N2CCC(F)(CN3CCC(n4ccc5cc(N6CCC(=O)NC6=O)ccc54)CC3)CC2)cc1,1,0.31298715505612285
4,SMARCA2,Nc1nnc(-c2ccccc2O)cc1N1CC2CCC(C1)N2c1ccc(C(=O)N2CCC(F)(CN3CCN(C4=C(C5CC5)c5cc(N6CCC(=O)NC6=O)cnc54)CC3)CC2)c(C2CC2)c1,1,0.2996025293171258
4,SMARCA2,Nc1nnc(-c2ccccc2O)cc1N1CC2CCC(C1)N2c1ccc(C(=O)N2CCC(F)(CN3CCN(C4=C(C5CC5)c5cc(N6CCC(=O)NC6=O)cnc54)CC3)CC2)c(F)c1,1,0.2996025293171258
4,SMARCA2,Nc1nnc(-c2ccccc2O)cc1N1CC2CCC(C1)N2c1ccc(C(=O)N2CCC(F)(CN3CCN(C4=Cc5c4ccc(N4CCC(=O)NC4=O)c5F)CC3)CC2)cc1,1,0.2957532286178251
4,SMARCA2,Nc1nnc(-c2ccccc2O)cc1N1CC2CCC(C1)N2c1ccc(C(=O)N2CCC(F)(CN3CCN(C4C=C(C5CC5)c5cc(N6CCC(=O)NC6=O)c(F)cc54)CC3)CC2)cc1,0,0.3173536187449394
4,SMARCA2,Nc1nnc(-c2ccccc2O)cc1N1CC2CCC(C1)N2c1ccc(C(=O)N2CCC(F)(CN3CCN(C4C=C(C5CC5)c5cc(N6CCC(=O)NC6=O)ccc54)CC3)CC2)cc1F,0,0.3173536187449394
4,SMARCA2,Nc1nnc(-c2ccccc2O)cc1N1CC2CCC(C1)N2c1ccc(C(=O)N2CCC(N3CCC(n4ccc5c(N6CCC(=O)NC6=O)cccc54)CC3)CC2)cc1,1,0.3031690992539358
4,SMARCA2,Nc1nnc(-c2ccccc2O)cc1N1CC2CCC(C1)N2c1ccc(C(=O)N2CCC(N3CCC(n4ccc5cc(N6CCC(=O)NC6=O)ccc54)CC3)CC2)cc1,1,0.3031690992539358
4,SMARCA2,Nc1nnc(-c2ccccc2O)cc1N1CC2CCC(C1)N2c1ccc(C(=O)N2C[C@@H]3[C@@H](CN4CCC(n5ccc6c(N7CCC(=O)NC7=O)cccc65)CC4)[C@@H]3C2)cc1,0,0.3037896782080262
4,SMARCA2,Nc1nnc(-c2ccccc2O)cc1N1CC2CCC(C1)N2c1ccc(S(=O)(=O)N2CCC(CN3CCC(n4ccc5c(N6CCC(=O)NC6=O)cccc54)CC3)CC2)cc1,0,0.3770903623198868
4,SMARCA2,Nc1nnc(-c2ccccc2O)cc1N1CC2CN(c3ccnc(C#CCNC(=O)c4cc5ncccn5n4)n3)C2C1,0,0.2924658390771242
4,SMARCA2,Nc1nnc(-c2ccccc2O)cc1N1CCC2C1CCN2c1ccnc(C#CCNC(=O)c2cc3ncccn3n2)n1,0,0.47792539166080056
4,SMARCA2,Nc1nnc(-c2ccccc2O)cc1N1CCCC2C1CCN2c1ccnc(C#CCNC(=O)c2cc3ncccn3n2)n1,0,0.47792539166080056
4,SMARCA2,Nc1nnc(-c2ccccc2O)cc1N1CCCN(c2ccnc(C#CCNC(=O)NC3CCC3)n2)CC1,0,0.28216263378536716
4,SMARCA2,Nc1nnc(-c2ccccc2O)cc1N1CCCN(c2ccnc(C#CCOc3ncco3)n2)CC1,1,0.39397465798193937
4,IKZF2,O=C1CCC(N2C(=O)c3ccc(C4(O)CCN(C(CF)c5ccccc5)CC4)cc3C2=O)C(=O)N1,1,0.6671143168091084
4,IKZF2,O=C1CCC(N2C(=O)c3ccc(C4(O)CCN(C5CCc6ncccc65)CC4)cc3C2=O)C(=O)N1,1,0.6125632192608297
4,IKZF2,O=C1CCC(N2C(=O)c3ccc(C4(O)CCN(CC(O)c5ccccc5)CC4)cc3C2=O)C(=O)N1,1,0.6417727419965717
4,IKZF2,O=C1CCC(N2C(=O)c3ccc(C4(O)CCN(CC5CCOCC5)CC4)cc3C2=O)C(=O)N1,1,0.6864208187704635
4,IKZF2,O=C1CCC(N2C(=O)c3ccc(C4(O)CCN(Cc5cc(F)cc(F)c5)CC4)cc3C2=O)C(=O)N1,1,0.6893426546650193
4,IKZF2,O=C1CCC(N2C(=O)c3ccc(C4(O)CCN(Cc5ccc(-c6nccs6)cc5)CC4)cc3C2=O)C(=O)N1,1,0.7137321611607446
4,IKZF2,O=C1CCC(N2C(=O)c3ccc(C4(O)CCN(Cc5ccc(C(F)(F)F)cc5)CC4)cc3C2=O)C(=O)N1,1,0.679468738630074
4,IKZF2,O=C1CCC(N2C(=O)c3ccc(C4(O)CCN(Cc5ccc(F)c(F)c5)CC4)cc3C2=O)C(=O)N1,1,0.6893426546650193
4,IKZF2,O=C1CCC(N2C(=O)c3ccc(C4(O)CCN(Cc5ccc(F)c(Oc6ccccc6)c5)CC4)cc3C2=O)C(=O)N1,1,0.681867648850212
4,IKZF2,O=C1CCC(N2C(=O)c3ccc(C4(O)CCN(Cc5ccc(F)cc5)CC4)c(F)c3C2=O)C(=O)N1,1,0.6893426546650193
4,IKZF2,O=C1CCC(N2C(=O)c3ccc(C4(O)CCN(Cc5ccc(OC(F)F)cc5)CC4)cc3C2=O)C(=O)N1,1,0.6729467440197485
4,IKZF2,O=C1CCC(N2C(=O)c3ccc(C4(O)CCN(Cc5ccc6[nH]ccc6c5)CC4)cc3C2=O)C(=O)N1,1,0.6661497829950211
4,IKZF2,O=C1CCC(N2C(=O)c3ccc(C4(O)CCN(Cc5ccc6cc(-c7ccccc7)nn6c5)CC4)cc3C2=O)C(=O)N1,1,0.6914813066394373
4,IKZF2,O=C1CCC(N2C(=O)c3ccc(C4(O)CCN(Cc5ccc6cc[nH]c6n5)CC4)cc3C2=O)C(=O)N1,0,0.7260663041792761
4,IKZF2,O=C1CCC(N2C(=O)c3ccc(C4(O)CCN(Cc5ccc6ccccc6c5)CC4)cc3C2=O)C(=O)N1,1,0.6417727419965717
4,IKZF2,O=C1CCC(N2C(=O)c3ccc(C4(O)CCN(Cc5ccc6ncn(-c7ccccn7)c(=O)c6c5)CC4)cc3C2=O)C(=O)N1,1,0.776836699995664
4,IKZF2,O=C1CCC(N2C(=O)c3ccc(C4(O)CCN(Cc5ccc6ncn(-c7cccnc7)c(=O)c6c5)CC4)cc3C2=O)C(=O)N1,1,0.7595479511627973
4,IKZF2,O=C1CCC(N2C(=O)c3ccc(C4(O)CCN(Cc5ccc6scnc6c5)CC4)cc3C2=O)C(=O)N1,1,0.7137321611607446
4,IKZF2,O=C1CCC(N2C(=O)c3ccc(C4(O)CCN(Cc5cccc(Nc6ccccn6)n5)CC4)cc3C2=O)C(=O)N1,1,0.7673944886638243
4,IKZF2,O=C1CCC(N2C(=O)c3ccc(C4(O)CCN(Cc5cccc(Oc6ccc(Cl)cc6)c5)CC4)cc3C2=O)C(=O)N1,1,0.6688083068083626
4,IKZF2,O=C1CCC(N2C(=O)c3ccc(C4(O)CCN(Cc5cccc(Oc6ccc(F)cc6)c5)CC4)cc3C2=O)C(=O)N1,1,0.681867648850212
4,IKZF2,O=C1CCC(N2C(=O)c3ccc(C4(O)CCN(Cc5cccc(Oc6ccccc6)c5)CC4)cc3C2=O)C(=O)N1,1,0.6330842865421087
4,IKZF2,O=C1CCC(N2C(=O)c3ccc(C4(O)CCN(Cc5cccc6ccccc56)CC4)cc3C2=O)C(=O)N1,1,0.6417727419965717
4,IKZF2,O=C1CCC(N2C(=O)c3ccc(C4(O)CCN(Cc5ccccc5)CC4)c(F)c3C2=O)C(=O)N1,1,0.6893426546650193
4,IKZF2,O=C1CCC(N2C(=O)c3ccc(C4(O)CCN(Cc5ccccc5)CC4)cc3C2=O)C(=O)N1,1,0.6417727419965717
4,IKZF2,O=C1CCC(N2C(=O)c3ccc(C4(O)CCN(Cc5ccccc5C(F)(F)F)CC4)cc3C2=O)C(=O)N1,1,0.679468738630074
4,IKZF2,O=C1CCC(N2C(=O)c3ccc(C4(O)CCN(Cc5ccccn5)CC4)cc3C2=O)C(=O)N1,1,0.6661497829950211
4,IKZF2,O=C1CCC(N2C(=O)c3ccc(C4(O)CCN(Cc5cccnc5)CC4)cc3C2=O)C(=O)N1,1,0.6755524305165327
4,IKZF2,O=C1CCC(N2C(=O)c3ccc(C4(O)CCN(Cc5ccn(-c6ccccc6)n5)CC4)cc3C2=O)C(=O)N1,1,0.7074385136087131
4,IKZF2,O=C1CCC(N2C(=O)c3ccc(C4(O)CCN(Cc5ccncc5)CC4)cc3C2=O)C(=O)N1,1,0.6661497829950211
4,IKZF2,O=C1CCC(N2C(=O)c3ccc(C4(O)CCN(Cc5coc(-c6ccccc6)n5)CC4)cc3C2=O)C(=O)N1,1,0.7137412084398992
4,IKZF2,O=C1CCC(N2Cc3cc(C4CCN(C(=O)c5[nH]c6cc(Cl)ccc6c5CN5CCOCC5)CC4)ccc3C2=O)C(=O)N1,1,0.698219151334983
4,VCL,O=C1CCC(c2ccc3c(c2)CN(S(=O)(=O)c2ccc(C4CCCCC4)cc2)C3)C(=O)N1,0,0.3860591421903461
