compound_id,canonical_smiles,target,e3_ligase,dc50_value_nM,dc50_operator,dc50_label,cell_line,assignee,source_patent,assay_id,assay_type,technology,qc_status
PGDB_C029577,C#CCN(C)C(=O)Nc1ccc(-c2cccc(C3CCC(=O)NC3=O)c2Cl)cc1C,VAV1,,1.1,=,1,,Shanghai Qilu Pharmaceutical Research And Development Centre,WO2026051943A1,PGDB_AS001440,% Degradation,luminescence,standardized
PGDB_C029500,C#CCN(C)C(=O)Oc1ccc(-c2cccc(C3CCC(=O)NC3=O)c2Cl)cc1C,VAV1,,8.56,=,1,,Shanghai Qilu Pharmaceutical Research And Development Centre,WO2026051943A1,PGDB_AS001440,% Degradation,luminescence,standardized
PGDB_C005466,C#CCNCCOCCc1ccc(NC(=O)NCc2ccc3c(c2)CN(C2CCC(=O)NC2=O)C3=O)cc1Cl,GSPT1,,3.93,=,1,HEK293,Shanghai Qilu Pharmaceutical Research And Development Centre,WO2025252247A1,PGDB_AS000196,% Degradation,,standardized
PGDB_C029438,C#Cc1c(-c2ccc(-c3c(C)ccn(C)c3=O)cc2)cccc1C1CCC(=O)NC1=O,VAV1,,2.13,=,1,,Shanghai Qilu Pharmaceutical Research And Development Centre,WO2026051943A1,PGDB_AS001440,% Degradation,luminescence,standardized
PGDB_C029472,C#Cc1c(-c2ccc(-c3c(COC)ccn(C)c3=O)cc2)cccc1C1CCC(=O)NC1=O,VAV1,,2.79,=,1,,Shanghai Qilu Pharmaceutical Research And Development Centre,WO2026051943A1,PGDB_AS001440,% Degradation,luminescence,standardized
PGDB_C032928,C#Cc1c(-c2ccc(-c3c(OCC(F)(F)F)cc[nH]c3=O)cc2)cccc1C1CCC(=O)NC1=O,VAV1,,10.0,<,1,Jurkat,,WO2026145172A1,PGDB_AS002602,% Degradation,luminescence,standardized
PGDB_C032908,C#Cc1c(-c2ccc(-c3c(OCC(F)(F)F)ccn(C)c3=O)cc2)cccc1C1CCC(=O)NC1=O,VAV1,,10.0,<,1,Jurkat,,WO2026145172A1,PGDB_AS002602,% Degradation,luminescence,standardized
PGDB_C033034,C#Cc1c(-c2ccc(-c3c(OCC(F)(F)F)ccn(C4CC4)c3=O)cc2)cccc1C1CCC(=O)NC1=O,VAV1,,10.0,<,1,Jurkat,,WO2026145172A1,PGDB_AS002602,% Degradation,luminescence,standardized
PGDB_C032949,C#Cc1c(-c2ccc(-c3c(OCC(F)(F)F)ccn(CC)c3=O)cc2)cccc1C1CCC(=O)NC1=O,VAV1,,10.0,<,1,Jurkat,,WO2026145172A1,PGDB_AS002602,% Degradation,luminescence,standardized
PGDB_C033057,C#Cc1c(-c2ccc(-c3c(OCCC(F)(F)F)cc[nH]c3=O)cc2)cccc1C1CCC(=O)NC1=O,VAV1,,10.0,<,1,Jurkat,,WO2026145172A1,PGDB_AS002602,% Degradation,luminescence,standardized
PGDB_C033063,C#Cc1c(-c2ccc(-c3c(OCCC(F)(F)F)ccn(C)c3=O)cc2)cccc1C1CCC(=O)NC1=O,VAV1,,10.0,<,1,Jurkat,,WO2026145172A1,PGDB_AS002602,% Degradation,luminescence,standardized
PGDB_C032958,C#Cc1c(-c2ccc(-c3c(OCCC(F)(F)F)ccn(C4CC4)c3=O)cc2)cccc1C1CCC(=O)NC1=O,VAV1,,10.0,<,1,Jurkat,,WO2026145172A1,PGDB_AS002602,% Degradation,luminescence,standardized
PGDB_C032927,C#Cc1c(-c2ccc(-c3c(OCCC(F)(F)F)ccn(CC)c3=O)cc2)cccc1C1CCC(=O)NC1=O,VAV1,,10.0,<,1,Jurkat,,WO2026145172A1,PGDB_AS002602,% Degradation,luminescence,standardized
PGDB_C032962,C#Cc1c(-c2ccc(-n3c(-n4cccn4)cc(C(F)(F)F)cc3=O)cc2)cccc1C1CCC(=O)NC1=O,VAV1,,50.0,<=,1,Jurkat,,WO2026145172A1,PGDB_AS002614,% Degradation,luminescence,standardized
PGDB_C032876,C#Cc1c(-c2ccc(-n3c(C(F)(F)F)cc(C(F)F)cc3=O)cc2)cccc1C1CCC(=O)NC1=O,VAV1,,10.0,<,1,Jurkat,,WO2026145172A1,PGDB_AS002605,% Degradation,luminescence,standardized
PGDB_C033008,C#Cc1c(-c2ccc(-n3c(C(F)(F)F)cc(C)cc3=O)cc2)cccc1C1(F)CCC(=O)NC1=O,VAV1,,10.0,<,1,Jurkat,,WO2026145172A1,PGDB_AS002602,% Degradation,luminescence,standardized
PGDB_C032816,C#Cc1c(-c2ccc(-n3c(C(F)(F)F)cc(C)cc3=O)cc2)cccc1C1CCC(=O)NC1=O,VAV1,,10.0,<,1,Jurkat,,WO2026145172A1,PGDB_AS002605,% Degradation,luminescence,standardized
PGDB_C032961,C#Cc1c(-c2ccc(-n3c(C(F)(F)F)cc(C)cc3=O)cc2)cccc1[C@@H]1CCC(=O)NC1=O,VAV1,,10.0,<,1,Jurkat,,WO2026145172A1,PGDB_AS002605,% Degradation,luminescence,standardized
PGDB_C033074,C#Cc1c(-c2ccc(-n3c(C(F)(F)F)cc(C)cc3=O)cc2)cccc1[C@H]1CCC(=O)NC1=O,VAV1,,50.0,<=,1,Jurkat,,WO2026145172A1,PGDB_AS002605,% Degradation,luminescence,standardized
PGDB_C032825,C#Cc1c(-c2ccc(-n3c(C(F)(F)F)cc(OC)cc3=O)cc2)cccc1C1CCC(=O)NC1=O,VAV1,,10.0,<,1,Jurkat,,WO2026145172A1,PGDB_AS002605,% Degradation,luminescence,standardized
PGDB_C029463,C#Cc1c(-c2ccc(-n3c(C(F)F)cccc3=O)cc2)cccc1C1CCC(=O)NC1=O,VAV1,,1.43,=,1,,Shanghai Qilu Pharmaceutical Research And Development Centre,WO2026051943A1,PGDB_AS001440,% Degradation,luminescence,standardized
PGDB_C032842,C#Cc1c(-c2ccc(-n3c(C)c(C)c(C)cc3=O)cc2)cccc1C1CCC(=O)NC1=O,VAV1,,10.0,<,1,Jurkat,,WO2026145172A1,PGDB_AS002605,% Degradation,luminescence,standardized
PGDB_C032939,C#Cc1c(-c2ccc(-n3c(C)c(C)c(OC)cc3=O)cc2)cccc1C1CCC(=O)NC1=O,VAV1,,10.0,<,1,Jurkat,,WO2026145172A1,PGDB_AS002614,% Degradation,luminescence,standardized
PGDB_C032877,C#Cc1c(-c2ccc(-n3c(C)cc(C)cc3=O)cc2)cccc1C1CCC(=O)NC1=O,VAV1,,50.0,<=,1,Jurkat,,WO2026145172A1,PGDB_AS002605,% Degradation,luminescence,standardized
PGDB_C032826,C#Cc1c(-c2ccc(-n3c(C)cc(OC)cc3=O)cc2)cccc1C1CCC(=O)NC1=O,VAV1,,10.0,<,1,Jurkat,,WO2026145172A1,PGDB_AS002605,% Degradation,luminescence,standardized
PGDB_C029432,C#Cc1c(-c2ccc(-n3c(C)cccc3=O)cc2)cccc1C1CCC(=O)NC1=O,VAV1,,3.73,=,1,,Shanghai Qilu Pharmaceutical Research And Development Centre,WO2026051943A1,PGDB_AS001440,% Degradation,luminescence,standardized
PGDB_C032776,C#Cc1c(-c2ccc(-n3c(C4CC4)cc(C(F)(F)F)cc3=O)cc2)cccc1C1CCC(=O)NC1=O,VAV1,,50.0,<=,1,Jurkat,,WO2026145172A1,PGDB_AS002600,% Degradation,luminescence,standardized
PGDB_C032784,C#Cc1c(-c2ccc(-n3c(C4CC4)cc(C)cc3=O)cc2)cccc1C1CCC(=O)NC1=O,VAV1,,10.0,<,1,Jurkat,,WO2026145172A1,PGDB_AS002600,% Degradation,luminescence,standardized
PGDB_C032785,C#Cc1c(-c2ccc(-n3c(C4CC4)cccc3=O)cc2)cccc1C1CCC(=O)NC1=O,VAV1,,10.0,<,1,Jurkat,,WO2026145172A1,PGDB_AS002600,% Degradation,luminescence,standardized
PGDB_C033036,C#Cc1c(-c2ccc(-n3c(C4CCCCC4)cc(C(F)F)cc3=O)cc2)cccc1C1CCC(=O)NC1=O,VAV1,,10.0,<,1,Jurkat,,WO2026145172A1,PGDB_AS002605,% Degradation,luminescence,standardized
PGDB_C032860,C#Cc1c(-c2ccc(-n3c(CC4CC4)cc(C(F)(F)F)cc3=O)cc2)cccc1C1CCC(=O)NC1=O,VAV1,,10.0,<,1,Jurkat,,WO2026145172A1,PGDB_AS002605,% Degradation,luminescence,standardized
PGDB_C032880,C#Cc1c(-c2ccc(-n3c(CCC(F)(F)F)cc(C)cc3=O)cc2)cccc1C1CCC(=O)NC1=O,VAV1,,10.0,<,1,Jurkat,,WO2026145172A1,PGDB_AS002605,% Degradation,luminescence,standardized
PGDB_C032923,C#Cc1c(-c2ccc(-n3c(CCC(F)(F)F)cc(OC)cc3=O)cc2)cccc1C1CCC(=O)NC1=O,VAV1,,10.0,<,1,Jurkat,,WO2026145172A1,PGDB_AS002605,% Degradation,luminescence,standardized
PGDB_C032851,C#Cc1c(-c2ccc(-n3c(CCC(F)(F)F)cc(OCC)cc3=O)cc2)cccc1C1CCC(=O)NC1=O,VAV1,,10.0,<,1,Jurkat,,WO2026145172A1,PGDB_AS002605,% Degradation,luminescence,standardized
PGDB_C029445,C#Cc1c(-c2ccc(-n3c(CN(C)C)cccc3=O)cc2)cccc1C1CCC(=O)NC1=O,VAV1,,1.69,=,1,,Shanghai Qilu Pharmaceutical Research And Development Centre,WO2026051943A1,PGDB_AS001440,% Degradation,luminescence,standardized
PGDB_C029433,C#Cc1c(-c2ccc(-n3c(CO)cccc3=O)cc2)cccc1C1CCC(=O)NC1=O,VAV1,,6.8,=,1,,Shanghai Qilu Pharmaceutical Research And Development Centre,WO2026051943A1,PGDB_AS001440,% Degradation,luminescence,standardized
PGDB_C029464,C#Cc1c(-c2ccc(-n3c(COC)cccc3=O)cc2)cccc1C1CCC(=O)NC1=O,VAV1,,2.06,=,1,,Shanghai Qilu Pharmaceutical Research And Development Centre,WO2026051943A1,PGDB_AS001440,% Degradation,luminescence,standardized
PGDB_C032873,C#Cc1c(-c2ccc(-n3c(N4CC5CC5C4)cc(C(F)F)cc3=O)cc2)cccc1C1CCC(=O)NC1=O,VAV1,,10.0,<,1,Jurkat,,WO2026145172A1,PGDB_AS002605,% Degradation,luminescence,standardized
PGDB_C032853,C#Cc1c(-c2ccc(-n3c(N4CCCC4)cc(C(F)(F)F)cc3=O)cc2)cccc1C1CCC(=O)NC1=O,VAV1,,10.0,<,1,Jurkat,,WO2026145172A1,PGDB_AS002605,% Degradation,luminescence,standardized
PGDB_C032862,C#Cc1c(-c2ccc(-n3c(N4CCOCC4)cc(C(F)F)cc3=O)cc2)cccc1C1CCC(=O)NC1=O,VAV1,,10.0,<,1,Jurkat,,WO2026145172A1,PGDB_AS002605,% Degradation,luminescence,standardized
PGDB_C033015,C#Cc1c(-c2ccc(-n3c(OC4CC(F)(F)C4)cc(C(F)(F)F)cc3=O)cc2)cccc1C1CCC(=O)NC1=O,VAV1,,10.0,<,1,Jurkat,,WO2026145172A1,PGDB_AS002614,% Degradation,luminescence,standardized
PGDB_C033007,C#Cc1c(-c2ccc(-n3c(OC4CC4)cc(C(F)(F)F)cc3=O)cc2)cccc1C1CCC(=O)NC1=O,VAV1,,10.0,<,1,Jurkat,,WO2026145172A1,PGDB_AS002602,% Degradation,luminescence,standardized
PGDB_C032934,C#Cc1c(-c2ccc(-n3c(OC4CC4)cc(C(F)F)cc3=O)cc2)cccc1C1CCC(=O)NC1=O,VAV1,,10.0,<,1,Jurkat,,WO2026145172A1,PGDB_AS002602,% Degradation,luminescence,standardized
PGDB_C032950,C#Cc1c(-c2ccc(-n3c(OCC(F)(F)F)cc(C(F)(F)F)cc3=O)cc2)cccc1C1CCC(=O)NC1=O,VAV1,,10.0,<,1,Jurkat,,WO2026145172A1,PGDB_AS002605,% Degradation,luminescence,standardized
PGDB_C032881,C#Cc1c(-c2ccc(-n3c(OCC(F)(F)F)cc(C(F)F)cc3=O)cc2)cccc1C1CCC(=O)NC1=O,VAV1,,10.0,<,1,Jurkat,,WO2026145172A1,PGDB_AS002605,% Degradation,luminescence,standardized
PGDB_C032878,C#Cc1c(-c2ccc(-n3c(OCC(F)(F)F)cc(C)cc3=O)cc2)cccc1C1CCC(=O)NC1=O,VAV1,,10.0,<,1,Jurkat,,WO2026145172A1,PGDB_AS002605,% Degradation,luminescence,standardized
PGDB_C032971,C#Cc1c(-c2ccc(-n3c(OCCC(F)(F)F)cc(C(F)(F)F)cc3=O)cc2)cccc1C1CCC(=O)NC1=O,VAV1,,50.0,<=,1,Jurkat,,WO2026145172A1,PGDB_AS002614,% Degradation,luminescence,standardized
PGDB_C033067,C#Cc1c(-c2ccc(-n3c(O[C@@H]4CCOC4)cc(C(F)(F)F)cc3=O)cc2)cccc1C1CCC(=O)NC1=O,VAV1,,50.0,<=,1,Jurkat,,WO2026145172A1,PGDB_AS002602,% Degradation,luminescence,standardized
PGDB_C032976,C#Cc1c(-c2ccc(-n3c(O[C@@H]4CCOC4)cc(C(F)F)cc3=O)cc2)cccc1C1CCC(=O)NC1=O,VAV1,,10.0,<,1,Jurkat,,WO2026145172A1,PGDB_AS002614,% Degradation,luminescence,standardized
PGDB_C032907,C#Cc1c(-c2ccc(-n3c(O[C@H]4CCOC4)cc(C(F)(F)F)cc3=O)cc2)cccc1C1CCC(=O)NC1=O,VAV1,,10.0,<,1,Jurkat,,WO2026145172A1,PGDB_AS002614,% Degradation,luminescence,standardized
PGDB_C033051,C#Cc1c(-c2ccc(-n3c(O[C@H]4CCOC4)cc(C(F)F)cc3=O)cc2)cccc1C1CCC(=O)NC1=O,VAV1,,10.0,<,1,Jurkat,,WO2026145172A1,PGDB_AS002614,% Degradation,luminescence,standardized
PGDB_C029457,C#Cc1c(-c2ccc(-n3ccccc3=O)cc2)cccc1C1CCC(=O)NC1=O,VAV1,,22.13,=,1,,Shanghai Qilu Pharmaceutical Research And Development Centre,WO2026051943A1,PGDB_AS001440,% Degradation,luminescence,standardized
PGDB_C029480,C#Cc1c(-c2ccc(N3C(=O)COCC34CC4)cc2)cccc1C1CCC(=O)NC1=O,VAV1,,5.04,=,1,,Shanghai Qilu Pharmaceutical Research And Development Centre,WO2026051943A1,PGDB_AS001440,% Degradation,luminescence,standardized
PGDB_C032943,C#Cc1c(OC)cc(=O)n(-c2ccc(-c3cccc(N4CCC(=O)NC4=O)c3Cl)cc2)c1C,VAV1,,50.0,<=,1,Jurkat,,WO2026145172A1,PGDB_AS002614,% Degradation,luminescence,standardized
PGDB_C010779,C#Cc1c([C@@H]2C[C@H]3COC[C@@H](C2)N3C(=O)C=C)[nH]c2nnc(-c3ccccc3O)cc12,SMARCA2,,500.0,>=,0,HeLa,Plexium,WO2025101944,PGDB_AS000900,% Degradation,luminescence,standardized
PGDB_C010779,C#Cc1c([C@@H]2C[C@H]3COC[C@@H](C2)N3C(=O)C=C)[nH]c2nnc(-c3ccccc3O)cc12,SMARCA4,,500.0,>=,0,HeLa,Plexium,WO2025101944,PGDB_AS000431,% Degradation,luminescence,standardized
PGDB_C028713,C=C(C)C#Cc1cc(-c2nc(-c3ccc(-c4ccc5c(c4)n(C)c(=O)n5C4CCC(=O)NC4=O)cc3)n[nH]2)cc2c(Br)c(C(F)(F)P(=O)(O)O)sc12,PTPN1,,92.26,=,1,HCT116,Northridge Health Group Hong Kong,WO2026119184,PGDB_AS001836,% Degradation,,standardized
PGDB_C028714,C=C(C)C#Cc1cc(-c2nnc(-c3cc(C)n(-c4ccc5c(C6CCC(=O)NC6=O)nn(C)c5c4)c3C)[nH]2)cc2c(Br)c(C(F)(F)P(=O)(O)O)sc12,PTPN1,,37.29,=,1,HCT116,Northridge Health Group Hong Kong,WO2026119184,PGDB_AS001836,% Degradation,,standardized
PGDB_C010383,C=C(F)C(=O)N1CC(c2cc3cc(-c4ccccc4O)nnc3[nH]2)C1,SMARCA2,,500.0,>=,0,HeLa,Plexium,WO2025101944,PGDB_AS000900,% Degradation,luminescence,standardized
PGDB_C010383,C=C(F)C(=O)N1CC(c2cc3cc(-c4ccccc4O)nnc3[nH]2)C1,SMARCA4,,5000.0,>,0,HeLa,Plexium,WO2025101944,PGDB_AS000431,% Degradation,luminescence,standardized
PGDB_C010564,C=C(F)C(=O)N1CCN(Cc2cc3cc(-c4ccccc4O)nnc3[nH]2)C[C@@H]1CC#N,SMARCA2,,500.0,>=,0,HeLa,Plexium,WO2025101944,PGDB_AS000900,% Degradation,luminescence,standardized
PGDB_C010564,C=C(F)C(=O)N1CCN(Cc2cc3cc(-c4ccccc4O)nnc3[nH]2)C[C@@H]1CC#N,SMARCA4,,5000.0,>,0,HeLa,Plexium,WO2025101944,PGDB_AS000431,% Degradation,luminescence,standardized
PGDB_C033095,C=C1CC[C@H](N2Cc3c4c(cc(F)c3C2=O)C2(CCN(CC3CCN(c5ccc(C(=O)N[C@H]6CC[C@H](Oc7ccccc7Cl)CC6)cc5F)CC3)CC2)CO4)C(=O)N1,CSNK1A1,,1.0,<,1,HEK293,,WO2026139085A1,PGDB_AS002601,% Degradation,luminescence,standardized
PGDB_C029640,C=C1CN(C(=O)Nc2ccc(-c3cccc(C4CCC(=O)NC4=O)c3Cl)cc2C)C1,VAV1,,1.5,=,1,,Shanghai Qilu Pharmaceutical Research And Development Centre,WO2026051943A1,PGDB_AS001440,% Degradation,luminescence,standardized
PGDB_C010385,C=CC(=O)N(C)C12CC(c3cc4cc(-c5ccccc5O)nnc4[nH]3)(C1)C2,SMARCA2,,500.0,>=,0,HeLa,Plexium,WO2025101944,PGDB_AS000900,% Degradation,luminescence,standardized
PGDB_C010385,C=CC(=O)N(C)C12CC(c3cc4cc(-c5ccccc5O)nnc4[nH]3)(C1)C2,SMARCA4,,500.0,>=,0,HeLa,Plexium,WO2025101944,PGDB_AS000431,% Degradation,luminescence,standardized
PGDB_C010410,C=CC(=O)N(C)C1CCN(C(=O)c2cc3cc(-c4ccccc4O)nnc3[nH]2)C1,SMARCA4,,5000.0,>,0,HeLa,Plexium,WO2025101944,PGDB_AS000431,% Degradation,luminescence,standardized
PGDB_C010458,C=CC(=O)N1C(c2cc3cc(-c4ccccc4O)nnc3[nH]2)C[C@@H]2C[C@@H]21,SMARCA2,,500.0,>=,0,HeLa,Plexium,WO2025101944,PGDB_AS000900,% Degradation,luminescence,standardized
PGDB_C010458,C=CC(=O)N1C(c2cc3cc(-c4ccccc4O)nnc3[nH]2)C[C@@H]2C[C@@H]21,SMARCA4,,500.0,>=,0,HeLa,Plexium,WO2025101944,PGDB_AS000431,% Degradation,luminescence,standardized
PGDB_C010454,C=CC(=O)N1C(c2cc3cc(-c4ccccc4O)nnc3[nH]2)[C@@H]2CC[C@H]1C2,SMARCA2,,500.0,>=,0,HeLa,Plexium,WO2025101944,PGDB_AS000900,% Degradation,luminescence,standardized
PGDB_C010454,C=CC(=O)N1C(c2cc3cc(-c4ccccc4O)nnc3[nH]2)[C@@H]2CC[C@H]1C2,SMARCA4,,500.0,>=,0,HeLa,Plexium,WO2025101944,PGDB_AS000431,% Degradation,luminescence,standardized
PGDB_C010450,C=CC(=O)N1C(c2cc3cc(-c4ccccc4O)nnc3[nH]2)[C@H]2CC[C@@H]1C2,SMARCA2,,500.0,>=,0,HeLa,Plexium,WO2025101944,PGDB_AS000900,% Degradation,luminescence,standardized
PGDB_C010450,C=CC(=O)N1C(c2cc3cc(-c4ccccc4O)nnc3[nH]2)[C@H]2CC[C@@H]1C2,SMARCA4,,500.0,>=,0,HeLa,Plexium,WO2025101944,PGDB_AS000431,% Degradation,luminescence,standardized
PGDB_C010544,C=CC(=O)N1C2CCC(c3cc4cc(-c5ccccc5O)nnc4[nH]3)C1CC2,SMARCA4,,500.0,>=,0,HeLa,Plexium,WO2025101944,PGDB_AS000431,% Degradation,luminescence,standardized
PGDB_C010530,C=CC(=O)N1C2CCC1(c1cc3cc(-c4ccccc4O)nnc3[nH]1)COC2,SMARCA2,,500.0,>=,0,HeLa,Plexium,WO2025101944,PGDB_AS000900,% Degradation,luminescence,standardized
PGDB_C010530,C=CC(=O)N1C2CCC1(c1cc3cc(-c4ccccc4O)nnc3[nH]1)COC2,SMARCA4,,500.0,>=,0,HeLa,Plexium,WO2025101944,PGDB_AS000431,% Degradation,luminescence,standardized
PGDB_C010630,C=CC(=O)N1C2CCC1CN(Cc1[nH]c3nnc(-c4ccccc4O)cc3c1C)C2,SMARCA4,,500.0,>=,0,HeLa,Plexium,WO2025101944,PGDB_AS000431,% Degradation,luminescence,standardized
PGDB_C010631,C=CC(=O)N1C2CCC1CN(Cc1[nH]c3nnc(-c4ccccc4O)cc3c1C1CC1)C2,SMARCA4,,500.0,>=,0,HeLa,Plexium,WO2025101944,PGDB_AS000431,% Degradation,luminescence,standardized
PGDB_C010585,C=CC(=O)N1C2CCC1CN(Cc1cc3cc(-c4ccccc4O)nnc3[nH]1)C2,SMARCA4,,500.0,>=,0,HeLa,Plexium,WO2025101944,PGDB_AS000431,% Degradation,luminescence,standardized
PGDB_C010705,C=CC(=O)N1C2CCC1[C@@H](F)[C@H](c1cc3cc(-c4ccccc4O)nnc3[nH]1)C2,SMARCA2,,500.0,>=,0,HeLa,Plexium,WO2025101944,PGDB_AS000900,% Degradation,luminescence,standardized
PGDB_C010705,C=CC(=O)N1C2CCC1[C@@H](F)[C@H](c1cc3cc(-c4ccccc4O)nnc3[nH]1)C2,SMARCA4,,5000.0,>,0,HeLa,Plexium,WO2025101944,PGDB_AS000431,% Degradation,luminescence,standardized
PGDB_C010751,C=CC(=O)N1C2COCC1C(c1cc3cc(-c4ccccc4O)nnc3[nH]1)C2,SMARCA4,,500.0,>=,0,HeLa,Plexium,WO2025101944,PGDB_AS000431,% Degradation,luminescence,standardized
PGDB_C010755,C=CC(=O)N1C2COCC1CC(c1[nH]c3nnc(-c4ccccc4O)cc3c1CC1CC(C)C1)C2,SMARCA2,,500.0,>=,0,HeLa,Plexium,WO2025101944,PGDB_AS000900,% Degradation,luminescence,standardized
PGDB_C010755,C=CC(=O)N1C2COCC1CC(c1[nH]c3nnc(-c4ccccc4O)cc3c1CC1CC(C)C1)C2,SMARCA4,,500.0,>=,0,HeLa,Plexium,WO2025101944,PGDB_AS000431,% Degradation,luminescence,standardized
PGDB_C010824,C=CC(=O)N1C2COCC1CC(c1[nH]c3nnc(-c4ccccc4O)cc3c1CC1CCCO1)C2,SMARCA2,,500.0,>=,0,HeLa,Plexium,WO2025101944,PGDB_AS000900,% Degradation,luminescence,standardized
PGDB_C010824,C=CC(=O)N1C2COCC1CC(c1[nH]c3nnc(-c4ccccc4O)cc3c1CC1CCCO1)C2,SMARCA4,,5000.0,>,0,HeLa,Plexium,WO2025101944,PGDB_AS000431,% Degradation,luminescence,standardized
PGDB_C010820,C=CC(=O)N1C2COCC1CC(c1[nH]c3nnc(-c4ccccc4O)cc3c1CCOC1CCOC1)C2,SMARCA2,,500.0,>=,0,HeLa,Plexium,WO2025101944,PGDB_AS000900,% Degradation,luminescence,standardized
PGDB_C010820,C=CC(=O)N1C2COCC1CC(c1[nH]c3nnc(-c4ccccc4O)cc3c1CCOC1CCOC1)C2,SMARCA4,,5000.0,>,0,HeLa,Plexium,WO2025101944,PGDB_AS000431,% Degradation,luminescence,standardized
PGDB_C010690,C=CC(=O)N1C2COCC1CN(C(C)c1[nH]c3nnc(-c4ccccc4O)cc3c1C)C2,SMARCA4,,5000.0,>,0,HeLa,Plexium,WO2025101944,PGDB_AS000431,% Degradation,luminescence,standardized
PGDB_C010691,C=CC(=O)N1C2COCC1CN(Cc1[nH]c3nnc(-c4cc(F)cc(F)c4O)cc3c1C1CC1)C2,SMARCA4,,5000.0,>,0,HeLa,Plexium,WO2025101944,PGDB_AS000431,% Degradation,luminescence,standardized
PGDB_C010692,C=CC(=O)N1C2COCC1CN(Cc1[nH]c3nnc(-c4cccc(F)c4O)cc3c1C1CC1)C2,SMARCA4,,500.0,>=,0,HeLa,Plexium,WO2025101944,PGDB_AS000431,% Degradation,luminescence,standardized
PGDB_C010695,C=CC(=O)N1C2COCC1CN(Cc1cc3cc(-c4cc(F)cc(F)c4O)nnc3[nH]1)C2,SMARCA4,,5000.0,>,0,HeLa,Plexium,WO2025101944,PGDB_AS000431,% Degradation,luminescence,standardized
PGDB_C010696,C=CC(=O)N1C2COCC1CN(Cc1cc3cc(-c4cccc(F)c4O)nnc3[nH]1)C2,SMARCA4,,5000.0,>,0,HeLa,Plexium,WO2025101944,PGDB_AS000431,% Degradation,luminescence,standardized
PGDB_C010827,C=CC(=O)N1C2COCC1[C@@H](F)[C@H](c1[nH]c3nnc(-c4ccccc4O)cc3c1-c1ccccc1)C2,SMARCA4,,500.0,>=,0,HeLa,Plexium,WO2025101944,PGDB_AS000431,% Degradation,luminescence,standardized
PGDB_C010826,C=CC(=O)N1C2COC[C@H]1[C@@H](F)[C@H](c1[nH]c3nnc(-c4ccccc4O)cc3c1-c1ccccc1)C2,SMARCA4,,500.0,>=,0,HeLa,Plexium,WO2025101944,PGDB_AS000431,% Degradation,luminescence,standardized
PGDB_C010405,C=CC(=O)N1CC(C#Cc2cc3cc(-c4ccccc4O)nnc3[nH]2)C1,SMARCA2,,500.0,>=,0,HeLa,Plexium,WO2025101944,PGDB_AS000900,% Degradation,luminescence,standardized
PGDB_C010405,C=CC(=O)N1CC(C#Cc2cc3cc(-c4ccccc4O)nnc3[nH]2)C1,SMARCA4,,500.0,>=,0,HeLa,Plexium,WO2025101944,PGDB_AS000431,% Degradation,luminescence,standardized
PGDB_C010560,C=CC(=O)N1CC(C)(C)C1Cc1cc2cc(-c3ccccc3O)nnc2[nH]1,SMARCA4,,500.0,>=,0,HeLa,Plexium,WO2025101944,PGDB_AS000431,% Degradation,luminescence,standardized
PGDB_C010487,C=CC(=O)N1CC(C)(C)OCC1c1cc2cc(-c3ccccc3O)nnc2[nH]1,SMARCA4,,500.0,>=,0,HeLa,Plexium,WO2025101944,PGDB_AS000431,% Degradation,luminescence,standardized
PGDB_C010237,C=CC(=O)N1CC(C)(c2[nH]c3nnc(-c4ccccc4O)cc3c2Br)C1,SMARCA2,,500.0,>=,0,HeLa,Plexium,WO2025101944,PGDB_AS000900,% Degradation,luminescence,standardized
PGDB_C010237,C=CC(=O)N1CC(C)(c2[nH]c3nnc(-c4ccccc4O)cc3c2Br)C1,SMARCA4,,500.0,>=,0,HeLa,Plexium,WO2025101944,PGDB_AS000431,% Degradation,luminescence,standardized
PGDB_C010340,C=CC(=O)N1CC(C)(c2cc3cc(-c4ccccc4O)nnc3[nH]2)C1,SMARCA4,,500.0,>=,0,HeLa,Plexium,WO2025101944,PGDB_AS000431,% Degradation,luminescence,standardized
PGDB_C010313,C=CC(=O)N1CC(C)C(c2cc3cc(-c4ccccc4O)nnc3[nH]2)C1,SMARCA2,,500.0,>=,0,HeLa,Plexium,WO2025101944,PGDB_AS000900,% Degradation,luminescence,standardized
PGDB_C010313,C=CC(=O)N1CC(C)C(c2cc3cc(-c4ccccc4O)nnc3[nH]2)C1,SMARCA4,,500.0,>=,0,HeLa,Plexium,WO2025101944,PGDB_AS000431,% Degradation,luminescence,standardized
PGDB_C010685,C=CC(=O)N1CC(C2CC(c3cc4cc(-c5ccccc5O)nnc4[nH]3)C2)C1,SMARCA2,,500.0,>=,0,HeLa,Plexium,WO2025101944,PGDB_AS000900,% Degradation,luminescence,standardized
PGDB_C010685,C=CC(=O)N1CC(C2CC(c3cc4cc(-c5ccccc5O)nnc4[nH]3)C2)C1,SMARCA4,,500.0,>=,0,HeLa,Plexium,WO2025101944,PGDB_AS000431,% Degradation,luminescence,standardized
PGDB_C010393,C=CC(=O)N1CC(Cc2[nH]c3nnc(-c4ccccc4O)cc3c2Br)C1,SMARCA4,,5000.0,>,0,HeLa,Plexium,WO2025101944,PGDB_AS000431,% Degradation,luminescence,standardized
PGDB_C010423,C=CC(=O)N1CC(Cc2cc3cc(-c4ccccc4O)nnc3[nH]2)C1,SMARCA2,,500.0,>=,0,HeLa,Plexium,WO2025101944,PGDB_AS000900,% Degradation,luminescence,standardized
PGDB_C010423,C=CC(=O)N1CC(Cc2cc3cc(-c4ccccc4O)nnc3[nH]2)C1,SMARCA4,,5000.0,>,0,HeLa,Plexium,WO2025101944,PGDB_AS000431,% Degradation,luminescence,standardized
PGDB_C010274,C=CC(=O)N1CC(Cn2cc(-c3cc4cc(-c5ccccc5O)nnc4[nH]3)cn2)C1,SMARCA2,,500.0,>=,0,HeLa,Plexium,WO2025101944,PGDB_AS000900,% Degradation,luminescence,standardized
PGDB_C010274,C=CC(=O)N1CC(Cn2cc(-c3cc4cc(-c5ccccc5O)nnc4[nH]3)cn2)C1,SMARCA4,,500.0,>=,0,HeLa,Plexium,WO2025101944,PGDB_AS000431,% Degradation,luminescence,standardized
PGDB_C010559,C=CC(=O)N1CC(F)(F)C1Cc1cc2cc(-c3ccccc3O)nnc2[nH]1,SMARCA4,,500.0,>=,0,HeLa,Plexium,WO2025101944,PGDB_AS000431,% Degradation,luminescence,standardized
PGDB_C010554,C=CC(=O)N1CC(F)(F)C[C@@H]1Cc1cc2cc(-c3ccccc3O)nnc2[nH]1,SMARCA2,,500.0,>=,0,HeLa,Plexium,WO2025101944,PGDB_AS000900,% Degradation,luminescence,standardized
PGDB_C010554,C=CC(=O)N1CC(F)(F)C[C@@H]1Cc1cc2cc(-c3ccccc3O)nnc2[nH]1,SMARCA4,,500.0,>=,0,HeLa,Plexium,WO2025101944,PGDB_AS000431,% Degradation,luminescence,standardized
PGDB_C010785,C=CC(=O)N1CC(OC)C(c2[nH]c3nnc(-c4ccccc4O)cc3c2Br)C1,SMARCA2,,500.0,>=,0,HeLa,Plexium,WO2025101944,PGDB_AS000900,% Degradation,luminescence,standardized
PGDB_C010785,C=CC(=O)N1CC(OC)C(c2[nH]c3nnc(-c4ccccc4O)cc3c2Br)C1,SMARCA4,,500.0,>=,0,HeLa,Plexium,WO2025101944,PGDB_AS000431,% Degradation,luminescence,standardized
PGDB_C010781,C=CC(=O)N1CC(OC)C(c2[nH]c3nnc(-c4ccccc4O)cc3c2Cl)C1,SMARCA2,,500.0,>=,0,HeLa,Plexium,WO2025101944,PGDB_AS000900,% Degradation,luminescence,standardized
PGDB_C010781,C=CC(=O)N1CC(OC)C(c2[nH]c3nnc(-c4ccccc4O)cc3c2Cl)C1,SMARCA4,,500.0,>=,0,HeLa,Plexium,WO2025101944,PGDB_AS000431,% Degradation,luminescence,standardized
PGDB_C010384,C=CC(=O)N1CC(c2[nH]c3nnc(-c4cccc(F)c4O)cc3c2-c2ccccc2)C1,SMARCA2,,500.0,>=,0,HeLa,Plexium,WO2025101944,PGDB_AS000900,% Degradation,luminescence,standardized
PGDB_C010384,C=CC(=O)N1CC(c2[nH]c3nnc(-c4cccc(F)c4O)cc3c2-c2ccccc2)C1,SMARCA4,,500.0,>=,0,HeLa,Plexium,WO2025101944,PGDB_AS000431,% Degradation,luminescence,standardized
PGDB_C010482,C=CC(=O)N1CC(c2[nH]c3nnc(-c4ccccc4O)cc3c2-c2c[nH]nc2C)[C@H](F)C1,SMARCA2,,500.0,>=,0,HeLa,Plexium,WO2025101944,PGDB_AS000900,% Degradation,luminescence,standardized
PGDB_C010482,C=CC(=O)N1CC(c2[nH]c3nnc(-c4ccccc4O)cc3c2-c2c[nH]nc2C)[C@H](F)C1,SMARCA4,,500.0,>=,0,HeLa,Plexium,WO2025101944,PGDB_AS000431,% Degradation,luminescence,standardized
PGDB_C010375,C=CC(=O)N1CC(c2[nH]c3nnc(-c4ccccc4O)cc3c2-c2cc[nH]n2)C1,SMARCA2,,500.0,>=,0,HeLa,Plexium,WO2025101944,PGDB_AS000900,% Degradation,luminescence,standardized
PGDB_C010375,C=CC(=O)N1CC(c2[nH]c3nnc(-c4ccccc4O)cc3c2-c2cc[nH]n2)C1,SMARCA4,,500.0,>=,0,HeLa,Plexium,WO2025101944,PGDB_AS000431,% Degradation,luminescence,standardized
PGDB_C010401,C=CC(=O)N1CC(c2[nH]c3nnc(-c4ccccc4O)cc3c2-c2ccc(C(C)(C)C)cc2)C1,SMARCA2,,500.0,>=,0,HeLa,Plexium,WO2025101944,PGDB_AS000900,% Degradation,luminescence,standardized
PGDB_C010401,C=CC(=O)N1CC(c2[nH]c3nnc(-c4ccccc4O)cc3c2-c2ccc(C(C)(C)C)cc2)C1,SMARCA4,,500.0,>=,0,HeLa,Plexium,WO2025101944,PGDB_AS000431,% Degradation,luminescence,standardized
PGDB_C010414,C=CC(=O)N1CC(c2[nH]c3nnc(-c4ccccc4O)cc3c2-c2ccc(Cl)cc2)C1,SMARCA2,,500.0,>=,0,HeLa,Plexium,WO2025101944,PGDB_AS000900,% Degradation,luminescence,standardized
PGDB_C010414,C=CC(=O)N1CC(c2[nH]c3nnc(-c4ccccc4O)cc3c2-c2ccc(Cl)cc2)C1,SMARCA4,,500.0,>=,0,HeLa,Plexium,WO2025101944,PGDB_AS000431,% Degradation,luminescence,standardized
PGDB_C010413,C=CC(=O)N1CC(c2[nH]c3nnc(-c4ccccc4O)cc3c2-c2ccc(OC)cc2)C1,SMARCA4,,500.0,>=,0,HeLa,Plexium,WO2025101944,PGDB_AS000431,% Degradation,luminescence,standardized
PGDB_C010403,C=CC(=O)N1CC(c2[nH]c3nnc(-c4ccccc4O)cc3c2-c2cccc(OC)c2)C1,SMARCA2,,500.0,>=,0,HeLa,Plexium,WO2025101944,PGDB_AS000900,% Degradation,luminescence,standardized
PGDB_C010403,C=CC(=O)N1CC(c2[nH]c3nnc(-c4ccccc4O)cc3c2-c2cccc(OC)c2)C1,SMARCA4,,500.0,>=,0,HeLa,Plexium,WO2025101944,PGDB_AS000431,% Degradation,luminescence,standardized
PGDB_C010422,C=CC(=O)N1CC(c2[nH]c3nnc(-c4ccccc4O)cc3c2-c2ccccc2)C1,SMARCA2,,500.0,>=,0,HeLa,Plexium,WO2025101944,PGDB_AS000900,% Degradation,luminescence,standardized
PGDB_C010422,C=CC(=O)N1CC(c2[nH]c3nnc(-c4ccccc4O)cc3c2-c2ccccc2)C1,SMARCA4,,500.0,>=,0,HeLa,Plexium,WO2025101944,PGDB_AS000431,% Degradation,luminescence,standardized
PGDB_C010440,C=CC(=O)N1CC(c2[nH]c3nnc(-c4ccccc4O)cc3c2-c2ccccc2)[C@H](F)C1,SMARCA4,,500.0,>=,0,HeLa,Plexium,WO2025101944,PGDB_AS000431,% Degradation,luminescence,standardized
PGDB_C010400,C=CC(=O)N1CC(c2[nH]c3nnc(-c4ccccc4O)cc3c2-c2cccnc2)C1,SMARCA2,,500.0,>=,0,HeLa,Plexium,WO2025101944,PGDB_AS000900,% Degradation,luminescence,standardized
PGDB_C010400,C=CC(=O)N1CC(c2[nH]c3nnc(-c4ccccc4O)cc3c2-c2cccnc2)C1,SMARCA4,,500.0,>=,0,HeLa,Plexium,WO2025101944,PGDB_AS000431,% Degradation,luminescence,standardized
PGDB_C010402,C=CC(=O)N1CC(c2[nH]c3nnc(-c4ccccc4O)cc3c2-c2ccn(C)n2)C1,SMARCA2,,500.0,>=,0,HeLa,Plexium,WO2025101944,PGDB_AS000900,% Degradation,luminescence,standardized
PGDB_C010402,C=CC(=O)N1CC(c2[nH]c3nnc(-c4ccccc4O)cc3c2-c2ccn(C)n2)C1,SMARCA4,,500.0,>=,0,HeLa,Plexium,WO2025101944,PGDB_AS000431,% Degradation,luminescence,standardized
PGDB_C010412,C=CC(=O)N1CC(c2[nH]c3nnc(-c4ccccc4O)cc3c2-c2ccncc2)C1,SMARCA4,,500.0,>=,0,HeLa,Plexium,WO2025101944,PGDB_AS000431,% Degradation,luminescence,standardized
PGDB_C010439,C=CC(=O)N1CC(c2[nH]c3nnc(-c4ccccc4O)cc3c2-c2ccncc2)[C@H](F)C1,SMARCA2,,500.0,>=,0,HeLa,Plexium,WO2025101944,PGDB_AS000900,% Degradation,luminescence,standardized
PGDB_C010439,C=CC(=O)N1CC(c2[nH]c3nnc(-c4ccccc4O)cc3c2-c2ccncc2)[C@H](F)C1,SMARCA4,,500.0,>=,0,HeLa,Plexium,WO2025101944,PGDB_AS000431,% Degradation,luminescence,standardized
PGDB_C010399,C=CC(=O)N1CC(c2[nH]c3nnc(-c4ccccc4O)cc3c2-c2cncnc2)C1,SMARCA2,,500.0,>=,0,HeLa,Plexium,WO2025101944,PGDB_AS000900,% Degradation,luminescence,standardized
PGDB_C010399,C=CC(=O)N1CC(c2[nH]c3nnc(-c4ccccc4O)cc3c2-c2cncnc2)C1,SMARCA4,,5000.0,>,0,HeLa,Plexium,WO2025101944,PGDB_AS000431,% Degradation,luminescence,standardized
PGDB_C010391,C=CC(=O)N1CC(c2[nH]c3nnc(-c4ccccc4O)cc3c2-c2cnn(C)c2)C1,SMARCA2,,500.0,>=,0,HeLa,Plexium,WO2025101944,PGDB_AS000900,% Degradation,luminescence,standardized
PGDB_C010391,C=CC(=O)N1CC(c2[nH]c3nnc(-c4ccccc4O)cc3c2-c2cnn(C)c2)C1,SMARCA4,,500.0,>=,0,HeLa,Plexium,WO2025101944,PGDB_AS000431,% Degradation,luminescence,standardized
PGDB_C010390,C=CC(=O)N1CC(c2[nH]c3nnc(-c4ccccc4O)cc3c2Br)C1,SMARCA4,,500.0,>=,0,HeLa,Plexium,WO2025101944,PGDB_AS000431,% Degradation,luminescence,standardized
PGDB_C010784,C=CC(=O)N1CC(c2[nH]c3nnc(-c4ccccc4O)cc3c2Br)C1OC,SMARCA2,,500.0,>=,0,HeLa,Plexium,WO2025101944,PGDB_AS000900,% Degradation,luminescence,standardized
PGDB_C010784,C=CC(=O)N1CC(c2[nH]c3nnc(-c4ccccc4O)cc3c2Br)C1OC,SMARCA4,,500.0,>=,0,HeLa,Plexium,WO2025101944,PGDB_AS000431,% Degradation,luminescence,standardized
PGDB_C010536,C=CC(=O)N1CC(c2[nH]c3nnc(-c4ccccc4O)cc3c2Br)C[C@@H]1C(=O)N(C)C,SMARCA4,,5000.0,>,0,HeLa,Plexium,WO2025101944,PGDB_AS000431,% Degradation,luminescence,standardized
PGDB_C010316,C=CC(=O)N1CC(c2[nH]c3nnc(-c4ccccc4O)cc3c2Br)[C@H](F)C1,SMARCA4,,500.0,>=,0,HeLa,Plexium,WO2025101944,PGDB_AS000431,% Degradation,luminescence,standardized
PGDB_C010360,C=CC(=O)N1CC(c2[nH]c3nnc(-c4ccccc4O)cc3c2C#CC(C)(C)O)C1,SMARCA2,,500.0,>=,0,HeLa,Plexium,WO2025101944,PGDB_AS000900,% Degradation,luminescence,standardized
PGDB_C010360,C=CC(=O)N1CC(c2[nH]c3nnc(-c4ccccc4O)cc3c2C#CC(C)(C)O)C1,SMARCA4,,5000.0,>,0,HeLa,Plexium,WO2025101944,PGDB_AS000431,% Degradation,luminescence,standardized
PGDB_C010361,C=CC(=O)N1CC(c2[nH]c3nnc(-c4ccccc4O)cc3c2C#CC)C1,SMARCA2,,500.0,>=,0,HeLa,Plexium,WO2025101944,PGDB_AS000900,% Degradation,luminescence,standardized
PGDB_C010361,C=CC(=O)N1CC(c2[nH]c3nnc(-c4ccccc4O)cc3c2C#CC)C1,SMARCA4,,500.0,>=,0,HeLa,Plexium,WO2025101944,PGDB_AS000431,% Degradation,luminescence,standardized
PGDB_C010363,C=CC(=O)N1CC(c2[nH]c3nnc(-c4ccccc4O)cc3c2C#CC2CC2)C1,SMARCA2,,500.0,>=,0,HeLa,Plexium,WO2025101944,PGDB_AS000900,% Degradation,luminescence,standardized
PGDB_C010363,C=CC(=O)N1CC(c2[nH]c3nnc(-c4ccccc4O)cc3c2C#CC2CC2)C1,SMARCA4,,500.0,>=,0,HeLa,Plexium,WO2025101944,PGDB_AS000431,% Degradation,luminescence,standardized
PGDB_C010362,C=CC(=O)N1CC(c2[nH]c3nnc(-c4ccccc4O)cc3c2C#CCO)C1,SMARCA2,,500.0,>=,0,HeLa,Plexium,WO2025101944,PGDB_AS000900,% Degradation,luminescence,standardized
PGDB_C010362,C=CC(=O)N1CC(c2[nH]c3nnc(-c4ccccc4O)cc3c2C#CCO)C1,SMARCA4,,5000.0,>,0,HeLa,Plexium,WO2025101944,PGDB_AS000431,% Degradation,luminescence,standardized
PGDB_C010367,C=CC(=O)N1CC(c2[nH]c3nnc(-c4ccccc4O)cc3c2C(C)=O)C1,SMARCA2,,500.0,>=,0,HeLa,Plexium,WO2025101944,PGDB_AS000900,% Degradation,luminescence,standardized
PGDB_C010367,C=CC(=O)N1CC(c2[nH]c3nnc(-c4ccccc4O)cc3c2C(C)=O)C1,SMARCA4,,5000.0,>,0,HeLa,Plexium,WO2025101944,PGDB_AS000431,% Degradation,luminescence,standardized
PGDB_C010703,C=CC(=O)N1CC(c2[nH]c3nnc(-c4ccccc4O)cc3c2C(N)=O)C1,SMARCA2,,5000.0,>,0,HeLa,Plexium,WO2025101944,PGDB_AS000900,% Degradation,luminescence,standardized
PGDB_C010703,C=CC(=O)N1CC(c2[nH]c3nnc(-c4ccccc4O)cc3c2C(N)=O)C1,SMARCA4,,5000.0,>,0,HeLa,Plexium,WO2025101944,PGDB_AS000431,% Degradation,luminescence,standardized
PGDB_C010529,C=CC(=O)N1CC(c2[nH]c3nnc(-c4ccccc4O)cc3c2C)C[C@@H]1C(=O)N(C)C,SMARCA4,,500.0,>=,0,HeLa,Plexium,WO2025101944,PGDB_AS000431,% Degradation,luminescence,standardized
PGDB_C010252,C=CC(=O)N1CC(c2[nH]c3nnc(-c4ccccc4O)cc3c2C2CC2)[C@H](F)C1,SMARCA4,,500.0,>=,0,HeLa,Plexium,WO2025101944,PGDB_AS000431,% Degradation,luminescence,standardized
PGDB_C010356,C=CC(=O)N1CC(c2[nH]c3nnc(-c4ccccc4O)cc3c2C2CCC(C(N)=O)CC2)C1,SMARCA2,,500.0,>=,0,HeLa,Plexium,WO2025101944,PGDB_AS000900,% Degradation,luminescence,standardized
PGDB_C010356,C=CC(=O)N1CC(c2[nH]c3nnc(-c4ccccc4O)cc3c2C2CCC(C(N)=O)CC2)C1,SMARCA4,,500.0,>=,0,HeLa,Plexium,WO2025101944,PGDB_AS000431,% Degradation,luminescence,standardized
PGDB_C010338,C=CC(=O)N1CC(c2[nH]c3nnc(-c4ccccc4O)cc3c2C2CCN(C(C)=O)CC2)C1,SMARCA2,,5000.0,>,0,HeLa,Plexium,WO2025101944,PGDB_AS000900,% Degradation,luminescence,standardized
PGDB_C010338,C=CC(=O)N1CC(c2[nH]c3nnc(-c4ccccc4O)cc3c2C2CCN(C(C)=O)CC2)C1,SMARCA4,,5000.0,>,0,HeLa,Plexium,WO2025101944,PGDB_AS000431,% Degradation,luminescence,standardized
PGDB_C010349,C=CC(=O)N1CC(c2[nH]c3nnc(-c4ccccc4O)cc3c2C2CCN(C)C2)C1,SMARCA2,,500.0,>=,0,HeLa,Plexium,WO2025101944,PGDB_AS000900,% Degradation,luminescence,standardized
PGDB_C010349,C=CC(=O)N1CC(c2[nH]c3nnc(-c4ccccc4O)cc3c2C2CCN(C)C2)C1,SMARCA4,,5000.0,>,0,HeLa,Plexium,WO2025101944,PGDB_AS000431,% Degradation,luminescence,standardized
PGDB_C010339,C=CC(=O)N1CC(c2[nH]c3nnc(-c4ccccc4O)cc3c2C2CCN(C)CC2)C1,SMARCA2,,500.0,>=,0,HeLa,Plexium,WO2025101944,PGDB_AS000900,% Degradation,luminescence,standardized
PGDB_C010339,C=CC(=O)N1CC(c2[nH]c3nnc(-c4ccccc4O)cc3c2C2CCN(C)CC2)C1,SMARCA4,,5000.0,>,0,HeLa,Plexium,WO2025101944,PGDB_AS000431,% Degradation,luminescence,standardized
PGDB_C010634,C=CC(=O)N1CC(c2[nH]c3nnc(-c4ccccc4O)cc3c2C2CCOC2)[C@H](OC)C1,SMARCA4,,500.0,>=,0,HeLa,Plexium,WO2025101944,PGDB_AS000431,% Degradation,luminescence,standardized
PGDB_C010337,C=CC(=O)N1CC(c2[nH]c3nnc(-c4ccccc4O)cc3c2C2CCOCC2)C1,SMARCA4,,500.0,>=,0,HeLa,Plexium,WO2025101944,PGDB_AS000431,% Degradation,luminescence,standardized
PGDB_C010328,C=CC(=O)N1CC(c2[nH]c3nnc(-c4ccccc4O)cc3c2CC#N)C1,SMARCA2,,500.0,>=,0,HeLa,Plexium,WO2025101944,PGDB_AS000900,% Degradation,luminescence,standardized
PGDB_C010328,C=CC(=O)N1CC(c2[nH]c3nnc(-c4ccccc4O)cc3c2CC#N)C1,SMARCA4,,500.0,>=,0,HeLa,Plexium,WO2025101944,PGDB_AS000431,% Degradation,luminescence,standardized
PGDB_C010470,C=CC(=O)N1CC(c2[nH]c3nnc(-c4ccccc4O)cc3c2CCCOC)[C@H](F)C1,SMARCA2,,500.0,>=,0,HeLa,Plexium,WO2025101944,PGDB_AS000900,% Degradation,luminescence,standardized
PGDB_C010470,C=CC(=O)N1CC(c2[nH]c3nnc(-c4ccccc4O)cc3c2CCCOC)[C@H](F)C1,SMARCA4,,500.0,>=,0,HeLa,Plexium,WO2025101944,PGDB_AS000431,% Degradation,luminescence,standardized
PGDB_C010346,C=CC(=O)N1CC(c2[nH]c3nnc(-c4ccccc4O)cc3c2CN(C)C)C1,SMARCA2,,500.0,>=,0,HeLa,Plexium,WO2025101944,PGDB_AS000900,% Degradation,luminescence,standardized
PGDB_C010346,C=CC(=O)N1CC(c2[nH]c3nnc(-c4ccccc4O)cc3c2CN(C)C)C1,SMARCA4,,5000.0,>,0,HeLa,Plexium,WO2025101944,PGDB_AS000431,% Degradation,luminescence,standardized
PGDB_C010372,C=CC(=O)N1CC(c2[nH]c3nnc(-c4ccccc4O)cc3c2Cc2ccccc2)C1,SMARCA4,,500.0,>=,0,HeLa,Plexium,WO2025101944,PGDB_AS000431,% Degradation,luminescence,standardized
PGDB_C010421,C=CC(=O)N1CC(c2[nH]c3nnc(-c4ccccc4O)cc3c2Cl)C1,SMARCA2,,500.0,>=,0,HeLa,Plexium,WO2025101944,PGDB_AS000900,% Degradation,luminescence,standardized
PGDB_C010421,C=CC(=O)N1CC(c2[nH]c3nnc(-c4ccccc4O)cc3c2Cl)C1,SMARCA4,,5000.0,>,0,HeLa,Plexium,WO2025101944,PGDB_AS000431,% Degradation,luminescence,standardized
PGDB_C010753,C=CC(=O)N1CC(c2[nH]c3nnc(-c4ccccc4O)cc3c2Cl)[C@@H](F)C1,SMARCA2,,500.0,>=,0,HeLa,Plexium,WO2025101944,PGDB_AS000900,% Degradation,luminescence,standardized
PGDB_C010753,C=CC(=O)N1CC(c2[nH]c3nnc(-c4ccccc4O)cc3c2Cl)[C@@H](F)C1,SMARCA4,,500.0,>=,0,HeLa,Plexium,WO2025101944,PGDB_AS000431,% Degradation,luminescence,standardized
PGDB_C010299,C=CC(=O)N1CC(c2[nH]c3nnc(-c4ccccc4O)cc3c2Cl)[C@H](F)C1,SMARCA4,,5000.0,>,0,HeLa,Plexium,WO2025101944,PGDB_AS000431,% Degradation,luminescence,standardized
PGDB_C010791,C=CC(=O)N1CC(c2[nH]c3nnc(-c4ccccc4O)cc3c2Cl)[C@H](OC)C1,SMARCA2,,500.0,>=,0,HeLa,Plexium,WO2025101944,PGDB_AS000900,% Degradation,luminescence,standardized
PGDB_C010791,C=CC(=O)N1CC(c2[nH]c3nnc(-c4ccccc4O)cc3c2Cl)[C@H](OC)C1,SMARCA4,,500.0,>=,0,HeLa,Plexium,WO2025101944,PGDB_AS000431,% Degradation,luminescence,standardized
PGDB_C010309,C=CC(=O)N1CC(c2[nH]c3nnc(-c4ccccc4O)cc3c2N2CCCCC2)C1,SMARCA4,,500.0,>=,0,HeLa,Plexium,WO2025101944,PGDB_AS000431,% Degradation,luminescence,standardized
PGDB_C010303,C=CC(=O)N1CC(c2[nH]c3nnc(-c4ccccc4O)cc3c2N2CCC[C@H](C)C2)C1,SMARCA2,,500.0,>=,0,HeLa,Plexium,WO2025101944,PGDB_AS000900,% Degradation,luminescence,standardized
PGDB_C010303,C=CC(=O)N1CC(c2[nH]c3nnc(-c4ccccc4O)cc3c2N2CCC[C@H](C)C2)C1,SMARCA4,,500.0,>=,0,HeLa,Plexium,WO2025101944,PGDB_AS000431,% Degradation,luminescence,standardized
PGDB_C010615,C=CC(=O)N1CC(c2cc3cc(-c4ccccc4O)nnc3[nH]2)C(N2CCC2)C1,SMARCA4,,500.0,>=,0,HeLa,Plexium,WO2025101944,PGDB_AS000431,% Degradation,luminescence,standardized
PGDB_C010609,C=CC(=O)N1CC(c2cc3cc(-c4ccccc4O)nnc3[nH]2)C(N2CCOCC2)C1,SMARCA2,,500.0,>=,0,HeLa,Plexium,WO2025101944,PGDB_AS000900,% Degradation,luminescence,standardized
PGDB_C010609,C=CC(=O)N1CC(c2cc3cc(-c4ccccc4O)nnc3[nH]2)C(N2CCOCC2)C1,SMARCA4,,500.0,>=,0,HeLa,Plexium,WO2025101944,PGDB_AS000431,% Degradation,luminescence,standardized
PGDB_C010647,C=CC(=O)N1CC(c2cc3cc(-c4ccccc4O)nnc3[nH]2)C(n2ccnn2)C1,SMARCA4,,500.0,>=,0,HeLa,Plexium,WO2025101944,PGDB_AS000431,% Degradation,luminescence,standardized
PGDB_C010377,C=CC(=O)N1CC(c2cc3cc(-c4ccccc4O)nnc3[nH]2)C1(C)C,SMARCA4,,500.0,>=,0,HeLa,Plexium,WO2025101944,PGDB_AS000431,% Degradation,luminescence,standardized
PGDB_C010641,C=CC(=O)N1CC(c2cc3cc(-c4ccccc4O)nnc3[nH]2)C2(CCCC2)C1,SMARCA2,,500.0,>=,0,HeLa,Plexium,WO2025101944,PGDB_AS000900,% Degradation,luminescence,standardized
PGDB_C010641,C=CC(=O)N1CC(c2cc3cc(-c4ccccc4O)nnc3[nH]2)C2(CCCC2)C1,SMARCA4,,500.0,>=,0,HeLa,Plexium,WO2025101944,PGDB_AS000431,% Degradation,luminescence,standardized
PGDB_C010662,C=CC(=O)N1CC(c2cc3cc(-c4ccccc4O)nnc3[nH]2)C2CC1C2,SMARCA2,,500.0,>=,0,HeLa,Plexium,WO2025101944,PGDB_AS000900,% Degradation,luminescence,standardized
PGDB_C010662,C=CC(=O)N1CC(c2cc3cc(-c4ccccc4O)nnc3[nH]2)C2CC1C2,SMARCA4,,5000.0,>,0,HeLa,Plexium,WO2025101944,PGDB_AS000431,% Degradation,luminescence,standardized
PGDB_C010721,C=CC(=O)N1CC(c2cc3cc(-c4ccccc4O)nnc3[nH]2)C2CC21,SMARCA2,,500.0,>=,0,HeLa,Plexium,WO2025101944,PGDB_AS000900,% Degradation,luminescence,standardized
PGDB_C010721,C=CC(=O)N1CC(c2cc3cc(-c4ccccc4O)nnc3[nH]2)C2CC21,SMARCA4,,500.0,>=,0,HeLa,Plexium,WO2025101944,PGDB_AS000431,% Degradation,luminescence,standardized
PGDB_C010598,C=CC(=O)N1CC(c2cc3cc(-c4ccccc4O)nnc3[nH]2)CC1COC,SMARCA2,,500.0,>=,0,HeLa,Plexium,WO2025101944,PGDB_AS000900,% Degradation,luminescence,standardized
PGDB_C010598,C=CC(=O)N1CC(c2cc3cc(-c4ccccc4O)nnc3[nH]2)CC1COC,SMARCA4,,500.0,>=,0,HeLa,Plexium,WO2025101944,PGDB_AS000431,% Degradation,luminescence,standardized
PGDB_C010255,C=CC(=O)N1CC(c2cc3cc(-c4ccccc4O)nnc3[nH]2)CC[C@@H]1C,SMARCA2,,500.0,>=,0,HeLa,Plexium,WO2025101944,PGDB_AS000900,% Degradation,luminescence,standardized
PGDB_C010255,C=CC(=O)N1CC(c2cc3cc(-c4ccccc4O)nnc3[nH]2)CC[C@@H]1C,SMARCA4,,500.0,>=,0,HeLa,Plexium,WO2025101944,PGDB_AS000431,% Degradation,luminescence,standardized
PGDB_C010469,C=CC(=O)N1CC(c2cc3cc(-c4ccccc4O)nnc3[nH]2)CC[C@H]1C,SMARCA2,,500.0,>=,0,HeLa,Plexium,WO2025101944,PGDB_AS000900,% Degradation,luminescence,standardized
PGDB_C010469,C=CC(=O)N1CC(c2cc3cc(-c4ccccc4O)nnc3[nH]2)CC[C@H]1C,SMARCA4,,500.0,>=,0,HeLa,Plexium,WO2025101944,PGDB_AS000431,% Degradation,luminescence,standardized
PGDB_C010354,C=CC(=O)N1CC(c2cc3cc(-c4ccccc4O)nnc3[nH]2)C[C@@H]1C,SMARCA4,,500.0,>=,0,HeLa,Plexium,WO2025101944,PGDB_AS000431,% Degradation,luminescence,standardized
PGDB_C010510,C=CC(=O)N1CC(c2cc3cc(-c4ccccc4O)nnc3[nH]2)C[C@@H]1C(=O)N(C)C,SMARCA4,,5000.0,>,0,HeLa,Plexium,WO2025101944,PGDB_AS000431,% Degradation,luminescence,standardized
PGDB_C010235,C=CC(=O)N1CC(c2cc3cc(-c4ccccc4O)nnc3[nH]2)C[C@H]1C,SMARCA2,,500.0,>=,0,HeLa,Plexium,WO2025101944,PGDB_AS000900,% Degradation,luminescence,standardized
PGDB_C010235,C=CC(=O)N1CC(c2cc3cc(-c4ccccc4O)nnc3[nH]2)C[C@H]1C,SMARCA4,,500.0,>=,0,HeLa,Plexium,WO2025101944,PGDB_AS000431,% Degradation,luminescence,standardized
PGDB_C010257,C=CC(=O)N1CC(c2cc3cc(-c4ccccc4O)nnc3[nH]2)C[C@H]1C#N,SMARCA2,,500.0,>=,0,HeLa,Plexium,WO2025101944,PGDB_AS000900,% Degradation,luminescence,standardized
PGDB_C010257,C=CC(=O)N1CC(c2cc3cc(-c4ccccc4O)nnc3[nH]2)C[C@H]1C#N,SMARCA4,,5000.0,>,0,HeLa,Plexium,WO2025101944,PGDB_AS000431,% Degradation,luminescence,standardized
PGDB_C010341,C=CC(=O)N1CC(c2cc3cc(-c4ccccc4O)nnc3[nH]2)C[C@H]1C(=O)N(C)C,SMARCA2,,500.0,>=,0,HeLa,Plexium,WO2025101944,PGDB_AS000900,% Degradation,luminescence,standardized
PGDB_C010341,C=CC(=O)N1CC(c2cc3cc(-c4ccccc4O)nnc3[nH]2)C[C@H]1C(=O)N(C)C,SMARCA4,,500.0,>=,0,HeLa,Plexium,WO2025101944,PGDB_AS000431,% Degradation,luminescence,standardized
PGDB_C010312,C=CC(=O)N1CC(c2cc3cc(-c4ccccc4O)nnc3[nH]2)[C@@H](C)C1,SMARCA2,,500.0,>=,0,HeLa,Plexium,WO2025101944,PGDB_AS000900,% Degradation,luminescence,standardized
PGDB_C010312,C=CC(=O)N1CC(c2cc3cc(-c4ccccc4O)nnc3[nH]2)[C@@H](C)C1,SMARCA4,,500.0,>=,0,HeLa,Plexium,WO2025101944,PGDB_AS000431,% Degradation,luminescence,standardized
PGDB_C010348,C=CC(=O)N1CC(c2cc3cc(-c4ccccc4O)nnc3[nH]2)[C@@H](F)C1,SMARCA2,,500.0,>=,0,HeLa,Plexium,WO2025101944,PGDB_AS000900,% Degradation,luminescence,standardized
PGDB_C010348,C=CC(=O)N1CC(c2cc3cc(-c4ccccc4O)nnc3[nH]2)[C@@H](F)C1,SMARCA4,,5000.0,>,0,HeLa,Plexium,WO2025101944,PGDB_AS000431,% Degradation,luminescence,standardized
PGDB_C010329,C=CC(=O)N1CC(c2cc3cc(-c4ccccc4O)nnc3[nH]2)[C@@H](OC)C1,SMARCA2,,500.0,>=,0,HeLa,Plexium,WO2025101944,PGDB_AS000900,% Degradation,luminescence,standardized
PGDB_C010329,C=CC(=O)N1CC(c2cc3cc(-c4ccccc4O)nnc3[nH]2)[C@@H](OC)C1,SMARCA4,,500.0,>=,0,HeLa,Plexium,WO2025101944,PGDB_AS000431,% Degradation,luminescence,standardized
PGDB_C010505,C=CC(=O)N1CC(c2cc3cc(-c4ccccc4O)nnc3[nH]2)[C@H](C)C1,SMARCA2,,500.0,>=,0,HeLa,Plexium,WO2025101944,PGDB_AS000900,% Degradation,luminescence,standardized
PGDB_C010505,C=CC(=O)N1CC(c2cc3cc(-c4ccccc4O)nnc3[nH]2)[C@H](C)C1,SMARCA4,,500.0,>=,0,HeLa,Plexium,WO2025101944,PGDB_AS000431,% Degradation,luminescence,standardized
PGDB_C010364,C=CC(=O)N1CC(c2cc3cc(-c4ccccc4O)nnc3[nH]2)[C@H](F)C1,SMARCA4,,500.0,>=,0,HeLa,Plexium,WO2025101944,PGDB_AS000431,% Degradation,luminescence,standardized
PGDB_C010466,C=CC(=O)N1CC(c2cc3cc(-c4ccccc4O)nnc3[nH]2)[C@H](OC)C1,SMARCA2,,500.0,>=,0,HeLa,Plexium,WO2025101944,PGDB_AS000900,% Degradation,luminescence,standardized
PGDB_C010466,C=CC(=O)N1CC(c2cc3cc(-c4ccccc4O)nnc3[nH]2)[C@H](OC)C1,SMARCA4,,5000.0,>,0,HeLa,Plexium,WO2025101944,PGDB_AS000431,% Degradation,luminescence,standardized
PGDB_C010534,C=CC(=O)N1CC(c2cc3cc(-c4ccccc4O)nnc3[nH]2)[C@H](c2ccccc2)C1,SMARCA2,,500.0,>=,0,HeLa,Plexium,WO2025101944,PGDB_AS000900,% Degradation,luminescence,standardized
PGDB_C010534,C=CC(=O)N1CC(c2cc3cc(-c4ccccc4O)nnc3[nH]2)[C@H](c2ccccc2)C1,SMARCA4,,5000.0,>,0,HeLa,Plexium,WO2025101944,PGDB_AS000431,% Degradation,luminescence,standardized
PGDB_C010655,C=CC(=O)N1CC(c2cc3cc(-c4ccccc4O)nnc3[nH]2)[C@H]2CCC[C@H]21,SMARCA2,,500.0,>=,0,HeLa,Plexium,WO2025101944,PGDB_AS000900,% Degradation,luminescence,standardized
PGDB_C010655,C=CC(=O)N1CC(c2cc3cc(-c4ccccc4O)nnc3[nH]2)[C@H]2CCC[C@H]21,SMARCA4,,500.0,>=,0,HeLa,Plexium,WO2025101944,PGDB_AS000431,% Degradation,luminescence,standardized
PGDB_C010275,C=CC(=O)N1CC(c2cc3cc(-c4ccccc4O)nnc3[nH]2)[C@H]2OCCC[C@H]21,SMARCA4,,500.0,>=,0,HeLa,Plexium,WO2025101944,PGDB_AS000431,% Degradation,luminescence,standardized
PGDB_C010546,C=CC(=O)N1CC(c2ccccc2)C(c2cc3cc(-c4ccccc4O)nnc3[nH]2)C1,SMARCA2,,500.0,>=,0,HeLa,Plexium,WO2025101944,PGDB_AS000900,% Degradation,luminescence,standardized
PGDB_C010546,C=CC(=O)N1CC(c2ccccc2)C(c2cc3cc(-c4ccccc4O)nnc3[nH]2)C1,SMARCA4,,500.0,>=,0,HeLa,Plexium,WO2025101944,PGDB_AS000431,% Degradation,luminescence,standardized
PGDB_C010805,C=CC(=O)N1CC(c2ccccn2)C(c2cc3cc(-c4ccccc4O)nnc3[nH]2)C1,SMARCA2,,500.0,>=,0,HeLa,Plexium,WO2025101944,PGDB_AS000900,% Degradation,luminescence,standardized
PGDB_C010805,C=CC(=O)N1CC(c2ccccn2)C(c2cc3cc(-c4ccccc4O)nnc3[nH]2)C1,SMARCA4,,5000.0,>,0,HeLa,Plexium,WO2025101944,PGDB_AS000431,% Degradation,luminescence,standardized
PGDB_C010795,C=CC(=O)N1CC(c2cccnc2)C(c2cc3cc(-c4ccccc4O)nnc3[nH]2)C1,SMARCA2,,500.0,>=,0,HeLa,Plexium,WO2025101944,PGDB_AS000900,% Degradation,luminescence,standardized
PGDB_C010795,C=CC(=O)N1CC(c2cccnc2)C(c2cc3cc(-c4ccccc4O)nnc3[nH]2)C1,SMARCA4,,500.0,>=,0,HeLa,Plexium,WO2025101944,PGDB_AS000431,% Degradation,luminescence,standardized
PGDB_C010807,C=CC(=O)N1CC(c2ccncc2)C(c2cc3cc(-c4ccccc4O)nnc3[nH]2)C1,SMARCA2,,500.0,>=,0,HeLa,Plexium,WO2025101944,PGDB_AS000900,% Degradation,luminescence,standardized
PGDB_C010807,C=CC(=O)N1CC(c2ccncc2)C(c2cc3cc(-c4ccccc4O)nnc3[nH]2)C1,SMARCA4,,5000.0,>,0,HeLa,Plexium,WO2025101944,PGDB_AS000431,% Degradation,luminescence,standardized
PGDB_C010574,C=CC(=O)N1CC2(C1)OCC2c1[nH]c2nnc(-c3ccccc3O)cc2c1C,SMARCA4,,500.0,>=,0,HeLa,Plexium,WO2025101944,PGDB_AS000431,% Degradation,luminescence,standardized
PGDB_C010572,C=CC(=O)N1CC2(C1)OCC2c1cc2cc(-c3ccccc3O)nnc2[nH]1,SMARCA2,,500.0,>=,0,HeLa,Plexium,WO2025101944,PGDB_AS000900,% Degradation,luminescence,standardized
PGDB_C010572,C=CC(=O)N1CC2(C1)OCC2c1cc2cc(-c3ccccc3O)nnc2[nH]1,SMARCA4,,500.0,>=,0,HeLa,Plexium,WO2025101944,PGDB_AS000431,% Degradation,luminescence,standardized
PGDB_C010533,C=CC(=O)N1CC2(C1)OCCC2c1[nH]c2nnc(-c3ccccc3O)cc2c1Br,SMARCA2,,500.0,>=,0,HeLa,Plexium,WO2025101944,PGDB_AS000900,% Degradation,luminescence,standardized
PGDB_C010533,C=CC(=O)N1CC2(C1)OCCC2c1[nH]c2nnc(-c3ccccc3O)cc2c1Br,SMARCA4,,500.0,>=,0,HeLa,Plexium,WO2025101944,PGDB_AS000431,% Degradation,luminescence,standardized
PGDB_C010486,C=CC(=O)N1CC2(C1)OCCC2c1cc2cc(-c3ccccc3O)nnc2[nH]1,SMARCA2,,500.0,>=,0,HeLa,Plexium,WO2025101944,PGDB_AS000900,% Degradation,luminescence,standardized
PGDB_C010486,C=CC(=O)N1CC2(C1)OCCC2c1cc2cc(-c3ccccc3O)nnc2[nH]1,SMARCA4,,500.0,>=,0,HeLa,Plexium,WO2025101944,PGDB_AS000431,% Degradation,luminescence,standardized
PGDB_C010727,C=CC(=O)N1CC2(CC(Cc3cc4cc(-c5ccccc5O)nnc4[nH]3)CO2)C1,SMARCA4,,500.0,>=,0,HeLa,Plexium,WO2025101944,PGDB_AS000431,% Degradation,luminescence,standardized
PGDB_C010629,C=CC(=O)N1CC2(CC(c3[nH]c4nnc(-c5ccccc5O)cc4c3C)CO2)C1,SMARCA4,,500.0,>=,0,HeLa,Plexium,WO2025101944,PGDB_AS000431,% Degradation,luminescence,standardized
PGDB_C010334,C=CC(=O)N1CC2(CC(c3cc4cc(-c5ccccc5O)nnc4[nH]3)C2)C1,SMARCA2,,500.0,>=,0,HeLa,Plexium,WO2025101944,PGDB_AS000900,% Degradation,luminescence,standardized
PGDB_C010334,C=CC(=O)N1CC2(CC(c3cc4cc(-c5ccccc5O)nnc4[nH]3)C2)C1,SMARCA4,,500.0,>=,0,HeLa,Plexium,WO2025101944,PGDB_AS000431,% Degradation,luminescence,standardized
PGDB_C010789,C=CC(=O)N1CC2(CC(c3cc4cc(-c5ccccc5O)nnc4[nH]3)CN2C)C1,SMARCA4,,500.0,>=,0,HeLa,Plexium,WO2025101944,PGDB_AS000431,% Degradation,luminescence,standardized
PGDB_C010333,C=CC(=O)N1CC2(CC(c3cc4cc(-c5ccccc5O)nnc4[nH]3)CO2)C1,SMARCA2,,500.0,>=,0,HeLa,Plexium,WO2025101944,PGDB_AS000900,% Degradation,luminescence,standardized
PGDB_C010333,C=CC(=O)N1CC2(CC(c3cc4cc(-c5ccccc5O)nnc4[nH]3)CO2)C1,SMARCA4,,500.0,>=,0,HeLa,Plexium,WO2025101944,PGDB_AS000431,% Degradation,luminescence,standardized
PGDB_C010498,C=CC(=O)N1CC2(CC2)C1Cc1cc2cc(-c3ccccc3O)nnc2[nH]1,SMARCA2,,500.0,>=,0,HeLa,Plexium,WO2025101944,PGDB_AS000900,% Degradation,luminescence,standardized
PGDB_C010498,C=CC(=O)N1CC2(CC2)C1Cc1cc2cc(-c3ccccc3O)nnc2[nH]1,SMARCA4,,500.0,>=,0,HeLa,Plexium,WO2025101944,PGDB_AS000431,% Degradation,luminescence,standardized
PGDB_C010359,C=CC(=O)N1CC2(CC2)C[C@H]1Cc1cc2cc(-c3ccccc3O)nnc2[nH]1,SMARCA4,,500.0,>=,0,HeLa,Plexium,WO2025101944,PGDB_AS000431,% Degradation,luminescence,standardized
PGDB_C010268,C=CC(=O)N1CC2(CCC(c3cc4cc(-c5ccccc5O)nnc4[nH]3)C2)C1,SMARCA4,,500.0,>=,0,HeLa,Plexium,WO2025101944,PGDB_AS000431,% Degradation,luminescence,standardized
PGDB_C010561,C=CC(=O)N1CC2(CCC2)C1Cc1cc2cc(-c3ccccc3O)nnc2[nH]1,SMARCA4,,500.0,>=,0,HeLa,Plexium,WO2025101944,PGDB_AS000431,% Degradation,luminescence,standardized
PGDB_C010725,C=CC(=O)N1CC2(CCC2c2[nH]c3nnc(-c4cccc(F)c4O)cc3c2C)C1,SMARCA4,,500.0,>=,0,HeLa,Plexium,WO2025101944,PGDB_AS000431,% Degradation,luminescence,standardized
PGDB_C010517,C=CC(=O)N1CC2(CCC2c2[nH]c3nnc(-c4ccccc4O)cc3c2Br)C1,SMARCA4,,500.0,>=,0,HeLa,Plexium,WO2025101944,PGDB_AS000431,% Degradation,luminescence,standardized
PGDB_C010563,C=CC(=O)N1CC2(CCC2c2[nH]c3nnc(-c4ccccc4O)cc3c2C(C)C)C1,SMARCA4,,500.0,>=,0,HeLa,Plexium,WO2025101944,PGDB_AS000431,% Degradation,luminescence,standardized
PGDB_C010551,C=CC(=O)N1CC2(CCC2c2[nH]c3nnc(-c4ccccc4O)cc3c2C)C1,SMARCA4,,500.0,>=,0,HeLa,Plexium,WO2025101944,PGDB_AS000431,% Degradation,luminescence,standardized
PGDB_C010570,C=CC(=O)N1CC2(CCC2c2[nH]c3nnc(-c4ccccc4O)cc3c2C2CCOC2)C1,SMARCA4,,500.0,>=,0,HeLa,Plexium,WO2025101944,PGDB_AS000431,% Degradation,luminescence,standardized
PGDB_C010513,C=CC(=O)N1CC2(CCC2c2[nH]c3nnc(-c4ccccc4O)cc3c2Cl)C1,SMARCA2,,500.0,>=,0,HeLa,Plexium,WO2025101944,PGDB_AS000900,% Degradation,luminescence,standardized
PGDB_C010513,C=CC(=O)N1CC2(CCC2c2[nH]c3nnc(-c4ccccc4O)cc3c2Cl)C1,SMARCA4,,500.0,>=,0,HeLa,Plexium,WO2025101944,PGDB_AS000431,% Degradation,luminescence,standardized
PGDB_C010234,C=CC(=O)N1CC2(CCC2c2cc3cc(-c4ccccc4O)nnc3[nH]2)C1,SMARCA4,,500.0,>=,0,HeLa,Plexium,WO2025101944,PGDB_AS000431,% Degradation,luminescence,standardized
PGDB_C010701,C=CC(=O)N1CC2(CCCC2c2[nH]c3nnc(-c4cc(F)cc(F)c4O)cc3c2C)C1,SMARCA4,,5000.0,>,0,HeLa,Plexium,WO2025101944,PGDB_AS000431,% Degradation,luminescence,standardized
PGDB_C010699,C=CC(=O)N1CC2(CCCC2c2[nH]c3nnc(-c4cccc(F)c4O)cc3c2C)C1,SMARCA4,,500.0,>=,0,HeLa,Plexium,WO2025101944,PGDB_AS000431,% Degradation,luminescence,standardized
PGDB_C010740,C=CC(=O)N1CC2(CCCC2c2[nH]c3nnc(-c4ccccc4O)cc3c2C)C1,SMARCA4,,500.0,>=,0,HeLa,Plexium,WO2025101944,PGDB_AS000431,% Degradation,luminescence,standardized
PGDB_C010582,C=CC(=O)N1CC2(CCCC2c2cc3cc(-c4ccccc4O)nnc3[nH]2)C1,SMARCA2,,500.0,>=,0,HeLa,Plexium,WO2025101944,PGDB_AS000900,% Degradation,luminescence,standardized
PGDB_C010582,C=CC(=O)N1CC2(CCCC2c2cc3cc(-c4ccccc4O)nnc3[nH]2)C1,SMARCA4,,500.0,>=,0,HeLa,Plexium,WO2025101944,PGDB_AS000431,% Degradation,luminescence,standardized
PGDB_C010580,C=CC(=O)N1CC2(CN(Cc3cc4cc(-c5ccccc5O)nnc4[nH]3)C2)C1,SMARCA2,,500.0,>=,0,HeLa,Plexium,WO2025101944,PGDB_AS000900,% Degradation,luminescence,standardized
PGDB_C010580,C=CC(=O)N1CC2(CN(Cc3cc4cc(-c5ccccc5O)nnc4[nH]3)C2)C1,SMARCA4,,5000.0,>,0,HeLa,Plexium,WO2025101944,PGDB_AS000431,% Degradation,luminescence,standardized
PGDB_C010633,C=CC(=O)N1CC2(Cc3cc4cc(-c5ccccc5O)nnc4[nH]3)CCC1C2,SMARCA2,,500.0,>=,0,HeLa,Plexium,WO2025101944,PGDB_AS000900,% Degradation,luminescence,standardized
PGDB_C010633,C=CC(=O)N1CC2(Cc3cc4cc(-c5ccccc5O)nnc4[nH]3)CCC1C2,SMARCA4,,5000.0,>,0,HeLa,Plexium,WO2025101944,PGDB_AS000431,% Degradation,luminescence,standardized
PGDB_C010236,C=CC(=O)N1CC2(c3[nH]c4nnc(-c5ccccc5O)cc4c3Br)CC1C2,SMARCA4,,500.0,>=,0,HeLa,Plexium,WO2025101944,PGDB_AS000431,% Degradation,luminescence,standardized
PGDB_C010285,C=CC(=O)N1CC2(c3cc4cc(-c5ccccc5O)nnc4[nH]3)CC1C2,SMARCA2,,500.0,>=,0,HeLa,Plexium,WO2025101944,PGDB_AS000900,% Degradation,luminescence,standardized
PGDB_C010285,C=CC(=O)N1CC2(c3cc4cc(-c5ccccc5O)nnc4[nH]3)CC1C2,SMARCA4,,500.0,>=,0,HeLa,Plexium,WO2025101944,PGDB_AS000431,% Degradation,luminescence,standardized
PGDB_C010438,C=CC(=O)N1CC2(c3cc4cc(-c5ccccc5O)nnc4[nH]3)CCC1C2,SMARCA2,,500.0,>=,0,HeLa,Plexium,WO2025101944,PGDB_AS000900,% Degradation,luminescence,standardized
PGDB_C010438,C=CC(=O)N1CC2(c3cc4cc(-c5ccccc5O)nnc4[nH]3)CCC1C2,SMARCA4,,500.0,>=,0,HeLa,Plexium,WO2025101944,PGDB_AS000431,% Degradation,luminescence,standardized
PGDB_C010332,C=CC(=O)N1CC2CC(C1)C2c1cc2cc(-c3ccccc3O)nnc2[nH]1,SMARCA2,,500.0,>=,0,HeLa,Plexium,WO2025101944,PGDB_AS000900,% Degradation,luminescence,standardized
PGDB_C010332,C=CC(=O)N1CC2CC(C1)C2c1cc2cc(-c3ccccc3O)nnc2[nH]1,SMARCA4,,500.0,>=,0,HeLa,Plexium,WO2025101944,PGDB_AS000431,% Degradation,luminescence,standardized
PGDB_C010308,C=CC(=O)N1CC2CC(c3cc4cc(-c5ccccc5O)nnc4[nH]3)C1C2,SMARCA4,,500.0,>=,0,HeLa,Plexium,WO2025101944,PGDB_AS000431,% Degradation,luminescence,standardized
PGDB_C010408,C=CC(=O)N1CC2CC(c3cc4cc(-c5ccccc5O)nnc4[nH]3)CC2C1,SMARCA4,,5000.0,>,0,HeLa,Plexium,WO2025101944,PGDB_AS000431,% Degradation,luminescence,standardized
PGDB_C010537,C=CC(=O)N1CC2CC1(c1cc3cc(-c4ccccc4O)nnc3[nH]1)CO2,SMARCA4,,500.0,>=,0,HeLa,Plexium,WO2025101944,PGDB_AS000431,% Degradation,luminescence,standardized
PGDB_C010671,C=CC(=O)N1CC2CC1CC2c1cc2cc(-c3ccccc3O)nnc2[nH]1,SMARCA2,,500.0,>=,0,HeLa,Plexium,WO2025101944,PGDB_AS000900,% Degradation,luminescence,standardized
PGDB_C010671,C=CC(=O)N1CC2CC1CC2c1cc2cc(-c3ccccc3O)nnc2[nH]1,SMARCA4,,5000.0,>,0,HeLa,Plexium,WO2025101944,PGDB_AS000431,% Degradation,luminescence,standardized
PGDB_C010594,C=CC(=O)N1CC2CCC(C1)N2Cc1cc2cc(-c3ccccc3O)nnc2[nH]1,SMARCA4,,500.0,>=,0,HeLa,Plexium,WO2025101944,PGDB_AS000431,% Degradation,luminescence,standardized
PGDB_C010653,C=CC(=O)N1CC2CCC(c3[nH]c4nnc(-c5ccccc5O)cc4c3C3CCOC3)C21,SMARCA2,,500.0,>=,0,HeLa,Plexium,WO2025101944,PGDB_AS000900,% Degradation,luminescence,standardized
PGDB_C010653,C=CC(=O)N1CC2CCC(c3[nH]c4nnc(-c5ccccc5O)cc4c3C3CCOC3)C21,SMARCA4,,500.0,>=,0,HeLa,Plexium,WO2025101944,PGDB_AS000431,% Degradation,luminescence,standardized
PGDB_C010508,C=CC(=O)N1CC2CCC(c3cc4cc(-c5ccccc5O)nnc4[nH]3)C21,SMARCA4,,500.0,>=,0,HeLa,Plexium,WO2025101944,PGDB_AS000431,% Degradation,luminescence,standardized
PGDB_C010776,C=CC(=O)N1CC2CCCC2(Cc2cc3cc(-c4ccccc4O)nnc3[nH]2)C1,SMARCA2,,500.0,>=,0,HeLa,Plexium,WO2025101944,PGDB_AS000900,% Degradation,luminescence,standardized
PGDB_C010776,C=CC(=O)N1CC2CCCC2(Cc2cc3cc(-c4ccccc4O)nnc3[nH]2)C1,SMARCA4,,5000.0,>,0,HeLa,Plexium,WO2025101944,PGDB_AS000431,% Degradation,luminescence,standardized
PGDB_C010593,C=CC(=O)N1CC2CN(Cc3cc4cc(-c5ccccc5O)nnc4[nH]3)CC2C1,SMARCA4,,500.0,>=,0,HeLa,Plexium,WO2025101944,PGDB_AS000431,% Degradation,luminescence,standardized
PGDB_C010446,C=CC(=O)N1CCC(C)(c2[nH]c3nnc(-c4ccccc4O)cc3c2-c2ccccc2)C1,SMARCA2,,500.0,>=,0,HeLa,Plexium,WO2025101944,PGDB_AS000900,% Degradation,luminescence,standardized
PGDB_C010446,C=CC(=O)N1CCC(C)(c2[nH]c3nnc(-c4ccccc4O)cc3c2-c2ccccc2)C1,SMARCA4,,500.0,>=,0,HeLa,Plexium,WO2025101944,PGDB_AS000431,% Degradation,luminescence,standardized
PGDB_C010556,C=CC(=O)N1CCC(C)(c2[nH]c3nnc(-c4ccccc4O)cc3c2C2CCOC2)C1,SMARCA2,,500.0,>=,0,HeLa,Plexium,WO2025101944,PGDB_AS000900,% Degradation,luminescence,standardized
PGDB_C010556,C=CC(=O)N1CCC(C)(c2[nH]c3nnc(-c4ccccc4O)cc3c2C2CCOC2)C1,SMARCA4,,500.0,>=,0,HeLa,Plexium,WO2025101944,PGDB_AS000431,% Degradation,luminescence,standardized
PGDB_C010251,C=CC(=O)N1CCC(C)(c2[nH]c3nnc(-c4ccccc4O)cc3c2Cl)C1,SMARCA2,,500.0,>=,0,HeLa,Plexium,WO2025101944,PGDB_AS000900,% Degradation,luminescence,standardized
PGDB_C010251,C=CC(=O)N1CCC(C)(c2[nH]c3nnc(-c4ccccc4O)cc3c2Cl)C1,SMARCA4,,500.0,>=,0,HeLa,Plexium,WO2025101944,PGDB_AS000431,% Degradation,luminescence,standardized
PGDB_C010322,C=CC(=O)N1CCC(C)(c2cc3cc(-c4ccccc4O)nnc3[nH]2)C1,SMARCA2,,500.0,>=,0,HeLa,Plexium,WO2025101944,PGDB_AS000900,% Degradation,luminescence,standardized
PGDB_C010322,C=CC(=O)N1CCC(C)(c2cc3cc(-c4ccccc4O)nnc3[nH]2)C1,SMARCA4,,500.0,>=,0,HeLa,Plexium,WO2025101944,PGDB_AS000431,% Degradation,luminescence,standardized
PGDB_C010397,C=CC(=O)N1CCC(C)(c2cc3cc(-c4ccccc4O)nnc3[nH]2)CC1,SMARCA4,,5000.0,>,0,HeLa,Plexium,WO2025101944,PGDB_AS000431,% Degradation,luminescence,standardized
PGDB_C010281,C=CC(=O)N1CCC(F)(F)CC1c1cc2cc(-c3ccccc3O)nnc2[nH]1,SMARCA4,,500.0,>=,0,HeLa,Plexium,WO2025101944,PGDB_AS000431,% Degradation,luminescence,standardized
PGDB_C010239,C=CC(=O)N1CCC(F)(c2[nH]c3nnc(-c4ccccc4O)cc3c2Br)C1,SMARCA2,,500.0,>=,0,HeLa,Plexium,WO2025101944,PGDB_AS000900,% Degradation,luminescence,standardized
PGDB_C010239,C=CC(=O)N1CCC(F)(c2[nH]c3nnc(-c4ccccc4O)cc3c2Br)C1,SMARCA4,,500.0,>=,0,HeLa,Plexium,WO2025101944,PGDB_AS000431,% Degradation,luminescence,standardized
PGDB_C010288,C=CC(=O)N1CCC(F)(c2cc3cc(-c4ccccc4O)nnc3[nH]2)C1,SMARCA2,,500.0,>=,0,HeLa,Plexium,WO2025101944,PGDB_AS000900,% Degradation,luminescence,standardized
PGDB_C010288,C=CC(=O)N1CCC(F)(c2cc3cc(-c4ccccc4O)nnc3[nH]2)C1,SMARCA4,,500.0,>=,0,HeLa,Plexium,WO2025101944,PGDB_AS000431,% Degradation,luminescence,standardized
PGDB_C010300,C=CC(=O)N1CCC(O)(c2cc3cc(-c4ccccc4O)nnc3[nH]2)C1,SMARCA2,,500.0,>=,0,HeLa,Plexium,WO2025101944,PGDB_AS000900,% Degradation,luminescence,standardized
PGDB_C010300,C=CC(=O)N1CCC(O)(c2cc3cc(-c4ccccc4O)nnc3[nH]2)C1,SMARCA4,,5000.0,>,0,HeLa,Plexium,WO2025101944,PGDB_AS000431,% Degradation,luminescence,standardized
PGDB_C010618,C=CC(=O)N1CCC(c2[nH]c3nnc(-c4ccccc4O)cc3c2C2COC3(CCC3)C2)C1,SMARCA4,,500.0,>=,0,HeLa,Plexium,WO2025101944,PGDB_AS000431,% Degradation,luminescence,standardized
PGDB_C010797,C=CC(=O)N1CCC(c2[nH]c3nnc(-c4ccccc4O)cc3c2C2COCC2C)C1,SMARCA2,,5000.0,>,0,HeLa,Plexium,WO2025101944,PGDB_AS000900,% Degradation,luminescence,standardized
PGDB_C010797,C=CC(=O)N1CCC(c2[nH]c3nnc(-c4ccccc4O)cc3c2C2COCC2C)C1,SMARCA4,,5000.0,>,0,HeLa,Plexium,WO2025101944,PGDB_AS000431,% Degradation,luminescence,standardized
PGDB_C010444,C=CC(=O)N1CCC(c2[nH]c3nnc(-c4ccccc4O)cc3c2[C@H]2CCOC2)C1,SMARCA2,,500.0,>=,0,HeLa,Plexium,WO2025101944,PGDB_AS000900,% Degradation,luminescence,standardized
PGDB_C010444,C=CC(=O)N1CCC(c2[nH]c3nnc(-c4ccccc4O)cc3c2[C@H]2CCOC2)C1,SMARCA4,,5000.0,>,0,HeLa,Plexium,WO2025101944,PGDB_AS000431,% Degradation,luminescence,standardized
PGDB_C010435,C=CC(=O)N1CCC(c2cc3cc(-c4ccccc4O)nnc3[nH]2)C1,SMARCA2,,500.0,>=,0,HeLa,Plexium,WO2025101944,PGDB_AS000900,% Degradation,luminescence,standardized
PGDB_C010435,C=CC(=O)N1CCC(c2cc3cc(-c4ccccc4O)nnc3[nH]2)C1,SMARCA4,,500.0,>=,0,HeLa,Plexium,WO2025101944,PGDB_AS000431,% Degradation,luminescence,standardized
PGDB_C010207,C=CC(=O)N1CCC(c2cc3cc(-c4ccccc4O)nnc3[nH]2)[C@@H]1C,SMARCA2,,500.0,>=,0,HeLa,Plexium,WO2025101944,PGDB_AS000900,% Degradation,luminescence,standardized
PGDB_C010207,C=CC(=O)N1CCC(c2cc3cc(-c4ccccc4O)nnc3[nH]2)[C@@H]1C,SMARCA4,,5000.0,>,0,HeLa,Plexium,WO2025101944,PGDB_AS000431,% Degradation,luminescence,standardized
PGDB_C010317,C=CC(=O)N1CCC(c2cc3cc(-c4ccccc4O)nnc3[nH]2)[C@H]1C,SMARCA2,,500.0,>=,0,HeLa,Plexium,WO2025101944,PGDB_AS000900,% Degradation,luminescence,standardized
PGDB_C010317,C=CC(=O)N1CCC(c2cc3cc(-c4ccccc4O)nnc3[nH]2)[C@H]1C,SMARCA4,,500.0,>=,0,HeLa,Plexium,WO2025101944,PGDB_AS000431,% Degradation,luminescence,standardized
PGDB_C010342,C=CC(=O)N1CCC12CC(c1cc3cc(-c4ccccc4O)nnc3[nH]1)C2,SMARCA2,,500.0,>=,0,HeLa,Plexium,WO2025101944,PGDB_AS000900,% Degradation,luminescence,standardized
PGDB_C010342,C=CC(=O)N1CCC12CC(c1cc3cc(-c4ccccc4O)nnc3[nH]1)C2,SMARCA4,,500.0,>=,0,HeLa,Plexium,WO2025101944,PGDB_AS000431,% Degradation,luminescence,standardized
PGDB_C010626,C=CC(=O)N1CCC1C#Cc1cc2cc(-c3ccccc3O)nnc2[nH]1,SMARCA2,,500.0,>=,0,HeLa,Plexium,WO2025101944,PGDB_AS000900,% Degradation,luminescence,standardized
PGDB_C010626,C=CC(=O)N1CCC1C#Cc1cc2cc(-c3ccccc3O)nnc2[nH]1,SMARCA4,,500.0,>=,0,HeLa,Plexium,WO2025101944,PGDB_AS000431,% Degradation,luminescence,standardized
PGDB_C010520,C=CC(=O)N1CCC1Cc1[nH]c2nnc(-c3ccccc3O)cc2c1C,SMARCA2,,500.0,>=,0,HeLa,Plexium,WO2025101944,PGDB_AS000900,% Degradation,luminescence,standardized
PGDB_C010520,C=CC(=O)N1CCC1Cc1[nH]c2nnc(-c3ccccc3O)cc2c1C,SMARCA4,,500.0,>=,0,HeLa,Plexium,WO2025101944,PGDB_AS000431,% Degradation,luminescence,standardized
PGDB_C010540,C=CC(=O)N1CCC1Cc1[nH]c2nnc(-c3ccccc3O)cc2c1C(C)C,SMARCA2,,500.0,>=,0,HeLa,Plexium,WO2025101944,PGDB_AS000900,% Degradation,luminescence,standardized
PGDB_C010540,C=CC(=O)N1CCC1Cc1[nH]c2nnc(-c3ccccc3O)cc2c1C(C)C,SMARCA4,,500.0,>=,0,HeLa,Plexium,WO2025101944,PGDB_AS000431,% Degradation,luminescence,standardized
PGDB_C010496,C=CC(=O)N1CCC1Cc1[nH]c2nnc(-c3ccccc3O)cc2c1C1CC1,SMARCA2,,500.0,>=,0,HeLa,Plexium,WO2025101944,PGDB_AS000900,% Degradation,luminescence,standardized
PGDB_C010496,C=CC(=O)N1CCC1Cc1[nH]c2nnc(-c3ccccc3O)cc2c1C1CC1,SMARCA4,,500.0,>=,0,HeLa,Plexium,WO2025101944,PGDB_AS000431,% Degradation,luminescence,standardized
PGDB_C010267,C=CC(=O)N1CCC1Cc1cc2cc(-c3ccccc3O)nnc2[nH]1,SMARCA2,,500.0,>=,0,HeLa,Plexium,WO2025101944,PGDB_AS000900,% Degradation,luminescence,standardized
PGDB_C010267,C=CC(=O)N1CCC1Cc1cc2cc(-c3ccccc3O)nnc2[nH]1,SMARCA4,,500.0,>=,0,HeLa,Plexium,WO2025101944,PGDB_AS000431,% Degradation,luminescence,standardized
PGDB_C010504,C=CC(=O)N1CCC2(CC(c3cc4cc(-c5ccccc5O)nnc4[nH]3)CO2)C1,SMARCA2,,500.0,>=,0,HeLa,Plexium,WO2025101944,PGDB_AS000900,% Degradation,luminescence,standardized
PGDB_C010504,C=CC(=O)N1CCC2(CC(c3cc4cc(-c5ccccc5O)nnc4[nH]3)CO2)C1,SMARCA4,,5000.0,>,0,HeLa,Plexium,WO2025101944,PGDB_AS000431,% Degradation,luminescence,standardized
PGDB_C010766,C=CC(=O)N1CCC2(CC1)CC(c1[nH]c3nnc(-c4ccccc4O)cc3c1C)CO2,SMARCA4,,5000.0,>,0,HeLa,Plexium,WO2025101944,PGDB_AS000431,% Degradation,luminescence,standardized
PGDB_C010387,C=CC(=O)N1CCC2(CC1)CC(c1cc3cc(-c4ccccc4O)nnc3[nH]1)C2,SMARCA2,,500.0,>=,0,HeLa,Plexium,WO2025101944,PGDB_AS000900,% Degradation,luminescence,standardized
PGDB_C010387,C=CC(=O)N1CCC2(CC1)CC(c1cc3cc(-c4ccccc4O)nnc3[nH]1)C2,SMARCA4,,5000.0,>,0,HeLa,Plexium,WO2025101944,PGDB_AS000431,% Degradation,luminescence,standardized
PGDB_C010441,C=CC(=O)N1CCC2(CC1)CC(c1cc3cc(-c4ccccc4O)nnc3[nH]1)CO2,SMARCA4,,500.0,>=,0,HeLa,Plexium,WO2025101944,PGDB_AS000431,% Degradation,luminescence,standardized
PGDB_C010302,C=CC(=O)N1CCC2(CC2)CC1c1cc2cc(-c3ccccc3O)nnc2[nH]1,SMARCA4,,500.0,>=,0,HeLa,Plexium,WO2025101944,PGDB_AS000431,% Degradation,luminescence,standardized
PGDB_C010592,C=CC(=O)N1CCC2(CCC2c2cc3cc(-c4ccccc4O)nnc3[nH]2)C1,SMARCA2,,500.0,>=,0,HeLa,Plexium,WO2025101944,PGDB_AS000900,% Degradation,luminescence,standardized
PGDB_C010592,C=CC(=O)N1CCC2(CCC2c2cc3cc(-c4ccccc4O)nnc3[nH]2)C1,SMARCA4,,500.0,>=,0,HeLa,Plexium,WO2025101944,PGDB_AS000431,% Degradation,luminescence,standardized
PGDB_C010709,C=CC(=O)N1CCC2CCC(c3cc4cc(-c5ccccc5O)nnc4[nH]3)C21,SMARCA2,,500.0,>=,0,HeLa,Plexium,WO2025101944,PGDB_AS000900,% Degradation,luminescence,standardized
PGDB_C010709,C=CC(=O)N1CCC2CCC(c3cc4cc(-c5ccccc5O)nnc4[nH]3)C21,SMARCA4,,5000.0,>,0,HeLa,Plexium,WO2025101944,PGDB_AS000431,% Degradation,luminescence,standardized
PGDB_C010542,C=CC(=O)N1CCCC(C)(c2cc3cc(-c4ccccc4O)nnc3[nH]2)C1,SMARCA2,,500.0,>=,0,HeLa,Plexium,WO2025101944,PGDB_AS000900,% Degradation,luminescence,standardized
PGDB_C010542,C=CC(=O)N1CCCC(C)(c2cc3cc(-c4ccccc4O)nnc3[nH]2)C1,SMARCA4,,5000.0,>,0,HeLa,Plexium,WO2025101944,PGDB_AS000431,% Degradation,luminescence,standardized
PGDB_C010370,C=CC(=O)N1CCCC(c2cc3cc(-c4ccccc4O)nnc3[nH]2)C1,SMARCA2,,500.0,>=,0,HeLa,Plexium,WO2025101944,PGDB_AS000900,% Degradation,luminescence,standardized
PGDB_C010370,C=CC(=O)N1CCCC(c2cc3cc(-c4ccccc4O)nnc3[nH]2)C1,SMARCA4,,500.0,>=,0,HeLa,Plexium,WO2025101944,PGDB_AS000431,% Degradation,luminescence,standardized
PGDB_C010266,C=CC(=O)N1CCCC1(C)c1cc2cc(-c3ccccc3O)nnc2[nH]1,SMARCA2,,500.0,>=,0,HeLa,Plexium,WO2025101944,PGDB_AS000900,% Degradation,luminescence,standardized
PGDB_C010266,C=CC(=O)N1CCCC1(C)c1cc2cc(-c3ccccc3O)nnc2[nH]1,SMARCA4,,5000.0,>,0,HeLa,Plexium,WO2025101944,PGDB_AS000431,% Degradation,luminescence,standardized
PGDB_C010294,C=CC(=O)N1CCCC12CC(c1cc3cc(-c4ccccc4O)nnc3[nH]1)C2,SMARCA2,,500.0,>=,0,HeLa,Plexium,WO2025101944,PGDB_AS000900,% Degradation,luminescence,standardized
PGDB_C010294,C=CC(=O)N1CCCC12CC(c1cc3cc(-c4ccccc4O)nnc3[nH]1)C2,SMARCA4,,500.0,>=,0,HeLa,Plexium,WO2025101944,PGDB_AS000431,% Degradation,luminescence,standardized
PGDB_C010229,C=CC(=O)N1CCCC12CCC(c1cc3cc(-c4ccccc4O)nnc3[nH]1)C2,SMARCA2,,500.0,>=,0,HeLa,Plexium,WO2025101944,PGDB_AS000900,% Degradation,luminescence,standardized
PGDB_C010229,C=CC(=O)N1CCCC12CCC(c1cc3cc(-c4ccccc4O)nnc3[nH]1)C2,SMARCA4,,500.0,>=,0,HeLa,Plexium,WO2025101944,PGDB_AS000431,% Degradation,luminescence,standardized
PGDB_C010398,C=CC(=O)N1CCCC1c1cc2cc(-c3ccccc3O)nnc2[nH]1,SMARCA2,,500.0,>=,0,HeLa,Plexium,WO2025101944,PGDB_AS000900,% Degradation,luminescence,standardized
PGDB_C010398,C=CC(=O)N1CCCC1c1cc2cc(-c3ccccc3O)nnc2[nH]1,SMARCA4,,5000.0,>,0,HeLa,Plexium,WO2025101944,PGDB_AS000431,% Degradation,luminescence,standardized
PGDB_C010418,C=CC(=O)N1CCCCC(c2[nH]c3nnc(-c4ccccc4O)cc3c2C)C1,SMARCA4,,500.0,>=,0,HeLa,Plexium,WO2025101944,PGDB_AS000431,% Degradation,luminescence,standardized
PGDB_C010331,C=CC(=O)N1CCCCC1c1[nH]c2nnc(-c3ccccc3O)cc2c1-c1ccccc1,SMARCA2,,500.0,>=,0,HeLa,Plexium,WO2025101944,PGDB_AS000900,% Degradation,luminescence,standardized
PGDB_C010331,C=CC(=O)N1CCCCC1c1[nH]c2nnc(-c3ccccc3O)cc2c1-c1ccccc1,SMARCA4,,5000.0,>,0,HeLa,Plexium,WO2025101944,PGDB_AS000431,% Degradation,luminescence,standardized
PGDB_C010579,C=CC(=O)N1CCCCC1c1cc2cc(-c3cccc(F)c3O)nnc2[nH]1,SMARCA2,,500.0,>=,0,HeLa,Plexium,WO2025101944,PGDB_AS000900,% Degradation,luminescence,standardized
PGDB_C010579,C=CC(=O)N1CCCCC1c1cc2cc(-c3cccc(F)c3O)nnc2[nH]1,SMARCA4,,500.0,>=,0,HeLa,Plexium,WO2025101944,PGDB_AS000431,% Degradation,luminescence,standardized
PGDB_C010389,C=CC(=O)N1CCCCC1c1cc2cc(-c3ccccc3O)nnc2[nH]1,SMARCA2,,500.0,>=,0,HeLa,Plexium,WO2025101944,PGDB_AS000900,% Degradation,luminescence,standardized
PGDB_C010389,C=CC(=O)N1CCCCC1c1cc2cc(-c3ccccc3O)nnc2[nH]1,SMARCA4,,500.0,>=,0,HeLa,Plexium,WO2025101944,PGDB_AS000431,% Degradation,luminescence,standardized
PGDB_C010376,C=CC(=O)N1CCC[C@@H]1Cc1cc2cc(-c3ccccc3O)nnc2[nH]1,SMARCA2,,500.0,>=,0,HeLa,Plexium,WO2025101944,PGDB_AS000900,% Degradation,luminescence,standardized
PGDB_C010376,C=CC(=O)N1CCC[C@@H]1Cc1cc2cc(-c3ccccc3O)nnc2[nH]1,SMARCA4,,5000.0,>,0,HeLa,Plexium,WO2025101944,PGDB_AS000431,% Degradation,luminescence,standardized
PGDB_C010392,C=CC(=O)N1CCC[C@H]1Cc1cc2cc(-c3ccccc3O)nnc2[nH]1,SMARCA2,,500.0,>=,0,HeLa,Plexium,WO2025101944,PGDB_AS000900,% Degradation,luminescence,standardized
PGDB_C010392,C=CC(=O)N1CCC[C@H]1Cc1cc2cc(-c3ccccc3O)nnc2[nH]1,SMARCA4,,500.0,>=,0,HeLa,Plexium,WO2025101944,PGDB_AS000431,% Degradation,luminescence,standardized
PGDB_C010488,C=CC(=O)N1CCC[C@]12CCC(c1cc3cc(-c4ccccc4O)nnc3[nH]1)C2,SMARCA2,,500.0,>=,0,HeLa,Plexium,WO2025101944,PGDB_AS000900,% Degradation,luminescence,standardized
PGDB_C010488,C=CC(=O)N1CCC[C@]12CCC(c1cc3cc(-c4ccccc4O)nnc3[nH]1)C2,SMARCA4,,500.0,>=,0,HeLa,Plexium,WO2025101944,PGDB_AS000431,% Degradation,luminescence,standardized
PGDB_C010304,C=CC(=O)N1CCCc2c(-c3cc4cc(-c5ccccc5O)nnc4[nH]3)cccc21,SMARCA2,,500.0,>=,0,HeLa,Plexium,WO2025101944,PGDB_AS000900,% Degradation,luminescence,standardized
PGDB_C010304,C=CC(=O)N1CCCc2c(-c3cc4cc(-c5ccccc5O)nnc4[nH]3)cccc21,SMARCA4,,500.0,>=,0,HeLa,Plexium,WO2025101944,PGDB_AS000431,% Degradation,luminescence,standardized
PGDB_C010433,C=CC(=O)N1CCN(C(=O)c2cc3cc(-c4ccccc4O)nnc3[nH]2)CC1,SMARCA2,,500.0,>=,0,HeLa,Plexium,WO2025101944,PGDB_AS000900,% Degradation,luminescence,standardized
PGDB_C010433,C=CC(=O)N1CCN(C(=O)c2cc3cc(-c4ccccc4O)nnc3[nH]2)CC1,SMARCA4,,5000.0,>,0,HeLa,Plexium,WO2025101944,PGDB_AS000431,% Degradation,luminescence,standardized
PGDB_C010768,C=CC(=O)N1CCN(C)C(c2cc3cc(-c4ccccc4O)nnc3[nH]2)C1,SMARCA4,,500.0,>=,0,HeLa,Plexium,WO2025101944,PGDB_AS000431,% Degradation,luminescence,standardized
PGDB_C010429,C=CC(=O)N1CCN(Cc2cc3cc(-c4ccccc4O)nnc3[nH]2)CC1,SMARCA2,,500.0,>=,0,HeLa,Plexium,WO2025101944,PGDB_AS000900,% Degradation,luminescence,standardized
PGDB_C010429,C=CC(=O)N1CCN(Cc2cc3cc(-c4ccccc4O)nnc3[nH]2)CC1,SMARCA4,,5000.0,>,0,HeLa,Plexium,WO2025101944,PGDB_AS000431,% Degradation,luminescence,standardized
PGDB_C010460,C=CC(=O)N1CCN(Cc2cc3cc(-c4ccccc4O)nnc3[nH]2)CC1CC#N,SMARCA4,,500.0,>=,0,HeLa,Plexium,WO2025101944,PGDB_AS000431,% Degradation,luminescence,standardized
PGDB_C010565,C=CC(=O)N1CCN(Cc2cc3cc(-c4ccccc4O)nnc3[nH]2)C[C@@H]1C,SMARCA4,,5000.0,>,0,HeLa,Plexium,WO2025101944,PGDB_AS000431,% Degradation,luminescence,standardized
PGDB_C010459,C=CC(=O)N1CCN(Cc2cc3cc(-c4ccccc4O)nnc3[nH]2)C[C@@H]1CC#N,SMARCA4,,500.0,>=,0,HeLa,Plexium,WO2025101944,PGDB_AS000431,% Degradation,luminescence,standardized
PGDB_C010566,C=CC(=O)N1CCN(Cc2cc3cc(-c4ccccc4O)nnc3[nH]2)C[C@H]1C,SMARCA4,,500.0,>=,0,HeLa,Plexium,WO2025101944,PGDB_AS000431,% Degradation,luminescence,standardized
PGDB_C010290,C=CC(=O)N1CCOC(c2cc3cc(-c4ccccc4O)nnc3[nH]2)C1,SMARCA2,,500.0,>=,0,HeLa,Plexium,WO2025101944,PGDB_AS000900,% Degradation,luminescence,standardized
PGDB_C010290,C=CC(=O)N1CCOC(c2cc3cc(-c4ccccc4O)nnc3[nH]2)C1,SMARCA4,,500.0,>=,0,HeLa,Plexium,WO2025101944,PGDB_AS000431,% Degradation,luminescence,standardized
PGDB_C010260,C=CC(=O)N1CCOCC1(C)c1cc2cc(-c3ccccc3O)nnc2[nH]1,SMARCA4,,5000.0,>,0,HeLa,Plexium,WO2025101944,PGDB_AS000431,% Degradation,luminescence,standardized
PGDB_C010277,C=CC(=O)N1CCOCC1c1[nH]c2nnc(-c3ccccc3O)cc2c1Cl,SMARCA4,,500.0,>=,0,HeLa,Plexium,WO2025101944,PGDB_AS000431,% Degradation,luminescence,standardized
PGDB_C010491,C=CC(=O)N1CCOC[C@@H]1Cc1cc2cc(-c3ccccc3O)nnc2[nH]1,SMARCA2,,500.0,>=,0,HeLa,Plexium,WO2025101944,PGDB_AS000900,% Degradation,luminescence,standardized
PGDB_C010491,C=CC(=O)N1CCOC[C@@H]1Cc1cc2cc(-c3ccccc3O)nnc2[nH]1,SMARCA4,,5000.0,>,0,HeLa,Plexium,WO2025101944,PGDB_AS000431,% Degradation,luminescence,standardized
PGDB_C010492,C=CC(=O)N1CCOC[C@H]1Cc1cc2cc(-c3ccccc3O)nnc2[nH]1,SMARCA4,,5000.0,>,0,HeLa,Plexium,WO2025101944,PGDB_AS000431,% Degradation,luminescence,standardized
PGDB_C010480,C=CC(=O)N1CCO[C@H](C)C1c1cc2cc(-c3ccccc3O)nnc2[nH]1,SMARCA4,,500.0,>=,0,HeLa,Plexium,WO2025101944,PGDB_AS000431,% Degradation,luminescence,standardized
PGDB_C010468,C=CC(=O)N1CC[C@@H](F)C(c2cc3cc(-c4ccccc4O)nnc3[nH]2)C1,SMARCA4,,500.0,>=,0,HeLa,Plexium,WO2025101944,PGDB_AS000431,% Degradation,luminescence,standardized
PGDB_C010238,C=CC(=O)N1CC[C@@H](c2[nH]c3nnc(-c4ccccc4O)cc3c2-c2cc[nH]n2)C1,SMARCA2,,500.0,>=,0,HeLa,Plexium,WO2025101944,PGDB_AS000900,% Degradation,luminescence,standardized
PGDB_C010238,C=CC(=O)N1CC[C@@H](c2[nH]c3nnc(-c4ccccc4O)cc3c2-c2cc[nH]n2)C1,SMARCA4,,500.0,>=,0,HeLa,Plexium,WO2025101944,PGDB_AS000431,% Degradation,luminescence,standardized
PGDB_C010476,C=CC(=O)N1CC[C@@H](c2[nH]c3nnc(-c4ccccc4O)cc3c2Br)C1,SMARCA4,,500.0,>=,0,HeLa,Plexium,WO2025101944,PGDB_AS000431,% Degradation,luminescence,standardized
PGDB_C010538,C=CC(=O)N1CC[C@@H](c2[nH]c3nnc(-c4ccccc4O)cc3c2C2CCCO2)C1,SMARCA4,,500.0,>=,0,HeLa,Plexium,WO2025101944,PGDB_AS000431,% Degradation,luminescence,standardized
PGDB_C010493,C=CC(=O)N1CC[C@@H](c2[nH]c3nnc(-c4ccccc4O)cc3c2CCOCC)C1,SMARCA2,,500.0,>=,0,HeLa,Plexium,WO2025101944,PGDB_AS000900,% Degradation,luminescence,standardized
PGDB_C010493,C=CC(=O)N1CC[C@@H](c2[nH]c3nnc(-c4ccccc4O)cc3c2CCOCC)C1,SMARCA4,,500.0,>=,0,HeLa,Plexium,WO2025101944,PGDB_AS000431,% Degradation,luminescence,standardized
PGDB_C010464,C=CC(=O)N1CC[C@@H](c2[nH]c3nnc(-c4ccccc4O)cc3c2I)C1,SMARCA4,,500.0,>=,0,HeLa,Plexium,WO2025101944,PGDB_AS000431,% Degradation,luminescence,standardized
PGDB_C010778,C=CC(=O)N1CC[C@@H](c2[nH]c3nnc(-c4ccccc4O)cc3c2[C@H]2COC[C@@H]2F)C1,SMARCA2,,500.0,>=,0,HeLa,Plexium,WO2025101944,PGDB_AS000900,% Degradation,luminescence,standardized
PGDB_C010778,C=CC(=O)N1CC[C@@H](c2[nH]c3nnc(-c4ccccc4O)cc3c2[C@H]2COC[C@@H]2F)C1,SMARCA4,,500.0,>=,0,HeLa,Plexium,WO2025101944,PGDB_AS000431,% Degradation,luminescence,standardized
PGDB_C010606,C=CC(=O)N1CC[C@@H](c2[nH]c3nnc(-c4ccccc4OCOP(=O)(O)O)cc3c2C)C1,SMARCA4,,500.0,>=,0,HeLa,Plexium,WO2025101944,PGDB_AS000431,% Degradation,luminescence,standardized
PGDB_C010430,C=CC(=O)N1CC[C@@H](c2cc3cc(-c4ccccc4O)nnc3[nH]2)C1,SMARCA2,,500.0,>=,0,HeLa,Plexium,WO2025101944,PGDB_AS000900,% Degradation,luminescence,standardized
PGDB_C010430,C=CC(=O)N1CC[C@@H](c2cc3cc(-c4ccccc4O)nnc3[nH]2)C1,SMARCA4,,500.0,>=,0,HeLa,Plexium,WO2025101944,PGDB_AS000431,% Degradation,luminescence,standardized
PGDB_C010211,C=CC(=O)N1CC[C@@H]1Cc1[nH]c2nnc(-c3ccccc3O)cc2c1Br,SMARCA2,,500.0,>=,0,HeLa,Plexium,WO2025101944,PGDB_AS000900,% Degradation,luminescence,standardized
PGDB_C010211,C=CC(=O)N1CC[C@@H]1Cc1[nH]c2nnc(-c3ccccc3O)cc2c1Br,SMARCA4,,5000.0,>,0,HeLa,Plexium,WO2025101944,PGDB_AS000431,% Degradation,luminescence,standardized
PGDB_C010262,C=CC(=O)N1CC[C@@H]1Cc1cc2cc(-c3ccccc3O)nnc2[nH]1,SMARCA4,,500.0,>=,0,HeLa,Plexium,WO2025101944,PGDB_AS000431,% Degradation,luminescence,standardized
PGDB_C010227,C=CC(=O)N1CC[C@@]2(CCCC2c2cc3cc(-c4ccccc4O)nnc3[nH]2)C1,SMARCA2,,500.0,>=,0,HeLa,Plexium,WO2025101944,PGDB_AS000900,% Degradation,luminescence,standardized
PGDB_C010227,C=CC(=O)N1CC[C@@]2(CCCC2c2cc3cc(-c4ccccc4O)nnc3[nH]2)C1,SMARCA4,,5000.0,>,0,HeLa,Plexium,WO2025101944,PGDB_AS000431,% Degradation,luminescence,standardized
PGDB_C010452,C=CC(=O)N1CC[C@H](C)C(c2cc3cc(-c4ccccc4O)nnc3[nH]2)C1,SMARCA2,,500.0,>=,0,HeLa,Plexium,WO2025101944,PGDB_AS000900,% Degradation,luminescence,standardized
PGDB_C010452,C=CC(=O)N1CC[C@H](C)C(c2cc3cc(-c4ccccc4O)nnc3[nH]2)C1,SMARCA4,,500.0,>=,0,HeLa,Plexium,WO2025101944,PGDB_AS000431,% Degradation,luminescence,standardized
PGDB_C010490,C=CC(=O)N1CC[C@H](F)C(c2cc3cc(-c4ccccc4O)nnc3[nH]2)C1,SMARCA4,,5000.0,>,0,HeLa,Plexium,WO2025101944,PGDB_AS000431,% Degradation,luminescence,standardized
PGDB_C010686,C=CC(=O)N1CC[C@H](N2CC(c3cc4cc(-c5ccccc5O)nnc4[nH]3)C2)C1,SMARCA2,,500.0,>=,0,HeLa,Plexium,WO2025101944,PGDB_AS000900,% Degradation,luminescence,standardized
PGDB_C010686,C=CC(=O)N1CC[C@H](N2CC(c3cc4cc(-c5ccccc5O)nnc4[nH]3)C2)C1,SMARCA4,,5000.0,>,0,HeLa,Plexium,WO2025101944,PGDB_AS000431,% Degradation,luminescence,standardized
PGDB_C010378,C=CC(=O)N1CC[C@H](c2[nH]c3nnc(-c4ccccc4O)cc3c2-c2ccccc2)C1,SMARCA4,,500.0,>=,0,HeLa,Plexium,WO2025101944,PGDB_AS000431,% Degradation,luminescence,standardized
PGDB_C010374,C=CC(=O)N1CC[C@H](c2[nH]c3nnc(-c4ccccc4O)cc3c2C)C1,SMARCA4,,500.0,>=,0,HeLa,Plexium,WO2025101944,PGDB_AS000431,% Degradation,luminescence,standardized
PGDB_C010523,C=CC(=O)N1CC[C@H](c2[nH]c3nnc(-c4ccccc4O)cc3c2Cl)C[C@@H]1C,SMARCA4,,500.0,>=,0,HeLa,Plexium,WO2025101944,PGDB_AS000431,% Degradation,luminescence,standardized
PGDB_C010431,C=CC(=O)N1CC[C@H](c2cc3cc(-c4ccccc4O)nnc3[nH]2)C1,SMARCA2,,500.0,>=,0,HeLa,Plexium,WO2025101944,PGDB_AS000900,% Degradation,luminescence,standardized
PGDB_C010431,C=CC(=O)N1CC[C@H](c2cc3cc(-c4ccccc4O)nnc3[nH]2)C1,SMARCA4,,5000.0,>,0,HeLa,Plexium,WO2025101944,PGDB_AS000431,% Degradation,luminescence,standardized
PGDB_C010358,C=CC(=O)N1CC[C@H]1Cc1cc2cc(-c3ccccc3O)nnc2[nH]1,SMARCA2,,500.0,>=,0,HeLa,Plexium,WO2025101944,PGDB_AS000900,% Degradation,luminescence,standardized
PGDB_C010358,C=CC(=O)N1CC[C@H]1Cc1cc2cc(-c3ccccc3O)nnc2[nH]1,SMARCA4,,5000.0,>,0,HeLa,Plexium,WO2025101944,PGDB_AS000431,% Degradation,luminescence,standardized
PGDB_C010226,C=CC(=O)N1CC[C@]2(CCCC2c2cc3cc(-c4ccccc4O)nnc3[nH]2)C1,SMARCA2,,500.0,>=,0,HeLa,Plexium,WO2025101944,PGDB_AS000900,% Degradation,luminescence,standardized
PGDB_C010226,C=CC(=O)N1CC[C@]2(CCCC2c2cc3cc(-c4ccccc4O)nnc3[nH]2)C1,SMARCA4,,500.0,>=,0,HeLa,Plexium,WO2025101944,PGDB_AS000431,% Degradation,luminescence,standardized
PGDB_C010680,C=CC(=O)N1CCc2[nH]nc(-c3cc4cc(-c5ccccc5O)nnc4[nH]3)c2CC1,SMARCA2,,500.0,>=,0,HeLa,Plexium,WO2025101944,PGDB_AS000900,% Degradation,luminescence,standardized
PGDB_C010680,C=CC(=O)N1CCc2[nH]nc(-c3cc4cc(-c5ccccc5O)nnc4[nH]3)c2CC1,SMARCA4,,5000.0,>,0,HeLa,Plexium,WO2025101944,PGDB_AS000431,% Degradation,luminescence,standardized
PGDB_C010395,C=CC(=O)N1CCc2c(-c3cc4cc(-c5ccccc5O)nnc4[nH]3)cccc21,SMARCA2,,500.0,>=,0,HeLa,Plexium,WO2025101944,PGDB_AS000900,% Degradation,luminescence,standardized
PGDB_C010395,C=CC(=O)N1CCc2c(-c3cc4cc(-c5ccccc5O)nnc4[nH]3)cccc21,SMARCA4,,500.0,>=,0,HeLa,Plexium,WO2025101944,PGDB_AS000431,% Degradation,luminescence,standardized
PGDB_C010406,C=CC(=O)N1CCc2c(cccc2-c2cc3cc(-c4ccccc4O)nnc3[nH]2)C1,SMARCA2,,500.0,>=,0,HeLa,Plexium,WO2025101944,PGDB_AS000900,% Degradation,luminescence,standardized
PGDB_C010406,C=CC(=O)N1CCc2c(cccc2-c2cc3cc(-c4ccccc4O)nnc3[nH]2)C1,SMARCA4,,500.0,>=,0,HeLa,Plexium,WO2025101944,PGDB_AS000431,% Degradation,luminescence,standardized
PGDB_C010396,C=CC(=O)N1CCc2ccc(-c3cc4cc(-c5ccccc5O)nnc4[nH]3)cc21,SMARCA2,,500.0,>=,0,HeLa,Plexium,WO2025101944,PGDB_AS000900,% Degradation,luminescence,standardized
PGDB_C010396,C=CC(=O)N1CCc2ccc(-c3cc4cc(-c5ccccc5O)nnc4[nH]3)cc21,SMARCA4,,500.0,>=,0,HeLa,Plexium,WO2025101944,PGDB_AS000431,% Degradation,luminescence,standardized
PGDB_C010407,C=CC(=O)N1CCc2ccc(-c3cc4cc(-c5ccccc5O)nnc4[nH]3)cc2C1,SMARCA2,,500.0,>=,0,HeLa,Plexium,WO2025101944,PGDB_AS000900,% Degradation,luminescence,standardized
PGDB_C010407,C=CC(=O)N1CCc2ccc(-c3cc4cc(-c5ccccc5O)nnc4[nH]3)cc2C1,SMARCA4,,500.0,>=,0,HeLa,Plexium,WO2025101944,PGDB_AS000431,% Degradation,luminescence,standardized
PGDB_C010409,C=CC(=O)N1CCc2cccc(-c3cc4cc(-c5ccccc5O)nnc4[nH]3)c2C1,SMARCA2,,5000.0,>,0,HeLa,Plexium,WO2025101944,PGDB_AS000900,% Degradation,luminescence,standardized
PGDB_C010409,C=CC(=O)N1CCc2cccc(-c3cc4cc(-c5ccccc5O)nnc4[nH]3)c2C1,SMARCA4,,5000.0,>,0,HeLa,Plexium,WO2025101944,PGDB_AS000431,% Degradation,luminescence,standardized
PGDB_C010588,C=CC(=O)N1CCn2c(-c3cc4cc(-c5ccccc5O)nnc4[nH]3)cnc2C1,SMARCA4,,500.0,>=,0,HeLa,Plexium,WO2025101944,PGDB_AS000431,% Degradation,luminescence,standardized
PGDB_C010736,C=CC(=O)N1CCn2nc(C)c(-c3cc4cc(-c5ccccc5O)nnc4[nH]3)c2C1,SMARCA4,,5000.0,>,0,HeLa,Plexium,WO2025101944,PGDB_AS000431,% Degradation,luminescence,standardized
PGDB_C010656,C=CC(=O)N1CCn2nc(Cc3cc4cc(-c5ccccc5O)nnc4[nH]3)cc2C1,SMARCA4,,5000.0,>,0,HeLa,Plexium,WO2025101944,PGDB_AS000431,% Degradation,luminescence,standardized
PGDB_C010635,C=CC(=O)N1CCn2ncc(-c3cc4cc(-c5ccccc5O)nnc4[nH]3)c2C1,SMARCA4,,5000.0,>,0,HeLa,Plexium,WO2025101944,PGDB_AS000431,% Degradation,luminescence,standardized
PGDB_C010835,C=CC(=O)N1CCn2ncc(Cc3[nH]c4nnc(-c5ccccc5O)cc4c3-c3ccccc3)c2C1,SMARCA4,,500.0,>=,0,HeLa,Plexium,WO2025101944,PGDB_AS000431,% Degradation,luminescence,standardized
PGDB_C010832,C=CC(=O)N1CCn2ncc(Cc3[nH]c4nnc(-c5ccccc5O)cc4c3C3CC3)c2C1,SMARCA4,,500.0,>=,0,HeLa,Plexium,WO2025101944,PGDB_AS000431,% Degradation,luminescence,standardized
PGDB_C010798,C=CC(=O)N1CCn2ncc(Cc3[nH]c4nnc(-c5ccccc5O)cc4c3C3CCCO3)c2C1,SMARCA2,,500.0,>=,0,HeLa,Plexium,WO2025101944,PGDB_AS000900,% Degradation,luminescence,standardized
PGDB_C010798,C=CC(=O)N1CCn2ncc(Cc3[nH]c4nnc(-c5ccccc5O)cc4c3C3CCCO3)c2C1,SMARCA4,,500.0,>=,0,HeLa,Plexium,WO2025101944,PGDB_AS000431,% Degradation,luminescence,standardized
PGDB_C010636,C=CC(=O)N1CCn2ncc(Cc3cc4cc(-c5ccccc5O)nnc4[nH]3)c2C1,SMARCA4,,500.0,>=,0,HeLa,Plexium,WO2025101944,PGDB_AS000431,% Degradation,luminescence,standardized
PGDB_C010764,C=CC(=O)N1C[C@@H](N2CCOCC2)[C@H](c2[nH]c3nnc(-c4ccccc4O)cc3c2C)C1,SMARCA4,,500.0,>=,0,HeLa,Plexium,WO2025101944,PGDB_AS000431,% Degradation,luminescence,standardized
PGDB_C010601,C=CC(=O)N1C[C@@H](N2CCOCC2)[C@H](c2cc3cc(-c4ccccc4O)nnc3[nH]2)C1,SMARCA4,,500.0,>=,0,HeLa,Plexium,WO2025101944,PGDB_AS000431,% Degradation,luminescence,standardized
PGDB_C010315,C=CC(=O)N1C[C@@H]2CC(c3cc4cc(-c5ccccc5O)nnc4[nH]3)[C@H]1C2,SMARCA2,,500.0,>=,0,HeLa,Plexium,WO2025101944,PGDB_AS000900,% Degradation,luminescence,standardized
PGDB_C010315,C=CC(=O)N1C[C@@H]2CC(c3cc4cc(-c5ccccc5O)nnc4[nH]3)[C@H]1C2,SMARCA4,,5000.0,>,0,HeLa,Plexium,WO2025101944,PGDB_AS000431,% Degradation,luminescence,standardized
PGDB_C010437,C=CC(=O)N1C[C@@H]2CCC(c3[nH]c4nnc(-c5ccccc5O)cc4c3Br)[C@@H]2C1,SMARCA2,,500.0,>=,0,HeLa,Plexium,WO2025101944,PGDB_AS000900,% Degradation,luminescence,standardized
PGDB_C010437,C=CC(=O)N1C[C@@H]2CCC(c3[nH]c4nnc(-c5ccccc5O)cc4c3Br)[C@@H]2C1,SMARCA4,,500.0,>=,0,HeLa,Plexium,WO2025101944,PGDB_AS000431,% Degradation,luminescence,standardized
PGDB_C010298,C=CC(=O)N1C[C@@H]2CCC(c3cc4cc(-c5ccccc5O)nnc4[nH]3)[C@@H]2C1,SMARCA2,,500.0,>=,0,HeLa,Plexium,WO2025101944,PGDB_AS000900,% Degradation,luminescence,standardized
PGDB_C010298,C=CC(=O)N1C[C@@H]2CCC(c3cc4cc(-c5ccccc5O)nnc4[nH]3)[C@@H]2C1,SMARCA4,,500.0,>=,0,HeLa,Plexium,WO2025101944,PGDB_AS000431,% Degradation,luminescence,standardized
PGDB_C010264,C=CC(=O)N1C[C@@H]2CCCC(c3cc4cc(-c5ccccc5O)nnc4[nH]3)[C@@H]2C1,SMARCA2,,500.0,>=,0,HeLa,Plexium,WO2025101944,PGDB_AS000900,% Degradation,luminescence,standardized
PGDB_C010264,C=CC(=O)N1C[C@@H]2CCCC(c3cc4cc(-c5ccccc5O)nnc4[nH]3)[C@@H]2C1,SMARCA4,,500.0,>=,0,HeLa,Plexium,WO2025101944,PGDB_AS000431,% Degradation,luminescence,standardized
PGDB_C010514,C=CC(=O)N1C[C@@H]2C[C@@H]2C1c1cc2cc(-c3ccccc3O)nnc2[nH]1,SMARCA4,,500.0,>=,0,HeLa,Plexium,WO2025101944,PGDB_AS000431,% Degradation,luminescence,standardized
PGDB_C010532,C=CC(=O)N1C[C@@H]2C[C@@H]2[C@H]1Cc1cc2cc(-c3ccccc3O)nnc2[nH]1,SMARCA2,,500.0,>=,0,HeLa,Plexium,WO2025101944,PGDB_AS000900,% Degradation,luminescence,standardized
PGDB_C010532,C=CC(=O)N1C[C@@H]2C[C@@H]2[C@H]1Cc1cc2cc(-c3ccccc3O)nnc2[nH]1,SMARCA4,,500.0,>=,0,HeLa,Plexium,WO2025101944,PGDB_AS000431,% Degradation,luminescence,standardized
PGDB_C010343,C=CC(=O)N1C[C@@H]2C[C@]2(c2[nH]c3nnc(-c4ccccc4O)cc3c2-c2ccccc2)C1,SMARCA4,,500.0,>=,0,HeLa,Plexium,WO2025101944,PGDB_AS000431,% Degradation,luminescence,standardized
PGDB_C010345,C=CC(=O)N1C[C@@H]2C[C@]2(c2[nH]c3nnc(-c4ccccc4O)cc3c2Br)C1,SMARCA4,,500.0,>=,0,HeLa,Plexium,WO2025101944,PGDB_AS000431,% Degradation,luminescence,standardized
PGDB_C010344,C=CC(=O)N1C[C@@H]2C[C@]2(c2[nH]c3nnc(-c4ccccc4O)cc3c2Cl)C1,SMARCA2,,500.0,>=,0,HeLa,Plexium,WO2025101944,PGDB_AS000900,% Degradation,luminescence,standardized
PGDB_C010344,C=CC(=O)N1C[C@@H]2C[C@]2(c2[nH]c3nnc(-c4ccccc4O)cc3c2Cl)C1,SMARCA4,,500.0,>=,0,HeLa,Plexium,WO2025101944,PGDB_AS000431,% Degradation,luminescence,standardized
PGDB_C010347,C=CC(=O)N1C[C@@H]2C[C@]2(c2cc3cc(-c4ccccc4O)nnc3[nH]2)C1,SMARCA2,,500.0,>=,0,HeLa,Plexium,WO2025101944,PGDB_AS000900,% Degradation,luminescence,standardized
PGDB_C010347,C=CC(=O)N1C[C@@H]2C[C@]2(c2cc3cc(-c4ccccc4O)nnc3[nH]2)C1,SMARCA4,,500.0,>=,0,HeLa,Plexium,WO2025101944,PGDB_AS000431,% Degradation,luminescence,standardized
PGDB_C010417,C=CC(=O)N1C[C@@H]2[C@H](C1)[C@H]2c1cc2cc(-c3ccccc3O)nnc2[nH]1,SMARCA2,,500.0,>=,0,HeLa,Plexium,WO2025101944,PGDB_AS000900,% Degradation,luminescence,standardized
PGDB_C010417,C=CC(=O)N1C[C@@H]2[C@H](C1)[C@H]2c1cc2cc(-c3ccccc3O)nnc2[nH]1,SMARCA4,,500.0,>=,0,HeLa,Plexium,WO2025101944,PGDB_AS000431,% Degradation,luminescence,standardized
PGDB_C010717,C=CC(=O)N1C[C@H](Cc2cc3cc(-c4ccccc4O)nnc3[nH]2)[C@@H](F)C1,SMARCA4,,500.0,>=,0,HeLa,Plexium,WO2025101944,PGDB_AS000431,% Degradation,luminescence,standardized
PGDB_C010271,C=CC(=O)N1C[C@H](c2cc3cc(-c4ccccc4O)nnc3[nH]2)[C@H]1C,SMARCA4,,500.0,>=,0,HeLa,Plexium,WO2025101944,PGDB_AS000431,% Degradation,luminescence,standardized
PGDB_C010314,C=CC(=O)N1C[C@H]2CC(c3cc4cc(-c5ccccc5O)nnc4[nH]3)[C@@H]1C2,SMARCA2,,500.0,>=,0,HeLa,Plexium,WO2025101944,PGDB_AS000900,% Degradation,luminescence,standardized
PGDB_C010314,C=CC(=O)N1C[C@H]2CC(c3cc4cc(-c5ccccc5O)nnc4[nH]3)[C@@H]1C2,SMARCA4,,500.0,>=,0,HeLa,Plexium,WO2025101944,PGDB_AS000431,% Degradation,luminescence,standardized
PGDB_C010719,C=CC(=O)N1C[C@H]2CC(c3cc4cc(-c5ccccc5O)nnc4[nH]3)[C@H](C2)C1,SMARCA4,,500.0,>=,0,HeLa,Plexium,WO2025101944,PGDB_AS000431,% Degradation,luminescence,standardized
PGDB_C010616,C=CC(=O)N1C[C@H]2CCC(c3cc4cc(-c5ccccc5O)nnc4[nH]3)[C@H]2C1,SMARCA2,,500.0,>=,0,HeLa,Plexium,WO2025101944,PGDB_AS000900,% Degradation,luminescence,standardized
PGDB_C010616,C=CC(=O)N1C[C@H]2CCC(c3cc4cc(-c5ccccc5O)nnc4[nH]3)[C@H]2C1,SMARCA4,,500.0,>=,0,HeLa,Plexium,WO2025101944,PGDB_AS000431,% Degradation,luminescence,standardized
PGDB_C010263,C=CC(=O)N1C[C@H]2CCCC(c3cc4cc(-c5ccccc5O)nnc4[nH]3)[C@H]2C1,SMARCA2,,500.0,>=,0,HeLa,Plexium,WO2025101944,PGDB_AS000900,% Degradation,luminescence,standardized
PGDB_C010263,C=CC(=O)N1C[C@H]2CCCC(c3cc4cc(-c5ccccc5O)nnc4[nH]3)[C@H]2C1,SMARCA4,,500.0,>=,0,HeLa,Plexium,WO2025101944,PGDB_AS000431,% Degradation,luminescence,standardized
PGDB_C010319,C=CC(=O)N1C[C@H]2C[C@@]2(c2[nH]c3nnc(-c4ccccc4O)cc3c2Cl)C1,SMARCA4,,500.0,>=,0,HeLa,Plexium,WO2025101944,PGDB_AS000431,% Degradation,luminescence,standardized
PGDB_C010353,C=CC(=O)N1C[C@H]2C[C@@]2(c2cc3cc(-c4ccccc4O)nnc3[nH]2)C1,SMARCA2,,500.0,>=,0,HeLa,Plexium,WO2025101944,PGDB_AS000900,% Degradation,luminescence,standardized
PGDB_C010353,C=CC(=O)N1C[C@H]2C[C@@]2(c2cc3cc(-c4ccccc4O)nnc3[nH]2)C1,SMARCA4,,500.0,>=,0,HeLa,Plexium,WO2025101944,PGDB_AS000431,% Degradation,luminescence,standardized
PGDB_C010515,C=CC(=O)N1C[C@H]2C[C@H]2C1c1cc2cc(-c3ccccc3O)nnc2[nH]1,SMARCA4,,500.0,>=,0,HeLa,Plexium,WO2025101944,PGDB_AS000431,% Degradation,luminescence,standardized
PGDB_C010261,C=CC(=O)N1Cc2c(F)ccc(-c3[nH]c4nnc(-c5ccccc5O)cc4c3Br)c2C1,SMARCA2,,500.0,>=,0,HeLa,Plexium,WO2025101944,PGDB_AS000900,% Degradation,luminescence,standardized
PGDB_C010261,C=CC(=O)N1Cc2c(F)ccc(-c3[nH]c4nnc(-c5ccccc5O)cc4c3Br)c2C1,SMARCA4,,500.0,>=,0,HeLa,Plexium,WO2025101944,PGDB_AS000431,% Degradation,luminescence,standardized
PGDB_C010278,C=CC(=O)N1Cc2c(F)ccc(-c3cc4cc(-c5ccccc5O)nnc4[nH]3)c2C1,SMARCA4,,500.0,>=,0,HeLa,Plexium,WO2025101944,PGDB_AS000431,% Degradation,luminescence,standardized
PGDB_C010734,C=CC(=O)N1Cc2ccc(Cc3cc4cc(-c5ccccc5O)nnc4[nH]3)cc2C1,SMARCA4,,500.0,>=,0,HeLa,Plexium,WO2025101944,PGDB_AS000431,% Degradation,luminescence,standardized
PGDB_C010295,C=CC(=O)N1Cc2cccc(-c3[nH]c4nnc(-c5ccccc5O)cc4c3C)c2C1,SMARCA4,,500.0,>=,0,HeLa,Plexium,WO2025101944,PGDB_AS000431,% Degradation,luminescence,standardized
PGDB_C010284,C=CC(=O)N1Cc2cccc(-c3[nH]c4nnc(-c5ccccc5O)cc4c3C3CC3)c2C1,SMARCA4,,500.0,>=,0,HeLa,Plexium,WO2025101944,PGDB_AS000431,% Degradation,luminescence,standardized
PGDB_C010326,C=CC(=O)N1Cc2ccccc2CC1c1cc2cc(-c3ccccc3O)nnc2[nH]1,SMARCA2,,500.0,>=,0,HeLa,Plexium,WO2025101944,PGDB_AS000900,% Degradation,luminescence,standardized
PGDB_C010326,C=CC(=O)N1Cc2ccccc2CC1c1cc2cc(-c3ccccc3O)nnc2[nH]1,SMARCA4,,500.0,>=,0,HeLa,Plexium,WO2025101944,PGDB_AS000431,% Degradation,luminescence,standardized
PGDB_C010297,C=CC(=O)N1Cc2nccc(-c3cc4cc(-c5ccccc5O)nnc4[nH]3)c2C1,SMARCA4,,5000.0,>,0,HeLa,Plexium,WO2025101944,PGDB_AS000431,% Degradation,luminescence,standardized
PGDB_C010484,C=CC(=O)N1[C@@H]2CC[C@H]1C(c1cc3cc(-c4ccccc4O)nnc3[nH]1)C2,SMARCA4,,500.0,>=,0,HeLa,Plexium,WO2025101944,PGDB_AS000431,% Degradation,luminescence,standardized
PGDB_C010531,C=CC(=O)N1[C@@H]2CC[C@H]1CC(c1cc3cc(-c4ccccc4O)nnc3[nH]1)C2,SMARCA2,,500.0,>=,0,HeLa,Plexium,WO2025101944,PGDB_AS000900,% Degradation,luminescence,standardized
PGDB_C010531,C=CC(=O)N1[C@@H]2CC[C@H]1CC(c1cc3cc(-c4ccccc4O)nnc3[nH]1)C2,SMARCA4,,5000.0,>,0,HeLa,Plexium,WO2025101944,PGDB_AS000431,% Degradation,luminescence,standardized
PGDB_C010722,C=CC(=O)N1[C@@H]2COC[C@@H]1CC(c1[nH]c3nnc(-c4ccccc4O)cc3c1C(O)C(F)F)C2,SMARCA2,,500.0,>=,0,HeLa,Plexium,WO2025101944,PGDB_AS000900,% Degradation,luminescence,standardized
PGDB_C010722,C=CC(=O)N1[C@@H]2COC[C@@H]1CC(c1[nH]c3nnc(-c4ccccc4O)cc3c1C(O)C(F)F)C2,SMARCA4,,5000.0,>,0,HeLa,Plexium,WO2025101944,PGDB_AS000431,% Degradation,luminescence,standardized
PGDB_C010735,C=CC(=O)N1[C@@H]2COC[C@@H]1CC(c1[nH]c3nnc(-c4ccccc4O)cc3c1CC(F)F)C2,SMARCA4,,5000.0,>,0,HeLa,Plexium,WO2025101944,PGDB_AS000431,% Degradation,luminescence,standardized
PGDB_C010843,C=CC(=O)N1[C@@H]2COC[C@@H]1CC(c1[nH]c3nnc(-c4ccccc4O)cc3c1COC(C)C)C2,SMARCA2,,500.0,>=,0,HeLa,Plexium,WO2025101944,PGDB_AS000900,% Degradation,luminescence,standardized
PGDB_C010843,C=CC(=O)N1[C@@H]2COC[C@@H]1CC(c1[nH]c3nnc(-c4ccccc4O)cc3c1COC(C)C)C2,SMARCA4,,500.0,>=,0,HeLa,Plexium,WO2025101944,PGDB_AS000431,% Degradation,luminescence,standardized
PGDB_C010603,C=CC(=O)N1[C@@H]2COC[C@H]1C(F)C(c1cc3cc(-c4ccccc4O)nnc3[nH]1)C2,SMARCA4,,5000.0,>,0,HeLa,Plexium,WO2025101944,PGDB_AS000431,% Degradation,luminescence,standardized
PGDB_C010808,C=CC(=O)N1[C@@H]2COC[C@H]1C[C@@](C)(c1cc3cc(-c4ccccc4O)nnc3[nH]1)C2,SMARCA4,,500.0,>=,0,HeLa,Plexium,WO2025101944,PGDB_AS000431,% Degradation,luminescence,standardized
PGDB_C010765,C=CC(=O)N1[C@@H]2COC[C@H]1C[C@H](c1[nH]c3nnc(-c4cccc(F)c4O)cc3c1C)C2,SMARCA4,,500.0,>=,0,HeLa,Plexium,WO2025101944,PGDB_AS000431,% Degradation,luminescence,standardized
PGDB_C010607,C=CC(=O)N1[C@@H]2COC[C@H]1C[C@H](c1[nH]c3nnc(-c4ccccc4O)cc3c1-c1cccc3c1OCC3)C2,SMARCA4,,500.0,>=,0,HeLa,Plexium,WO2025101944,PGDB_AS000431,% Degradation,luminescence,standardized
PGDB_C010608,C=CC(=O)N1[C@@H]2COC[C@H]1C[C@H](c1[nH]c3nnc(-c4ccccc4O)cc3c1-c1cccc3c1OCCO3)C2,SMARCA2,,500.0,>=,0,HeLa,Plexium,WO2025101944,PGDB_AS000900,% Degradation,luminescence,standardized
PGDB_C010608,C=CC(=O)N1[C@@H]2COC[C@H]1C[C@H](c1[nH]c3nnc(-c4ccccc4O)cc3c1-c1cccc3c1OCCO3)C2,SMARCA4,,500.0,>=,0,HeLa,Plexium,WO2025101944,PGDB_AS000431,% Degradation,luminescence,standardized
PGDB_C010622,C=CC(=O)N1[C@@H]2COC[C@H]1C[C@H](c1[nH]c3nnc(-c4ccccc4O)cc3c1-c1ccccc1)C2,SMARCA4,,500.0,>=,0,HeLa,Plexium,WO2025101944,PGDB_AS000431,% Degradation,luminescence,standardized
PGDB_C010664,C=CC(=O)N1[C@@H]2COC[C@H]1C[C@H](c1[nH]c3nnc(-c4ccccc4O)cc3c1-c1ccccc1OC)C2,SMARCA4,,500.0,>=,0,HeLa,Plexium,WO2025101944,PGDB_AS000431,% Degradation,luminescence,standardized
PGDB_C010674,C=CC(=O)N1[C@@H]2COC[C@H]1C[C@H](c1[nH]c3nnc(-c4ccccc4O)cc3c1-c1ccncc1OC)C2,SMARCA2,,500.0,>=,0,HeLa,Plexium,WO2025101944,PGDB_AS000900,% Degradation,luminescence,standardized
PGDB_C010674,C=CC(=O)N1[C@@H]2COC[C@H]1C[C@H](c1[nH]c3nnc(-c4ccccc4O)cc3c1-c1ccncc1OC)C2,SMARCA4,,500.0,>=,0,HeLa,Plexium,WO2025101944,PGDB_AS000431,% Degradation,luminescence,standardized
PGDB_C010830,C=CC(=O)N1[C@@H]2COC[C@H]1C[C@H](c1[nH]c3nnc(-c4ccccc4O)cc3c1C(=C)C)C2,SMARCA4,,500.0,>=,0,HeLa,Plexium,WO2025101944,PGDB_AS000431,% Degradation,luminescence,standardized
PGDB_C010831,C=CC(=O)N1[C@@H]2COC[C@H]1C[C@H](c1[nH]c3nnc(-c4ccccc4O)cc3c1C(C)(C)O)C2,SMARCA2,,500.0,>=,0,HeLa,Plexium,WO2025101944,PGDB_AS000900,% Degradation,luminescence,standardized
PGDB_C010831,C=CC(=O)N1[C@@H]2COC[C@H]1C[C@H](c1[nH]c3nnc(-c4ccccc4O)cc3c1C(C)(C)O)C2,SMARCA4,,5000.0,>,0,HeLa,Plexium,WO2025101944,PGDB_AS000431,% Degradation,luminescence,standardized
PGDB_C010787,C=CC(=O)N1[C@@H]2COC[C@H]1C[C@H](c1[nH]c3nnc(-c4ccccc4O)cc3c1C(C)CC)C2,SMARCA4,,500.0,>=,0,HeLa,Plexium,WO2025101944,PGDB_AS000431,% Degradation,luminescence,standardized
PGDB_C010748,C=CC(=O)N1[C@@H]2COC[C@H]1C[C@H](c1[nH]c3nnc(-c4ccccc4O)cc3c1C(C)CN1CC(F)(F)C1)C2,SMARCA2,,500.0,>=,0,HeLa,Plexium,WO2025101944,PGDB_AS000900,% Degradation,luminescence,standardized
PGDB_C010748,C=CC(=O)N1[C@@H]2COC[C@H]1C[C@H](c1[nH]c3nnc(-c4ccccc4O)cc3c1C(C)CN1CC(F)(F)C1)C2,SMARCA4,,500.0,>=,0,HeLa,Plexium,WO2025101944,PGDB_AS000431,% Degradation,luminescence,standardized
PGDB_C010738,C=CC(=O)N1[C@@H]2COC[C@H]1C[C@H](c1[nH]c3nnc(-c4ccccc4O)cc3c1C(C)CN1CC3(CCC3)C1)C2,SMARCA2,,500.0,>=,0,HeLa,Plexium,WO2025101944,PGDB_AS000900,% Degradation,luminescence,standardized
PGDB_C010738,C=CC(=O)N1[C@@H]2COC[C@H]1C[C@H](c1[nH]c3nnc(-c4ccccc4O)cc3c1C(C)CN1CC3(CCC3)C1)C2,SMARCA4,,5000.0,>,0,HeLa,Plexium,WO2025101944,PGDB_AS000431,% Degradation,luminescence,standardized
PGDB_C010745,C=CC(=O)N1[C@@H]2COC[C@H]1C[C@H](c1[nH]c3nnc(-c4ccccc4O)cc3c1C(C)CN1CCC1)C2,SMARCA2,,5000.0,>,0,HeLa,Plexium,WO2025101944,PGDB_AS000900,% Degradation,luminescence,standardized
PGDB_C010745,C=CC(=O)N1[C@@H]2COC[C@H]1C[C@H](c1[nH]c3nnc(-c4ccccc4O)cc3c1C(C)CN1CCC1)C2,SMARCA4,,5000.0,>,0,HeLa,Plexium,WO2025101944,PGDB_AS000431,% Degradation,luminescence,standardized
PGDB_C010737,C=CC(=O)N1[C@@H]2COC[C@H]1C[C@H](c1[nH]c3nnc(-c4ccccc4O)cc3c1C(C)CN1CCC13CCC3)C2,SMARCA2,,500.0,>=,0,HeLa,Plexium,WO2025101944,PGDB_AS000900,% Degradation,luminescence,standardized
PGDB_C010737,C=CC(=O)N1[C@@H]2COC[C@H]1C[C@H](c1[nH]c3nnc(-c4ccccc4O)cc3c1C(C)CN1CCC13CCC3)C2,SMARCA4,,500.0,>=,0,HeLa,Plexium,WO2025101944,PGDB_AS000431,% Degradation,luminescence,standardized
PGDB_C010743,C=CC(=O)N1[C@@H]2COC[C@H]1C[C@H](c1[nH]c3nnc(-c4ccccc4O)cc3c1C(C)CN1CCN(C)CC1)C2,SMARCA2,,500.0,>=,0,HeLa,Plexium,WO2025101944,PGDB_AS000900,% Degradation,luminescence,standardized
PGDB_C010743,C=CC(=O)N1[C@@H]2COC[C@H]1C[C@H](c1[nH]c3nnc(-c4ccccc4O)cc3c1C(C)CN1CCN(C)CC1)C2,SMARCA4,,5000.0,>,0,HeLa,Plexium,WO2025101944,PGDB_AS000431,% Degradation,luminescence,standardized
PGDB_C010746,C=CC(=O)N1[C@@H]2COC[C@H]1C[C@H](c1[nH]c3nnc(-c4ccccc4O)cc3c1C(C)CN1CCOCC1)C2,SMARCA4,,500.0,>=,0,HeLa,Plexium,WO2025101944,PGDB_AS000431,% Degradation,luminescence,standardized
PGDB_C010773,C=CC(=O)N1[C@@H]2COC[C@H]1C[C@H](c1[nH]c3nnc(-c4ccccc4O)cc3c1C(F)(F)F)C2,SMARCA2,,500.0,>=,0,HeLa,Plexium,WO2025101944,PGDB_AS000900,% Degradation,luminescence,standardized
PGDB_C010773,C=CC(=O)N1[C@@H]2COC[C@H]1C[C@H](c1[nH]c3nnc(-c4ccccc4O)cc3c1C(F)(F)F)C2,SMARCA4,,5000.0,>,0,HeLa,Plexium,WO2025101944,PGDB_AS000431,% Degradation,luminescence,standardized
PGDB_C010648,C=CC(=O)N1[C@@H]2COC[C@H]1C[C@H](c1[nH]c3nnc(-c4ccccc4O)cc3c1C1CCC(OC)CC1)C2,SMARCA4,,500.0,>=,0,HeLa,Plexium,WO2025101944,PGDB_AS000431,% Degradation,luminescence,standardized
PGDB_C010809,C=CC(=O)N1[C@@H]2COC[C@H]1C[C@H](c1[nH]c3nnc(-c4ccccc4O)cc3c1C1CCCCO1)C2,SMARCA2,,500.0,>=,0,HeLa,Plexium,WO2025101944,PGDB_AS000900,% Degradation,luminescence,standardized
PGDB_C010809,C=CC(=O)N1[C@@H]2COC[C@H]1C[C@H](c1[nH]c3nnc(-c4ccccc4O)cc3c1C1CCCCO1)C2,SMARCA4,,500.0,>=,0,HeLa,Plexium,WO2025101944,PGDB_AS000431,% Degradation,luminescence,standardized
PGDB_C010660,C=CC(=O)N1[C@@H]2COC[C@H]1C[C@H](c1[nH]c3nnc(-c4ccccc4O)cc3c1C1CCCO1)C2,SMARCA4,,5000.0,>,0,HeLa,Plexium,WO2025101944,PGDB_AS000431,% Degradation,luminescence,standardized
PGDB_C010834,C=CC(=O)N1[C@@H]2COC[C@H]1C[C@H](c1[nH]c3nnc(-c4ccccc4O)cc3c1C1CCCOC1)C2,SMARCA4,,500.0,>=,0,HeLa,Plexium,WO2025101944,PGDB_AS000431,% Degradation,luminescence,standardized
PGDB_C010839,C=CC(=O)N1[C@@H]2COC[C@H]1C[C@H](c1[nH]c3nnc(-c4ccccc4O)cc3c1C1COCCO1)C2,SMARCA2,,500.0,>=,0,HeLa,Plexium,WO2025101944,PGDB_AS000900,% Degradation,luminescence,standardized
PGDB_C010839,C=CC(=O)N1[C@@H]2COC[C@H]1C[C@H](c1[nH]c3nnc(-c4ccccc4O)cc3c1C1COCCO1)C2,SMARCA4,,5000.0,>,0,HeLa,Plexium,WO2025101944,PGDB_AS000431,% Degradation,luminescence,standardized
PGDB_C010829,C=CC(=O)N1[C@@H]2COC[C@H]1C[C@H](c1[nH]c3nnc(-c4ccccc4O)cc3c1CCC1CCCO1)C2,SMARCA4,,500.0,>=,0,HeLa,Plexium,WO2025101944,PGDB_AS000431,% Degradation,luminescence,standardized
PGDB_C010828,C=CC(=O)N1[C@@H]2COC[C@H]1C[C@H](c1[nH]c3nnc(-c4ccccc4O)cc3c1CCC1CCOC1)C2,SMARCA4,,500.0,>=,0,HeLa,Plexium,WO2025101944,PGDB_AS000431,% Degradation,luminescence,standardized
PGDB_C010681,C=CC(=O)N1[C@@H]2COC[C@H]1C[C@H](c1[nH]c3nnc(-c4ccccc4O)cc3c1CCCC)C2,SMARCA2,,500.0,>=,0,HeLa,Plexium,WO2025101944,PGDB_AS000900,% Degradation,luminescence,standardized
PGDB_C010681,C=CC(=O)N1[C@@H]2COC[C@H]1C[C@H](c1[nH]c3nnc(-c4ccccc4O)cc3c1CCCC)C2,SMARCA4,,500.0,>=,0,HeLa,Plexium,WO2025101944,PGDB_AS000431,% Degradation,luminescence,standardized
PGDB_C010640,C=CC(=O)N1[C@@H]2COC[C@H]1C[C@H](c1[nH]c3nnc(-c4ccccc4O)cc3c1CCCOC)C2,SMARCA4,,500.0,>=,0,HeLa,Plexium,WO2025101944,PGDB_AS000431,% Degradation,luminescence,standardized
PGDB_C010815,C=CC(=O)N1[C@@H]2COC[C@H]1C[C@H](c1[nH]c3nnc(-c4ccccc4O)cc3c1CCCOC1CCOC1)C2,SMARCA4,,500.0,>=,0,HeLa,Plexium,WO2025101944,PGDB_AS000431,% Degradation,luminescence,standardized
PGDB_C010676,C=CC(=O)N1[C@@H]2COC[C@H]1C[C@H](c1[nH]c3nnc(-c4ccccc4O)cc3c1COC)C2,SMARCA2,,500.0,>=,0,HeLa,Plexium,WO2025101944,PGDB_AS000900,% Degradation,luminescence,standardized
PGDB_C010676,C=CC(=O)N1[C@@H]2COC[C@H]1C[C@H](c1[nH]c3nnc(-c4ccccc4O)cc3c1COC)C2,SMARCA4,,500.0,>=,0,HeLa,Plexium,WO2025101944,PGDB_AS000431,% Degradation,luminescence,standardized
PGDB_C010675,C=CC(=O)N1[C@@H]2COC[C@H]1C[C@H](c1[nH]c3nnc(-c4ccccc4O)cc3c1F)C2,SMARCA2,,500.0,>=,0,HeLa,Plexium,WO2025101944,PGDB_AS000900,% Degradation,luminescence,standardized
PGDB_C010675,C=CC(=O)N1[C@@H]2COC[C@H]1C[C@H](c1[nH]c3nnc(-c4ccccc4O)cc3c1F)C2,SMARCA4,,5000.0,>,0,HeLa,Plexium,WO2025101944,PGDB_AS000431,% Degradation,luminescence,standardized
PGDB_C010485,C=CC(=O)N1[C@H]2CC[C@@H]1C(c1cc3cc(-c4ccccc4O)nnc3[nH]1)C2,SMARCA4,,500.0,>=,0,HeLa,Plexium,WO2025101944,PGDB_AS000431,% Degradation,luminescence,standardized
PGDB_C010672,C=CC(=O)N1[C@H]2COC[C@H]1CC(c1[nH]c3nnc(-c4ccccc4O)cc3c1C(C)CC)C2,SMARCA4,,500.0,>=,0,HeLa,Plexium,WO2025101944,PGDB_AS000431,% Degradation,luminescence,standardized
PGDB_C010747,C=CC(=O)N1[C@H]2COC[C@H]1CC(c1[nH]c3nnc(-c4ccccc4O)cc3c1C(C)CN1CCOCC1)C2,SMARCA2,,500.0,>=,0,HeLa,Plexium,WO2025101944,PGDB_AS000900,% Degradation,luminescence,standardized
PGDB_C010747,C=CC(=O)N1[C@H]2COC[C@H]1CC(c1[nH]c3nnc(-c4ccccc4O)cc3c1C(C)CN1CCOCC1)C2,SMARCA4,,500.0,>=,0,HeLa,Plexium,WO2025101944,PGDB_AS000431,% Degradation,luminescence,standardized
PGDB_C010659,C=CC(=O)N1[C@H]2COC[C@H]1CC(c1[nH]c3nnc(-c4ccccc4O)cc3c1C1CCCO1)C2,SMARCA4,,5000.0,>,0,HeLa,Plexium,WO2025101944,PGDB_AS000431,% Degradation,luminescence,standardized
PGDB_C010842,C=CC(=O)N1[C@H]2COC[C@H]1CC(c1[nH]c3nnc(-c4ccccc4O)cc3c1C1CCOCC1)C2,SMARCA2,,500.0,>=,0,HeLa,Plexium,WO2025101944,PGDB_AS000900,% Degradation,luminescence,standardized
PGDB_C010842,C=CC(=O)N1[C@H]2COC[C@H]1CC(c1[nH]c3nnc(-c4ccccc4O)cc3c1C1CCOCC1)C2,SMARCA4,,500.0,>=,0,HeLa,Plexium,WO2025101944,PGDB_AS000431,% Degradation,luminescence,standardized
PGDB_C010682,C=CC(=O)N1[C@H]2COC[C@H]1CC(c1[nH]c3nnc(-c4ccccc4O)cc3c1CCOC)C2,SMARCA2,,500.0,>=,0,HeLa,Plexium,WO2025101944,PGDB_AS000900,% Degradation,luminescence,standardized
PGDB_C010682,C=CC(=O)N1[C@H]2COC[C@H]1CC(c1[nH]c3nnc(-c4ccccc4O)cc3c1CCOC)C2,SMARCA4,,5000.0,>,0,HeLa,Plexium,WO2025101944,PGDB_AS000431,% Degradation,luminescence,standardized
PGDB_C010687,C=CC(=O)NC(c1cc2cc(-c3ccccc3O)nnc2[nH]1)C(F)(F)F,SMARCA4,,500.0,>=,0,HeLa,Plexium,WO2025101944,PGDB_AS000431,% Degradation,luminescence,standardized
PGDB_C010683,C=CC(=O)NC(c1ccccc1)c1cc2cc(-c3ccccc3O)nnc2[nH]1,SMARCA2,,500.0,>=,0,HeLa,Plexium,WO2025101944,PGDB_AS000900,% Degradation,luminescence,standardized
PGDB_C010683,C=CC(=O)NC(c1ccccc1)c1cc2cc(-c3ccccc3O)nnc2[nH]1,SMARCA4,,500.0,>=,0,HeLa,Plexium,WO2025101944,PGDB_AS000431,% Degradation,luminescence,standardized
PGDB_C010526,C=CC(=O)NC1(c2[nH]c3nnc(-c4ccccc4O)cc3c2-c2ccccc2)CC1,SMARCA2,,500.0,>=,0,HeLa,Plexium,WO2025101944,PGDB_AS000900,% Degradation,luminescence,standardized
PGDB_C010524,C=CC(=O)NC1(c2[nH]c3nnc(-c4ccccc4O)cc3c2Br)CC1,SMARCA2,,500.0,>=,0,HeLa,Plexium,WO2025101944,PGDB_AS000900,% Degradation,luminescence,standardized
PGDB_C010524,C=CC(=O)NC1(c2[nH]c3nnc(-c4ccccc4O)cc3c2Br)CC1,SMARCA4,,500.0,>=,0,HeLa,Plexium,WO2025101944,PGDB_AS000431,% Degradation,luminescence,standardized
PGDB_C010525,C=CC(=O)NC1(c2[nH]c3nnc(-c4ccccc4O)cc3c2C)CC1,SMARCA2,,500.0,>=,0,HeLa,Plexium,WO2025101944,PGDB_AS000900,% Degradation,luminescence,standardized
PGDB_C010525,C=CC(=O)NC1(c2[nH]c3nnc(-c4ccccc4O)cc3c2C)CC1,SMARCA4,,500.0,>=,0,HeLa,Plexium,WO2025101944,PGDB_AS000431,% Degradation,luminescence,standardized
PGDB_C010371,C=CC(=O)NC1(c2cc3cc(-c4ccccc4O)nnc3[nH]2)CC1,SMARCA4,,500.0,>=,0,HeLa,Plexium,WO2025101944,PGDB_AS000431,% Degradation,luminescence,standardized
PGDB_C010293,C=CC(=O)NC1(c2cc3cc(-c4ccccc4O)nnc3[nH]2)CCC1,SMARCA2,,500.0,>=,0,HeLa,Plexium,WO2025101944,PGDB_AS000900,% Degradation,luminescence,standardized
PGDB_C010293,C=CC(=O)NC1(c2cc3cc(-c4ccccc4O)nnc3[nH]2)CCC1,SMARCA4,,500.0,>=,0,HeLa,Plexium,WO2025101944,PGDB_AS000431,% Degradation,luminescence,standardized
PGDB_C010305,C=CC(=O)NC1(c2cc3cc(-c4ccccc4O)nnc3[nH]2)COC1,SMARCA4,,5000.0,>,0,HeLa,Plexium,WO2025101944,PGDB_AS000431,% Degradation,luminescence,standardized
PGDB_C010416,C=CC(=O)NC12CC(c3cc4cc(-c5ccccc5O)nnc4[nH]3)(C1)C2,SMARCA2,,500.0,>=,0,HeLa,Plexium,WO2025101944,PGDB_AS000900,% Degradation,luminescence,standardized
PGDB_C010416,C=CC(=O)NC12CC(c3cc4cc(-c5ccccc5O)nnc4[nH]3)(C1)C2,SMARCA4,,500.0,>=,0,HeLa,Plexium,WO2025101944,PGDB_AS000431,% Degradation,luminescence,standardized
PGDB_C010688,C=CC(=O)NCc1[nH]c2nnc(-c3ccccc3O)cc2c1Br,SMARCA2,,500.0,>=,0,HeLa,Plexium,WO2025101944,PGDB_AS000900,% Degradation,luminescence,standardized
PGDB_C010688,C=CC(=O)NCc1[nH]c2nnc(-c3ccccc3O)cc2c1Br,SMARCA4,,5000.0,>,0,HeLa,Plexium,WO2025101944,PGDB_AS000431,% Degradation,luminescence,standardized
PGDB_C010684,C=CC(=O)NCc1ocnc1Cc1cc2cc(-c3ccccc3O)nnc2[nH]1,SMARCA4,,5000.0,>,0,HeLa,Plexium,WO2025101944,PGDB_AS000431,% Degradation,luminescence,standardized
PGDB_C010228,C=CC(=O)N[C@@H]1CCC(c2cc3cc(-c4ccccc4O)nnc3[nH]2)C1,SMARCA4,,5000.0,>,0,HeLa,Plexium,WO2025101944,PGDB_AS000431,% Degradation,luminescence,standardized
PGDB_C010279,C=CC(=O)N[C@@H]1CCCC1c1cc2cc(-c3ccccc3O)nnc2[nH]1,SMARCA2,,500.0,>=,0,HeLa,Plexium,WO2025101944,PGDB_AS000900,% Degradation,luminescence,standardized
PGDB_C010279,C=CC(=O)N[C@@H]1CCCC1c1cc2cc(-c3ccccc3O)nnc2[nH]1,SMARCA4,,5000.0,>,0,HeLa,Plexium,WO2025101944,PGDB_AS000431,% Degradation,luminescence,standardized
PGDB_C010206,C=CC(=O)N[C@H]1CCC(c2cc3cc(-c4ccccc4O)nnc3[nH]2)C1,SMARCA2,,500.0,>=,0,HeLa,Plexium,WO2025101944,PGDB_AS000900,% Degradation,luminescence,standardized
PGDB_C010206,C=CC(=O)N[C@H]1CCC(c2cc3cc(-c4ccccc4O)nnc3[nH]2)C1,SMARCA4,,5000.0,>,0,HeLa,Plexium,WO2025101944,PGDB_AS000431,% Degradation,luminescence,standardized
PGDB_C010272,C=CC(=O)N[C@H]1CCC[C@@H]1c1cc2cc(-c3ccccc3O)nnc2[nH]1,SMARCA2,,5000.0,>,0,HeLa,Plexium,WO2025101944,PGDB_AS000900,% Degradation,luminescence,standardized
PGDB_C010272,C=CC(=O)N[C@H]1CCC[C@@H]1c1cc2cc(-c3ccccc3O)nnc2[nH]1,SMARCA4,,5000.0,>,0,HeLa,Plexium,WO2025101944,PGDB_AS000431,% Degradation,luminescence,standardized
PGDB_C022500,C=Cc1cc(N2C3CC2CN(c2cc(-c4cccc(F)c4O)nnc2N)C3)ccn1,SMARCA2,,50.0,<,1,HeLa,Plexium,AU2024303022A1,PGDB_AS001450,% Degradation,luminescence,standardized
PGDB_C022444,C=Cc1cc(N2C3CC2CN(c2cc(-c4ccccc4O)nnc2N)C3)ccn1,SMARCA2,,50.0,<,1,HeLa,Plexium,AU2024303022A1,PGDB_AS001450,% Degradation,luminescence,standardized
PGDB_C022444,C=Cc1cc(N2C3CC2CN(c2cc(-c4ccccc4O)nnc2N)C3)ccn1,SMARCA4,,50.0,<,1,HeLa,Plexium,AU2024303022A1,PGDB_AS000100,% Degradation,luminescence,standardized
PGDB_C022475,C=Cc1cc(N2C3CCC2CN(c2cc(-c4ccccc4O)nnc2N)C3)ccn1,SMARCA2,,50.0,<,1,HeLa,Plexium,AU2024303022A1,PGDB_AS001450,% Degradation,luminescence,standardized
PGDB_C022475,C=Cc1cc(N2C3CCC2CN(c2cc(-c4ccccc4O)nnc2N)C3)ccn1,SMARCA4,,50.0,<,1,HeLa,Plexium,AU2024303022A1,PGDB_AS000100,% Degradation,luminescence,standardized
PGDB_C022494,C=Cc1cc(N2C3CCC2CN(c2cc(-c4ccccc4O)nnc2N)CC3)ccn1,SMARCA2,,50.0,<,1,HeLa,Plexium,AU2024303022A1,PGDB_AS001450,% Degradation,luminescence,standardized
PGDB_C022494,C=Cc1cc(N2C3CCC2CN(c2cc(-c4ccccc4O)nnc2N)CC3)ccn1,SMARCA4,,50.0,<,1,HeLa,Plexium,AU2024303022A1,PGDB_AS000100,% Degradation,luminescence,standardized
PGDB_C022438,C=Cc1cc(N2CC3CCC2CN3c2cc(-c3ccccc3O)nnc2N)ccn1,SMARCA2,,50.0,<,1,HeLa,Plexium,AU2024303022A1,PGDB_AS001450,% Degradation,luminescence,standardized
PGDB_C022438,C=Cc1cc(N2CC3CCC2CN3c2cc(-c3ccccc3O)nnc2N)ccn1,SMARCA4,,50.0,<,1,HeLa,Plexium,AU2024303022A1,PGDB_AS000100,% Degradation,luminescence,standardized
PGDB_C022459,C=Cc1cc(N2CC3CN(c4cc(-c5ccccc5O)nnc4N)CC32)ccn1,SMARCA2,,50.0,<,1,HeLa,Plexium,AU2024303022A1,PGDB_AS001450,% Degradation,luminescence,standardized
PGDB_C022459,C=Cc1cc(N2CC3CN(c4cc(-c5ccccc5O)nnc4N)CC32)ccn1,SMARCA4,,50.0,<,1,HeLa,Plexium,AU2024303022A1,PGDB_AS000100,% Degradation,luminescence,standardized
PGDB_C022465,C=Cc1cc(N2CC3CN(c4cc(-c5ccccc5O)nnc4N)CC3C2)ccn1,SMARCA2,,50.0,<,1,HeLa,Plexium,AU2024303022A1,PGDB_AS001450,% Degradation,luminescence,standardized
PGDB_C022477,C=Cc1cc(N2CCC3(CC2)CCN(c2cc(-c4ccccc4O)nnc2N)C3)ccn1,SMARCA2,,50.0,<,1,HeLa,Plexium,AU2024303022A1,PGDB_AS001450,% Degradation,luminescence,standardized
PGDB_C022462,C=Cc1cc(N2CCC3(CCCN(c4cc(-c5ccccc5O)nnc4N)C3)CC2)ccn1,SMARCA2,,50.0,<,1,HeLa,Plexium,AU2024303022A1,PGDB_AS001450,% Degradation,luminescence,standardized
PGDB_C022462,C=Cc1cc(N2CCC3(CCCN(c4cc(-c5ccccc5O)nnc4N)C3)CC2)ccn1,SMARCA4,,50.0,<,1,HeLa,Plexium,AU2024303022A1,PGDB_AS000100,% Degradation,luminescence,standardized
PGDB_C022437,C=Cc1cc(N2CCN(c3cc(-c4ccccc4O)nnc3N)CC2C(C)C)ccn1,SMARCA4,,50.0,<,1,HeLa,Plexium,AU2024303022A1,PGDB_AS000100,% Degradation,luminescence,standardized
PGDB_C022478,C=Cc1cc(N2CCN(c3cc(-c4ccccc4O)nnc3N)CC[C@@H]2C)ccn1,SMARCA2,,50.0,<,1,HeLa,Plexium,AU2024303022A1,PGDB_AS001450,% Degradation,luminescence,standardized
PGDB_C022478,C=Cc1cc(N2CCN(c3cc(-c4ccccc4O)nnc3N)CC[C@@H]2C)ccn1,SMARCA4,,50.0,<,1,HeLa,Plexium,AU2024303022A1,PGDB_AS000100,% Degradation,luminescence,standardized
PGDB_C022458,C=Cc1cc(N2CCN(c3cc(-c4ccccc4O)nnc3N)C[C@@H]2C)ccn1,SMARCA4,,50.0,<,1,HeLa,Plexium,AU2024303022A1,PGDB_AS000100,% Degradation,luminescence,standardized
PGDB_C022469,C=Cc1cc(N2CCN3c4cc(-c5ccccc5O)nnc4NCC3C2)ccn1,SMARCA4,,50.0,<,1,HeLa,Plexium,AU2024303022A1,PGDB_AS000100,% Degradation,luminescence,standardized
PGDB_C022443,C=Cc1cc(N2CCN3c4cc(-c5ccccc5O)nnc4NC[C@@H]3C2)ccn1,SMARCA4,,50.0,<,1,HeLa,Plexium,AU2024303022A1,PGDB_AS000100,% Degradation,luminescence,standardized
PGDB_C022446,C=Cc1cc(N2CCN3c4cc(-c5ccccc5O)nnc4NC[C@H]3C2)ccn1,SMARCA2,,50.0,<,1,HeLa,Plexium,AU2024303022A1,PGDB_AS001450,% Degradation,luminescence,standardized
PGDB_C022471,C=Cc1cc(N2C[C@@H]3CN(c4cc(-c5ccccc5O)nnc4N)C[C@@H]3C2)ccn1,SMARCA2,,50.0,<,1,HeLa,Plexium,AU2024303022A1,PGDB_AS001450,% Degradation,luminescence,standardized
PGDB_C022440,C=Cc1cc(N2C[C@H]3C[C@@H]2CN3c2cc(-c3ccccc3O)nnc2N)ccn1,SMARCA2,,50.0,<,1,HeLa,Plexium,AU2024303022A1,PGDB_AS001450,% Degradation,luminescence,standardized
PGDB_C022440,C=Cc1cc(N2C[C@H]3C[C@@H]2CN3c2cc(-c3ccccc3O)nnc2N)ccn1,SMARCA4,,50.0,<,1,HeLa,Plexium,AU2024303022A1,PGDB_AS000100,% Degradation,luminescence,standardized
PGDB_C022470,C=Cc1nccc(N2C[C@@H]3CN(c4cc(-c5ccccc5O)nnc4N)C[C@@H]3C2)n1,SMARCA2,,50.0,<,1,HeLa,Plexium,AU2024303022A1,PGDB_AS001450,% Degradation,luminescence,standardized
PGDB_C033003,CC#Cc1c(-c2ccc(-n3c(C(F)(F)F)cc(C)cc3=O)cc2)cccc1C1CCC(=O)NC1=O,VAV1,,50.0,<=,1,Jurkat,,WO2026145172A1,PGDB_AS002614,% Degradation,luminescence,standardized
PGDB_C000681,CC#Cc1ccc(F)c(NC(=O)OC2CN(c3cc(F)c(N4CCC(=O)NC4=O)c(F)c3)C2)c1,GSPT1,,5.24,=,1,HEK293,Nanjing Sanhome Pharmaceutical,CN119431327A,PGDB_AS002180,% Degradation,luminescence,standardized
PGDB_C029548,CC(=O)N(Cc1ccn(C)n1)c1ccc(-c2cccc(C3CCC(=O)NC3=O)c2Cl)cc1,VAV1,,7.4,=,1,,Shanghai Qilu Pharmaceutical Research And Development Centre,WO2026051943A1,PGDB_AS001440,% Degradation,luminescence,standardized
PGDB_C029466,CC(=O)N1CC2CC2c2cc(-c3cccc(C4CCC(=O)NC4=O)c3Cl)ccc21,VAV1,,10.14,=,1,,Shanghai Qilu Pharmaceutical Research And Development Centre,WO2026051943A1,PGDB_AS001440,% Degradation,luminescence,standardized
PGDB_C029473,CC(=O)N1CCCOc2cc(-c3cccc(C4CCC(=O)NC4=O)c3Cl)ccc21,VAV1,,9.51,=,1,,Shanghai Qilu Pharmaceutical Research And Development Centre,WO2026051943A1,PGDB_AS001440,% Degradation,luminescence,standardized
PGDB_C029444,CC(=O)N1CCSc2cc(-c3cccc(C4CCC(=O)NC4=O)c3Cl)ccc21,VAV1,,6.1,=,1,,Shanghai Qilu Pharmaceutical Research And Development Centre,WO2026051943A1,PGDB_AS001440,% Degradation,luminescence,standardized
PGDB_C026994,CC(=O)NCC#Cc1nccc(N2CCCN(c3cc(-c4ccccc4O)nnc3N)CC2)n1,SMARCA2,,500.0,>=,0,HeLa,Plexium,WO2023244806A1,PGDB_AS002237,% Degradation,luminescence,standardized
PGDB_C026994,CC(=O)NCC#Cc1nccc(N2CCCN(c3cc(-c4ccccc4O)nnc3N)CC2)n1,SMARCA4,,500.0,>=,0,HeLa,Plexium,WO2023244806A1,PGDB_AS000073,% Degradation,luminescence,standardized
PGDB_C026942,CC(=O)NCC#Cc1nccc(N2CCN(c3cc(-c4ccccc4O)nnc3N)CC2)n1,SMARCA4,,5000.0,>,0,HeLa,Plexium,WO2023244806A1,PGDB_AS000073,% Degradation,luminescence,standardized
PGDB_C004138,CC(=O)Nc1ccc(-c2nc(-c3ccc4c(c3)CN(C3CCC(=O)NC3=O)C4=O)cn2C)cc1,CSNK1A1,,25.0,<,1,HEK293,Innovo Therapeutics,EP4584259A1,PGDB_AS001103,% Degradation,,standardized
PGDB_C032037,CC(=O)Nc1sc(-c2cccc(C3CCC(=O)NC3=O)c2Cl)cc1C,VAV1,,1.3,=,1,,Changchun Genescience Pharmaceutical Co Ltd,WO2026119120A1,PGDB_AS001984,% Degradation,luminescence,standardized
PGDB_C032054,CC(=O)Nc1sc(-c2cccc(C3CCC(=O)NC3=O)c2Cl)cc1C1CC1,VAV1,,0.7,=,1,,Changchun Genescience Pharmaceutical Co Ltd,WO2026119120A1,PGDB_AS001984,% Degradation,luminescence,standardized
PGDB_C032052,CC(=O)Nc1sc(-c2cccc(C3CCC(=O)NC3=O)c2Cl)cc1Cl,VAV1,,7.1,=,1,,Changchun Genescience Pharmaceutical Co Ltd,WO2026119120A1,PGDB_AS001984,% Degradation,luminescence,standardized
PGDB_C027270,CC(C#Cc1cc(N2CCN(c3cc(-c4ccccc4O)nnc3N)CC[C@H]2C)ccn1)N(C)C,SMARCA2,,50.0,<,1,HeLa,Plexium,WO2023244806A1,PGDB_AS002237,% Degradation,luminescence,standardized
PGDB_C027270,CC(C#Cc1cc(N2CCN(c3cc(-c4ccccc4O)nnc3N)CC[C@H]2C)ccn1)N(C)C,SMARCA4,,50.0,<,1,HeLa,Plexium,WO2023244806A1,PGDB_AS000073,% Degradation,luminescence,standardized
PGDB_C027278,CC(C#Cc1nc(N2CCN(c3cc(-c4ccccc4O)nnc3N)CC[C@H]2C)ccc1C#N)N(C)C,SMARCA2,,50.0,<,1,HeLa,Plexium,WO2023244806A1,PGDB_AS002237,% Degradation,luminescence,standardized
PGDB_C027278,CC(C#Cc1nc(N2CCN(c3cc(-c4ccccc4O)nnc3N)CC[C@H]2C)ccc1C#N)N(C)C,SMARCA4,,50.0,<,1,HeLa,Plexium,WO2023244806A1,PGDB_AS000073,% Degradation,luminescence,standardized
PGDB_C026967,CC(C#Cc1nccc(N2CCN(c3cc(-c4ccccc4O)nnc3N)CC2)n1)NC(=O)c1cc2ncccn2n1,SMARCA4,,50.0,<,1,HeLa,Plexium,WO2023244806A1,PGDB_AS000073,% Degradation,luminescence,standardized
PGDB_C027126,CC(C#Cc1nccc(N2CCN(c3cc(-c4ccccc4O)nnc3N)CC[C@H]2C)n1)N(C)C,SMARCA2,,50.0,<,1,HeLa,Plexium,WO2023244806A1,PGDB_AS002237,% Degradation,luminescence,standardized
PGDB_C027126,CC(C#Cc1nccc(N2CCN(c3cc(-c4ccccc4O)nnc3N)CC[C@H]2C)n1)N(C)C,SMARCA4,,50.0,<,1,HeLa,Plexium,WO2023244806A1,PGDB_AS000073,% Degradation,luminescence,standardized
PGDB_C020451,CC(C)(C(=O)NCc1cc(F)c(C2CCC(=O)NC2=O)c(Cl)c1)c1nocc1C(F)(F)F,NEK7,,76.0,=,1,CAL-51,Monte Rosa Therapeutics,KR20260041885A,PGDB_AS000476,% Degradation,luminescence,standardized
PGDB_C007557,CC(C)(C)N1CCN(Cc2ccc(Cc3ccc4c5c(cc(F)cc35)C(=O)N4C3CCC(=O)NC3=O)c(F)c2)CC1,IKZF1,,1.22,=,1,HT-1080,Hangzhou Glubio Pharmaceutical,EP4393915A1,PGDB_AS001653,% Degradation,luminescence,standardized
PGDB_C007557,CC(C)(C)N1CCN(Cc2ccc(Cc3ccc4c5c(cc(F)cc35)C(=O)N4C3CCC(=O)NC3=O)c(F)c2)CC1,SALL4,,10000.0,>,0,HT-1080,Hangzhou Glubio Pharmaceutical,EP4393915A1,PGDB_AS000384,% Degradation,luminescence,standardized
PGDB_C000477,CC(C)(C)OC(=O)/C=C/c1ccc2c(c1)C(=O)N(C1CCC(=O)NC1=O)C2,GSPT1,,3858.0,=,0,U937,Livzon Pharmaceutical Group;Jinan University,CN117917402A,PGDB_AS002566,% Degradation,Western_blot,standardized
PGDB_C000480,CC(C)(C)OC(=O)COc1ccc2c(c1)C(=O)N(C1CCC(=O)NC1=O)C2,GSPT1,,10000.0,>,0,U937,Livzon Pharmaceutical Group;Jinan University,CN117917402A,PGDB_AS002566,% Degradation,Western_blot,standardized
PGDB_C027230,CC(C)(C)OC(=O)N1CC2CC1CN2CC#Cc1nccc(N2CCCN(c3cc(-c4ccccc4O)nnc3N)CC2)n1,SMARCA2,,500.0,>=,0,HeLa,Plexium,WO2023244806A1,PGDB_AS002237,% Degradation,luminescence,standardized
PGDB_C027230,CC(C)(C)OC(=O)N1CC2CC1CN2CC#Cc1nccc(N2CCCN(c3cc(-c4ccccc4O)nnc3N)CC2)n1,SMARCA4,,500.0,>=,0,HeLa,Plexium,WO2023244806A1,PGDB_AS000073,% Degradation,luminescence,standardized
PGDB_C011907,CC(C)(C)OC(=O)N1CC=C(c2cn3c(-c4cnn(C(F)F)c4)cnc3c(NCc3nc4cc(Cl)c(Cl)cc4[nH]3)n2)CC1,CCNK,,710.0,=,0,,H Lee Moffitt Cancer Center And Research Institute,WO2025226846A1,PGDB_AS002539,% Degradation,fluorescence,standardized
PGDB_C027223,CC(C)(C)OC(=O)N1CCC(C#Cc2nccc(N3CCCN(c4cc(-c5ccccc5O)nnc4N)CC3)n2)CC1,SMARCA2,,500.0,>=,0,HeLa,Plexium,WO2023244806A1,PGDB_AS002237,% Degradation,luminescence,standardized
PGDB_C027223,CC(C)(C)OC(=O)N1CCC(C#Cc2nccc(N3CCCN(c4cc(-c5ccccc5O)nnc4N)CC3)n2)CC1,SMARCA4,,500.0,>=,0,HeLa,Plexium,WO2023244806A1,PGDB_AS000073,% Degradation,luminescence,standardized
PGDB_C025110,CC(C)(C)OC(=O)N1CCC(C)(n2cc(C(=O)c3ccc4c5c(cccc35)C(=O)N4C3CCC(=O)NC3=O)cn2)CC1,GSPT1,,10000.0,>,0,293T.114,C4 Therapeutics,WO2022081927A1,PGDB_AS001223,% Degradation,luminescence,standardized
PGDB_C025110,CC(C)(C)OC(=O)N1CCC(C)(n2cc(C(=O)c3ccc4c5c(cccc35)C(=O)N4C3CCC(=O)NC3=O)cn2)CC1,IKZF1,,100.0,<,1,NCI-H929.11,C4 Therapeutics,WO2022081927A1,PGDB_AS000877,% Degradation,luminescence,standardized
PGDB_C025110,CC(C)(C)OC(=O)N1CCC(C)(n2cc(C(=O)c3ccc4c5c(cccc35)C(=O)N4C3CCC(=O)NC3=O)cn2)CC1,SALL4,,100.0,<,1,KELLY.2,C4 Therapeutics,WO2022081927A1,PGDB_AS001296,% Degradation,luminescence,standardized
PGDB_C026784,CC(C)(C)OC(=O)N1CCC(n2cc(Cc3ccc4c5c(cccc35)C(=O)N4[C@H]3CCC(=O)NC3=O)cn2)CC1,GSPT1,,10000.0,>,0,293T.114,C4 Therapeutics,WO2022081927A1,PGDB_AS001223,% Degradation,luminescence,standardized
PGDB_C026784,CC(C)(C)OC(=O)N1CCC(n2cc(Cc3ccc4c5c(cccc35)C(=O)N4[C@H]3CCC(=O)NC3=O)cn2)CC1,IKZF1,,100.0,<,1,NCI-H929.11,C4 Therapeutics,WO2022081927A1,PGDB_AS000877,% Degradation,luminescence,standardized
PGDB_C026784,CC(C)(C)OC(=O)N1CCC(n2cc(Cc3ccc4c5c(cccc35)C(=O)N4[C@H]3CCC(=O)NC3=O)cn2)CC1,SALL4,,100.0,<,1,KELLY.2,C4 Therapeutics,WO2022081927A1,PGDB_AS001296,% Degradation,luminescence,standardized
PGDB_C026977,CC(C)(C)OC(=O)N1Cc2cn(CC#Cc3nccc(N4CCCN(c5cc(-c6ccccc6O)nnc5N)CC4)n3)nc2C1,SMARCA4,,50.0,<,1,HeLa,Plexium,WO2023244806A1,PGDB_AS000073,% Degradation,luminescence,standardized
PGDB_C027303,CC(C)(C)OC(=O)NCC#Cc1cccc(N2CCCN(c3cc(-c4ccccc4O)nnc3N)CC2)n1,SMARCA2,,500.0,>=,0,HeLa,Plexium,WO2023244806A1,PGDB_AS002237,% Degradation,luminescence,standardized
PGDB_C027303,CC(C)(C)OC(=O)NCC#Cc1cccc(N2CCCN(c3cc(-c4ccccc4O)nnc3N)CC2)n1,SMARCA4,,5000.0,>,0,HeLa,Plexium,WO2023244806A1,PGDB_AS000073,% Degradation,luminescence,standardized
PGDB_C027175,CC(C)(C)OC(=O)NCC#Cc1nccc(N2C3CCC2CN(c2cc(-c4ccccc4O)nnc2N)CC3)n1,SMARCA2,,50.0,<,1,HeLa,Plexium,WO2023244806A1,PGDB_AS002237,% Degradation,luminescence,standardized
PGDB_C027175,CC(C)(C)OC(=O)NCC#Cc1nccc(N2C3CCC2CN(c2cc(-c4ccccc4O)nnc2N)CC3)n1,SMARCA4,,50.0,<,1,HeLa,Plexium,WO2023244806A1,PGDB_AS000073,% Degradation,luminescence,standardized
PGDB_C027131,CC(C)(C)OC(=O)NCC#Cc1nccc(N2CC3=C(C2)CN(c2cc(-c4ccccc4O)nnc2N)C3)n1,SMARCA2,,50.0,<,1,HeLa,Plexium,WO2023244806A1,PGDB_AS002237,% Degradation,luminescence,standardized
PGDB_C027131,CC(C)(C)OC(=O)NCC#Cc1nccc(N2CC3=C(C2)CN(c2cc(-c4ccccc4O)nnc2N)C3)n1,SMARCA4,,50.0,<,1,HeLa,Plexium,WO2023244806A1,PGDB_AS000073,% Degradation,luminescence,standardized
PGDB_C033092,CC(C)(C)O[C@H]1CC[C@H](NC(=O)c2ccc(N3CCC(CN4CCC5(CC4)COc4c5cc(Cl)c5c4CN([C@H]4CCC(=O)NC4=O)C5=O)CC3)c(F)c2)CC1,CSNK1A1,,100.0,<=,1,HEK293,,WO2026139085A1,PGDB_AS002601,% Degradation,luminescence,standardized
PGDB_C012232,CC(C)(C)c1cnc(N2CC3(C2)CN(c2cccc(C4CCC(=O)NC4=O)c2Cl)C3)o1,VAV1,,10000.0,=,0,Jurkat,Monte Rosa Therapeutics,WO2026013577A1,PGDB_AS001744,% Degradation,luminescence,standardized
PGDB_C012227,CC(C)(C)c1cnc(N2CCN(c3cccc(C4CCC(=O)NC4=O)c3Cl)CC2)o1,VAV1,,10000.0,=,0,Jurkat,Monte Rosa Therapeutics,WO2026013577A1,PGDB_AS001744,% Degradation,luminescence,standardized
PGDB_C004596,CC(C)(NCCc1ccc(C(F)(F)F)c(Cl)c1)c1cccc(NC2=CC(=O)N(C3CCC(=O)NC3=O)C2=O)c1,IKZF1,,3.8,=,1,MOLT-4,Dana Farber Cancer Institute,US20230192644A1,PGDB_AS001602,% Degradation,luminescence,standardized
PGDB_C004596,CC(C)(NCCc1ccc(C(F)(F)F)c(Cl)c1)c1cccc(NC2=CC(=O)N(C3CCC(=O)NC3=O)C2=O)c1,IKZF2,,2.3,=,1,MOLT-4,Dana Farber Cancer Institute,US20230192644A1,PGDB_AS002021,% Degradation,luminescence,standardized
PGDB_C004595,CC(C)(NCCc1cccc(C(F)(F)F)c1)c1cccc(NC2=CC(=O)N(C3CCC(=O)NC3=O)C2=O)c1,IKZF1,,18.0,=,1,MOLT-4,Dana Farber Cancer Institute,US20230192644A1,PGDB_AS001602,% Degradation,luminescence,standardized
PGDB_C004595,CC(C)(NCCc1cccc(C(F)(F)F)c1)c1cccc(NC2=CC(=O)N(C3CCC(=O)NC3=O)C2=O)c1,IKZF2,,17.0,=,1,MOLT-4,Dana Farber Cancer Institute,US20230192644A1,PGDB_AS002021,% Degradation,luminescence,standardized
PGDB_C027213,CC(C)(O)C#Cc1nccc(N2CCCN(c3cc(-c4ccccc4O)nnc3N)CC2)n1,SMARCA2,,500.0,>=,0,HeLa,Plexium,WO2023244806A1,PGDB_AS002237,% Degradation,luminescence,standardized
PGDB_C027213,CC(C)(O)C#Cc1nccc(N2CCCN(c3cc(-c4ccccc4O)nnc3N)CC2)n1,SMARCA4,,500.0,>=,0,HeLa,Plexium,WO2023244806A1,PGDB_AS000073,% Degradation,luminescence,standardized
PGDB_C009246,CC(C)(O)c1cccn(-c2ccc(-c3cccc(C4CCC(=O)NC4=O)c3Cl)s2)c1=O,VAV1,,10.0,<=,1,Jurkat,Wuhan Humanwell Innovative Drug Research And Development Center,WO2026041143A1,PGDB_AS001882,% Degradation,Western_blot,manual_curated
PGDB_C001474,CC(C)(c1ccc(NC(=O)OCc2ccc3c(c2)C(=O)N(C2CCC(=O)NC2=O)C3)cc1)c1ccc(OC(F)F)cc1,GSPT1,,5.64,=,1,HEK293,Nanjing Sanhome Pharmaceutical,CN118852145A,PGDB_AS001853,% Degradation,,standardized
PGDB_C010198,CC(C)CN1CCC(O)(c2ccc3c(n2)CN(C2CCC(=O)NC2=O)C3=O)C(C)(C)C1,ARNT,,200.0,>=,0,7860-O,Neomorph,WO2025097092,PGDB_AS002177,% Degradation,luminescence,manual_curated
PGDB_C012058,CC(C)CN1CCN(Cc2cc3c(N4CCC(=O)NC4=O)noc3cc2F)C[C@@H]1C,WIZ,,4670.0,=,0,HT-1080,Linkcure Therapeutics,WO2025256460A1,PGDB_AS000508,% Degradation,luminescence,standardized
PGDB_C012082,CC(C)CN1CCN(Cc2ccn3nc(F)c(N4CCC(=O)NC4=O)c3c2)C[C@@H]1C,WIZ,,33.3,=,1,HT-1080,Linkcure Therapeutics,WO2025256460A1,PGDB_AS000508,% Degradation,luminescence,standardized
PGDB_C003930,CC(C)Cc1ccc(-c2c(-c3ccc4c(c3)CN(C3CCC(=O)NC3=O)C4=O)ncn2C)cc1,CSNK1A1,,25.0,<,1,HEK293,Innovo Therapeutics,EP4584259A1,PGDB_AS001103,% Degradation,,standardized
PGDB_C004147,CC(C)Cc1nc(-c2ccc3c(c2)CN(C2CCC(=O)NC2=O)C3=O)c(-c2ccccc2)o1,CSNK1A1,,25.0,<,1,HEK293,Innovo Therapeutics,EP4584259A1,PGDB_AS001103,% Degradation,,standardized
PGDB_C004147,CC(C)Cc1nc(-c2ccc3c(c2)CN(C2CCC(=O)NC2=O)C3=O)c(-c2ccccc2)o1,GSPT1,,25.0,<,1,HEK293,Innovo Therapeutics,EP4584259A1,PGDB_AS001862,% Degradation,luminescence,standardized
PGDB_C003474,CC(C)Cn1cc(-c2c(-c3ccc4c(c3)CN(C3CCC(=O)NC3=O)C4=O)cnn2C)cn1,GSPT1,,25.0,<,1,HEK293,Innovo Therapeutics,EP4584259A1,PGDB_AS001862,% Degradation,luminescence,standardized
PGDB_C003670,CC(C)Cn1cc(-c2c(-c3ccc4c(c3)CN(C3CCC(=O)NC3=O)C4=O)ncn2C)cn1,CSNK1A1,,25.0,<,1,HEK293,Innovo Therapeutics,EP4584259A1,PGDB_AS001103,% Degradation,,standardized
PGDB_C003450,CC(C)Cn1cnc(-c2ccc3c(c2)CN(C2CCC(=O)NC2=O)C3=O)c1-c1ccccc1,CSNK1A1,,25.0,<,1,HEK293,Innovo Therapeutics,EP4584259A1,PGDB_AS001103,% Degradation,,standardized
PGDB_C003450,CC(C)Cn1cnc(-c2ccc3c(c2)CN(C2CCC(=O)NC2=O)C3=O)c1-c1ccccc1,GSPT1,,25.0,<,1,HEK293,Innovo Therapeutics,EP4584259A1,PGDB_AS001862,% Degradation,luminescence,standardized
PGDB_C012178,CC(C)Cn1cncc(N2CCN(c3cccc(C4CCC(=O)NC4=O)c3Cl)CC2)c1=O,VAV1,,15.887,=,1,Jurkat,Monte Rosa Therapeutics,WO2026013577A1,PGDB_AS001744,% Degradation,luminescence,standardized
PGDB_C012186,CC(C)Cn1nccc(N2CCC(c3cccc(C4CCC(=O)NC4=O)c3Cl)CC2)c1=O,VAV1,,67.452,=,1,Jurkat,Monte Rosa Therapeutics,WO2026013577A1,PGDB_AS001744,% Degradation,luminescence,standardized
PGDB_C027199,CC(C)NC(=O)NCC#Cc1nccc(N2CCCN(c3cc(-c4ccccc4O)nnc3N)CC2)n1,SMARCA2,,500.0,>=,0,HeLa,Plexium,WO2023244806A1,PGDB_AS002237,% Degradation,luminescence,standardized
PGDB_C027199,CC(C)NC(=O)NCC#Cc1nccc(N2CCCN(c3cc(-c4ccccc4O)nnc3N)CC2)n1,SMARCA4,,500.0,>=,0,HeLa,Plexium,WO2023244806A1,PGDB_AS000073,% Degradation,luminescence,standardized
PGDB_C012158,CC(C)OC(=O)N1CCC(CN2CCN(Cc3ccn4nc(F)c(N5CCC(=O)NC5=O)c4c3)C[C@@H]2C)CC1,WIZ,,16.6,=,1,HT-1080,Linkcure Therapeutics,WO2025256460A1,PGDB_AS000508,% Degradation,luminescence,standardized
PGDB_C002456,CC(C)OC1CCC(C2CN([C@H]3CCCC[C@@H]3Oc3ccc4c(c3)CN(C3CCC(=O)NC3=O)C4=O)C2)CC1,GSPT1,,30000.0,>,0,HEK293T,Plexium,TW202410889A,PGDB_AS000301,% Degradation,luminescence,standardized
PGDB_C033085,CC(C)OC1CCC(NC(=O)c2ncc(N3CCC(CN4CCC5(CC4)COc4c5cc(Cl)c5c4CN([C@H]4CCC(=O)NC4=O)C5=O)CC3)cn2)CC1,CSNK1A1,,100.0,<=,1,HEK293,,WO2026139085A1,PGDB_AS002601,% Degradation,luminescence,standardized
PGDB_C016648,CC(C)OC1CCN(Cc2cc3c4c(cccc4c2)N(C2CCC(=O)NC2=O)C3=O)CC1,GSPT1,CRBN,10000.0,>,0,293T.114,C4 Therapeutics,WO2022081927A1,PGDB_AS001662,% Degradation,luminescence,standardized
PGDB_C016648,CC(C)OC1CCN(Cc2cc3c4c(cccc4c2)N(C2CCC(=O)NC2=O)C3=O)CC1,SALL4,,10000.0,>,0,KELLY.2,C4 Therapeutics,WO2022081927A1,PGDB_AS001296,% Degradation,luminescence,standardized
PGDB_C027255,CC(C)OCC#Cc1cc(N2CCN(c3cc(-c4ccccc4O)nnc3N)CC[C@H]2C)ccn1,SMARCA2,,50.0,<,1,HeLa,Plexium,WO2023244806A1,PGDB_AS002237,% Degradation,luminescence,standardized
PGDB_C027255,CC(C)OCC#Cc1cc(N2CCN(c3cc(-c4ccccc4O)nnc3N)CC[C@H]2C)ccn1,SMARCA4,,50.0,<,1,HeLa,Plexium,WO2023244806A1,PGDB_AS000073,% Degradation,luminescence,standardized
PGDB_C002455,CC(C)O[C@H]1CC[C@@H](C2CN([C@H]3CCCC[C@@H]3Oc3ccc4c(c3)CN(C3CCC(=O)NC3=O)C4=O)C2)CC1,GSPT1,,30000.0,>,0,HEK293,Plexium,WO2023283430A1,PGDB_AS002498,% Degradation,,standardized
PGDB_C032759,CC(C)O[C@H]1CC[C@H](NC(=O)c2c(F)cc(N3CCC(F)(CN4CCC5(CC4)COc4c5cc(Cl)c5c4CN([C@H]4CCC(=O)NC4=O)C5=O)CC3)cc2F)CC1,CSNK1A1,,1.0,<,1,HEK293,,WO2026139085A1,PGDB_AS002601,% Degradation,luminescence,standardized
PGDB_C032757,CC(C)O[C@H]1CC[C@H](NC(=O)c2cc(F)c(N3CCC(F)(CN4CCC5(CC4)COc4c5cc(Cl)c5c4CN([C@H]4CCC(=O)NC4=O)C5=O)CC3)cc2F)CC1,CSNK1A1,,1.0,<,1,HEK293,,WO2026139085A1,PGDB_AS002601,% Degradation,luminescence,standardized
PGDB_C033087,CC(C)O[C@H]1CC[C@H](NC(=O)c2ccc(N3CCC(CN4CCC5(CC4)COc4c5cc(Cl)c5c4CN([C@H]4CCC(=O)NC4=O)C5=O)CC3)c(F)c2)CC1,CSNK1A1,,1.0,<,1,HEK293,,WO2026139085A1,PGDB_AS002601,% Degradation,luminescence,standardized
PGDB_C033088,CC(C)O[C@H]1CC[C@H](NC(=O)c2ccc(N3CCC(CN4CCC5(CC4)OCc4c5cc(Cl)c5c4CN([C@H]4CCC(=O)NC4=O)C5=O)C(C)C3)cc2F)CC1,CSNK1A1,,10.0,<=,1,HEK293,,WO2026139085A1,PGDB_AS002601,% Degradation,luminescence,standardized
PGDB_C033132,CC(C)O[C@H]1CC[C@H](NC(=O)c2ccc(N3CCC(F)(CN4CCC5(CC4)COc4c5cc(Cl)c5c4CN([C@H]4CCC(=O)NC4=O)C5=O)CC3)c(F)c2)CC1,CSNK1A1,,1.0,<,1,HEK293,,WO2026139085A1,PGDB_AS002601,% Degradation,luminescence,standardized
PGDB_C032758,CC(C)O[C@H]1CC[C@H](NC(=O)c2ccc(N3CCC(F)(CN4CCC5(CC4)COc4c5cc(Cl)c5c4CN([C@H]4CCC(=O)NC4=O)C5=O)CC3)c(F)c2F)CC1,CSNK1A1,,1.0,<,1,HEK293,,WO2026139085A1,PGDB_AS002601,% Degradation,luminescence,standardized
PGDB_C033148,CC(C)O[C@H]1CC[C@H](NC(=O)c2ccc(N3CCC(F)(CN4CCC5(CC4)COc4c5cc(Cl)c5c4CN([C@H]4CCC(=O)NC4=O)C5=O)CC3)c(S(C)(=O)=O)c2)CC1,CSNK1A1,,1.0,<,1,HEK293,,WO2026139085A1,PGDB_AS002601,% Degradation,luminescence,standardized
PGDB_C032756,CC(C)O[C@H]1CC[C@H](NC(=O)c2ccc(N3CCC(F)(CN4CCC5(CC4)COc4c5cc(Cl)c5c4CN([C@H]4CCC(=O)NC4=O)C5=O)CC3)cc2C#N)CC1,CSNK1A1,,1.0,<,1,HEK293,,WO2026139085A1,PGDB_AS002601,% Degradation,luminescence,standardized
PGDB_C033140,CC(C)O[C@H]1CC[C@H](NC(=O)c2ccc(N3CCC(F)(CN4CCC5(CC4)COc4c5cc(Cl)c5c4CN([C@H]4CCC(=O)NC4=O)C5=O)CC3)cc2F)CC1,CSNK1A1,,1.0,<,1,HEK293,,WO2026139085A1,PGDB_AS002601,% Degradation,luminescence,standardized
PGDB_C033077,CC(C)O[C@H]1CC[C@H](NC(=O)c2ccc(N3CCC(F)(CN4CCC5(CC4)COc4c5cc(F)c5c4CN([C@H]4CCC(=O)NC4=O)C5=O)CC3)c(F)c2)CC1,CSNK1A1,,1.0,<,1,HEK293,,WO2026139085A1,PGDB_AS002601,% Degradation,luminescence,standardized
PGDB_C033096,CC(C)O[C@H]1CC[C@H](NC(=O)c2cccc(N3CCC(CN4CCC5(CC4)COc4c5cc(Cl)c5c4CN([C@H]4CCC(=O)NC4=O)C5=O)CC3)c2)CC1,CSNK1A1,,100.0,<=,1,HEK293,,WO2026139085A1,PGDB_AS002601,% Degradation,luminescence,standardized
PGDB_C033126,CC(C)O[C@H]1CC[C@H](NC(=O)c2cnc(N3CCC(CN4CCC5(CC4)COc4c5cc(Cl)c5c4CN([C@H]4CCC(=O)NC4=O)C5=O)CC3)c(F)c2)CC1,CSNK1A1,,1.0,<,1,HT-29,,WO2026139085A1,PGDB_AS002617,% Degradation,luminescence,standardized
PGDB_C033150,CC(C)O[C@H]1CC[C@H](NC(=O)c2cnc(N3CCC(CN4CCC5(CC4)COc4c5cc(Cl)c5c4CN([C@H]4CCC(=O)NC4=O)C5=O)CC3)nc2)CC1,CSNK1A1,,1.0,<,1,HEK293,,WO2026139085A1,PGDB_AS002601,% Degradation,luminescence,standardized
PGDB_C033078,CC(C)O[C@H]1CC[C@H](NC(=O)c2cnc(N3CCC(F)(CN4CCC5(CC4)COc4c5cc(Cl)c5c4CN([C@H]4CCC(=O)NC4=O)C5=O)CC3)nc2)CC1,CSNK1A1,,1.0,<,1,HEK293,,WO2026139085A1,PGDB_AS002601,% Degradation,luminescence,standardized
PGDB_C033113,CC(C)O[C@H]1CC[C@H](NC(=O)c2cnc(N3CCN(CN4CCC5(CC4)COc4c5cc(Cl)c5c4CN([C@H]4CCC(=O)NC4=O)C5=O)CC3)c(F)c2)CC1,CSNK1A1,,1.0,<,1,HT-29,,WO2026139085A1,PGDB_AS002617,% Degradation,luminescence,standardized
PGDB_C033102,CC(C)O[C@H]1CC[C@H](NC(=O)c2coc(N3CCC(F)(CN4CCC5(CC4)COc4c5cc(Cl)c5c4CN([C@H]4CCC(=O)NC4=O)C5=O)CC3)n2)CC1,CSNK1A1,,100.0,<=,1,HEK293,,WO2026139085A1,PGDB_AS002601,% Degradation,luminescence,standardized
PGDB_C032760,CC(C)O[C@H]1CC[C@H](NC(=O)c2csc(N3CCC(F)(CN4CCC5(CC4)COc4c5cc(Cl)c5c4CN([C@H]4CCC(=O)NC4=O)C5=O)CC3)n2)CC1,CSNK1A1,,1.0,<,1,HEK293,,WO2026139085A1,PGDB_AS002601,% Degradation,luminescence,standardized
PGDB_C033097,CC(C)O[C@H]1CC[C@H](NS(=O)(=O)c2ccc(N3CCC(F)(CN4CCC5(CC4)COc4c5cc(Cl)c5c4CN([C@H]4CCC(=O)NC4=O)C5=O)CC3)c(F)c2)CC1,CSNK1A1,,100.0,<=,1,HEK293,,WO2026139085A1,PGDB_AS002601,% Degradation,luminescence,standardized
PGDB_C033076,CC(C)Oc1cc(C(F)F)cc(=O)n1-c1cccc(-n2ncc3c(C4CCC(=O)NC4=O)cccc32)c1,VAV1,,10.0,<,1,Jurkat,,WO2026145172A1,PGDB_AS002614,% Degradation,luminescence,standardized
PGDB_C033142,CC(C)Oc1ccc(NC(=O)c2ccc(N3CCC(F)(CN4CCC5(CC4)COc4c5cc(Cl)c5c4CN([C@H]4CCC(=O)NC4=O)C5=O)CC3)cc2F)cc1,CSNK1A1,,100.0,<=,1,HEK293,,WO2026139085A1,PGDB_AS002601,% Degradation,luminescence,standardized
PGDB_C012156,CC(C)S(=O)(=O)N1CCC(CN2CCN(Cc3ccn4nc(F)c(N5CCC(=O)NC5=O)c4c3)C[C@@H]2C)CC1,WIZ,,47.6,=,1,HT-1080,Linkcure Therapeutics,WO2025256460A1,PGDB_AS000508,% Degradation,luminescence,standardized
PGDB_C005840,CC(C)S(=O)(=O)Nc1ccc(F)c(Oc2ccc3ncn([C@H]4COC5(CCN(C(=O)CC6(O)CCN(c7cc8c(cc7F)c(N7CCC(=O)NC7=O)nn8C)CC6)CC5)C4)c(=O)c3c2)c1C#N,BRAF,,23.5,=,1,A375.10,C4 Therapeutics,AU2022290851A1,PGDB_AS001308,% Degradation,luminescence,standardized
PGDB_C005714,CC(C)S(=O)(=O)Nc1ccc(F)c(Oc2ccc3ncn([C@H]4COC5(CCN(C(=O)CN6CCC(c7ccc(NC8CCC(=O)NC8=O)cc7F)CC6)CC5)C4)c(=O)c3c2)c1C#N,BRAF,,21.06,=,1,A375.10,C4 Therapeutics,AU2022290851A1,PGDB_AS001091,% Degradation,luminescence,standardized
PGDB_C005819,CC(C)S(=O)(=O)Nc1ccc(F)c(Oc2ccc3ncn([C@H]4COC5(CCN(C(=O)CN6CCC(c7ccc8c(C9CCC(=O)NC9=O)nn(C)c8c7)CC6)CC5)C4)c(=O)c3c2)c1C#N,BRAF,,36.5,=,1,A375.10,C4 Therapeutics,AU2022290851A1,PGDB_AS001308,% Degradation,luminescence,standardized
PGDB_C026976,CC(C)c1cc(C(C)C)n(CC#Cc2nccc(N3CCCN(c4cc(-c5ccccc5O)nnc4N)CC3)n2)n1,SMARCA4,,500.0,>=,0,HeLa,Plexium,WO2023244806A1,PGDB_AS000073,% Degradation,luminescence,standardized
PGDB_C003571,CC(C)c1ccc(-c2c(-c3ccc4c(c3)CN(C3CCC(=O)NC3=O)C4=O)cnn2C)cc1,CSNK1A1,,25.0,<,1,HEK293,Innovo Therapeutics,EP4584259A1,PGDB_AS001103,% Degradation,,standardized
PGDB_C003881,CC(C)c1ccc(-c2c(-c3ccc4c(c3)CN(C3CCC(=O)NC3=O)C4=O)ncn2C)cc1,CSNK1A1,,25.0,<,1,HEK293,Innovo Therapeutics,EP4584259A1,PGDB_AS001103,% Degradation,,standardized
PGDB_C003760,CC(C)c1cccc(-c2c(-c3ccc4c(c3)CN(C3CCC(=O)NC3=O)C4=O)ncn2C)c1,CSNK1A1,,25.0,<,1,HEK293,Innovo Therapeutics,EP4584259A1,PGDB_AS001103,% Degradation,,standardized
PGDB_C003518,CC(C)c1ccccc1-c1c(-c2ccc3c(c2)CN(C2CCC(=O)NC2=O)C3=O)cnn1C,CSNK1A1,,25.0,<,1,HEK293,Innovo Therapeutics,EP4584259A1,PGDB_AS001103,% Degradation,,standardized
PGDB_C003759,CC(C)c1ccccc1-c1c(-c2ccc3c(c2)CN(C2CCC(=O)NC2=O)C3=O)ncn1C,CSNK1A1,,25.0,<,1,HEK293,Innovo Therapeutics,EP4584259A1,PGDB_AS001103,% Degradation,,standardized
PGDB_C004146,CC(C)c1cn(-c2ccccc2)c(-c2ccc3c(c2)CN(C2CCC(=O)NC2=O)C3=O)n1,CSNK1A1,,25.0,<,1,HEK293,Innovo Therapeutics,EP4584259A1,PGDB_AS001103,% Degradation,,standardized
PGDB_C004146,CC(C)c1cn(-c2ccccc2)c(-c2ccc3c(c2)CN(C2CCC(=O)NC2=O)C3=O)n1,GSPT1,,25.0,<,1,HEK293,Innovo Therapeutics,EP4584259A1,PGDB_AS001862,% Degradation,luminescence,standardized
PGDB_C029204,CC(C)c1cn(C2CCN(CC3(F)CCN(C(=O)c4ccc(NC5CC6CN(c7cc(-c8ccccc8Cl)nnc7N)CC5N6)cc4)CC3)CC2)c2ccc(N3CCC(=O)NC3=O)cc12,SMARCA2,,379.7,=,0,,AstraZeneca,WO2026120044,PGDB_AS001809,% Degradation,,standardized
PGDB_C029205,CC(C)c1cn(C2CCN(CC3CCN(C(=O)c4ccc(N5C6CCC5CN(c5cc(-c7ccccc7O)nnc5N)C6)cc4)CC3)CC2)c2ccc(N3CCC(=O)NC3=O)cc12,SMARCA2,,33.6,=,1,,AstraZeneca,WO2026120044,PGDB_AS001809,% Degradation,,standardized
PGDB_C029205,CC(C)c1cn(C2CCN(CC3CCN(C(=O)c4ccc(N5C6CCC5CN(c5cc(-c7ccccc7O)nnc5N)C6)cc4)CC3)CC2)c2ccc(N3CCC(=O)NC3=O)cc12,SMARCA4,,1008.9999999999999,>,0,,AstraZeneca,WO2026120044,PGDB_AS001309,% Degradation,,standardized
PGDB_C004141,CC(C)c1nc(-c2ccc3c(c2)CN(C2CCC(=O)NC2=O)C3=O)c(-c2ccccc2)n1C,CSNK1A1,,25.0,<,1,HEK293,Innovo Therapeutics,EP4584259A1,PGDB_AS001103,% Degradation,,standardized
PGDB_C004148,CC(C)c1nc(-c2ccc3c(c2)CN(C2CCC(=O)NC2=O)C3=O)c(-c2ccccc2)o1,CSNK1A1,,25.0,<,1,HEK293,Innovo Therapeutics,EP4584259A1,PGDB_AS001103,% Degradation,,standardized
PGDB_C003781,CC(C)c1nc(-c2ccc3c(c2)CN(C2CCC(=O)NC2=O)C3=O)c(-c2cncnc2)n1C,CSNK1A1,,25.0,<,1,HEK293,Innovo Therapeutics,EP4584259A1,PGDB_AS001103,% Degradation,,standardized
PGDB_C004143,CC(C)c1nc(-c2ccc3c(c2)CN(C2CCC(=O)NC2=O)C3=O)cn1-c1ccccc1,CSNK1A1,,25.0,<,1,HEK293,Innovo Therapeutics,EP4584259A1,PGDB_AS001103,% Degradation,,standardized
PGDB_C002261,CC(C)n1c(C2CCC(NC(=O)c3cccc(CNc4cccc5c4C(=O)N(C4CCC(=O)NC4=O)C5=O)c3)CC2)nc2ccncc21,GSPT1,,100.0,<,1,HEK293,Zhuhai Woo Biological Science And Technology,WO2023237116A1,PGDB_AS002200,% Degradation,luminescence,standardized
PGDB_C004055,CC(C)n1cc(-c2c(-c3ccc4c(c3)CN(C3CCC(=O)NC3=O)C4=O)ncn2C)cn1,CSNK1A1,,25.0,<,1,HEK293,Innovo Therapeutics,EP4584259A1,PGDB_AS001103,% Degradation,,standardized
PGDB_C003787,CC(C)n1cc(-c2ccc3c(c2)CN(C2CCC(=O)NC2=O)C3=O)nc1-c1ccccc1,CSNK1A1,,25.0,<,1,HEK293,Innovo Therapeutics,EP4584259A1,PGDB_AS001103,% Degradation,,standardized
PGDB_C003666,CC(C)n1ccc(-c2c(-c3ccc4c(c3)CN(C3CCC(=O)NC3=O)C4=O)ncn2C)n1,CSNK1A1,,25.0,<,1,HEK293,Innovo Therapeutics,EP4584259A1,PGDB_AS001103,% Degradation,,standardized
PGDB_C012122,CC(C)n1ccc(N2CCC(CN3CCN(Cc4ccn5nc(F)c(N6CCC(=O)NC6=O)c5c4)C[C@@H]3C)CC2)n1,WIZ,,47.8,=,1,HT-1080,Linkcure Therapeutics,WO2025256460A1,PGDB_AS000508,% Degradation,luminescence,standardized
PGDB_C012191,CC(C)n1cccc(N2CCN(c3cccc(C4CCC(=O)NC4=O)c3Cl)CC2)c1=O,VAV1,,45.959,=,1,Jurkat,Monte Rosa Therapeutics,WO2026013577A1,PGDB_AS001744,% Degradation,luminescence,standardized
PGDB_C003788,CC(C)n1nc(-c2ccc3c(c2)CN(C2CCC(=O)NC2=O)C3=O)cc1-c1ccccc1,CSNK1A1,,25.0,<,1,HEK293,Innovo Therapeutics,EP4584259A1,PGDB_AS001103,% Degradation,,standardized
PGDB_C003791,CC(C)n1nc(-c2ccc3c(c2)CN(C2CCC(=O)NC2=O)C3=O)nc1-c1ccccc1,CSNK1A1,,25.0,<,1,HEK293,Innovo Therapeutics,EP4584259A1,PGDB_AS001103,% Degradation,,standardized
PGDB_C003907,CC(C)n1nc(-c2ccccc2)nc1-c1ccc2c(c1)CN(C1CCC(=O)NC1=O)C2=O,CSNK1A1,,25.0,<,1,HEK293,Innovo Therapeutics,EP4584259A1,PGDB_AS001103,% Degradation,,standardized
PGDB_C003545,CC(C)n1ncc(-c2ccc3c(c2)CN(C2CCC(=O)NC2=O)C3=O)c1-c1ccccc1,CSNK1A1,,25.0,<,1,HEK293,Innovo Therapeutics,EP4584259A1,PGDB_AS001103,% Degradation,,standardized
PGDB_C024756,CC(C)n1ncc2c1CCc1cc(-c3cccc(C4CCC(=O)NC4=O)c3Cl)ccc1-2,VAV1,,50.0,<=,1,Jurkat,Shanghai Meiyue Biotech Development Co Ltd,WO2026061428A1,PGDB_AS001390,% Degradation,fluorescence,standardized
PGDB_C012147,CC(C1CCC1)N1CCN(Cc2ccn3nc(F)c(N4CCC(=O)NC4=O)c3c2)C[C@@H]1C,WIZ,,121.0,=,0,HT-1080,Linkcure Therapeutics,WO2025256460A1,PGDB_AS000508,% Degradation,luminescence,standardized
PGDB_C029263,CC(C1CCN(C(=O)c2ccc(N3C4CCC3CN(c3cc(-c5ccccc5O)nnc3N)C4)cc2)CC1)N1CCC(n2cc(C3CC3)c3cc(N4CCC(=O)NC4=O)cnc32)CC1,SMARCA2,,9.5,=,1,,AstraZeneca,WO2026120044,PGDB_AS001809,% Degradation,,standardized
PGDB_C029263,CC(C1CCN(C(=O)c2ccc(N3C4CCC3CN(c3cc(-c5ccccc5O)nnc3N)C4)cc2)CC1)N1CCC(n2cc(C3CC3)c3cc(N4CCC(=O)NC4=O)cnc32)CC1,SMARCA4,,319.0,>,0,,AstraZeneca,WO2026120044,PGDB_AS001309,% Degradation,,standardized
PGDB_C010449,CC(CC(F)(F)F)N[C@H]1CCCC[C@@H]1Cc1ccc2c(c1)CN(C1CCC(=O)NC1=O)C2=O,SMARCA2,,500.0,>=,0,HeLa,Plexium,WO2025101944,PGDB_AS000900,% Degradation,luminescence,standardized
PGDB_C010449,CC(CC(F)(F)F)N[C@H]1CCCC[C@@H]1Cc1ccc2c(c1)CN(C1CCC(=O)NC1=O)C2=O,SMARCA4,,5000.0,>,0,HeLa,Plexium,WO2025101944,PGDB_AS000431,% Degradation,luminescence,standardized
PGDB_C012083,CC(CN1CCN(Cc2ccn3nc(F)c(N4CCC(=O)NC4=O)c3c2)C[C@@H]1C)C1CC1,WIZ,,127.0,=,0,HT-1080,Linkcure Therapeutics,WO2025256460A1,PGDB_AS000508,% Degradation,luminescence,standardized
PGDB_C029552,CC(F)(F)c1cccn(-c2ccc(-c3cccc(C4CCC(=O)NC4=O)c3Cl)cc2)c1=O,VAV1,,3.86,=,1,,Shanghai Qilu Pharmaceutical Research And Development Centre,WO2026051943A1,PGDB_AS001440,% Degradation,luminescence,standardized
PGDB_C000671,CC(F)(F)c1ncc(NC(=O)NC2CN(c3cc(F)c(C4CCC(=O)NC4=O)c(F)c3)C2)cc1C#CC1CC1,GSPT1,,219.2,=,0,CAL-51,Jiangsu Institute Of Sports Health,CN119264113A,PGDB_AS001139,% Degradation,fluorescence,standardized
PGDB_C016651,CC(NC(=O)c1ccc2c3c(ccnc13)N(C1CCC(=O)NC1=O)C2=O)c1ccccc1,SALL4,,100.0,<,1,KELLY.2,C4 Therapeutics,WO2022081927A1,PGDB_AS001296,% Degradation,luminescence,standardized
PGDB_C010434,CC(N[C@H]1CCCC[C@@H]1Cc1ccc2c(c1)CN(C1CCC(=O)NC1=O)C2=O)C1(C)CC1,SMARCA4,,5000.0,>,0,HeLa,Plexium,WO2025101944,PGDB_AS000431,% Degradation,luminescence,standardized
PGDB_C010447,CC(N[C@H]1CCCO[C@@H]1Cc1ccc2c(c1F)CN(C1CCC(=O)NC1=O)C2=O)C1CCC1,SMARCA2,,500.0,>=,0,HeLa,Plexium,WO2025101944,PGDB_AS000900,% Degradation,luminescence,standardized
PGDB_C010447,CC(N[C@H]1CCCO[C@@H]1Cc1ccc2c(c1F)CN(C1CCC(=O)NC1=O)C2=O)C1CCC1,SMARCA4,,500.0,>=,0,HeLa,Plexium,WO2025101944,PGDB_AS000431,% Degradation,luminescence,standardized
PGDB_C033018,CC(Oc1cc(C(F)(F)F)cc(=O)n1-c1cccc(-n2ncc3c(C4CCC(=O)NC4=O)cccc32)c1)C(F)(F)F,VAV1,,10.0,<,1,Jurkat,,WO2026145172A1,PGDB_AS002602,% Degradation,luminescence,standardized
PGDB_C033061,CC(Oc1cc(C(F)F)cc(=O)n1-c1cccc(-n2ncc3c(C4CCC(=O)NC4=O)cccc32)c1)C(F)(F)F,VAV1,,10.0,<,1,Jurkat,,WO2026145172A1,PGDB_AS002602,% Degradation,luminescence,standardized
PGDB_C006099,CC(c1ccc(C(F)(F)F)cc1)N1CCC(O)(c2ccc3c(c2)C(=O)N(C2CCC(=O)NC2=O)C3=O)CC1,IKZF2,,6.0,=,1,MOLT-4,Neomorph;Dana Farber Cancer Institute,CA3215907A1,PGDB_AS000536,% Degradation,luminescence,standardized
PGDB_C010156,CC(c1ccc(C(F)(F)F)cc1)N1CCC(O)(c2ccc3c(n2)CN(C2CCC(=O)NC2=O)C3=O)CC1,ARNT,,1000.0,>,0,7860-O,Neomorph,WO2025097092,PGDB_AS002177,% Degradation,luminescence,manual_curated
PGDB_C003205,CC(c1ccc2c(c1)CN(C1CCC(=O)NC1=O)C2=O)n1cc(Cc2ccccc2)nn1,GSPT1,,30.0,=,1,NB4,Beijing Innocare Pharma Tech,WO2024222614A1,PGDB_AS001663,% Degradation,luminescence,standardized
PGDB_C006076,CC(c1ccccc1)N1CCC(O)(c2ccc3c(c2)C(=O)N(C2CCC(=O)NC2=O)C3=O)CC1,IKZF2,,4.0,=,1,MOLT-4,Neomorph;Dana Farber Cancer Institute,CA3215907A1,PGDB_AS000536,% Degradation,luminescence,standardized
PGDB_C016653,CC1(C(=O)N2CCC(n3cc(Cc4ccc5c6c(cccc46)C(=O)N5[C@H]4CCC(=O)NC4=O)cn3)CC2)CCC1,GSPT1,,10000.0,>,0,293T.114,C4 Therapeutics,WO2022081927A1,PGDB_AS001223,% Degradation,luminescence,standardized
PGDB_C016653,CC1(C(=O)N2CCC(n3cc(Cc4ccc5c6c(cccc46)C(=O)N5[C@H]4CCC(=O)NC4=O)cn3)CC2)CCC1,IKZF1,,100.0,<,1,NCI-H929.11,C4 Therapeutics,WO2022081927A1,PGDB_AS000877,% Degradation,luminescence,standardized
PGDB_C016653,CC1(C(=O)N2CCC(n3cc(Cc4ccc5c6c(cccc46)C(=O)N5[C@H]4CCC(=O)NC4=O)cn3)CC2)CCC1,SALL4,,100.0,<,1,KELLY.2,C4 Therapeutics,WO2022081927A1,PGDB_AS001296,% Degradation,luminescence,standardized
PGDB_C032009,CC1(C)CCCc2cc(-c3cccc(C4CCC(=O)NC4=O)c3Cl)ccc2N1,VAV1,,13.8,=,1,,Changchun Genescience Pharmaceutical Co Ltd,WO2026119120A1,PGDB_AS001984,% Degradation,luminescence,standardized
PGDB_C024792,CC1(C)CCc2cc(-c3cccc(C4CCC(=O)NC4=O)c3Cl)ccc2NC1=O,VAV1,,4.8,=,1,,Changchun Genescience Pharmaceutical Co Ltd,WO2026119120A1,PGDB_AS001984,% Degradation,luminescence,standardized
PGDB_C027183,CC1(C)CN(CC#Cc2nccc(N3CCCN(c4cc(-c5ccccc5O)nnc4N)CC3)n2)CCO1,SMARCA4,,500.0,>=,0,HeLa,Plexium,WO2023244806A1,PGDB_AS000073,% Degradation,luminescence,standardized
PGDB_C010202,CC1(C)CN(Cc2ccc(C(F)(F)F)nc2)CCC1(O)c1ccc2c(n1)CN(C1CCC(=O)NC1=O)C2=O,ARNT,,200.0,>=,0,7860-O,Neomorph,WO2025097092,PGDB_AS002177,% Degradation,luminescence,manual_curated
PGDB_C026957,CC1(C)CN(c2ccnc(C#CCNC(=O)c3cc4ncccn4n3)n2)CCN1c1cc(-c2ccccc2O)nnc1N,SMARCA2,,500.0,>=,0,HeLa,Plexium,WO2023244806A1,PGDB_AS002237,% Degradation,luminescence,standardized
PGDB_C027189,CC1(C)COCCN1CC#Cc1nccc(N2CCCN(c3cc(-c4ccccc4O)nnc3N)CC2)n1,SMARCA4,,500.0,>=,0,HeLa,Plexium,WO2023244806A1,PGDB_AS000073,% Degradation,luminescence,standardized
PGDB_C024803,CC1(C)Cc2nc3c(ccc(=O)n3-c3ccc(-c4cccc(C5CCC(=O)NC5=O)c4Cl)cc3)n2C1,VAV1,,50.0,<=,1,Jurkat,Shanghai Meiyue Biotech Development Co Ltd,WO2026061428A1,PGDB_AS001390,% Degradation,fluorescence,standardized
PGDB_C024757,CC1(C)Cc2nc3ccc(=O)n(-c4ccc(-c5cccc(C6CCC(=O)NC6=O)c5Cl)cc4)c3n2C1,VAV1,,50.0,<=,1,Jurkat,Shanghai Meiyue Biotech Development Co Ltd,WO2026061428A1,PGDB_AS001390,% Degradation,fluorescence,standardized
PGDB_C024817,CC1(C)Cc2nc3cn(-c4ccc(-c5cccc(C6CCC(=O)NC6=O)c5Cl)cc4)c(=O)cc3n2C1,VAV1,,50.0,<=,1,Jurkat,Shanghai Meiyue Biotech Development Co Ltd,WO2026061428A1,PGDB_AS001390,% Degradation,fluorescence,standardized
PGDB_C033084,CC1(C)[C@H](NC(=O)c2ccc(N3CCC(CN4CCC5(CC4)COc4c5cc(Cl)c5c4CN([C@H]4CCC(=O)NC4=O)C5=O)CC3)c(F)c2)C(C)(C)[C@H]1Oc1ccc(C#N)cc1,CSNK1A1,,100.0,<=,1,HEK293,,WO2026139085A1,PGDB_AS002601,% Degradation,luminescence,standardized
PGDB_C033131,CC1(C)[C@H](NC(=O)c2ccc(N3CCC(CN4CCC5(CC4)COc4c5cc(Cl)c5c4CN([C@H]4CCC(=O)NC4=O)C5=O)CC3)c(F)c2)C(C)(C)[C@H]1Oc1ncccc1Cl,CSNK1A1,,10.0,<=,1,HEK293,,WO2026139085A1,PGDB_AS002601,% Degradation,luminescence,standardized
PGDB_C029177,CC1(CN2CCC(n3ccc4c(N5CCC(=O)NC5=O)cccc43)CC2)CCN(C(=O)c2ccc(N3C4CCC3CN(c3cc(-c5ccccc5O)nnc3N)C4)cc2)CC1,SMARCA2,,4.5,=,1,,AstraZeneca,WO2026120044,PGDB_AS001809,% Degradation,,standardized
PGDB_C027066,CC1(F)CCN(CC#Cc2nccc(N3C4CCC3CN(c3cc(-c5ccccc5O)nnc3N)C4)n2)C1,SMARCA2,,50.0,<,1,HeLa,Plexium,WO2023244806A1,PGDB_AS002237,% Degradation,luminescence,standardized
PGDB_C027066,CC1(F)CCN(CC#Cc2nccc(N3C4CCC3CN(c3cc(-c5ccccc5O)nnc3N)C4)n2)C1,SMARCA4,,50.0,<,1,HeLa,Plexium,WO2023244806A1,PGDB_AS000073,% Degradation,luminescence,standardized
PGDB_C003104,CC1(O)CC2(CN([C@@H]3CCCC[C@@H]3Oc3ccc4c(c3)CN(C3CCC(=O)NC3=O)C4=O)C2)C1,GSPT1,,30000.0,>,0,,Plexium,WO2024148088A1,PGDB_AS001329,% Degradation,,standardized
PGDB_C003103,CC1(O)CC2(CN([C@H]3CCCC[C@@H]3Oc3ccc4c(c3)CN(C3CCC(=O)NC3=O)C4=O)C2)C1,GSPT1,,30000.0,>,0,,Plexium,WO2024148088A1,PGDB_AS001329,% Degradation,,standardized
PGDB_C024947,CC1(n2cc(Cc3ccc4c5c(cccc35)C(=O)N4C3CCC(=O)NC3=O)cn2)CCN(C(=O)C2(C#N)CCCCC2)CC1,GSPT1,,10000.0,>,0,293T.114,C4 Therapeutics,WO2022081927A1,PGDB_AS001223,% Degradation,luminescence,standardized
PGDB_C024947,CC1(n2cc(Cc3ccc4c5c(cccc35)C(=O)N4C3CCC(=O)NC3=O)cn2)CCN(C(=O)C2(C#N)CCCCC2)CC1,SALL4,,100.0,<,1,KELLY.2,C4 Therapeutics,WO2022081927A1,PGDB_AS001296,% Degradation,luminescence,standardized
PGDB_C015373,CC1(n2cc(Cc3ccc4c5c(cccc35)C(=O)N4C3CCC(=O)NC3=O)cn2)CCN(C(=O)C2(C(F)(F)F)CC2)CC1,GSPT1,,10000.0,>,0,293T.114,C4 Therapeutics,WO2022081927A1,PGDB_AS001223,% Degradation,luminescence,standardized
PGDB_C015373,CC1(n2cc(Cc3ccc4c5c(cccc35)C(=O)N4C3CCC(=O)NC3=O)cn2)CCN(C(=O)C2(C(F)(F)F)CC2)CC1,SALL4,,100.0,<,1,KELLY.2,C4 Therapeutics,WO2022081927A1,PGDB_AS001296,% Degradation,luminescence,standardized
PGDB_C016652,CC1(n2cc(Cc3ccc4c5c(cccc35)C(=O)N4C3CCC(=O)NC3=O)cn2)CCN(C(=O)C2CC2)CC1,GSPT1,,10000.0,>,0,293T.114,C4 Therapeutics,WO2022081927A1,PGDB_AS001223,% Degradation,luminescence,standardized
PGDB_C016652,CC1(n2cc(Cc3ccc4c5c(cccc35)C(=O)N4C3CCC(=O)NC3=O)cn2)CCN(C(=O)C2CC2)CC1,SALL4,,100.0,<,1,KELLY.2,C4 Therapeutics,WO2022081927A1,PGDB_AS001296,% Degradation,luminescence,standardized
PGDB_C026790,CC1(n2cc(Cc3ccc4c5c(cccc35)C(=O)N4C3CCC(=O)NC3=O)cn2)CCN(c2ncccc2F)CC1,GSPT1,,10000.0,>,0,293T.114,C4 Therapeutics,WO2022081927A1,PGDB_AS001223,% Degradation,luminescence,standardized
PGDB_C026790,CC1(n2cc(Cc3ccc4c5c(cccc35)C(=O)N4C3CCC(=O)NC3=O)cn2)CCN(c2ncccc2F)CC1,SALL4,,100.0,<,1,KELLY.2,C4 Therapeutics,WO2022081927A1,PGDB_AS001296,% Degradation,luminescence,standardized
PGDB_C010425,CC12CC(C1)N(C/C=C/C(=O)N1CC(c3cc4cc(-c5ccccc5O)nnc4[nH]3)C1)C2,SMARCA2,,500.0,>=,0,HeLa,Plexium,WO2025101944,PGDB_AS000900,% Degradation,luminescence,standardized
PGDB_C010425,CC12CC(C1)N(C/C=C/C(=O)N1CC(c3cc4cc(-c5ccccc5O)nnc4[nH]3)C1)C2,SMARCA4,,5000.0,>,0,HeLa,Plexium,WO2025101944,PGDB_AS000431,% Degradation,luminescence,standardized
PGDB_C027289,CC1CC(C)N1CC#Cc1cc(N2CCN(c3cc(-c4ccccc4O)nnc3N)CC[C@H]2C)ccn1,SMARCA2,,50.0,<,1,HeLa,Plexium,WO2023244806A1,PGDB_AS002237,% Degradation,luminescence,standardized
PGDB_C027289,CC1CC(C)N1CC#Cc1cc(N2CCN(c3cc(-c4ccccc4O)nnc3N)CC[C@H]2C)ccn1,SMARCA4,,50.0,<,1,HeLa,Plexium,WO2023244806A1,PGDB_AS000073,% Degradation,luminescence,standardized
PGDB_C027121,CC1CC(C)N1CC#Cc1nccc(N2CCN(c3cc(-c4ccccc4O)nnc3N)CC[C@H]2C)n1,SMARCA2,,50.0,<,1,HeLa,Plexium,WO2023244806A1,PGDB_AS002237,% Degradation,luminescence,standardized
PGDB_C027121,CC1CC(C)N1CC#Cc1nccc(N2CCN(c3cc(-c4ccccc4O)nnc3N)CC[C@H]2C)n1,SMARCA4,,50.0,<,1,HeLa,Plexium,WO2023244806A1,PGDB_AS000073,% Degradation,luminescence,standardized
PGDB_C006074,CC1CC(O)(c2ccc3c(c2)C(=O)N(C2CCC(=O)NC2=O)C3=O)CCN1Cc1ccccc1,IKZF2,,12.0,=,1,MOLT-4,Neomorph;Dana Farber Cancer Institute,CA3215907A1,PGDB_AS000536,% Degradation,luminescence,standardized
PGDB_C010169,CC1CC(O)(c2ccc3c(n2)CN(C2CCC(=O)NC2=O)C3=O)CCN1Cc1ccc(C(F)(F)F)cc1,ARNT,,200.0,>=,0,7860-O,Neomorph,WO2025097092,PGDB_AS002177,% Degradation,luminescence,manual_curated
PGDB_C027118,CC1CCC(C)N1CC#Cc1nccc(N2CCN(c3cc(-c4ccccc4O)nnc3N)CC[C@H]2C)n1,SMARCA2,,50.0,<,1,HeLa,Plexium,WO2023244806A1,PGDB_AS002237,% Degradation,luminescence,standardized
PGDB_C027118,CC1CCC(C)N1CC#Cc1nccc(N2CCN(c3cc(-c4ccccc4O)nnc3N)CC[C@H]2C)n1,SMARCA4,,50.0,<,1,HeLa,Plexium,WO2023244806A1,PGDB_AS000073,% Degradation,luminescence,standardized
PGDB_C032003,CC1CCCc2cc(-c3cccc(C4CCC(=O)NC4=O)c3Cl)ccc2N1,VAV1,,18.4,=,1,,Changchun Genescience Pharmaceutical Co Ltd,WO2026119120A1,PGDB_AS001984,% Degradation,luminescence,standardized
PGDB_C026959,CC1CCN(c2cc(-c3ccccc3O)nnc2N)CCN1c1ccnc(C#CCN)n1,SMARCA2,,500.0,>=,0,HeLa,Plexium,WO2023244806A1,PGDB_AS002237,% Degradation,luminescence,standardized
PGDB_C026959,CC1CCN(c2cc(-c3ccccc3O)nnc2N)CCN1c1ccnc(C#CCN)n1,SMARCA4,,500.0,>=,0,HeLa,Plexium,WO2023244806A1,PGDB_AS000073,% Degradation,luminescence,standardized
PGDB_C026894,CC1CCN(c2ccnc(C#CCNC(=O)c3cc4ncccn4n3)n2)CCN1c1cc(-c2ccccc2O)nnc1N,SMARCA2,,500.0,>=,0,HeLa,Plexium,WO2023244806A1,PGDB_AS002237,% Degradation,luminescence,standardized
PGDB_C026894,CC1CCN(c2ccnc(C#CCNC(=O)c3cc4ncccn4n3)n2)CCN1c1cc(-c2ccccc2O)nnc1N,SMARCA4,,500.0,>=,0,HeLa,Plexium,WO2023244806A1,PGDB_AS000073,% Degradation,luminescence,standardized
PGDB_C003897,CC1CCN(c2nc(-c3ccc4c(c3)CN(C3CCC(=O)NC3=O)C4=O)nn2C)CC1,CSNK1A1,,25.0,<,1,HEK293,Innovo Therapeutics,EP4584259A1,PGDB_AS001103,% Degradation,,standardized
PGDB_C024821,CC1CCc2cc(-c3cccc(C4CCC(=O)NC4=O)c3Cl)ccc2NC1=O,VAV1,,50.0,<=,1,Jurkat,Shanghai Meiyue Biotech Development Co Ltd,WO2026061428A1,PGDB_AS001390,% Degradation,fluorescence,standardized
PGDB_C029200,CC1CN(c2cc(-c3ccccc3O)nnc2N)CCN1c1ccc(C(=O)N2CCC(F)(CN3CC[C@@H](n4ccc5cc(N6CCC(=O)NC6=O)ccc54)[C@H](C)C3)CC2)cc1,SMARCA2,,64.9,=,1,,AstraZeneca,WO2026120044,PGDB_AS001809,% Degradation,,standardized
PGDB_C026915,CC1CN(c2ccnc(C#CCN)n2)CCCN1c1cc(-c2ccccc2O)nnc1N,SMARCA2,,500.0,>=,0,HeLa,Plexium,WO2023244806A1,PGDB_AS002237,% Degradation,luminescence,standardized
PGDB_C026915,CC1CN(c2ccnc(C#CCN)n2)CCCN1c1cc(-c2ccccc2O)nnc1N,SMARCA4,,500.0,>=,0,HeLa,Plexium,WO2023244806A1,PGDB_AS000073,% Degradation,luminescence,standardized
PGDB_C026914,CC1CN(c2ccnc(C#CCN)n2)CCN(c2cc(-c3ccccc3O)nnc2N)C1,SMARCA2,,500.0,>=,0,HeLa,Plexium,WO2023244806A1,PGDB_AS002237,% Degradation,luminescence,standardized
PGDB_C026914,CC1CN(c2ccnc(C#CCN)n2)CCN(c2cc(-c3ccccc3O)nnc2N)C1,SMARCA4,,500.0,>=,0,HeLa,Plexium,WO2023244806A1,PGDB_AS000073,% Degradation,luminescence,standardized
PGDB_C024814,CC1Cc2nc3cn(-c4ccc(-c5cccc(C6CCC(=O)NC6=O)c5Cl)cc4)c(=O)cc3n2C1,VAV1,,50.0,<=,1,Jurkat,Shanghai Meiyue Biotech Development Co Ltd,WO2026061428A1,PGDB_AS001390,% Degradation,fluorescence,standardized
PGDB_C031190,CC1OCc2cc(Br)ccc2-n2c1cccc2=O,VAV1,,2.5,=,1,Jurkat,Jiangsu Hengrui Pharmaceuticals Co Ltd;Shanghai Hengrui Pharmaceutical,WO2026098493A1,PGDB_AS002075,% Degradation,luminescence,standardized
PGDB_C031188,CC1Oc2cc(-c3cccc(C4CCC(=O)NC4=O)c3Cl)ccc2-n2c1cccc2=O,VAV1,,6.2,=,1,Jurkat,Jiangsu Hengrui Pharmaceuticals Co Ltd;Shanghai Hengrui Pharmaceutical,WO2026098493A1,PGDB_AS002075,% Degradation,luminescence,standardized
PGDB_C032038,CCC(=O)Nc1sc(-c2cccc(C3CCC(=O)NC3=O)c2Cl)cc1C,VAV1,,1.2,=,1,,Changchun Genescience Pharmaceutical Co Ltd,WO2026119120A1,PGDB_AS001984,% Degradation,luminescence,standardized
PGDB_C032997,CCC(CC)Oc1cc(C(F)F)cc(=O)n1-c1cccc(-n2ncc3c(C4CCC(=O)NC4=O)cccc32)c1,VAV1,,10.0,<,1,Jurkat,,WO2026145172A1,PGDB_AS002614,% Degradation,luminescence,standardized
PGDB_C004594,CCC(NCCc1ccc(C(F)(F)F)c(Cl)c1)c1cccc(NC2=CC(=O)N(C3CCC(=O)NC3=O)C2=O)c1,IKZF1,,240.0,=,0,MOLT-4,Dana Farber Cancer Institute,US20230192644A1,PGDB_AS001602,% Degradation,luminescence,standardized
PGDB_C004594,CCC(NCCc1ccc(C(F)(F)F)c(Cl)c1)c1cccc(NC2=CC(=O)N(C3CCC(=O)NC3=O)C2=O)c1,IKZF2,,42.0,=,1,MOLT-4,Dana Farber Cancer Institute,US20230192644A1,PGDB_AS002021,% Degradation,luminescence,standardized
PGDB_C010432,CCC(N[C@H]1CCCC[C@@H]1Cc1ccc2c(c1)CN(C1CCC(=O)NC1=O)C2=O)C1CC1,SMARCA2,,500.0,>=,0,HeLa,Plexium,WO2025101944,PGDB_AS000900,% Degradation,luminescence,standardized
PGDB_C010432,CCC(N[C@H]1CCCC[C@@H]1Cc1ccc2c(c1)CN(C1CCC(=O)NC1=O)C2=O)C1CC1,SMARCA4,,5000.0,>,0,HeLa,Plexium,WO2025101944,PGDB_AS000431,% Degradation,luminescence,standardized
PGDB_C010164,CCC1(CC)CN(CC(C)C)CCC1(O)c1ccc2c(n1)CN(C1CCC(=O)NC1=O)C2=O,ARNT,,200.0,>=,0,7860-O,Neomorph,WO2025097092,PGDB_AS002177,% Degradation,luminescence,manual_curated
PGDB_C010171,CCC1(CC)CN(CC2CCC(F)(F)CC2)CCC1(O)c1ccc2c(n1)CN(C1CCC(=O)NC1=O)C2=O,ARNT,,200.0,>=,0,7860-O,Neomorph,WO2025097092,PGDB_AS002177,% Degradation,luminescence,manual_curated
PGDB_C010172,CCC1(CC)CN(CC2CCOCC2)CCC1(O)c1ccc2c(n1)CN(C1CCC(=O)NC1=O)C2=O,ARNT,,200.0,>=,0,7860-O,Neomorph,WO2025097092,PGDB_AS002177,% Degradation,luminescence,manual_curated
PGDB_C003843,CCCCCc1ccc(-c2nc(-c3ccc4c(c3)CN(C3CCC(=O)NC3=O)C4=O)cn2C)cc1,CSNK1A1,,25.0,<,1,HEK293,Innovo Therapeutics,EP4584259A1,PGDB_AS001103,% Degradation,,standardized
PGDB_C003845,CCCCc1ccc(-c2nc(-c3ccc4c(c3)CN(C3CCC(=O)NC3=O)C4=O)cn2C)cc1,CSNK1A1,,25.0,<,1,HEK293,Innovo Therapeutics,EP4584259A1,PGDB_AS001103,% Degradation,,standardized
PGDB_C003845,CCCCc1ccc(-c2nc(-c3ccc4c(c3)CN(C3CCC(=O)NC3=O)C4=O)cn2C)cc1,GSPT1,,25.0,<,1,HEK293,Innovo Therapeutics,EP4584259A1,PGDB_AS001862,% Degradation,luminescence,standardized
PGDB_C004073,CCCCc1ccc(-c2nc(-c3ccc4c(c3)CN(C3CCC(=O)NC3=O)C4=O)cn2C)s1,CSNK1A1,,25.0,<,1,HEK293,Innovo Therapeutics,EP4584259A1,PGDB_AS001103,% Degradation,,standardized
PGDB_C004073,CCCCc1ccc(-c2nc(-c3ccc4c(c3)CN(C3CCC(=O)NC3=O)C4=O)cn2C)s1,GSPT1,,25.0,<,1,HEK293,Innovo Therapeutics,EP4584259A1,PGDB_AS001862,% Degradation,luminescence,standardized
PGDB_C006102,CCCN1CCC(O)(c2ccc3c(c2)C(=O)N(C2CCC(=O)NC2=O)C3=O)CC1,IKZF2,,43.0,=,1,MOLT-4,Neomorph;Dana Farber Cancer Institute,CA3215907A1,PGDB_AS000536,% Degradation,luminescence,standardized
PGDB_C006104,CCCN1CCC(O)(c2ccc3c(c2F)C(=O)N(C2CCC(=O)NC2=O)C3=O)CC1,IKZF2,,30.0,=,1,MOLT-4,Neomorph;Dana Farber Cancer Institute,CA3215907A1,PGDB_AS000536,% Degradation,luminescence,standardized
PGDB_C002282,CCCn1c(C2CCC(NC(=O)c3cccc(CNc4cccc5c4C(=O)N(C4CCC(=O)NC4=O)C5=O)c3)CC2)nc2ccncc21,GSPT1,,100.0,<,1,HEK293,Zhuhai Woo Biological Science And Technology,WO2023237116A1,PGDB_AS002200,% Degradation,luminescence,standardized
PGDB_C012174,CCCn1cc(F)cc(N2CCC(c3cccc(C4CCC(=O)NC4=O)c3Cl)CC2)c1=O,VAV1,,23.47,=,1,Jurkat,Monte Rosa Therapeutics,WO2026013577A1,PGDB_AS001744,% Degradation,luminescence,standardized
PGDB_C012190,CCCn1cc(F)cc(N2CCN(c3cccc(C4CCC(=O)NC4=O)c3Cl)CC2)c1=O,VAV1,,76.677,=,1,Jurkat,Monte Rosa Therapeutics,WO2026013577A1,PGDB_AS001744,% Degradation,luminescence,standardized
PGDB_C012160,CCCn1cccc(N2CCC(c3cccc(C4CCC(=O)NC4=O)c3Cl)CC2)c1=O,VAV1,,7.124,=,1,Jurkat,Monte Rosa Therapeutics,WO2026013577A1,PGDB_AS001744,% Degradation,luminescence,standardized
PGDB_C012171,CCCn1cccc(N2CCN(c3cccc(C4CCC(=O)NC4=O)c3Cl)CC2)c1=O,VAV1,,11.942,=,1,Jurkat,Monte Rosa Therapeutics,WO2026013577A1,PGDB_AS001744,% Degradation,luminescence,standardized
PGDB_C012182,CCCn1cncc(N2CCC(c3cccc(C4CCC(=O)NC4=O)c3Cl)CC2)c1=O,VAV1,,26.459,=,1,Jurkat,Monte Rosa Therapeutics,WO2026013577A1,PGDB_AS001744,% Degradation,luminescence,standardized
PGDB_C012189,CCCn1cncc(N2CCN(c3cccc(C4CCC(=O)NC4=O)c3Cl)CC2)c1=O,VAV1,,53.346,=,1,Jurkat,Monte Rosa Therapeutics,WO2026013577A1,PGDB_AS001744,% Degradation,luminescence,standardized
PGDB_C012197,CCCn1nccc(N2CCC(c3cccc(C4CCC(=O)NC4=O)c3Cl)CC2)c1=O,VAV1,,257.435,=,0,Jurkat,Monte Rosa Therapeutics,WO2026013577A1,PGDB_AS001744,% Degradation,luminescence,standardized
PGDB_C029670,CCN(C)C(=O)Nc1c(C)cc(-c2cccc(C3CCC(=O)NC3=O)c2Cl)cc1F,VAV1,,1.1,=,1,,Shanghai Qilu Pharmaceutical Research And Development Centre,WO2026051943A1,PGDB_AS001440,% Degradation,luminescence,standardized
PGDB_C029608,CCN(C)C(=O)Nc1ccc(-c2cccc(C3CCC(=O)NC3=O)c2Cl)cc1C,VAV1,,1.6,=,1,,Shanghai Qilu Pharmaceutical Research And Development Centre,WO2026051943A1,PGDB_AS001440,% Degradation,luminescence,standardized
PGDB_C032932,CCN(C)C(=O)c1cccc2cc(-c3cccc(C4CCC(=O)NC4=O)c3Cl)ccc12,VAV1,,50.0,<=,1,Jurkat,,WO2026145172A1,PGDB_AS002614,% Degradation,luminescence,standardized
PGDB_C005836,CCN(C)S(=O)(=O)Nc1ccc(F)c(Nc2ccc3ncn([C@H]4COC5(CCN(C(=O)CC6(O)CCN(c7cc8c(cc7F)N7C(=O)NC(=O)CCC7=NN8C)CC6)CC5)C4)c(=O)c3c2Cl)c1C#N,BRAF,,5.77,=,1,A375.10,C4 Therapeutics,AU2022290851A1,PGDB_AS001308,% Degradation,luminescence,standardized
PGDB_C005829,CCN(C)S(=O)(=O)Nc1ccc(F)c(Nc2ccc3ncn([C@H]4COC5(CCN(C(=O)CC6(O)CCN(c7cc8c(cc7F)c(N7CCC(=O)NC7=O)nn8C)CC6)CC5)C4)c(=O)c3c2)c1C#N,BRAF,,6.13,=,1,A375.10,C4 Therapeutics,AU2022290851A1,PGDB_AS001308,% Degradation,luminescence,standardized
PGDB_C005835,CCN(C)S(=O)(=O)Nc1ccc(F)c(Nc2ccc3ncn([C@H]4COC5(CCN(C(=O)CC6(O)CCN(c7cc8c(cc7F)c(N7CCC(=O)NC7=O)nn8C)CC6)CC5)C4)c(=O)c3c2F)c1C#N,BRAF,,8.55,=,1,A375.10,C4 Therapeutics,AU2022290851A1,PGDB_AS001308,% Degradation,luminescence,standardized
PGDB_C005853,CCN(C)S(=O)(=O)Nc1ccc(F)c(Nc2ccc3ncn([C@H]4COC5(CCN(C(=O)CC6CCN(c7cc8c(cc7F)c(N7CCC(=O)NC7=O)nn8C)CC6)CC5)C4)c(=O)c3c2F)c1C#N,BRAF,,5.17,=,1,A375.10,C4 Therapeutics,AU2022290851A1,PGDB_AS001308,% Degradation,luminescence,standardized
PGDB_C005735,CCN(C)S(=O)(=O)Nc1ccc(F)c(Nc2ccc3ncn([C@H]4COC5(CCN(C(=O)CN6CCC(c7ccc(NC8CCC(=O)NC8=O)cc7F)CC6)CC5)C4)c(=O)c3c2)c1C#N,BRAF,,20.67,=,1,A375.10,C4 Therapeutics,AU2022290851A1,PGDB_AS001091,% Degradation,luminescence,standardized
PGDB_C005682,CCN(C)S(=O)(=O)Nc1ccc(F)c(Oc2ccc3c(c2)C(=O)C(C2CCOC4(CCN(C(=O)CN5CCC(c6ccc(NC7CCC(=O)NC7=O)cc6F)CC5)CC4)C2)C=N3)c1C#N,BRAF,,33.69,=,1,A375.10,C4 Therapeutics,AU2022290851A1,PGDB_AS002380,% Degradation,luminescence,standardized
PGDB_C005856,CCN(C)S(=O)(=O)Nc1ccc(F)c(Oc2ccc3ncc(-n4cc(N5CCCN(C(=O)CN6CCC(c7ccc(NC8CCC(=O)NC8=O)cc7F)CC6)CC5)cn4)nc3c2)c1C#N,BRAF,,18.65,=,1,A375.10,C4 Therapeutics,AU2022290851A1,PGDB_AS000579,% Degradation,luminescence,standardized
PGDB_C005861,CCN(C)S(=O)(=O)Nc1ccc(F)c(Oc2ccc3ncc(C4CCC5(CCN(C(=O)CN6CCC(c7ccc(NC8CCC(=O)NC8=O)cc7F)CC6)CC5)C4)nc3c2)c1C#N,BRAF,,46.97,=,1,A375.10,C4 Therapeutics,AU2022290851A1,PGDB_AS000649,% Degradation,luminescence,standardized
PGDB_C005859,CCN(C)S(=O)(=O)Nc1ccc(F)c(Oc2ccc3ncc(C4COC5(CCN(C(=O)CN6CCC(c7ccc(NC8CCC(=O)NC8=O)cc7F)CC6)CC5)C4)cc3c2)c1C#N,BRAF,,11.35,=,1,A375.10,C4 Therapeutics,AU2022290851A1,PGDB_AS000649,% Degradation,luminescence,standardized
PGDB_C005862,CCN(C)S(=O)(=O)Nc1ccc(F)c(Oc2ccc3ncc(C4COC5(CCN(C(=O)CN6CCC(c7ccc(NC8CCC(=O)NC8=O)cc7F)CC6)CC5)C4)nc3c2)c1C#N,BRAF,,30.55,=,1,A375.10,C4 Therapeutics,AU2022290851A1,PGDB_AS000579,% Degradation,luminescence,standardized
PGDB_C005860,CCN(C)S(=O)(=O)Nc1ccc(F)c(Oc2ccc3ncc(N4CCC5(CCN(C(=O)CN6CCC(c7ccc(NC8CCC(=O)NC8=O)cc7F)CC6)CC5)C4)nc3c2)c1C#N,BRAF,,21.7,=,1,A375.10,C4 Therapeutics,AU2022290851A1,PGDB_AS000579,% Degradation,luminescence,standardized
PGDB_C005857,CCN(C)S(=O)(=O)Nc1ccc(F)c(Oc2ccc3ncc(OCC4CCN(C(=O)CN5CCC(c6ccc(NC7CCC(=O)NC7=O)cc6F)CC5)CC4)nc3c2)c1C#N,BRAF,,25.2,=,1,A375.10,C4 Therapeutics,AU2022290851A1,PGDB_AS000579,% Degradation,luminescence,standardized
PGDB_C005858,CCN(C)S(=O)(=O)Nc1ccc(F)c(Oc2ccc3ncc(OC[C@@H]4[C@H]5CN(C(=O)CN6CCC(c7ccc(NC8CCC(=O)NC8=O)cc7F)CC6)C[C@@H]45)nc3c2)c1C#N,BRAF,,17.99,=,1,A375.10,C4 Therapeutics,AU2022290851A1,PGDB_AS000649,% Degradation,luminescence,standardized
PGDB_C005864,CCN(C)S(=O)(=O)Nc1ccc(F)c(Oc2ccc3ncc([C@@H]4COC5(CCN(C(=O)CN6CCC(c7ccc(NC8CCC(=O)NC8=O)cc7F)CC6)CC5)C4)nc3c2)c1C#N,BRAF,,29.64,=,1,A375.10,C4 Therapeutics,AU2022290851A1,PGDB_AS000649,% Degradation,luminescence,standardized
PGDB_C005866,CCN(C)S(=O)(=O)Nc1ccc(F)c(Oc2ccc3ncc([C@H]4COC5(CCN(C(=O)CC6(O)CCN(c7cc8c(c(N9CCC(=O)NC9=O)nn8C)c(F)c7F)CC6)CC5)C4)c(OC)c3c2)c1C#N,BRAF,,5000.0,>,0,A375.10,C4 Therapeutics,AU2022290851A1,PGDB_AS000579,% Degradation,luminescence,standardized
PGDB_C005863,CCN(C)S(=O)(=O)Nc1ccc(F)c(Oc2ccc3ncc([C@H]4COC5(CCN(C(=O)CC6(O)CCN(c7cc8c(cc7F)N7C(=O)NC(=O)CCC7=NN8C)CC6)CC5)C4)nc3c2)c1C#N,BRAF,,20.04,=,1,A375.10,C4 Therapeutics,AU2022290851A1,PGDB_AS000579,% Degradation,luminescence,standardized
PGDB_C005865,CCN(C)S(=O)(=O)Nc1ccc(F)c(Oc2ccc3ncc([C@H]4COC5(CCN(C(=O)CN6CCC(c7ccc(NC8CCC(=O)NC8=O)cc7F)CC6)CC5)C4)nc3c2)c1C#N,BRAF,,22.88,=,1,A375.10,C4 Therapeutics,AU2022290851A1,PGDB_AS000579,% Degradation,luminescence,standardized
PGDB_C005867,CCN(C)S(=O)(=O)Nc1ccc(F)c(Oc2ccc3ncc([C@]4(OC)COC5(CCN(C(=O)CC6(O)CCN(c7cc8c(cc7F)c(N7CCC(=O)NC7=O)nn8C)CC6)CC5)C4)c(OC)c3c2)c1C#N,BRAF,,39.42,=,1,A375.10,C4 Therapeutics,AU2022290851A1,PGDB_AS000649,% Degradation,luminescence,standardized
PGDB_C005738,CCN(C)S(=O)(=O)Nc1ccc(F)c(Oc2ccc3ncn(-c4ccc(N5CCN(C(=O)CN6CCC(c7ccc(NC8CCC(=O)NC8=O)cc7F)CC6)CC5)nc4)c(=O)c3c2)c1C#N,BRAF,,15.81,=,1,A375.10,C4 Therapeutics,AU2022290851A1,PGDB_AS001091,% Degradation,luminescence,standardized
PGDB_C005850,CCN(C)S(=O)(=O)Nc1ccc(F)c(Oc2ccc3ncn(-c4cnc(N5CCN(C(=O)CC6(O)CCN(c7cc8c(cc7F)c(N7CCC(=O)NC7=O)nn8C)CC6)CC5)nc4)c(=O)c3c2)c1C#N,BRAF,,21.72,=,1,A375.10,C4 Therapeutics,AU2022290851A1,PGDB_AS001308,% Degradation,luminescence,standardized
PGDB_C005737,CCN(C)S(=O)(=O)Nc1ccc(F)c(Oc2ccc3ncn(-c4cnc(N5CCN(C(=O)CN6CCC(c7ccc(NC8CCC(=O)NC8=O)cc7F)CC6)CC5)nc4)c(=O)c3c2)c1C#N,BRAF,,9.97,=,1,A375.10,C4 Therapeutics,AU2022290851A1,PGDB_AS001091,% Degradation,luminescence,standardized
PGDB_C005739,CCN(C)S(=O)(=O)Nc1ccc(F)c(Oc2ccc3ncn(-c4cnc(N5CCN(C(=O)CN6CCC(c7ccc(NC8CCC(=O)NC8=O)cc7F)CC6)CC5)nc4)c(=O)c3c2F)c1C#N,BRAF,,8.28,=,1,A375.10,C4 Therapeutics,AU2022290851A1,PGDB_AS001091,% Degradation,luminescence,standardized
PGDB_C005673,CCN(C)S(=O)(=O)Nc1ccc(F)c(Oc2ccc3ncn(-c4cnn(C5CCN(C(=O)CN6CCC(c7c(F)cc(NC8CCC(=O)NC8=O)cc7F)CC6)CC5)c4)c(=O)c3c2)c1C#N,BRAF,,14.43,=,1,A375.10,C4 Therapeutics,AU2022290851A1,PGDB_AS002380,% Degradation,luminescence,standardized
PGDB_C005670,CCN(C)S(=O)(=O)Nc1ccc(F)c(Oc2ccc3ncn(-c4cnn(C5CCN(C(=O)CN6CCC(c7ccc(C8CCC(=O)NC8=O)cc7F)CC6)CC5)c4)c(=O)c3c2)c1C#N,BRAF,,44.01,=,1,A375.10,C4 Therapeutics,AU2022290851A1,PGDB_AS002380,% Degradation,luminescence,standardized
PGDB_C005672,CCN(C)S(=O)(=O)Nc1ccc(F)c(Oc2ccc3ncn(-c4cnn(C5CCN(C(=O)CN6CCC(c7ccc(NC8CCC(=O)NC8=O)c(F)c7)CC6)CC5)c4)c(=O)c3c2)c1C#N,BRAF,,42.31,=,1,A375.10,C4 Therapeutics,AU2022290851A1,PGDB_AS002380,% Degradation,luminescence,standardized
PGDB_C005671,CCN(C)S(=O)(=O)Nc1ccc(F)c(Oc2ccc3ncn(-c4cnn(C5CCN(C(=O)CN6CCC(c7ccc(NC8CCC(=O)NC8=O)cc7)CC6)CC5)c4)c(=O)c3c2)c1C#N,BRAF,,30.66,=,1,A375.10,C4 Therapeutics,AU2022290851A1,PGDB_AS002380,% Degradation,luminescence,standardized
PGDB_C005669,CCN(C)S(=O)(=O)Nc1ccc(F)c(Oc2ccc3ncn(-c4cnn(C5CCN(C(=O)CN6CCC(c7ccc(NC8CCC(=O)NC8=O)cc7F)CC6)CC5)c4)c(=O)c3c2)c1C#N,BRAF,,20.52,=,1,A375.10,C4 Therapeutics,AU2022290851A1,PGDB_AS002380,% Degradation,luminescence,standardized
PGDB_C005798,CCN(C)S(=O)(=O)Nc1ccc(F)c(Oc2ccc3ncn(-c4cnn(C5CCN(C(=O)CN6CCC(c7ccc8c(C9CCC(=O)NC9=O)nn(C)c8c7)CC6)CC5)c4)c(=O)c3c2)c1C#N,BRAF,,22.19,=,1,A375.10,C4 Therapeutics,AU2022290851A1,PGDB_AS001308,% Degradation,luminescence,standardized
PGDB_C005674,CCN(C)S(=O)(=O)Nc1ccc(F)c(Oc2ccc3ncn(-c4cnn(C5CCN(CC(=O)N6CCC(c7ccc(NC8CCC(=O)NC8=O)cc7)CC6)CC5)c4)c(=O)c3c2)c1C#N,BRAF,,34.32,=,1,A375.10,C4 Therapeutics,AU2022290851A1,PGDB_AS002380,% Degradation,luminescence,standardized
PGDB_C005663,CCN(C)S(=O)(=O)Nc1ccc(F)c(Oc2ccc3ncn(C(C)CCC4CCN(C(=O)CN5CCC(c6ccc(NC7CCC(=O)NC7=O)cc6F)CC5)CC4)c(=O)c3c2)c1C#N,BRAF,,41.91,=,1,A375.10,C4 Therapeutics,AU2022290851A1,PGDB_AS002380,% Degradation,luminescence,standardized
PGDB_C005678,CCN(C)S(=O)(=O)Nc1ccc(F)c(Oc2ccc3ncn(C4C5CN(C(=O)CN6CCC(c7ccc(NC8CCC(=O)NC8=O)cc7F)CC6)CC54)c(=O)c3c2)c1C#N,BRAF,,34.83,=,1,A375.10,C4 Therapeutics,AU2022290851A1,PGDB_AS002380,% Degradation,luminescence,standardized
PGDB_C005676,CCN(C)S(=O)(=O)Nc1ccc(F)c(Oc2ccc3ncn(C4CC5(CCN(C(=O)CC6(O)CCN(c7ccc(NC8CCC(=O)NC8=O)cc7F)CC6)CC5)C4)c(=O)c3c2)c1C#N,BRAF,,19.3,=,1,A375.10,C4 Therapeutics,AU2022290851A1,PGDB_AS002380,% Degradation,luminescence,standardized
PGDB_C005675,CCN(C)S(=O)(=O)Nc1ccc(F)c(Oc2ccc3ncn(C4CC5(CCN(C(=O)CN6CCC(c7ccc(NC8CCC(=O)NC8=O)cc7F)CC6)CC5)C4)c(=O)c3c2)c1C#N,BRAF,,11.17,=,1,A375.10,C4 Therapeutics,AU2022290851A1,PGDB_AS002380,% Degradation,luminescence,standardized
PGDB_C005801,CCN(C)S(=O)(=O)Nc1ccc(F)c(Oc2ccc3ncn(C4CC5(CCN(C(=O)CN6CCC(c7ccc8c(C9CCC(=O)NC9=O)nn(C)c8c7)CC6)CC5)C4)c(=O)c3c2)c1C#N,BRAF,,10.65,=,1,A375.10,C4 Therapeutics,AU2022290851A1,PGDB_AS001308,% Degradation,luminescence,standardized
PGDB_C005799,CCN(C)S(=O)(=O)Nc1ccc(F)c(Oc2ccc3ncn(C4CC5(CCN(C(=O)CN6CCC(c7ccc8c(N9CCC(=O)NC9=O)nn(C)c8c7)CC6)CC5)C4)c(=O)c3c2)c1C#N,BRAF,,26.91,=,1,A375.10,C4 Therapeutics,AU2022290851A1,PGDB_AS001308,% Degradation,luminescence,standardized
PGDB_C005690,CCN(C)S(=O)(=O)Nc1ccc(F)c(Oc2ccc3ncn(C4CC5(CCN(C(=O)NC6CCN(c7ccc(NC8CCC(=O)NC8=O)cc7F)CC6)CC5)C4)c(=O)c3c2)c1C#N,BRAF,,48.36,=,1,A375.10,C4 Therapeutics,AU2022290851A1,PGDB_AS001091,% Degradation,luminescence,standardized
PGDB_C005692,CCN(C)S(=O)(=O)Nc1ccc(F)c(Oc2ccc3ncn(C4CC5(CCN(C(=O)[C@H]6C[C@H](N7CC(c8ccc(NC9CCC(=O)NC9=O)cc8F)C7)C6)CC5)C4)c(=O)c3c2)c1C#N,BRAF,,27.49,=,1,A375.10,C4 Therapeutics,AU2022290851A1,PGDB_AS001091,% Degradation,luminescence,standardized
PGDB_C005809,CCN(C)S(=O)(=O)Nc1ccc(F)c(Oc2ccc3ncn(C4CCC5(CC4)CCN(C(=O)CC4(O)CCN(c6cc7c(cc6F)c(N6CCC(=O)NC6=O)nn7C)CC4)CC5)c(=O)c3c2)c1C#N,BRAF,,25.03,=,1,A375.10,C4 Therapeutics,AU2022290851A1,PGDB_AS001308,% Degradation,luminescence,standardized
PGDB_C005685,CCN(C)S(=O)(=O)Nc1ccc(F)c(Oc2ccc3ncn(C4CCC5(CC4)CCN(C(=O)CN4CCC(c6ccc(NC7CCC(=O)NC7=O)cc6F)CC4)C5)c(=O)c3c2)c1C#N,BRAF,,40.26,=,1,A375.10,C4 Therapeutics,AU2022290851A1,PGDB_AS002380,% Degradation,luminescence,standardized
PGDB_C005683,CCN(C)S(=O)(=O)Nc1ccc(F)c(Oc2ccc3ncn(C4CCC5(CC4)CCN(C(=O)CN4CCC(c6ccc(NC7CCC(=O)NC7=O)cc6F)CC4)CC5)c(=O)c3c2)c1C#N,BRAF,,16.43,=,1,A375.10,C4 Therapeutics,AU2022290851A1,PGDB_AS002380,% Degradation,luminescence,standardized
PGDB_C005808,CCN(C)S(=O)(=O)Nc1ccc(F)c(Oc2ccc3ncn(C4CCC5(CC4)CCN(C(=O)CN4CCC(c6ccc7c(C8CCC(=O)NC8=O)nn(C)c7c6)CC4)CC5)c(=O)c3c2)c1C#N,BRAF,,26.64,=,1,A375.10,C4 Therapeutics,AU2022290851A1,PGDB_AS001308,% Degradation,luminescence,standardized
PGDB_C005807,CCN(C)S(=O)(=O)Nc1ccc(F)c(Oc2ccc3ncn(C4CCC5(CC4)CCN(C(=O)CN4CCC(c6ccc7c(N8CCC(=O)NC8=O)nn(C)c7c6)CC4)CC5)c(=O)c3c2)c1C#N,BRAF,,23.22,=,1,A375.10,C4 Therapeutics,AU2022290851A1,PGDB_AS001308,% Degradation,luminescence,standardized
PGDB_C005814,CCN(C)S(=O)(=O)Nc1ccc(F)c(Oc2ccc3ncn(C4CCC5(CC4)CCN(C(=O)CN4CCN(c6cc7c(cc6F)c(N6CCC(=O)NC6=O)nn7C)CC4)CC5)c(=O)c3c2)c1C#N,BRAF,,27.55,=,1,A375.10,C4 Therapeutics,AU2022290851A1,PGDB_AS001308,% Degradation,luminescence,standardized
PGDB_C005681,CCN(C)S(=O)(=O)Nc1ccc(F)c(Oc2ccc3ncn(C4CCC5(CCN(C(=O)CN6CCC(c7ccc(NC8CCC(=O)NC8=O)cc7F)CC6)CC5)C4)c(=O)c3c2)c1C#N,BRAF,,22.88,=,1,A375.10,C4 Therapeutics,AU2022290851A1,PGDB_AS002380,% Degradation,luminescence,standardized
PGDB_C005722,CCN(C)S(=O)(=O)Nc1ccc(F)c(Oc2ccc3ncn(C4CCC5(CCN(C(=O)CN6CCC(c7ccc(NC8CCC(=O)NC8=O)cc7F)CC6)CC5)C4)c(=O)c3c2Br)c1C#N,BRAF,,6.63,=,1,A375.10,C4 Therapeutics,AU2022290851A1,PGDB_AS001091,% Degradation,luminescence,standardized
PGDB_C005710,CCN(C)S(=O)(=O)Nc1ccc(F)c(Oc2ccc3ncn(C4CCC5(CCN(C(=O)CN6CCC(c7ccc(NC8CCC(=O)NC8=O)cc7F)CC6)CC5)C4)c(=O)c3c2C)c1C#N,BRAF,,20.9,=,1,A375.10,C4 Therapeutics,AU2022290851A1,PGDB_AS001091,% Degradation,luminescence,standardized
PGDB_C005705,CCN(C)S(=O)(=O)Nc1ccc(F)c(Oc2ccc3ncn(C4CCC5(CCN(C(=O)CN6CCC(c7ccc(NC8CCC(=O)NC8=O)cc7F)CC6)CC5)C4)c(=O)c3c2F)c1C#N,BRAF,,20.69,=,1,A375.10,C4 Therapeutics,AU2022290851A1,PGDB_AS001091,% Degradation,luminescence,standardized
PGDB_C005723,CCN(C)S(=O)(=O)Nc1ccc(F)c(Oc2ccc3ncn(C4CCC5(CCN(CC(=O)N6CCC(c7ccc(NC8CCC(=O)NC8=O)cc7F)CC6)CC5)C4)c(=O)c3c2Cl)c1C#N,BRAF,,27.66,=,1,A375.10,C4 Therapeutics,AU2022290851A1,PGDB_AS001091,% Degradation,luminescence,standardized
PGDB_C005830,CCN(C)S(=O)(=O)Nc1ccc(F)c(Oc2ccc3ncn(C4COC5(CCN(C(=O)CC6(O)CCN(c7cc8c(cc7F)c(N7CCC(=O)NC7=O)nn8C)CC6)CC5)C4)c(=O)c3c2N(C)C)c1C#N,BRAF,,27.81,=,1,A375.10,C4 Therapeutics,AU2022290851A1,PGDB_AS001308,% Degradation,luminescence,standardized
PGDB_C005680,CCN(C)S(=O)(=O)Nc1ccc(F)c(Oc2ccc3ncn(C4COC5(CCN(C(=O)CC6(O)CCN(c7ccc(NC8CCC(=O)NC8=O)cc7F)CC6)CC5)C4)c(=O)c3c2)c1C#N,BRAF,,15.0,=,1,A375.10,C4 Therapeutics,AU2022290851A1,PGDB_AS002380,% Degradation,luminescence,standardized
PGDB_C005721,CCN(C)S(=O)(=O)Nc1ccc(F)c(Oc2ccc3ncn(C4COC5(CCN(C(=O)CN6CCC(c7ccc(NC8CCC(=O)NC8=O)cc7F)CC6)CC5)C4)c(=O)c3c2Br)c1C#N,BRAF,,8.77,=,1,A375.10,C4 Therapeutics,AU2022290851A1,PGDB_AS001091,% Degradation,luminescence,standardized
PGDB_C005712,CCN(C)S(=O)(=O)Nc1ccc(F)c(Oc2ccc3ncn(C4COC5(CCN(C(=O)CN6CCC(c7ccc(NC8CCC(=O)NC8=O)cc7F)CC6)CC5)C4)c(=O)c3c2C)c1C#N,BRAF,,55.95,=,1,A375.10,C4 Therapeutics,AU2022290851A1,PGDB_AS001091,% Degradation,luminescence,standardized
PGDB_C005724,CCN(C)S(=O)(=O)Nc1ccc(F)c(Oc2ccc3ncn(C4COC5(CCN(C(=O)CN6CCC(c7ccc(NC8CCC(=O)NC8=O)cc7F)CC6)CC5)C4)c(=O)c3c2Cl)c1C#N,BRAF,,37.65,=,1,A375.10,C4 Therapeutics,AU2022290851A1,PGDB_AS001091,% Degradation,luminescence,standardized
PGDB_C005704,CCN(C)S(=O)(=O)Nc1ccc(F)c(Oc2ccc3ncn(C4COC5(CCN(C(=O)CN6CCC(c7ccc(NC8CCC(=O)NC8=O)cc7F)CC6)CC5)C4)c(=O)c3c2F)c1C#N,BRAF,,29.63,=,1,A375.10,C4 Therapeutics,AU2022290851A1,PGDB_AS001091,% Degradation,luminescence,standardized
PGDB_C005734,CCN(C)S(=O)(=O)Nc1ccc(F)c(Oc2ccc3ncn(C4COC5(CCN(C(=O)CN6CCC(c7ccc(NC8CCC(=O)NC8=O)cc7F)CC6)CC5)C4)c(=O)c3c2N)c1C#N,BRAF,,25.43,=,1,A375.10,C4 Therapeutics,AU2022290851A1,PGDB_AS001091,% Degradation,luminescence,standardized
PGDB_C005677,CCN(C)S(=O)(=O)Nc1ccc(F)c(Oc2ccc3ncn(C4COC5(CCN(C(=O)CN6CCC(c7ccc(NC8CCC(=O)NC8=O)cc7F)CC6)CC5)C4)c3c2)c1C#N,BRAF,,19.52,=,1,A375.10,C4 Therapeutics,AU2022290851A1,PGDB_AS002380,% Degradation,luminescence,standardized
PGDB_C005800,CCN(C)S(=O)(=O)Nc1ccc(F)c(Oc2ccc3ncn(C4COC5(CCN(C(=O)CN6CCC(c7ccc8c(N9CCC(=O)NC9=O)nn(C)c8c7)CC6)CC5)C4)c(=O)c3c2)c1C#N,BRAF,,18.37,=,1,A375.10,C4 Therapeutics,AU2022290851A1,PGDB_AS001308,% Degradation,luminescence,standardized
PGDB_C005691,CCN(C)S(=O)(=O)Nc1ccc(F)c(Oc2ccc3ncn(C4COC5(CCN(C(=O)NC6CCN(c7ccc(NC8CCC(=O)NC8=O)cc7F)CC6)CC5)C4)c(=O)c3c2)c1C#N,BRAF,,36.04,=,1,A375.10,C4 Therapeutics,AU2022290851A1,PGDB_AS001091,% Degradation,luminescence,standardized
PGDB_C005667,CCN(C)S(=O)(=O)Nc1ccc(F)c(Oc2ccc3ncn(CC(C)CC4CCN(C(=O)CN5CCC(c6ccc(NC7CCC(=O)NC7=O)cc6F)CC5)CC4)c(=O)c3c2)c1C#N,BRAF,,12.53,=,1,A375.10,C4 Therapeutics,AU2022290851A1,PGDB_AS002380,% Degradation,luminescence,standardized
PGDB_C005684,CCN(C)S(=O)(=O)Nc1ccc(F)c(Oc2ccc3ncn(CC4CC5(CCN(C(=O)CN6CCC(c7ccc(NC8CCC(=O)NC8=O)cc7F)CC6)CC5)C4)c(=O)c3c2)c1C#N,BRAF,,46.91,=,1,A375.10,C4 Therapeutics,AU2022290851A1,PGDB_AS002380,% Degradation,luminescence,standardized
PGDB_C005689,CCN(C)S(=O)(=O)Nc1ccc(F)c(Oc2ccc3ncn(CC4COC5(CCN(C(=O)CN6CCC(c7ccc(NC8CCC(=O)NC8=O)cc7F)CC6)CC5)C4)c(=O)c3c2)c1C#N,BRAF,,51.28,=,1,A375.10,C4 Therapeutics,AU2022290851A1,PGDB_AS001091,% Degradation,luminescence,standardized
PGDB_C005664,CCN(C)S(=O)(=O)Nc1ccc(F)c(Oc2ccc3ncn(CCC(C)C4CCN(C(=O)CN5CCC(c6ccc(NC7CCC(=O)NC7=O)cc6F)CC5)CC4)c(=O)c3c2)c1C#N,BRAF,,10.05,=,1,A375.10,C4 Therapeutics,AU2022290851A1,PGDB_AS002380,% Degradation,luminescence,standardized
PGDB_C005666,CCN(C)S(=O)(=O)Nc1ccc(F)c(Oc2ccc3ncn(CCC4(F)CCN(C(=O)CN5CCC(c6ccc(NC7CCC(=O)NC7=O)cc6F)CC5)CC4)c(=O)c3c2)c1C#N,BRAF,,26.24,=,1,A375.10,C4 Therapeutics,AU2022290851A1,PGDB_AS002380,% Degradation,luminescence,standardized
PGDB_C005655,CCN(C)S(=O)(=O)Nc1ccc(F)c(Oc2ccc3ncn(CCC4CCN(C(=O)CN5CCC(c6ccc(C7CCC(=O)NC7=O)cc6F)CC5)CC4)c(=O)c3c2)c1C#N,BRAF,,48.57,=,1,A375.10,C4 Therapeutics,AU2022290851A1,PGDB_AS002380,% Degradation,luminescence,standardized
PGDB_C005656,CCN(C)S(=O)(=O)Nc1ccc(F)c(Oc2ccc3ncn(CCC4CCN(C(=O)CN5CCC(c6ccc(NC7CCC(=O)NC7=O)c(F)c6)CC5)CC4)c(=O)c3c2)c1C#N,BRAF,,35.9,=,1,A375.10,C4 Therapeutics,AU2022290851A1,PGDB_AS002380,% Degradation,luminescence,standardized
PGDB_C005654,CCN(C)S(=O)(=O)Nc1ccc(F)c(Oc2ccc3ncn(CCC4CCN(C(=O)CN5CCC(c6ccc(NC7CCC(=O)NC7=O)cc6F)CC5)CC4)c(=O)c3c2)c1C#N,BRAF,,46.87,=,1,A375.10,C4 Therapeutics,AU2022290851A1,PGDB_AS002380,% Degradation,luminescence,standardized
PGDB_C005796,CCN(C)S(=O)(=O)Nc1ccc(F)c(Oc2ccc3ncn(CCC4CCN(C(=O)CN5CCC(c6ccc7c(C8CCC(=O)NC8=O)nn(C)c7c6)CC5)CC4)c(=O)c3c2)c1C#N,BRAF,,28.38,=,1,A375.10,C4 Therapeutics,AU2022290851A1,PGDB_AS001308,% Degradation,luminescence,standardized
PGDB_C005665,CCN(C)S(=O)(=O)Nc1ccc(F)c(Oc2ccc3ncn(CCCC4(C)CCN(C(=O)CN5CCC(c6ccc(NC7CCC(=O)NC7=O)cc6F)CC5)CC4)c(=O)c3c2)c1C#N,BRAF,,29.18,=,1,A375.10,C4 Therapeutics,AU2022290851A1,PGDB_AS002380,% Degradation,luminescence,standardized
PGDB_C005668,CCN(C)S(=O)(=O)Nc1ccc(F)c(Oc2ccc3ncn(CCCC4(F)CCN(C(=O)CN5CCC(c6ccc(NC7CCC(=O)NC7=O)cc6F)CC5)CC4)c(=O)c3c2)c1C#N,BRAF,,11.1,=,1,A375.10,C4 Therapeutics,AU2022290851A1,PGDB_AS002380,% Degradation,luminescence,standardized
PGDB_C005658,CCN(C)S(=O)(=O)Nc1ccc(F)c(Oc2ccc3ncn(CCCC4CCN(C(=O)CN5CCC(c6ccc(C7CCC(=O)NC7=O)cc6F)CC5)CC4)c(=O)c3c2)c1C#N,BRAF,,49.29,=,1,A375.10,C4 Therapeutics,AU2022290851A1,PGDB_AS002380,% Degradation,luminescence,standardized
PGDB_C005657,CCN(C)S(=O)(=O)Nc1ccc(F)c(Oc2ccc3ncn(CCCC4CCN(C(=O)CN5CCC(c6ccc(NC7CCC(=O)NC7=O)cc6)CC5)CC4)c(=O)c3c2)c1C#N,BRAF,,28.55,=,1,A375.10,C4 Therapeutics,AU2022290851A1,PGDB_AS002380,% Degradation,luminescence,standardized
PGDB_C005797,CCN(C)S(=O)(=O)Nc1ccc(F)c(Oc2ccc3ncn(CCCC4CCN(C(=O)CN5CCC(c6ccc7c(C8CCC(=O)NC8=O)nn(C)c7c6)CC5)CC4)c(=O)c3c2)c1C#N,BRAF,,10.6,=,1,A375.10,C4 Therapeutics,AU2022290851A1,PGDB_AS001308,% Degradation,luminescence,standardized
PGDB_C005660,CCN(C)S(=O)(=O)Nc1ccc(F)c(Oc2ccc3ncn(CCCC4CCN(CC(=O)N5CCC(c6ccc(NC7CCC(=O)NC7=O)cc6)CC5)CC4)c(=O)c3c2)c1C#N,BRAF,,42.16,=,1,A375.10,C4 Therapeutics,AU2022290851A1,PGDB_AS002380,% Degradation,luminescence,standardized
PGDB_C005659,CCN(C)S(=O)(=O)Nc1ccc(F)c(Oc2ccc3ncn(CCCC4CCN(CC(=O)N5CCC(c6ccc(NC7CCC(=O)NC7=O)cc6F)CC5)CC4)c(=O)c3c2)c1C#N,BRAF,,22.74,=,1,A375.10,C4 Therapeutics,AU2022290851A1,PGDB_AS002380,% Degradation,luminescence,standardized
PGDB_C005662,CCN(C)S(=O)(=O)Nc1ccc(F)c(Oc2ccc3ncn(CCN4CCN(C(=O)CN5CCC(c6ccc(NC7CCC(=O)NC7=O)cc6)CC5)CC4)c(=O)c3c2)c1C#N,BRAF,,41.91,=,1,A375.10,C4 Therapeutics,AU2022290851A1,PGDB_AS002380,% Degradation,luminescence,standardized
PGDB_C005661,CCN(C)S(=O)(=O)Nc1ccc(F)c(Oc2ccc3ncn(CCN4CCN(C(=O)CN5CCC(c6ccc(NC7CCC(=O)NC7=O)cc6F)CC5)CC4)c(=O)c3c2)c1C#N,BRAF,,27.95,=,1,A375.10,C4 Therapeutics,AU2022290851A1,PGDB_AS002380,% Degradation,luminescence,standardized
PGDB_C005694,CCN(C)S(=O)(=O)Nc1ccc(F)c(Oc2ccc3ncn([C@@H]4CCC5(CCN(C(=O)CN6CCC(c7ccc(NC8CCC(=O)NC8=O)cc7F)CC6)CC5)C4)c(=O)c3c2)c1C#N,BRAF,,16.07,=,1,A375.10,C4 Therapeutics,AU2022290851A1,PGDB_AS001091,% Degradation,luminescence,standardized
PGDB_C005733,CCN(C)S(=O)(=O)Nc1ccc(F)c(Oc2ccc3ncn([C@@H]4CCC5(CCN(C(=O)CN6CCC(c7ccc(NC8CCC(=O)NC8=O)cc7F)CC6)CC5)C4)c(=O)c3c2Cl)c1C#N,BRAF,,30.51,=,1,A375.10,C4 Therapeutics,AU2022290851A1,PGDB_AS001091,% Degradation,luminescence,standardized
PGDB_C005697,CCN(C)S(=O)(=O)Nc1ccc(F)c(Oc2ccc3ncn([C@@H]4CCC5(CCN(C(=O)CN6CCC(c7ccc(N[C@@H]8CCC(=O)NC8=O)cc7F)CC6)CC5)C4)c(=O)c3c2)c1C#N,BRAF,,25.14,=,1,A375.10,C4 Therapeutics,AU2022290851A1,PGDB_AS001091,% Degradation,luminescence,standardized
PGDB_C005698,CCN(C)S(=O)(=O)Nc1ccc(F)c(Oc2ccc3ncn([C@@H]4CCC5(CCN(C(=O)CN6CCC(c7ccc(N[C@H]8CCC(=O)NC8=O)cc7F)CC6)CC5)C4)c(=O)c3c2)c1C#N,BRAF,,18.73,=,1,A375.10,C4 Therapeutics,AU2022290851A1,PGDB_AS001091,% Degradation,luminescence,standardized
PGDB_C005686,CCN(C)S(=O)(=O)Nc1ccc(F)c(Oc2ccc3ncn([C@@H]4COC5(CCN(C(=O)CC6(O)CCN(c7ccc(NC8CCC(=O)NC8=O)cc7F)CC6)CC5)C4)c(=O)c3c2)c1C#N,BRAF,,32.6,=,1,A375.10,C4 Therapeutics,AU2022290851A1,PGDB_AS002380,% Degradation,luminescence,standardized
PGDB_C005727,CCN(C)S(=O)(=O)Nc1ccc(F)c(Oc2ccc3ncn([C@@H]4COC5(CCN(C(=O)CN6CCC(c7ccc(NC8CCC(=O)NC8=O)cc7F)CC6)CC5)C4)c(=O)c3c2Br)c1C#N,BRAF,,31.55,=,1,A375.10,C4 Therapeutics,AU2022290851A1,PGDB_AS001091,% Degradation,luminescence,standardized
PGDB_C005731,CCN(C)S(=O)(=O)Nc1ccc(F)c(Oc2ccc3ncn([C@@H]4COC5(CCN(CC(=O)N6CCC(c7ccc(NC8CCC(=O)NC8=O)cc7F)CC6)CC5)C4)c(=O)c3c2Cl)c1C#N,BRAF,,49.67,=,1,A375.10,C4 Therapeutics,AU2022290851A1,PGDB_AS001091,% Degradation,luminescence,standardized
PGDB_C005810,CCN(C)S(=O)(=O)Nc1ccc(F)c(Oc2ccc3ncn([C@H]4CCC5(CCN(C(=O)CC6(O)CCN(c7cc8c(cc7F)c(N7CCC(=O)NC7=O)nn8C)CC6)CC5)C4)c(=O)c3c2)c1C#N,BRAF,,6.98,=,1,A375.10,C4 Therapeutics,AU2022290851A1,PGDB_AS001308,% Degradation,luminescence,standardized
PGDB_C005823,CCN(C)S(=O)(=O)Nc1ccc(F)c(Oc2ccc3ncn([C@H]4CCC5(CCN(C(=O)CC6(O)CCN(c7ccc8c(N9CCC(=O)NC9=O)nn(C)c8c7F)CC6)CC5)C4)c(=O)c3c2)c1C#N,BRAF,,28.92,=,1,A375.10,C4 Therapeutics,AU2022290851A1,PGDB_AS001308,% Degradation,luminescence,standardized
PGDB_C005805,CCN(C)S(=O)(=O)Nc1ccc(F)c(Oc2ccc3ncn([C@H]4CCC5(CCN(C(=O)CC6CCN(c7ccc8c(C9CCC(=O)NC9=O)nn(C)c8c7)CC6)CC5)C4)c(=O)c3c2)c1C#N,BRAF,,28.25,=,1,A375.10,C4 Therapeutics,AU2022290851A1,PGDB_AS001308,% Degradation,luminescence,standardized
PGDB_C005720,CCN(C)S(=O)(=O)Nc1ccc(F)c(Oc2ccc3ncn([C@H]4CCC5(CCN(C(=O)CN6CCC(c7cc(F)c(NC8CCC(=O)NC8=O)cc7F)CC6)CC5)C4)c(=O)c3c2)c1C#N,BRAF,,5.31,=,1,A375.10,C4 Therapeutics,AU2022290851A1,PGDB_AS001091,% Degradation,luminescence,standardized
PGDB_C005706,CCN(C)S(=O)(=O)Nc1ccc(F)c(Oc2ccc3ncn([C@H]4CCC5(CCN(C(=O)CN6CCC(c7ccc(NC8CCC(=O)NC8=O)c(F)c7)CC6)CC5)C4)c(=O)c3c2)c1C#N,BRAF,,14.54,=,1,A375.10,C4 Therapeutics,AU2022290851A1,PGDB_AS001091,% Degradation,luminescence,standardized
PGDB_C005716,CCN(C)S(=O)(=O)Nc1ccc(F)c(Oc2ccc3ncn([C@H]4CCC5(CCN(C(=O)CN6CCC(c7ccc(NC8CCC(=O)NC8=O)c(F)c7F)CC6)CC5)C4)c(=O)c3c2)c1C#N,BRAF,,20.37,=,1,A375.10,C4 Therapeutics,AU2022290851A1,PGDB_AS001091,% Degradation,luminescence,standardized
PGDB_C005693,CCN(C)S(=O)(=O)Nc1ccc(F)c(Oc2ccc3ncn([C@H]4CCC5(CCN(C(=O)CN6CCC(c7ccc(NC8CCC(=O)NC8=O)cc7F)CC6)CC5)C4)c(=O)c3c2)c1C#N,BRAF,,8.13,=,1,A375.10,C4 Therapeutics,AU2022290851A1,PGDB_AS001091,% Degradation,luminescence,standardized
PGDB_C005732,CCN(C)S(=O)(=O)Nc1ccc(F)c(Oc2ccc3ncn([C@H]4CCC5(CCN(C(=O)CN6CCC(c7ccc(NC8CCC(=O)NC8=O)cc7F)CC6)CC5)C4)c(=O)c3c2Cl)c1C#N,BRAF,,20.06,=,1,A375.10,C4 Therapeutics,AU2022290851A1,PGDB_AS001091,% Degradation,luminescence,standardized
PGDB_C005817,CCN(C)S(=O)(=O)Nc1ccc(F)c(Oc2ccc3ncn([C@H]4CCC5(CCN(C(=O)CN6CCC(c7ccc8c(C9CCC(=O)NC9=O)nn(C)c8c7)CC6)CC5)C4)c(=O)c3c2)c1Cl,BRAF,,34.46,=,1,A375.10,C4 Therapeutics,AU2022290851A1,PGDB_AS001308,% Degradation,luminescence,standardized
PGDB_C005813,CCN(C)S(=O)(=O)Nc1ccc(F)c(Oc2ccc3ncn([C@H]4CCC5(CCN(C(=O)CN6CCN(c7cc8c(cc7F)c(N7CCC(=O)NC7=O)nn8C)CC6)CC5)C4)c(=O)c3c2)c1C#N,BRAF,,17.29,=,1,A375.10,C4 Therapeutics,AU2022290851A1,PGDB_AS001308,% Degradation,luminescence,standardized
PGDB_C005708,CCN(C)S(=O)(=O)Nc1ccc(F)c(Oc2ccc3ncn([C@H]4CCC5(CCN(C(=O)CN6CCN(c7ccc(C8CCC(=O)NC8=O)cc7F)CC6)CC5)C4)c(=O)c3c2)c1C#N,BRAF,,30.03,=,1,A375.10,C4 Therapeutics,AU2022290851A1,PGDB_AS001091,% Degradation,luminescence,standardized
PGDB_C005701,CCN(C)S(=O)(=O)Nc1ccc(F)c(Oc2ccc3ncn([C@H]4CCC5(CCN(C(=O)CN6CCN(c7ccc(NC8CCC(=O)NC8=O)cc7F)CC6)CC5)C4)c(=O)c3c2)c1C#N,BRAF,,34.46,=,1,A375.10,C4 Therapeutics,AU2022290851A1,PGDB_AS001091,% Degradation,luminescence,standardized
PGDB_C005719,CCN(C)S(=O)(=O)Nc1ccc(F)c(Oc2ccc3ncn([C@H]4CCC5(CCN(CC(=O)N6CCC(c7ccc(C8CCC(=O)NC8=O)cc7F)C(F)(F)C6)CC5)C4)c(=O)c3c2)c1C#N,BRAF,,11.31,=,1,A375.10,C4 Therapeutics,AU2022290851A1,PGDB_AS001091,% Degradation,luminescence,standardized
PGDB_C005811,CCN(C)S(=O)(=O)Nc1ccc(F)c(Oc2ccc3ncn([C@H]4CCC5(CCN(CC(=O)N6CCC(c7ccc8c(C9CCC(=O)NC9=O)nn(C)c8c7)C(F)(F)C6)CC5)C4)c(=O)c3c2)c1C#N,BRAF,,22.19,=,1,A375.10,C4 Therapeutics,AU2022290851A1,PGDB_AS001308,% Degradation,luminescence,standardized
PGDB_C005806,CCN(C)S(=O)(=O)Nc1ccc(F)c(Oc2ccc3ncn([C@H]4CCC5(CCN(CC(=O)N6CCC(c7ccc8c(N9CCC(=O)NC9=O)nn(C)c8c7)CC6)CC5)C4)c(=O)c3c2)c1C#N,BRAF,,24.61,=,1,A375.10,C4 Therapeutics,AU2022290851A1,PGDB_AS001308,% Degradation,luminescence,standardized
PGDB_C005803,CCN(C)S(=O)(=O)Nc1ccc(F)c(Oc2ccc3ncn([C@H]4COC5(CCC(C(=O)CC6CCN(c7ccc8c(C9CCC(=O)NC9=O)nn(C)c8c7)CC6)CC5)C4)c(=O)c3c2)c1C#N,BRAF,,18.67,=,1,A375.10,C4 Therapeutics,AU2022290851A1,PGDB_AS001308,% Degradation,luminescence,standardized
PGDB_C005851,CCN(C)S(=O)(=O)Nc1ccc(F)c(Oc2ccc3ncn([C@H]4COC5(CCC(N6CCC(c7cc8c(cc7F)C(N7CCC(=O)NC7=O)NN8C)CC6)CC5)C4)c(=O)c3c2)c1C#N,BRAF,,15.94,=,1,A375.10,C4 Therapeutics,AU2022290851A1,PGDB_AS001308,% Degradation,luminescence,standardized
PGDB_C005852,CCN(C)S(=O)(=O)Nc1ccc(F)c(Oc2ccc3ncn([C@H]4COC5(CCN(C(=O)CC6(F)CCN(c7cc8c(cc7F)N7C(=O)NC(=O)CCC7=NN8C)CC6)CC5)C4)c(=O)c3c2)c1C#N,BRAF,,42.51,=,1,A375.10,C4 Therapeutics,AU2022290851A1,PGDB_AS001308,% Degradation,luminescence,standardized
PGDB_C005837,CCN(C)S(=O)(=O)Nc1ccc(F)c(Oc2ccc3ncn([C@H]4COC5(CCN(C(=O)CC6(O)CCN(c7cc8c(cc7F)N7C(=O)NC(=O)CCC7=NN8C)CC6)CC5)C4)c(=O)c3c2O)c1C#N,BRAF,,16.31,=,1,A375.10,C4 Therapeutics,AU2022290851A1,PGDB_AS001308,% Degradation,luminescence,standardized
PGDB_C005652,CCN(C)S(=O)(=O)Nc1ccc(F)c(Oc2ccc3ncn([C@H]4COC5(CCN(C(=O)CC6(O)CCN(c7cc8c(cc7F)c(N7CCC(=O)NC7=O)nn8C)CC6)CC5)C4)c(=O)c3c2)c1C#N,BRAF,,14.55,=,1,A375.10,C4 Therapeutics,AU2022290851A1,PGDB_AS001308,% Degradation,luminescence,standardized
PGDB_C005825,CCN(C)S(=O)(=O)Nc1ccc(F)c(Oc2ccc3ncn([C@H]4COC5(CCN(C(=O)CC6(O)CCN(c7cc8c(cc7F)c(N7CCC(=O)NC7=O)nn8C)CC6)CC5)C4)c(=O)c3c2F)c1C#N,BRAF,,25.55,=,1,A375.10,C4 Therapeutics,AU2022290851A1,PGDB_AS001308,% Degradation,luminescence,standardized
PGDB_C005833,CCN(C)S(=O)(=O)Nc1ccc(F)c(Oc2ccc3ncn([C@H]4COC5(CCN(C(=O)CC6(O)CCN(c7cc8c(cc7F)c(N7CCC(=O)NC7=O)nn8C)CC6)CC5)C4)c(=O)c3c2N)c1C#N,BRAF,,16.21,=,1,A375.10,C4 Therapeutics,AU2022290851A1,PGDB_AS001308,% Degradation,luminescence,standardized
PGDB_C005804,CCN(C)S(=O)(=O)Nc1ccc(F)c(Oc2ccc3ncn([C@H]4COC5(CCN(C(=O)CC6(O)CCN(c7ccc8c(C9CCC(=O)NC9=O)nn(C)c8c7)CC6)CC5)C4)c(=O)c3c2)c1C#N,BRAF,,27.19,=,1,A375.10,C4 Therapeutics,AU2022290851A1,PGDB_AS001308,% Degradation,luminescence,standardized
PGDB_C005824,CCN(C)S(=O)(=O)Nc1ccc(F)c(Oc2ccc3ncn([C@H]4COC5(CCN(C(=O)CC6(O)CCN(c7ccc8c(N9CCC(=O)NC9=O)nn(C)c8c7F)CC6)CC5)C4)c(=O)c3c2)c1C#N,BRAF,,192.22,=,0,A375.10,C4 Therapeutics,AU2022290851A1,PGDB_AS001308,% Degradation,luminescence,standardized
PGDB_C005831,CCN(C)S(=O)(=O)Nc1ccc(F)c(Oc2ccc3ncn([C@H]4COC5(CCN(C(=O)CC6CCN(c7cc8c(cc7F)c(N7CCC(=O)NC7=O)nn8C)CC6)CC5)C4)c(=O)c3c2)c1C#N,BRAF,,9.62,=,1,A375.10,C4 Therapeutics,AU2022290851A1,PGDB_AS001308,% Degradation,luminescence,standardized
PGDB_C005700,CCN(C)S(=O)(=O)Nc1ccc(F)c(Oc2ccc3ncn([C@H]4COC5(CCN(C(=O)CC6CCN(c7ccc(NC8CCC(=O)NC8=O)cc7F)CC6)CC5)C4)c3c2)c1C#N,BRAF,,25.75,=,1,A375.10,C4 Therapeutics,AU2022290851A1,PGDB_AS001091,% Degradation,luminescence,standardized
PGDB_C005822,CCN(C)S(=O)(=O)Nc1ccc(F)c(Oc2ccc3ncn([C@H]4COC5(CCN(C(=O)CN6CC(c7ccc8c(C9CCC(=O)NC9=O)nn(C)c8c7)C6)CC5)C4)c(=O)c3c2)c1C#N,BRAF,,30.67,=,1,A375.10,C4 Therapeutics,AU2022290851A1,PGDB_AS001308,% Degradation,luminescence,standardized
PGDB_C005715,CCN(C)S(=O)(=O)Nc1ccc(F)c(Oc2ccc3ncn([C@H]4COC5(CCN(C(=O)CN6CCC(c7cc(F)c(NC8CCC(=O)NC8=O)cc7F)CC6)CC5)C4)c(=O)c3c2)c1C#N,BRAF,,12.98,=,1,A375.10,C4 Therapeutics,AU2022290851A1,PGDB_AS001091,% Degradation,luminescence,standardized
PGDB_C005728,CCN(C)S(=O)(=O)Nc1ccc(F)c(Oc2ccc3ncn([C@H]4COC5(CCN(C(=O)CN6CCC(c7cc(OC)c(NC8CCC(=O)NC8=O)cc7F)CC6)CC5)C4)c(=O)c3c2)c1C#N,BRAF,,43.15,=,1,A375.10,C4 Therapeutics,AU2022290851A1,PGDB_AS001091,% Degradation,luminescence,standardized
PGDB_C005834,CCN(C)S(=O)(=O)Nc1ccc(F)c(Oc2ccc3ncn([C@H]4COC5(CCN(C(=O)CN6CCC(c7cc8c(cc7F)c(N7CCC(=O)NC7=O)nn8C)CC6)CC5)C4)c(=O)c3c2)c1C#N,BRAF,,28.56,=,1,A375.10,C4 Therapeutics,AU2022290851A1,PGDB_AS001308,% Degradation,luminescence,standardized
PGDB_C005718,CCN(C)S(=O)(=O)Nc1ccc(F)c(Oc2ccc3ncn([C@H]4COC5(CCN(C(=O)CN6CCC(c7ccc(C8CCC(=O)NC8=O)cc7F)C(F)(F)C6)CC5)C4)c(=O)c3c2)c1C#N,BRAF,,9.48,=,1,A375.10,C4 Therapeutics,AU2022290851A1,PGDB_AS001091,% Degradation,luminescence,standardized
PGDB_C005699,CCN(C)S(=O)(=O)Nc1ccc(F)c(Oc2ccc3ncn([C@H]4COC5(CCN(C(=O)CN6CCC(c7ccc(C8CCC(=O)NC8=O)cc7F)CC6)CC5)C4)c(=O)c3c2)c1C#N,BRAF,,29.93,=,1,A375.10,C4 Therapeutics,AU2022290851A1,PGDB_AS001091,% Degradation,luminescence,standardized
PGDB_C005707,CCN(C)S(=O)(=O)Nc1ccc(F)c(Oc2ccc3ncn([C@H]4COC5(CCN(C(=O)CN6CCC(c7ccc(NC8CCC(=O)NC8=O)c(F)c7)CC6)CC5)C4)c(=O)c3c2)c1C#N,BRAF,,15.37,=,1,A375.10,C4 Therapeutics,AU2022290851A1,PGDB_AS001091,% Degradation,luminescence,standardized
PGDB_C005717,CCN(C)S(=O)(=O)Nc1ccc(F)c(Oc2ccc3ncn([C@H]4COC5(CCN(C(=O)CN6CCC(c7ccc(NC8CCC(=O)NC8=O)c(F)c7F)CC6)CC5)C4)c(=O)c3c2)c1C#N,BRAF,,8.05,=,1,A375.10,C4 Therapeutics,AU2022290851A1,PGDB_AS001091,% Degradation,luminescence,standardized
PGDB_C005711,CCN(C)S(=O)(=O)Nc1ccc(F)c(Oc2ccc3ncn([C@H]4COC5(CCN(C(=O)CN6CCC(c7ccc(NC8CCC(=O)NC8=O)cc7F)C(F)(F)C6)CC5)C4)c(=O)c3c2)c1C#N,BRAF,,45.31,=,1,A375.10,C4 Therapeutics,AU2022290851A1,PGDB_AS001091,% Degradation,luminescence,standardized
PGDB_C005687,CCN(C)S(=O)(=O)Nc1ccc(F)c(Oc2ccc3ncn([C@H]4COC5(CCN(C(=O)CN6CCC(c7ccc(NC8CCC(=O)NC8=O)cc7F)CC6)CC5)C4)c(=O)c3c2)c1C#N,BRAF,,29.92,=,1,A375.10,C4 Therapeutics,AU2022290851A1,PGDB_AS002380,% Degradation,luminescence,standardized
PGDB_C005726,CCN(C)S(=O)(=O)Nc1ccc(F)c(Oc2ccc3ncn([C@H]4COC5(CCN(C(=O)CN6CCC(c7ccc(NC8CCC(=O)NC8=O)cc7F)CC6)CC5)C4)c(=O)c3c2Br)c1C#N,BRAF,,30.68,=,1,A375.10,C4 Therapeutics,AU2022290851A1,PGDB_AS001091,% Degradation,luminescence,standardized
PGDB_C005725,CCN(C)S(=O)(=O)Nc1ccc(F)c(Oc2ccc3ncn([C@H]4COC5(CCN(C(=O)CN6CCC(c7ccc(NC8CCC(=O)NC8=O)cc7F)CC6)CC5)C4)c(=O)c3c2F)c1C#N,BRAF,,39.86,=,1,A375.10,C4 Therapeutics,AU2022290851A1,PGDB_AS001091,% Degradation,luminescence,standardized
PGDB_C005695,CCN(C)S(=O)(=O)Nc1ccc(F)c(Oc2ccc3ncn([C@H]4COC5(CCN(C(=O)CN6CCC(c7ccc(N[C@@H]8CCC(=O)NC8=O)cc7F)CC6)CC5)C4)c(=O)c3c2)c1C#N,BRAF,,22.12,=,1,A375.10,C4 Therapeutics,AU2022290851A1,PGDB_AS001091,% Degradation,luminescence,standardized
PGDB_C005696,CCN(C)S(=O)(=O)Nc1ccc(F)c(Oc2ccc3ncn([C@H]4COC5(CCN(C(=O)CN6CCC(c7ccc(N[C@H]8CCC(=O)NC8=O)cc7F)CC6)CC5)C4)c(=O)c3c2)c1C#N,BRAF,,23.73,=,1,A375.10,C4 Therapeutics,AU2022290851A1,PGDB_AS001091,% Degradation,luminescence,standardized
PGDB_C005812,CCN(C)S(=O)(=O)Nc1ccc(F)c(Oc2ccc3ncn([C@H]4COC5(CCN(C(=O)CN6CCC(c7ccc8c(C9CCC(=O)NC9=O)nn(C)c8c7)C(F)(F)C6)CC5)C4)c(=O)c3c2)c1C#N,BRAF,,41.57,=,1,A375.10,C4 Therapeutics,AU2022290851A1,PGDB_AS001308,% Degradation,luminescence,standardized
PGDB_C005802,CCN(C)S(=O)(=O)Nc1ccc(F)c(Oc2ccc3ncn([C@H]4COC5(CCN(C(=O)CN6CCC(c7ccc8c(C9CCC(=O)NC9=O)nn(C)c8c7)CC6)CC5)C4)c(=O)c3c2)c1C#N,BRAF,,12.37,=,1,A375.10,C4 Therapeutics,AU2022290851A1,PGDB_AS001308,% Degradation,luminescence,standardized
PGDB_C005729,CCN(C)S(=O)(=O)Nc1ccc(F)c(Oc2ccc3ncn([C@H]4COC5(CCN(C(=O)CN6CCCC(c7ccc(NC8CCC(=O)NC8=O)cc7F)CC6)CC5)C4)c(=O)c3c2)c1C#N,BRAF,,50.11,=,1,A375.10,C4 Therapeutics,AU2022290851A1,PGDB_AS001091,% Degradation,luminescence,standardized
PGDB_C005815,CCN(C)S(=O)(=O)Nc1ccc(F)c(Oc2ccc3ncn([C@H]4COC5(CCN(C(=O)CN6CCN(c7cc8c(c(N9CCC(=O)NC9=O)nn8C)c(F)c7F)CC6)CC5)C4)c(=O)c3c2)c1C#N,BRAF,,26.62,=,1,A375.10,C4 Therapeutics,AU2022290851A1,PGDB_AS001308,% Degradation,luminescence,standardized
PGDB_C005713,CCN(C)S(=O)(=O)Nc1ccc(F)c(Oc2ccc3ncn([C@H]4COC5(CCN(C(=O)CN6CCN(c7ccc(C8CCC(=O)NC8=O)cc7F)CC6)CC5)C4)c(=O)c3c2)c1C#N,BRAF,,40.53,=,1,A375.10,C4 Therapeutics,AU2022290851A1,PGDB_AS001091,% Degradation,luminescence,standardized
PGDB_C005703,CCN(C)S(=O)(=O)Nc1ccc(F)c(Oc2ccc3ncn([C@H]4COC5(CCN(C(=O)CN6CCN(c7ccc(NC8CCC(=O)NC8=O)cc7F)CC6)CC5)C4)c(=O)c3c2)c1C#N,BRAF,,127.59,=,0,A375.10,C4 Therapeutics,AU2022290851A1,PGDB_AS001091,% Degradation,luminescence,standardized
PGDB_C005855,CCN(C)S(=O)(=O)Nc1ccc(F)c(Oc2ccc3ncn([C@H]4COC5(CCN(C(=O)CN6CC[C@@H](c7cc8c(cc7F)c(N7CCC(=O)NC7=O)nn8C)C(F)(F)C6)CC5)C4)c(=O)c3c2)c1C#N,BRAF,,29.77,=,1,A375.10,C4 Therapeutics,AU2022290851A1,PGDB_AS001308,% Degradation,luminescence,standardized
PGDB_C005854,CCN(C)S(=O)(=O)Nc1ccc(F)c(Oc2ccc3ncn([C@H]4COC5(CCN(C(=O)CN6CC[C@H](c7cc8c(cc7F)c(N7CCC(=O)NC7=O)nn8C)C(F)(F)C6)CC5)C4)c(=O)c3c2)c1C#N,BRAF,,37.53,=,1,A375.10,C4 Therapeutics,AU2022290851A1,PGDB_AS001308,% Degradation,luminescence,standardized
PGDB_C005821,CCN(C)S(=O)(=O)Nc1ccc(F)c(Oc2ccc3ncn([C@H]4COC5(CCN(C(=O)C[C@H]6CC[C@@H](c7ccc8c(C9CCC(=O)NC9=O)nn(C)c8c7)CC6)CC5)C4)c(=O)c3c2)c1C#N,BRAF,,30.85,=,1,A375.10,C4 Therapeutics,AU2022290851A1,PGDB_AS001308,% Degradation,luminescence,standardized
PGDB_C005820,CCN(C)S(=O)(=O)Nc1ccc(F)c(Oc2ccc3ncn([C@H]4COC5(CCN(C(=O)C[C@H]6CC[C@H](c7ccc8c(C9CCC(=O)NC9=O)nn(C)c8c7)CC6)CC5)C4)c(=O)c3c2)c1C#N,BRAF,,11.93,=,1,A375.10,C4 Therapeutics,AU2022290851A1,PGDB_AS001308,% Degradation,luminescence,standardized
PGDB_C005736,CCN(C)S(=O)(=O)Nc1ccc(F)c(Oc2ccc3ncn([C@H]4COC5(CCN([C@H]6CC[C@H](c7ccc(NC8CCC(=O)NC8=O)cc7F)CC6)CC5)C4)c(=O)c3c2)c1C#N,BRAF,,16.28,=,1,A375.10,C4 Therapeutics,AU2022290851A1,PGDB_AS001091,% Degradation,luminescence,standardized
PGDB_C005688,CCN(C)S(=O)(=O)Nc1ccc(F)c(Oc2ccc3ncn([C@H]4[C@@H]5CN(c6ccc(C(=O)NC7CCN(c8ccc(NC9CCC(=O)NC9=O)cc8F)CC7)cc6)C[C@@H]54)c(=O)c3c2)c1C#N,BRAF,,6.82,=,1,A375.10,C4 Therapeutics,AU2022290851A1,PGDB_AS001091,% Degradation,luminescence,standardized
PGDB_C005679,CCN(C)S(=O)(=O)Nc1cccc(Oc2ccc3ncn(C4CC5(CCN(C(=O)CN6CCC(c7ccc(NC8CCC(=O)NC8=O)cc7F)CC6)CC5)C4)c(=O)c3c2)c1C#N,BRAF,,8.49,=,1,A375.10,C4 Therapeutics,AU2022290851A1,PGDB_AS002380,% Degradation,luminescence,standardized
PGDB_C032996,CCN(CC)C(=O)c1ccc2cc(-c3cccc(C4CCC(=O)NC4=O)c3Cl)ccc2c1,VAV1,,10.0,<,1,Jurkat,,WO2026145172A1,PGDB_AS002614,% Degradation,luminescence,standardized
PGDB_C010711,CCN(CC)C/C=C/C(=O)N1CC(c2[nH]c3nnc(-c4ccccc4O)cc3c2C2CCCO2)C1,SMARCA2,,500.0,>=,0,HeLa,Plexium,WO2025101944,PGDB_AS000900,% Degradation,luminescence,standardized
PGDB_C010711,CCN(CC)C/C=C/C(=O)N1CC(c2[nH]c3nnc(-c4ccccc4O)cc3c2C2CCCO2)C1,SMARCA4,,5000.0,>,0,HeLa,Plexium,WO2025101944,PGDB_AS000431,% Degradation,luminescence,standardized
PGDB_C010428,CCN(CC)C/C=C/C(=O)N1CC(c2cc3cc(-c4ccccc4O)nnc3[nH]2)C1,SMARCA4,,5000.0,>,0,HeLa,Plexium,WO2025101944,PGDB_AS000431,% Degradation,luminescence,standardized
PGDB_C027074,CCN(CC)CC#Cc1nccc(N2CCN(c3cc(-c4ccccc4O)nnc3N)CC[C@H]2C)n1,SMARCA2,,50.0,<,1,HeLa,Plexium,WO2023244806A1,PGDB_AS002237,% Degradation,luminescence,standardized
PGDB_C027074,CCN(CC)CC#Cc1nccc(N2CCN(c3cc(-c4ccccc4O)nnc3N)CC[C@H]2C)n1,SMARCA4,,50.0,<,1,HeLa,Plexium,WO2023244806A1,PGDB_AS000073,% Degradation,luminescence,standardized
PGDB_C005832,CCN(CC)S(=O)(=O)Nc1ccc(F)c(Oc2ccc3ncn([C@H]4COC5(CCN(C(=O)CC6(O)CCN(c7cc8c(c(N9CCC(=O)NC9=O)nn8C)c(F)c7F)CC6)CC5)C4)c(=O)c3c2OC)c1C#N,BRAF,,19.85,=,1,A375.10,C4 Therapeutics,AU2022290851A1,PGDB_AS001308,% Degradation,luminescence,standardized
PGDB_C005730,CCN(CC)S(=O)(=O)c1cc(F)c(Oc2ccc3ncn([C@H]4COC5(CCN(C(=O)CN6CCC(c7ccc(NC8CCC(=O)NC8=O)cc7F)CC6)CC5)C4)c(=O)c3c2Cl)c(C#N)c1C#N,BRAF,,31.78,=,1,A375.10,C4 Therapeutics,AU2022290851A1,PGDB_AS001091,% Degradation,luminescence,standardized
PGDB_C032072,CCN1C(=O)CCc2cc(-c3cccc(C4CCC(=O)NC4=O)c3Cl)sc21,VAV1,,10.1,=,1,,Changchun Genescience Pharmaceutical Co Ltd,WO2026119120A1,PGDB_AS001984,% Degradation,luminescence,standardized
PGDB_C010162,CCN1CCC(O)(c2ccc3c(n2)CN(C2CCC(=O)NC2=O)C3=O)C(CC)(CC)C1,ARNT,,200.0,>=,0,7860-O,Neomorph,WO2025097092,PGDB_AS002177,% Degradation,luminescence,manual_curated
PGDB_C029647,CCNC(=O)N(c1ccc(-c2cccc(C3CCC(=O)NC3=O)c2Cl)cc1)C12CC(C1)C2,VAV1,,1.8,=,1,,Shanghai Qilu Pharmaceutical Research And Development Centre,WO2026051943A1,PGDB_AS001440,% Degradation,luminescence,standardized
PGDB_C029669,CCNC(=O)N(c1ccc(-c2cccc(C3CCC(=O)NC3=O)c2Cl)cc1)C1CC1,VAV1,,1.6,=,1,,Shanghai Qilu Pharmaceutical Research And Development Centre,WO2026051943A1,PGDB_AS001440,% Degradation,luminescence,standardized
PGDB_C029446,CCNC(=O)N1CCCOc2cc(-c3cccc(C4CCC(=O)NC4=O)c3Cl)ccc21,VAV1,,6.04,=,1,,Shanghai Qilu Pharmaceutical Research And Development Centre,WO2026051943A1,PGDB_AS001440,% Degradation,luminescence,standardized
PGDB_C029513,CCNC(=O)N1CCOCc2cc(-c3cccc(C4CCC(=O)NC4=O)c3Cl)ccc21,VAV1,,8.45,=,1,,Shanghai Qilu Pharmaceutical Research And Development Centre,WO2026051943A1,PGDB_AS001440,% Degradation,luminescence,standardized
PGDB_C027198,CCNC(=O)NCC#Cc1nccc(N2CCCN(c3cc(-c4ccccc4O)nnc3N)CC2)n1,SMARCA2,,500.0,>=,0,HeLa,Plexium,WO2023244806A1,PGDB_AS002237,% Degradation,luminescence,standardized
PGDB_C027198,CCNC(=O)NCC#Cc1nccc(N2CCCN(c3cc(-c4ccccc4O)nnc3N)CC2)n1,SMARCA4,,500.0,>=,0,HeLa,Plexium,WO2023244806A1,PGDB_AS000073,% Degradation,luminescence,standardized
PGDB_C029678,CCNC(=O)Nc1c(C)cc(-c2cccc(C3CCC(=O)NC3=O)c2Cl)cc1C#N,VAV1,,1.8,=,1,,Shanghai Qilu Pharmaceutical Research And Development Centre,WO2026051943A1,PGDB_AS001440,% Degradation,luminescence,standardized
PGDB_C029680,CCNC(=O)Nc1c(C)cc(-c2cccc(C3CCC(=O)NC3=O)c2Cl)cc1OC,VAV1,,3.7,=,1,,Shanghai Qilu Pharmaceutical Research And Development Centre,WO2026051943A1,PGDB_AS001440,% Degradation,luminescence,standardized
PGDB_C029682,CCNC(=O)Nc1c(Cl)cc(-c2cccc(C3CCC(=O)NC3=O)c2Cl)cc1OC,VAV1,,2.6,=,1,,Shanghai Qilu Pharmaceutical Research And Development Centre,WO2026051943A1,PGDB_AS001440,% Degradation,luminescence,standardized
PGDB_C029644,CCNC(=O)Nc1c(F)cc(-c2cccc(C3CCC(=O)NC3=O)c2Cl)cc1F,VAV1,,3.68,=,1,,Shanghai Qilu Pharmaceutical Research And Development Centre,WO2026051943A1,PGDB_AS001440,% Degradation,luminescence,standardized
PGDB_C033062,CCNC(=O)c1ccc2cc(-c3cccc(C4CCC(=O)NC4=O)c3Cl)ccc2c1,VAV1,,50.0,<=,1,Jurkat,,WO2026145172A1,PGDB_AS002614,% Degradation,luminescence,standardized
PGDB_C033046,CCNC(=O)c1cccc2cc(-c3cccc(C4CCC(=O)NC4=O)c3Cl)ccc12,VAV1,,50.0,<=,1,Jurkat,,WO2026145172A1,PGDB_AS002614,% Degradation,luminescence,standardized
PGDB_C003530,CCOC(=O)Cc1cccc(-c2c(-c3ccc4c(c3)CN(C3CCC(=O)NC3=O)C4=O)cnn2C)c1,CSNK1A1,,25.0,<,1,HEK293,Innovo Therapeutics,EP4584259A1,PGDB_AS001103,% Degradation,,standardized
PGDB_C016639,CCOC(=O)c1cc(Cc2ccc3c4c(cccc24)N(C2CCC(=O)NC2=O)C3=O)ccc1F,GSPT1,,10000.0,>,0,293T.114,C4 Therapeutics,WO2022081927A1,PGDB_AS001223,% Degradation,luminescence,standardized
PGDB_C016639,CCOC(=O)c1cc(Cc2ccc3c4c(cccc24)N(C2CCC(=O)NC2=O)C3=O)ccc1F,IKZF1,,10000.0,>,0,NCI-H929.11,C4 Therapeutics,WO2022081927A1,PGDB_AS000877,% Degradation,luminescence,standardized
PGDB_C016639,CCOC(=O)c1cc(Cc2ccc3c4c(cccc24)N(C2CCC(=O)NC2=O)C3=O)ccc1F,SALL4,,10000.0,>,0,KELLY.2,C4 Therapeutics,WO2022081927A1,PGDB_AS001296,% Degradation,luminescence,standardized
PGDB_C016633,CCOC(=O)c1ccc(Cc2ccc3c4c(cccc24)N(C2CCC(=O)NC2=O)C3=O)cc1,GSPT1,,10000.0,>,0,293T.114,C4 Therapeutics,WO2022081927A1,PGDB_AS001223,% Degradation,luminescence,standardized
PGDB_C016633,CCOC(=O)c1ccc(Cc2ccc3c4c(cccc24)N(C2CCC(=O)NC2=O)C3=O)cc1,SALL4,,100.0,<,1,KELLY.2,C4 Therapeutics,WO2022081927A1,PGDB_AS001296,% Degradation,luminescence,standardized
PGDB_C016634,CCOC(=O)c1cccc(Cc2ccc3c4c(cccc24)N(C2CCC(=O)NC2=O)C3=O)c1,GSPT1,,10000.0,>,0,293T.114,C4 Therapeutics,WO2022081927A1,PGDB_AS001223,% Degradation,luminescence,standardized
PGDB_C016634,CCOC(=O)c1cccc(Cc2ccc3c4c(cccc24)N(C2CCC(=O)NC2=O)C3=O)c1,IKZF1,,10000.0,>,0,NCI-H929.11,C4 Therapeutics,WO2022081927A1,PGDB_AS000877,% Degradation,luminescence,standardized
PGDB_C016634,CCOC(=O)c1cccc(Cc2ccc3c4c(cccc24)N(C2CCC(=O)NC2=O)C3=O)c1,SALL4,,10000.0,>,0,KELLY.2,C4 Therapeutics,WO2022081927A1,PGDB_AS001296,% Degradation,luminescence,standardized
PGDB_C002458,CCOC1CCC(C2CN([C@H]3CCCC[C@@H]3Oc3ccc4c(c3)CN(C3CCC(=O)NC3=O)C4=O)C2)CC1,GSPT1,,30000.0,>,0,HEK293T,Plexium,TW202410889A,PGDB_AS000301,% Degradation,luminescence,standardized
PGDB_C012167,CCOCCn1cccc(N2CCN(c3cccc(C4CCC(=O)NC4=O)c3Cl)CC2)c1=O,VAV1,,7.553,=,1,Jurkat,Monte Rosa Therapeutics,WO2026013577A1,PGDB_AS001744,% Degradation,luminescence,standardized
PGDB_C033151,CCO[C@H]1CC[C@H](NC(=O)c2ccc(N3CCC(CN4CCC5(CC4)COc4c5cc(Cl)c5c4CN([C@H]4CCC(=O)NC4=O)C5=O)CC3)c(F)c2)CC1,CSNK1A1,,1.0,<,1,HEK293,,WO2026139085A1,PGDB_AS002601,% Degradation,luminescence,standardized
PGDB_C032854,CCOc1cc(C(F)(F)F)n(-c2cccc(-n3ncc4c(C5CCC(=O)NC5=O)cccc43)c2)c(=O)c1,VAV1,,10.0,<,1,Jurkat,,WO2026145172A1,PGDB_AS002605,% Degradation,luminescence,standardized
PGDB_C032852,CCOc1cc(CCC(F)(F)F)n(-c2ccc(-c3cccc(N4CCC(=O)NC4=O)c3Cl)cc2)c(=O)c1,VAV1,,10.0,<,1,Jurkat,,WO2026145172A1,PGDB_AS002605,% Degradation,luminescence,standardized
PGDB_C032875,CCOc1cc(CCC(F)(F)F)n(-c2cccc(-n3ncc4c(C5CCC(=O)NC5=O)cccc43)c2)c(=O)c1,VAV1,,10.0,<,1,Jurkat,,WO2026145172A1,PGDB_AS002605,% Degradation,luminescence,standardized
PGDB_C032889,CCOc1cc(OCC(F)(F)F)n(-c2cccc(-n3ncc4c(C5CCC(=O)NC5=O)cccc43)c2)c(=O)c1,VAV1,,10.0,<,1,Jurkat,,WO2026145172A1,PGDB_AS002614,% Degradation,luminescence,standardized
PGDB_C033013,CCOc1cc(OCCC(F)(F)F)n(-c2cccc(-n3ncc4c(C5CCC(=O)NC5=O)cccc43)c2)c(=O)c1,VAV1,,10.0,<,1,Jurkat,,WO2026145172A1,PGDB_AS002602,% Degradation,luminescence,standardized
PGDB_C016632,CCOc1ccc(Cc2ccc3c4c(cccc24)N(C2CCC(=O)NC2=O)C3=O)c(F)c1,GSPT1,,10000.0,>,0,293T.114,C4 Therapeutics,WO2022081927A1,PGDB_AS001223,% Degradation,luminescence,standardized
PGDB_C016632,CCOc1ccc(Cc2ccc3c4c(cccc24)N(C2CCC(=O)NC2=O)C3=O)c(F)c1,IKZF1,,10000.0,>,0,NCI-H929.11,C4 Therapeutics,WO2022081927A1,PGDB_AS000877,% Degradation,luminescence,standardized
PGDB_C016632,CCOc1ccc(Cc2ccc3c4c(cccc24)N(C2CCC(=O)NC2=O)C3=O)c(F)c1,SALL4,,10000.0,>,0,KELLY.2,C4 Therapeutics,WO2022081927A1,PGDB_AS001296,% Degradation,luminescence,standardized
PGDB_C016638,CCOc1ccc(Cc2ccc3c4c(cccc24)N(C2CCC(=O)NC2=O)C3=O)cc1,GSPT1,,10000.0,>,0,293T.114,C4 Therapeutics,WO2022081927A1,PGDB_AS001223,% Degradation,luminescence,standardized
PGDB_C016638,CCOc1ccc(Cc2ccc3c4c(cccc24)N(C2CCC(=O)NC2=O)C3=O)cc1,IKZF1,,10000.0,>,0,NCI-H929.11,C4 Therapeutics,WO2022081927A1,PGDB_AS000877,% Degradation,luminescence,standardized
PGDB_C016638,CCOc1ccc(Cc2ccc3c4c(cccc24)N(C2CCC(=O)NC2=O)C3=O)cc1,SALL4,,10000.0,>,0,KELLY.2,C4 Therapeutics,WO2022081927A1,PGDB_AS001296,% Degradation,luminescence,standardized
PGDB_C004052,CCOc1ncccc1-c1c(-c2ccc3c(c2)CN(C2CCC(=O)NC2=O)C3=O)ncn1C,CSNK1A1,,25.0,<,1,HEK293,Innovo Therapeutics,EP4584259A1,PGDB_AS001103,% Degradation,,standardized
PGDB_C004052,CCOc1ncccc1-c1c(-c2ccc3c(c2)CN(C2CCC(=O)NC2=O)C3=O)ncn1C,GSPT1,,25.0,<,1,HEK293,Innovo Therapeutics,EP4584259A1,PGDB_AS001862,% Degradation,luminescence,standardized
PGDB_C012231,CCOc1ncccc1N1CCN(c2cccc(C3CCC(=O)NC3=O)c2Cl)CC1,VAV1,,10000.0,=,0,Jurkat,Monte Rosa Therapeutics,WO2026013577A1,PGDB_AS001744,% Degradation,luminescence,standardized
PGDB_C031173,CC[C@@]12CNc3nnc(-c4ccccc4O)cc3N1CCN(C1CCN(CCOc3cc([C@H](C(=O)N4C[C@H](OP(=O)(O)O)C[C@H]4C(=O)N[C@@H](C)c4ccc(-c5scnc5C)cc4)C(C)C)on3)CC1)C2,SMARCA2,,1.0,<,1,HeLa,Prelude Therapeutics Inc,WO2026090411A1,PGDB_AS000497,% Degradation,luminescence,standardized
PGDB_C031173,CC[C@@]12CNc3nnc(-c4ccccc4O)cc3N1CCN(C1CCN(CCOc3cc([C@H](C(=O)N4C[C@H](OP(=O)(O)O)C[C@H]4C(=O)N[C@@H](C)c4ccc(-c5scnc5C)cc4)C(C)C)on3)CC1)C2,SMARCA4,,1.0,<,1,HeLa,Prelude Therapeutics Inc,WO2026090411A1,PGDB_AS000642,% Degradation,luminescence,standardized
PGDB_C008163,CCc1c(F)ccc(S(=O)(=O)Nc2ccc3c(c2)C(=O)N(C2CCC(=O)NC2=O)C3=O)c1Cl,GSPT1,,751.0,=,0,HEK293,Cyrus Therapeutics;Wooseok Han;Joonwoo Nam;Min Sung Joo;Dong Hyuk Ki;Kim Eun Jung;Jaeyung Lee,IL323841A,PGDB_AS000381,% Degradation,luminescence,standardized
PGDB_C027635,CCc1cc(-c2cccc(C3CCC(=O)NC3=O)c2Cl)ccc1N,VAV1,,12.33,=,1,Jurkat,Monte Rosa Therapeutics,WO2024151547A1,PGDB_AS001582,% Degradation,luminescence,standardized
PGDB_C032014,CCc1cc(-c2cccc(C3CCC(=O)NC3=O)c2Cl)sc1-n1ccccc1=O,VAV1,,1.1,=,1,,Changchun Genescience Pharmaceutical Co Ltd,WO2026119120A1,PGDB_AS001984,% Degradation,luminescence,standardized
PGDB_C032053,CCc1cc(-c2cccc(C3CCC(=O)NC3=O)c2Cl)sc1NC(C)=O,VAV1,,1.1,=,1,,Changchun Genescience Pharmaceutical Co Ltd,WO2026119120A1,PGDB_AS001984,% Degradation,luminescence,standardized
PGDB_C032792,CCc1cccc(=O)n1-c1ccc(-c2cccc(N3CCC(=O)NC3=O)c2Cl)cc1,VAV1,,50.0,<=,1,Jurkat,,WO2026145172A1,PGDB_AS002600,% Degradation,luminescence,standardized
PGDB_C032768,CCc1cccc(=O)n1-c1cccc(-n2ncc3c(C4CCC(=O)NC4=O)cccc32)c1,VAV1,,50.0,<=,1,Jurkat,,WO2026145172A1,PGDB_AS002600,% Degradation,luminescence,standardized
PGDB_C008167,CCc1cccc(S(=O)(=O)Nc2ccc3c(c2)C(=O)N(C2CCC(=O)NC2=O)C3=O)c1Br,GSPT1,,218.0,=,0,HEK293,Cyrus Therapeutics;Wooseok Han;Joonwoo Nam;Min Sung Joo;Dong Hyuk Ki;Kim Eun Jung;Jaeyung Lee,IL323841A,PGDB_AS000381,% Degradation,luminescence,standardized
PGDB_C008162,CCc1cccc(S(=O)(=O)Nc2ccc3c(c2)C(=O)N(C2CCC(=O)NC2=O)C3=O)c1Cl,GSPT1,,2953.8,=,0,HEK293,Cyrus Therapeutics;Wooseok Han;Joonwoo Nam;Min Sung Joo;Dong Hyuk Ki;Kim Eun Jung;Jaeyung Lee,IL323841A,PGDB_AS000381,% Degradation,luminescence,standardized
PGDB_C008161,CCc1cccc(S(=O)(=O)Nc2ccc3c(c2)C(=O)N(C2CCC(=O)NC2=O)C3=O)c1OC(F)F,GSPT1,,936.0,=,0,HEK293,Cyrus Therapeutics;Wooseok Han;Joonwoo Nam;Min Sung Joo;Dong Hyuk Ki;Kim Eun Jung;Jaeyung Lee,IL323841A,PGDB_AS000381,% Degradation,luminescence,standardized
PGDB_C004145,CCc1cn(-c2ccccc2)c(-c2ccc3c(c2)CN(C2CCC(=O)NC2=O)C3=O)n1,CSNK1A1,,25.0,<,1,HEK293,Innovo Therapeutics,EP4584259A1,PGDB_AS001103,% Degradation,,standardized
PGDB_C004145,CCc1cn(-c2ccccc2)c(-c2ccc3c(c2)CN(C2CCC(=O)NC2=O)C3=O)n1,GSPT1,,25.0,<,1,HEK293,Innovo Therapeutics,EP4584259A1,PGDB_AS001862,% Degradation,luminescence,standardized
PGDB_C007577,CCc1cn(C2=CCC3C4CC=C5C[C@@H](NC(=O)c6ccncc6)CC[C@]5(C)C4CC[C@]23C)cn1,AR,,3210.0,=,0,LNCaP,Shanghai Institute Of Materia Medica Of Cas,EP4461736A1,PGDB_AS000970,% Degradation,,standardized
PGDB_C029244,CCc1cn(C2CCN(CC3(F)CCN(C(=O)c4ccc(N5C6CCC5CN(c5cc(-c7ccccc7O)nnc5N)C6)cc4)CC3)CC2)c2ccc(N3CCC(=O)NC3=O)cc12,SMARCA2,,100.7,=,0,,AstraZeneca,WO2026120044,PGDB_AS001809,% Degradation,,standardized
PGDB_C029244,CCc1cn(C2CCN(CC3(F)CCN(C(=O)c4ccc(N5C6CCC5CN(c5cc(-c7ccccc7O)nnc5N)C6)cc4)CC3)CC2)c2ccc(N3CCC(=O)NC3=O)cc12,SMARCA4,,3333.0,>,0,,AstraZeneca,WO2026120044,PGDB_AS001309,% Degradation,,standardized
PGDB_C004135,CCc1nc(-c2ccc3c(c2)CN(C2CCC(=O)NC2=O)C3=O)c(-c2ccccc2)o1,CSNK1A1,,25.0,<,1,HEK293,Innovo Therapeutics,EP4584259A1,PGDB_AS001103,% Degradation,,standardized
PGDB_C004135,CCc1nc(-c2ccc3c(c2)CN(C2CCC(=O)NC2=O)C3=O)c(-c2ccccc2)o1,GSPT1,,25.0,<,1,HEK293,Innovo Therapeutics,EP4584259A1,PGDB_AS001862,% Degradation,luminescence,standardized
PGDB_C002280,CCn1c(C2CCC(NC(=O)c3cccc(CNc4cccc5c4C(=O)N(C4CCC(=O)NC4=O)C5=O)c3)CC2)nc2ccncc21,GSPT1,,100.0,<,1,HEK293,Zhuhai Woo Biological Science And Technology,WO2023237116A1,PGDB_AS002200,% Degradation,luminescence,standardized
PGDB_C006089,CCn1cc(CN2CCC(O)(c3ccc4c(c3)C(=O)N(C3CCC(=O)NC3=O)C4=O)CC2)cn1,IKZF2,,136.0,=,0,MOLT-4,Neomorph;Dana Farber Cancer Institute,CA3215907A1,PGDB_AS000536,% Degradation,luminescence,standardized
PGDB_C012127,CCn1cc(F)c(N2CCC(CN3CCN(Cc4ccn5nc(F)c(N6CCC(=O)NC6=O)c5c4)C[C@@H]3C)CC2)n1,WIZ,,22.5,=,1,HT-1080,Linkcure Therapeutics,WO2025256460A1,PGDB_AS000508,% Degradation,luminescence,standardized
PGDB_C012195,CCn1cc(F)cc(N2CCC(c3cccc(C4CCC(=O)NC4=O)c3Cl)CC2)c1=O,VAV1,,140.909,=,0,Jurkat,Monte Rosa Therapeutics,WO2026013577A1,PGDB_AS001744,% Degradation,luminescence,standardized
PGDB_C012140,CCn1ccc(C2CCC(N3CCN(Cc4ccn5nc(F)c(N6CCC(=O)NC6=O)c5c4)C[C@@H]3C)CC2)n1,WIZ,,43.9,=,1,HT-1080,Linkcure Therapeutics,WO2025256460A1,PGDB_AS000508,% Degradation,luminescence,standardized
PGDB_C012172,CCn1ccc(F)c(N2CCC(c3cccc(C4CCC(=O)NC4=O)c3Cl)CC2)c1=O,VAV1,,17.181,=,1,Jurkat,Monte Rosa Therapeutics,WO2026013577A1,PGDB_AS001744,% Degradation,luminescence,standardized
PGDB_C012177,CCn1ccc(F)c(N2CCN(c3cccc(C4CCC(=O)NC4=O)c3Cl)CC2)c1=O,VAV1,,12.386,=,1,Jurkat,Monte Rosa Therapeutics,WO2026013577A1,PGDB_AS001744,% Degradation,luminescence,standardized
PGDB_C012120,CCn1ccc(N2CCC(CN3CCN(Cc4ccn5nc(F)c(N6CCC(=O)NC6=O)c5c4)C[C@@H]3C)CC2)n1,WIZ,,23.8,=,1,HT-1080,Linkcure Therapeutics,WO2025256460A1,PGDB_AS000508,% Degradation,luminescence,standardized
PGDB_C033045,CCn1ccc(OCC(F)(F)F)c(-c2ccc(-c3cccc(C4CCC(=O)NC4=O)c3Cl)cc2)c1=O,VAV1,,10.0,<,1,Jurkat,,WO2026145172A1,PGDB_AS002602,% Degradation,luminescence,standardized
PGDB_C032945,CCn1ccc(OCC(F)(F)F)c(-c2cccc(-n3ncc4c(C5CCC(=O)NC5=O)cccc43)c2)c1=O,VAV1,,10.0,<,1,Jurkat,,WO2026145172A1,PGDB_AS002602,% Degradation,luminescence,standardized
PGDB_C032926,CCn1ccc(OCCC(F)(F)F)c(-c2cccc(-n3ncc4c(C5CCC(=O)NC5=O)cccc43)c2)c1=O,VAV1,,10.0,<,1,Jurkat,,WO2026145172A1,PGDB_AS002602,% Degradation,luminescence,standardized
PGDB_C012175,CCn1cccc(N2CCC(c3cccc(C4CCC(=O)NC4=O)c3Cl)CC2)c1=O,VAV1,,17.764,=,1,Jurkat,Monte Rosa Therapeutics,WO2026013577A1,PGDB_AS001744,% Degradation,luminescence,standardized
PGDB_C012194,CCn1cccc(N2CCN(c3cccc(C4CCC(=O)NC4=O)c3Cl)CC2)c1=O,VAV1,,99.085,=,1,Jurkat,Monte Rosa Therapeutics,WO2026013577A1,PGDB_AS001744,% Degradation,luminescence,standardized
PGDB_C003454,CCn1cnc(-c2ccc3c(c2)CN(C2CCC(=O)NC2=O)C3=O)c1-c1ccccc1,CSNK1A1,,25.0,<,1,HEK293,Innovo Therapeutics,EP4584259A1,PGDB_AS001103,% Degradation,,standardized
PGDB_C003454,CCn1cnc(-c2ccc3c(c2)CN(C2CCC(=O)NC2=O)C3=O)c1-c1ccccc1,GSPT1,,25.0,<,1,HEK293,Innovo Therapeutics,EP4584259A1,PGDB_AS001862,% Degradation,luminescence,standardized
PGDB_C012208,CCn1cncc(N2CCN(c3cccc(C4CCC(=O)NC4=O)c3Cl)CC2)c1=O,VAV1,,1370.529,=,0,Jurkat,Monte Rosa Therapeutics,WO2026013577A1,PGDB_AS001744,% Degradation,luminescence,standardized
PGDB_C003509,CCn1nc(-c2ccccc2)c(-c2ccc3c(c2)CN(C2CCC(=O)NC2=O)C3=O)n1,CSNK1A1,,25.0,<,1,HEK293,Innovo Therapeutics,EP4584259A1,PGDB_AS001103,% Degradation,,standardized
PGDB_C003548,CCn1ncc(-c2ccc3c(c2)CN(C2CCC(=O)NC2=O)C3=O)c1-c1ccccc1,CSNK1A1,,25.0,<,1,HEK293,Innovo Therapeutics,EP4584259A1,PGDB_AS001103,% Degradation,,standardized
PGDB_C003548,CCn1ncc(-c2ccc3c(c2)CN(C2CCC(=O)NC2=O)C3=O)c1-c1ccccc1,GSPT1,,25.0,<,1,HEK293,Innovo Therapeutics,EP4584259A1,PGDB_AS001862,% Degradation,luminescence,standardized
PGDB_C012218,CCn1nccc(N2CCC(c3cccc(C4CCC(=O)NC4=O)c3Cl)CC2)c1=O,VAV1,,10000.0,=,0,Jurkat,Monte Rosa Therapeutics,WO2026013577A1,PGDB_AS001744,% Degradation,luminescence,standardized
PGDB_C012223,CCn1nccc(N2CCN(c3cccc(C4CCC(=O)NC4=O)c3Cl)CC2)c1=O,VAV1,,10000.0,=,0,Jurkat,Monte Rosa Therapeutics,WO2026013577A1,PGDB_AS001744,% Degradation,luminescence,standardized
PGDB_C002260,CN(C(=O)c1cc(CNc2cccc3c2C(=O)N(C2CCC(=O)NC2=O)C3=O)ccn1)[C@H]1CC[C@H](c2nc3cccnc3s2)CC1,GSPT1,,100.0,<,1,HEK293,Zhuhai Woo Biological Science And Technology,WO2023237116A1,PGDB_AS002200,% Degradation,luminescence,standardized
PGDB_C029633,CN(C)C(=O)C[C@H]1CCCN1C(=O)Nc1ccc(-c2cccc(C3CCC(=O)NC3=O)c2Cl)cc1,VAV1,,2.4,=,1,,Shanghai Qilu Pharmaceutical Research And Development Centre,WO2026051943A1,PGDB_AS001440,% Degradation,luminescence,standardized
PGDB_C024824,CN(C)C(=O)Cn1cc2c(n1)CCc1cc(-c3cccc(C4CCC(=O)NC4=O)c3Cl)ccc1-2,VAV1,,50.0,<=,1,Jurkat,Shanghai Meiyue Biotech Development Co Ltd,WO2026061428A1,PGDB_AS001390,% Degradation,fluorescence,standardized
PGDB_C029518,CN(C)C(=O)N(Cc1ccn(C)n1)c1ccc(-c2cccc(C3CCC(=O)NC3=O)c2Cl)cc1,VAV1,,0.73,=,1,,Shanghai Qilu Pharmaceutical Research And Development Centre,WO2026051943A1,PGDB_AS001440,% Degradation,luminescence,standardized
PGDB_C029643,CN(C)C(=O)Nc1c(F)cc(-c2cccc(C3CCC(=O)NC3=O)c2Cl)cc1F,VAV1,,4.94,=,1,,Shanghai Qilu Pharmaceutical Research And Development Centre,WO2026051943A1,PGDB_AS001440,% Degradation,luminescence,standardized
PGDB_C029573,CN(C)C(=O)Nc1ccc(-c2cccc(C3CCC(=O)NC3=O)c2Cl)cc1C(F)F,VAV1,,2.0,=,1,,Shanghai Qilu Pharmaceutical Research And Development Centre,WO2026051943A1,PGDB_AS001440,% Degradation,luminescence,standardized
PGDB_C029593,CN(C)C(=O)Nc1ccc(-c2cccc(C3CCC(=O)NC3=O)c2Cl)cc1C1CC1,VAV1,,1.8,=,1,,Shanghai Qilu Pharmaceutical Research And Development Centre,WO2026051943A1,PGDB_AS001440,% Degradation,luminescence,standardized
PGDB_C029605,CN(C)C(=O)Nc1ccc(-c2cccc(C3CCC(=O)NC3=O)c2Cl)cc1CC(F)F,VAV1,,2.2,=,1,,Shanghai Qilu Pharmaceutical Research And Development Centre,WO2026051943A1,PGDB_AS001440,% Degradation,luminescence,standardized
PGDB_C029585,CN(C)C(=O)Nc1cccn(-c2ccc(-c3cccc(C4CCC(=O)NC4=O)c3Cl)cc2)c1=O,VAV1,,3.05,=,1,,Shanghai Qilu Pharmaceutical Research And Development Centre,WO2026051943A1,PGDB_AS001440,% Degradation,luminescence,standardized
PGDB_C029436,CN(C)C(=O)Oc1ccc(-c2cccc(C3CCC(=O)NC3=O)c2Cl)cc1,VAV1,,4.11,=,1,,Shanghai Qilu Pharmaceutical Research And Development Centre,WO2026051943A1,PGDB_AS001440,% Degradation,luminescence,standardized
PGDB_C029483,CN(C)C(=O)Oc1ccc(-c2cccc(C3CCC(=O)NC3=O)c2Cl)cc1C(F)F,VAV1,,9.94,=,1,,Shanghai Qilu Pharmaceutical Research And Development Centre,WO2026051943A1,PGDB_AS001440,% Degradation,luminescence,standardized
PGDB_C007784,CN(C)C(=O)c1cc2cnc(Nc3ccc(N4CCN(C(=O)/C=C/C(=O)c5ccc(Br)cc5)CC4)cn3)nc2n1C1CCCC1,CDK4,,10000.0,>,0,,Novartis;University Of California;University Of California Berkeley;University Of California San Diego Ucsd,EP4605088A1,PGDB_AS000031,% Degradation,Western_blot,standardized
PGDB_C007774,CN(C)C(=O)c1cc2cnc(Nc3ccc(N4CCN(C(=O)/C=C/C(=O)c5ccc(C#N)cc5)CC4)cn3)nc2n1C1CCCC1,CDK4,,10000.0,>,0,,Novartis;University Of California;University Of California Berkeley;University Of California San Diego Ucsd,EP4605088A1,PGDB_AS000031,% Degradation,Western_blot,standardized
PGDB_C007757,CN(C)C(=O)c1cc2cnc(Nc3ccc(N4CCN(C(=O)/C=C/C(=O)c5ccc(F)cc5)CC4)cn3)nc2n1C1CCCC1,CDK4,,10000.0,>,0,,Novartis;University Of California;University Of California Berkeley;University Of California San Diego Ucsd,EP4605088A1,PGDB_AS000031,% Degradation,Western_blot,standardized
PGDB_C007768,CN(C)C(=O)c1cc2cnc(Nc3ccc(N4CCN(C(=O)/C=C/C(=O)c5ccc6c(c5)CCO6)CC4)cn3)nc2n1C1CCCC1,CDK4,,10000.0,>,0,,Novartis;University Of California;University Of California Berkeley;University Of California San Diego Ucsd,EP4605088A1,PGDB_AS000031,% Degradation,Western_blot,standardized
PGDB_C007764,CN(C)C(=O)c1cc2cnc(Nc3ccc(N4CCN(C(=O)/C=C/C(=O)c5ccc6c(c5)NC(=O)CO6)CC4)cn3)nc2n1C1CCCC1,CDK4,,10000.0,>,0,,Novartis;University Of California;University Of California Berkeley;University Of California San Diego Ucsd,EP4605088A1,PGDB_AS000031,% Degradation,Western_blot,standardized
PGDB_C007767,CN(C)C(=O)c1cc2cnc(Nc3ccc(N4CCN(C(=O)/C=C/C(=O)c5ccc6c(c5)OCC6)CC4)cn3)nc2n1C1CCCC1,CDK4,,10000.0,>,0,,Novartis;University Of California;University Of California Berkeley;University Of California San Diego Ucsd,EP4605088A1,PGDB_AS000031,% Degradation,Western_blot,standardized
PGDB_C007762,CN(C)C(=O)c1cc2cnc(Nc3ccc(N4CCN(C(=O)/C=C/C(=O)c5ccc6c(c5)OCCO6)CC4)cn3)nc2n1C1CCCC1,CDK4,,10000.0,>,0,,Novartis;University Of California;University Of California Berkeley;University Of California San Diego Ucsd,EP4605088A1,PGDB_AS000031,% Degradation,Western_blot,standardized
PGDB_C007766,CN(C)C(=O)c1cc2cnc(Nc3ccc(N4CCN(C(=O)/C=C/C(=O)c5cccc(Br)c5)CC4)cn3)nc2n1C1CCCC1,CDK4,,10000.0,>,0,,Novartis;University Of California;University Of California Berkeley;University Of California San Diego Ucsd,EP4605088A1,PGDB_AS000031,% Degradation,Western_blot,standardized
PGDB_C007761,CN(C)C(=O)c1cc2cnc(Nc3ccc(N4CCN(C(=O)/C=C/C(=O)c5cccc(C(F)(F)F)c5)CC4)cn3)nc2n1C1CCCC1,CDK4,,10000.0,>,0,,Novartis;University Of California;University Of California Berkeley;University Of California San Diego Ucsd,EP4605088A1,PGDB_AS000031,% Degradation,Western_blot,standardized
PGDB_C007765,CN(C)C(=O)c1cc2cnc(Nc3ccc(N4CCN(C(=O)/C=C/C(=O)c5ccccc5)CC4)cn3)nc2n1C1CCCC1,CDK4,,10000.0,>,0,,Novartis;University Of California;University Of California Berkeley;University Of California San Diego Ucsd,EP4605088A1,PGDB_AS000031,% Degradation,Western_blot,standardized
PGDB_C007759,CN(C)C(=O)c1cc2cnc(Nc3ccc(N4CCN(C(=O)/C=C/C(=O)c5ccccc5Br)CC4)cn3)nc2n1C1CCCC1,CDK4,,10000.0,>,0,,Novartis;University Of California;University Of California Berkeley;University Of California San Diego Ucsd,EP4605088A1,PGDB_AS000031,% Degradation,Western_blot,standardized
PGDB_C007758,CN(C)C(=O)c1cc2cnc(Nc3ccc(N4CCN(C(=O)/C=C/C(=O)c5ccccc5Cl)CC4)cn3)nc2n1C1CCCC1,CDK4,,10000.0,>,0,,Novartis;University Of California;University Of California Berkeley;University Of California San Diego Ucsd,EP4605088A1,PGDB_AS000031,% Degradation,Western_blot,standardized
PGDB_C032964,CN(C)C(=O)c1ccc2cc(-c3cccc(C4CCC(=O)NC4=O)c3Cl)ccc2c1,VAV1,,10.0,<,1,Jurkat,,WO2026145172A1,PGDB_AS002602,% Degradation,luminescence,standardized
PGDB_C003687,CN(C)C(=O)c1cccc(-c2c(-c3ccc4c(c3)CN(C3CCC(=O)NC3=O)C4=O)cnn2C)c1,GSPT1,,25.0,<,1,HEK293,Innovo Therapeutics,EP4584259A1,PGDB_AS001862,% Degradation,luminescence,standardized
PGDB_C004593,CN(C)C(CC(=O)Nc1cccc(C(F)(F)F)c1)c1cccc(NC2=CC(=O)N(C3CCC(=O)NC3=O)C2=O)c1,IKZF1,,15.0,=,1,MOLT-4,Dana Farber Cancer Institute,US20230192644A1,PGDB_AS001602,% Degradation,luminescence,standardized
PGDB_C004593,CN(C)C(CC(=O)Nc1cccc(C(F)(F)F)c1)c1cccc(NC2=CC(=O)N(C3CCC(=O)NC3=O)C2=O)c1,IKZF2,,2.5,=,1,MOLT-4,Dana Farber Cancer Institute,US20230192644A1,PGDB_AS002021,% Degradation,luminescence,standardized
PGDB_C010273,CN(C)C/C=C/C(=O)N1CC(c2cc3cc(-c4ccccc4O)nnc3[nH]2)[C@H](F)C1,SMARCA4,,500.0,>=,0,HeLa,Plexium,WO2025101944,PGDB_AS000431,% Degradation,luminescence,standardized
PGDB_C010605,CN(C)C/C=C/C(=O)N1CC2(CCC2c2cc3cc(-c4ccccc4O)nnc3[nH]2)C1,SMARCA2,,500.0,>=,0,HeLa,Plexium,WO2025101944,PGDB_AS000900,% Degradation,luminescence,standardized
PGDB_C010605,CN(C)C/C=C/C(=O)N1CC2(CCC2c2cc3cc(-c4ccccc4O)nnc3[nH]2)C1,SMARCA4,,5000.0,>,0,HeLa,Plexium,WO2025101944,PGDB_AS000431,% Degradation,luminescence,standardized
PGDB_C010841,CN(C)C/C=C/C(=O)N1CC[C@@H](c2[nH]c3nnc(-c4ccccc4O)cc3c2C2CCCO2)C1,SMARCA2,,500.0,>=,0,HeLa,Plexium,WO2025101944,PGDB_AS000900,% Degradation,luminescence,standardized
PGDB_C010841,CN(C)C/C=C/C(=O)N1CC[C@@H](c2[nH]c3nnc(-c4ccccc4O)cc3c2C2CCCO2)C1,SMARCA4,,5000.0,>,0,HeLa,Plexium,WO2025101944,PGDB_AS000431,% Degradation,luminescence,standardized
PGDB_C010327,CN(C)C/C=C/C(=O)N1Cc2cccc(-c3cc4cc(-c5ccccc5O)nnc4[nH]3)c2C1,SMARCA2,,500.0,>=,0,HeLa,Plexium,WO2025101944,PGDB_AS000900,% Degradation,luminescence,standardized
PGDB_C010327,CN(C)C/C=C/C(=O)N1Cc2cccc(-c3cc4cc(-c5ccccc5O)nnc4[nH]3)c2C1,SMARCA4,,500.0,>=,0,HeLa,Plexium,WO2025101944,PGDB_AS000431,% Degradation,luminescence,standardized
PGDB_C027254,CN(C)CC#Cc1cc(N2C3CCC2CN(c2cc(-c4ccccc4O)nnc2N)CC3)ccn1,SMARCA2,,50.0,<,1,HeLa,Plexium,WO2023244806A1,PGDB_AS002237,% Degradation,luminescence,standardized
PGDB_C027254,CN(C)CC#Cc1cc(N2C3CCC2CN(c2cc(-c4ccccc4O)nnc2N)CC3)ccn1,SMARCA4,,50.0,<,1,HeLa,Plexium,WO2023244806A1,PGDB_AS000073,% Degradation,luminescence,standardized
PGDB_C027260,CN(C)CC#Cc1cc(N2C[C@@H]3CN(c4cc(-c5ccccc5O)nnc4N)C[C@@H]3C2)ccn1,SMARCA4,,50.0,<,1,HeLa,Plexium,WO2023244806A1,PGDB_AS000073,% Degradation,luminescence,standardized
PGDB_C027097,CN(C)CC#Cc1ncc(F)c(N2C3CCC2CN(c2cc(-c4ccccc4O)nnc2N)C3)n1,SMARCA2,,50.0,<,1,HeLa,Plexium,WO2023244806A1,PGDB_AS002237,% Degradation,luminescence,standardized
PGDB_C027097,CN(C)CC#Cc1ncc(F)c(N2C3CCC2CN(c2cc(-c4ccccc4O)nnc2N)C3)n1,SMARCA4,,50.0,<,1,HeLa,Plexium,WO2023244806A1,PGDB_AS000073,% Degradation,luminescence,standardized
PGDB_C027078,CN(C)CC#Cc1nccc(N2C3CC2CN(c2cc(-c4ccccc4O)nnc2N)C3)n1,SMARCA2,,50.0,<,1,HeLa,Plexium,WO2023244806A1,PGDB_AS002237,% Degradation,luminescence,standardized
PGDB_C027006,CN(C)CC#Cc1nccc(N2C3CCC2CN(c2cc(-c4ccccc4O)nnc2N)C3)n1,SMARCA4,,50.0,<,1,HeLa,Plexium,WO2023244806A1,PGDB_AS000073,% Degradation,luminescence,standardized
PGDB_C027029,CN(C)CC#Cc1nccc(N2C3CCC2CN(c2cc(-c4ccccc4O)nnc2N)CC3)n1,SMARCA2,,50.0,<,1,HeLa,Plexium,WO2023244806A1,PGDB_AS002237,% Degradation,luminescence,standardized
PGDB_C027253,CN(C)CC#Cc1nccc(N2C3CCC2CN(c2cnnc(-c4ccccc4O)c2)C3)n1,SMARCA4,,5000.0,>,0,HeLa,Plexium,WO2023244806A1,PGDB_AS000073,% Degradation,luminescence,standardized
PGDB_C027088,CN(C)CC#Cc1nccc(N2CC(n3cc(-c4cc(-c5ccccc5O)nnc4N)cn3)C2)n1,SMARCA2,,50.0,<,1,HeLa,Plexium,WO2023244806A1,PGDB_AS002237,% Degradation,luminescence,standardized
PGDB_C027088,CN(C)CC#Cc1nccc(N2CC(n3cc(-c4cc(-c5ccccc5O)nnc4N)cn3)C2)n1,SMARCA4,,50.0,<,1,HeLa,Plexium,WO2023244806A1,PGDB_AS000073,% Degradation,luminescence,standardized
PGDB_C027216,CN(C)CC#Cc1nccc(N2CCC3(CC2)CCN(c2cc(-c4ccccc4O)nnc2N)C3)n1,SMARCA2,,50.0,<,1,HeLa,Plexium,WO2023244806A1,PGDB_AS002237,% Degradation,luminescence,standardized
PGDB_C027216,CN(C)CC#Cc1nccc(N2CCC3(CC2)CCN(c2cc(-c4ccccc4O)nnc2N)C3)n1,SMARCA4,,5000.0,>,0,HeLa,Plexium,WO2023244806A1,PGDB_AS000073,% Degradation,luminescence,standardized
PGDB_C027044,CN(C)CC#Cc1nccc(N2CCCC(c3cc(-c4ccccc4O)nnc3N)CC2)n1,SMARCA2,,50.0,<,1,HeLa,Plexium,WO2023244806A1,PGDB_AS002237,% Degradation,luminescence,standardized
PGDB_C027044,CN(C)CC#Cc1nccc(N2CCCC(c3cc(-c4ccccc4O)nnc3N)CC2)n1,SMARCA4,,50.0,<,1,HeLa,Plexium,WO2023244806A1,PGDB_AS000073,% Degradation,luminescence,standardized
PGDB_C027053,CN(C)CC#Cc1nccc(N2C[C@@H]3CN(c4cc(-c5ccccc5O)nnc4N)C[C@@H]3C2)n1,SMARCA4,,50.0,<,1,HeLa,Plexium,WO2023244806A1,PGDB_AS000073,% Degradation,luminescence,standardized
PGDB_C027028,CN(C)CC#Cc1nccc(N2C[C@H]3C[C@@H](C2)[C@H]3Oc2cc(-c3ccccc3O)nnc2N)n1,SMARCA4,,500.0,>=,0,HeLa,Plexium,WO2023244806A1,PGDB_AS000073,% Degradation,luminescence,standardized
PGDB_C033028,CN(C)CCN(C)C(=O)c1ccc2cc(-c3cccc(C4CCC(=O)NC4=O)c3Cl)ccc2c1,VAV1,,50.0,<=,1,Jurkat,,WO2026145172A1,PGDB_AS002614,% Degradation,luminescence,standardized
PGDB_C033000,CN(C)CCN(C)C(=O)c1cccc2cc(-c3cccc(C4CCC(=O)NC4=O)c3Cl)ccc12,VAV1,,50.0,<=,1,Jurkat,,WO2026145172A1,PGDB_AS002614,% Degradation,luminescence,standardized
PGDB_C033049,CN(C)CCNC(=O)c1ccc2cc(-c3cccc(C4CCC(=O)NC4=O)c3Cl)ccc2c1,VAV1,,10.0,<,1,Jurkat,,WO2026145172A1,PGDB_AS002614,% Degradation,luminescence,standardized
PGDB_C033031,CN(C)CCNC(=O)c1cccc2cc(-c3cccc(C4CCC(=O)NC4=O)c3Cl)ccc12,VAV1,,50.0,<=,1,Jurkat,,WO2026145172A1,PGDB_AS002614,% Degradation,luminescence,standardized
PGDB_C024823,CN(C)CCn1cc2c(n1)CCc1cc(-c3cccc(C4CCC(=O)NC4=O)c3Cl)ccc1-2,VAV1,,50.0,<=,1,Jurkat,Shanghai Meiyue Biotech Development Co Ltd,WO2026061428A1,PGDB_AS001390,% Degradation,fluorescence,standardized
PGDB_C003859,CN(C)Cc1ccc(-c2c(-c3ccc4c(c3)CN(C3CCC(=O)NC3=O)C4=O)cnn2C)cc1,CSNK1A1,,25.0,<,1,HEK293,Innovo Therapeutics,EP4584259A1,PGDB_AS001103,% Degradation,,standardized
PGDB_C003934,CN(C)Cc1ccc(-c2c(-c3ccc4c(c3)CN(C3CCC(=O)NC3=O)C4=O)ncn2C)cc1,CSNK1A1,,25.0,<,1,HEK293,Innovo Therapeutics,EP4584259A1,PGDB_AS001103,% Degradation,,standardized
PGDB_C003934,CN(C)Cc1ccc(-c2c(-c3ccc4c(c3)CN(C3CCC(=O)NC3=O)C4=O)ncn2C)cc1,GSPT1,,25.0,<,1,HEK293,Innovo Therapeutics,EP4584259A1,PGDB_AS001862,% Degradation,luminescence,standardized
PGDB_C032827,CN(C)c1cc(C(F)(F)F)n(-c2cccc(-n3ncc4c(C5CCC(=O)NC5=O)cccc43)c2)c(=O)c1,VAV1,,10.0,<,1,Jurkat,,WO2026145172A1,PGDB_AS002605,% Degradation,luminescence,standardized
PGDB_C027011,CN(C)c1cc(N2CCCN(c3cc(-c4ccccc4O)nnc3N)CC2)nc(C#CCNC(=O)c2cc3ncccn3n2)n1,SMARCA4,,500.0,>=,0,HeLa,Plexium,WO2023244806A1,PGDB_AS000073,% Degradation,luminescence,standardized
PGDB_C032773,CN(C)c1cccc(=O)n1-c1cccc(-n2ncc3c(C4CCC(=O)NC4=O)cccc32)c1,VAV1,,10.0,<,1,Jurkat,,WO2026145172A1,PGDB_AS002600,% Degradation,luminescence,standardized
PGDB_C005848,CN(C1CC1)S(=O)(=O)Nc1ccc(F)c(Oc2ccc3ncn([C@H]4CCC5(CCN(C(=O)CC6(O)CCN(c7cc8c(cc7F)c(N7CCC(=O)NC7=O)nn8C)CC6)CC5)O4)c(=O)c3c2)c1C#N,BRAF,,25.7,=,1,A375.10,C4 Therapeutics,AU2022290851A1,PGDB_AS001308,% Degradation,luminescence,standardized
PGDB_C010323,CN(C1CCC(F)(F)CC1)[C@H]1CCCC[C@@H]1Cc1ccc2c(c1F)CN(C1CCC(=O)NC1=O)C2=O,SMARCA2,,500.0,>=,0,HeLa,Plexium,WO2025101944,PGDB_AS000900,% Degradation,luminescence,standardized
PGDB_C010323,CN(C1CCC(F)(F)CC1)[C@H]1CCCC[C@@H]1Cc1ccc2c(c1F)CN(C1CCC(=O)NC1=O)C2=O,SMARCA4,,5000.0,>,0,HeLa,Plexium,WO2025101944,PGDB_AS000431,% Degradation,luminescence,standardized
PGDB_C026899,CN(CC#Cc1nccc(N2CCCN(c3cc(-c4ccccc4O)nnc3N)CC2)n1)C(=O)c1cc2ncccn2n1,SMARCA2,,50.0,<,1,HeLa,Plexium,WO2023244806A1,PGDB_AS002237,% Degradation,luminescence,standardized
PGDB_C026899,CN(CC#Cc1nccc(N2CCCN(c3cc(-c4ccccc4O)nnc3N)CC2)n1)C(=O)c1cc2ncccn2n1,SMARCA4,,50.0,<,1,HeLa,Plexium,WO2023244806A1,PGDB_AS000073,% Degradation,luminescence,standardized
PGDB_C026979,CN(CC#Cc1nccc(N2CCCN(c3cc(-c4ccccc4O)nnc3N)CC2)n1)c1nc2ccccc2o1,SMARCA2,,50.0,<,1,HeLa,Plexium,WO2023244806A1,PGDB_AS002237,% Degradation,luminescence,standardized
PGDB_C026979,CN(CC#Cc1nccc(N2CCCN(c3cc(-c4ccccc4O)nnc3N)CC2)n1)c1nc2ccccc2o1,SMARCA4,,50.0,<,1,HeLa,Plexium,WO2023244806A1,PGDB_AS000073,% Degradation,luminescence,standardized
PGDB_C032933,CN(CCN)C(=O)c1ccc2cc(-c3cccc(C4CCC(=O)NC4=O)c3Cl)ccc2c1,VAV1,,10.0,<,1,Jurkat,,WO2026145172A1,PGDB_AS002602,% Degradation,luminescence,standardized
PGDB_C033022,CN(CCN)C(=O)c1cccc2cc(-c3cccc(C4CCC(=O)NC4=O)c3Cl)ccc12,VAV1,,50.0,<=,1,Jurkat,,WO2026145172A1,PGDB_AS002602,% Degradation,luminescence,standardized
PGDB_C029542,CN(CCO)C(=O)Oc1ccc(-c2cccc(C3CCC(=O)NC3=O)c2Cl)cc1C1CC1,VAV1,,3.6,=,1,,Shanghai Qilu Pharmaceutical Research And Development Centre,WO2026051943A1,PGDB_AS001440,% Degradation,luminescence,standardized
PGDB_C033050,CN(CCO)C(=O)c1ccc2cc(-c3cccc(C4CCC(=O)NC4=O)c3Cl)ccc2c1,VAV1,,10.0,<,1,Jurkat,,WO2026145172A1,PGDB_AS002614,% Degradation,luminescence,standardized
PGDB_C032912,CN(CCO)C(=O)c1cccc2cc(-c3cccc(C4CCC(=O)NC4=O)c3Cl)ccc12,VAV1,,50.0,<=,1,Jurkat,,WO2026145172A1,PGDB_AS002602,% Degradation,luminescence,standardized
PGDB_C005474,CN(CCOCCc1ccc(NC(=O)NCc2ccc3c(c2)CN(C2CCC(=O)NC2=O)C3=O)cc1Cl)C(=N)N,GSPT1,,6.12,=,1,HEK293,Shanghai Qilu Pharmaceutical Research And Development Centre,WO2025252247A1,PGDB_AS000196,% Degradation,,standardized
PGDB_C004597,CN(CCc1ccc(C(F)(F)F)c(Cl)c1)C(C)(C)c1cccc(NC2=CC(=O)N(C3CCC(=O)NC3=O)C2=O)c1,IKZF1,,47.0,=,1,MOLT-4,Dana Farber Cancer Institute,US20230192644A1,PGDB_AS001602,% Degradation,luminescence,standardized
PGDB_C004597,CN(CCc1ccc(C(F)(F)F)c(Cl)c1)C(C)(C)c1cccc(NC2=CC(=O)N(C3CCC(=O)NC3=O)C2=O)c1,IKZF2,,25.0,=,1,MOLT-4,Dana Farber Cancer Institute,US20230192644A1,PGDB_AS002021,% Degradation,luminescence,standardized
PGDB_C011112,CN(C[C@](C)(O)C(=O)Nc1ccc(C#N)c(C(F)(F)F)c1)c1ccc(C#N)cc1,CDK2,,66.06934480075964,=,1,HEK293T,Plexium,WO2026064643A1,PGDB_AS001728,% Degradation,luminescence,standardized
PGDB_C027234,CN1C(=O)NC2(CCN(CC#Cc3nccc(N4CCCN(c5cc(-c6ccccc6O)nnc5N)CC4)n3)CC2)C1=O,SMARCA4,,500.0,>=,0,HeLa,Plexium,WO2023244806A1,PGDB_AS000073,% Degradation,luminescence,standardized
PGDB_C016643,CN1CC(c2ccc3c4c(cccc24)N(C2CCC(=O)NC2=O)C3=O)C1,SALL4,,100.0,<,1,KELLY.2,C4 Therapeutics,WO2022081927A1,PGDB_AS001296,% Degradation,luminescence,standardized
PGDB_C029252,CN1CC(c2cn(C3CCN(CC4(F)CCN(C(=O)c5ccc(N6C7CCC6CN(c6cc(-c8ccccc8O)nnc6N)C7)cc5)CC4)CC3)c3ccc(N4CCC(=O)NC4=O)cc23)C1,SMARCA2,,1351.0,=,0,,AstraZeneca,WO2026120044,PGDB_AS001809,% Degradation,,standardized
PGDB_C029252,CN1CC(c2cn(C3CCN(CC4(F)CCN(C(=O)c5ccc(N6C7CCC6CN(c6cc(-c8ccccc8O)nnc6N)C7)cc5)CC4)CC3)c3ccc(N4CCC(=O)NC4=O)cc23)C1,SMARCA4,,3333.0,>,0,,AstraZeneca,WO2026120044,PGDB_AS001309,% Degradation,,standardized
PGDB_C003888,CN1CC=C(c2c(-c3ccc4c(c3)CN(C3CCC(=O)NC3=O)C4=O)cnn2C)CC1,GSPT1,,25.0,<,1,HEK293,Innovo Therapeutics,EP4584259A1,PGDB_AS001862,% Degradation,luminescence,standardized
PGDB_C011905,CN1CC=C(c2cn3c(-c4cnn(C(F)F)c4)cnc3c(NCc3nc4cc(Cl)c(Cl)cc4[nH]3)n2)CC1,CCNK,,320.0,=,0,,H Lee Moffitt Cancer Center And Research Institute,WO2025226846A1,PGDB_AS002539,% Degradation,fluorescence,standardized
PGDB_C011902,CN1CC=C(c2cn3c(-c4cnn(C)c4)cnc3c(NCc3nc4c(F)c(F)ccc4[nH]3)n2)CC1,CCNK,,3400.0,=,0,,H Lee Moffitt Cancer Center And Research Institute,WO2025226846A1,PGDB_AS002539,% Degradation,fluorescence,standardized
PGDB_C011899,CN1CC=C(c2cn3c(-c4cnn(C)c4)cnc3c(NCc3nc4cc(Cl)c(Cl)cc4[nH]3)n2)CC1,CCNK,,1700.0,=,0,,H Lee Moffitt Cancer Center And Research Institute,WO2025226846A1,PGDB_AS002539,% Degradation,fluorescence,standardized
PGDB_C027128,CN1CCC(C#Cc2nccc(N3CCCN(c4cc(-c5ccccc5O)nnc4N)CC3)n2)CC1,SMARCA4,,500.0,>=,0,HeLa,Plexium,WO2023244806A1,PGDB_AS000073,% Degradation,luminescence,standardized
PGDB_C024818,CN1CCC2(CC1)Cc1nc3cn(-c4ccc(-c5cccc(C6CCC(=O)NC6=O)c5Cl)cc4)c(=O)cc3n1C2,VAV1,,50.0,<=,1,Jurkat,Shanghai Meiyue Biotech Development Co Ltd,WO2026061428A1,PGDB_AS001390,% Degradation,fluorescence,standardized
PGDB_C029448,CN1CCC2(COc3cc(-c4cccc(C5CCC(=O)NC5=O)c4Cl)ccc32)C1=O,VAV1,,7.186,=,1,,Shanghai Qilu Pharmaceutical Research And Development Centre,WO2026051943A1,PGDB_AS001440,% Degradation,luminescence,standardized
PGDB_C012214,CN1CCCC(N2CCN(c3cccc(C4CCC(=O)NC4=O)c3Cl)CC2)C1=O,VAV1,,10000.0,=,0,Jurkat,Monte Rosa Therapeutics,WO2026013577A1,PGDB_AS001744,% Degradation,luminescence,standardized
PGDB_C031187,CN1CCC[C@]2(COc3cc(-c4cccc([C@H]5CCC(=O)NC5=O)c4Cl)ccc32)C1=O,VAV1,,8.2,=,1,Jurkat,Jiangsu Hengrui Pharmaceuticals Co Ltd;Shanghai Hengrui Pharmaceutical,WO2026098493A1,PGDB_AS002075,% Degradation,luminescence,standardized
PGDB_C032032,CN1CCCc2cc(-c3cccc(C4CCC(=O)NC4=O)c3Cl)ccc2C1,VAV1,,2.9,=,1,,Changchun Genescience Pharmaceutical Co Ltd,WO2026119120A1,PGDB_AS001984,% Degradation,luminescence,standardized
PGDB_C004111,CN1CCN(C(=O)c2cccc(-c3c(-c4ccc5c(c4)CN(C4CCC(=O)NC4=O)C5=O)ncn3C)c2)CC1,CSNK1A1,,25.0,<,1,HEK293,Innovo Therapeutics,EP4584259A1,PGDB_AS001103,% Degradation,,standardized
PGDB_C027638,CN1CCN(CCOc2ccc(-c3cccc(C4CCC(=O)NC4=O)c3Cl)cc2)CC1,VAV1,,59.69,=,1,Jurkat,Monte Rosa Therapeutics,WO2024151547A1,PGDB_AS001582,% Degradation,luminescence,standardized
PGDB_C003823,CN1CCN(c2ccc(-c3c(-c4ccc5c(c4)CN(C4CCC(=O)NC4=O)C5=O)cnn3C)cc2)CC1,CSNK1A1,,25.0,<,1,HEK293,Innovo Therapeutics,EP4584259A1,PGDB_AS001103,% Degradation,,standardized
PGDB_C004109,CN1CCN(c2ccc(-c3c(-c4ccc5c(c4)CN(C4CCC(=O)NC4=O)C5=O)ncn3C)cc2)CC1,CSNK1A1,,25.0,<,1,HEK293,Innovo Therapeutics,EP4584259A1,PGDB_AS001103,% Degradation,,standardized
PGDB_C001819,CN1CCN(c2ccc([C@@H](NC(=O)c3ccc4c(c3)CN(C3CCC(=O)NC3=O)C4=O)C3CCC3)cc2)CC1,CSNK1A1,CRBN,132.0,=,0,HT-1080,Hangzhou Glubio Pharmaceutical,WO2022257897A1,PGDB_AS001868,% Degradation,luminescence,standardized
PGDB_C003528,CN1CCN(c2cccc(-c3c(-c4ccc5c(c4)CN(C4CCC(=O)NC4=O)C5=O)cnn3C)c2)CC1,CSNK1A1,,25.0,<,1,HEK293,Innovo Therapeutics,EP4584259A1,PGDB_AS001103,% Degradation,,standardized
PGDB_C032940,CN1CC[C@@H](Oc2cc(C(F)(F)F)cc(=O)n2-c2cccc(-n3ncc4c(C5CCC(=O)NC5=O)cccc43)c2)C1,VAV1,,10.0,<,1,Jurkat,,WO2026145172A1,PGDB_AS002614,% Degradation,luminescence,standardized
PGDB_C032965,CN1CC[C@H](Oc2cc(C(F)(F)F)cc(=O)n2-c2cccc(-n3ncc4c(C5CCC(=O)NC5=O)cccc43)c2)C1,VAV1,,10.0,<,1,Jurkat,,WO2026145172A1,PGDB_AS002602,% Degradation,luminescence,standardized
PGDB_C029476,CN1CCc2cc(-c3cccc(C4CCC(=O)NC4=O)c3Cl)ccc2N(Cc2ccn(C)n2)C1=O,VAV1,,9.34,=,1,,Shanghai Qilu Pharmaceutical Research And Development Centre,WO2026051943A1,PGDB_AS001440,% Degradation,luminescence,standardized
PGDB_C029447,CN1CCc2cc(-c3cccc(C4CCC(=O)NC4=O)c3Cl)ccc2NC1=O,VAV1,,1.96,=,1,,Shanghai Qilu Pharmaceutical Research And Development Centre,WO2026051943A1,PGDB_AS001440,% Degradation,luminescence,standardized
PGDB_C003976,CN1CNC(c2ccc3c(c2)CN(C2CCC(=O)NC2=O)C3=O)=C1c1ccc(C(F)(F)F)cc1,CSNK1A1,,25.0,<,1,HEK293,Innovo Therapeutics,EP4584259A1,PGDB_AS001103,% Degradation,,standardized
PGDB_C003976,CN1CNC(c2ccc3c(c2)CN(C2CCC(=O)NC2=O)C3=O)=C1c1ccc(C(F)(F)F)cc1,GSPT1,,25.0,<,1,HEK293,Innovo Therapeutics,EP4584259A1,PGDB_AS001862,% Degradation,luminescence,standardized
PGDB_C003987,CN1CNC(c2ccc3c(c2)CN(C2CCC(=O)NC2=O)C3=O)C1c1ccc(-c2cccnc2)cc1,CSNK1A1,,25.0,<,1,HEK293,Innovo Therapeutics,EP4584259A1,PGDB_AS001103,% Degradation,,standardized
PGDB_C003987,CN1CNC(c2ccc3c(c2)CN(C2CCC(=O)NC2=O)C3=O)C1c1ccc(-c2cccnc2)cc1,GSPT1,,25.0,<,1,HEK293,Innovo Therapeutics,EP4584259A1,PGDB_AS001862,% Degradation,luminescence,standardized
PGDB_C003929,CN1Cc2cccc(-c3c(-c4ccc5c(c4)CN(C4CCC(=O)NC4=O)C5=O)ncn3C)c2C1,GSPT1,,25.0,<,1,HEK293,Innovo Therapeutics,EP4584259A1,PGDB_AS001862,% Degradation,luminescence,standardized
PGDB_C003436,CN1N=CC(c2ccc3c(c2)CN(C2CCC(=O)NC2=O)C3=O)C1c1cnn(C2CC2)c1,CSNK1A1,,25.0,<,1,HEK293,Innovo Therapeutics,EP4584259A1,PGDB_AS001103,% Degradation,,standardized
PGDB_C005475,CNC(=N)NCCC#Cc1ccc(NC(=O)NCc2ccc3c(c2)CN(C2CCC(=O)NC2=O)C3=O)cc1Cl,GSPT1,,11.39,=,1,HEK293,Shanghai Qilu Pharmaceutical Research And Development Centre,WO2025252247A1,PGDB_AS000196,% Degradation,,standardized
PGDB_C005473,CNC(=N)NCCOCCc1ccc(NC(=O)NCc2ccc3c(c2)CN(C2CCC(=O)NC2=O)C3=O)cc1Cl,GSPT1,,2.5,=,1,HEK293,Shanghai Qilu Pharmaceutical Research And Development Centre,WO2025252247A1,PGDB_AS000196,% Degradation,,standardized
PGDB_C029442,CNC(=O)CN1C(=O)CCOc2cc(-c3cccc(C4CCC(=O)NC4=O)c3Cl)ccc21,VAV1,,28.28,=,1,,Shanghai Qilu Pharmaceutical Research And Development Centre,WO2026051943A1,PGDB_AS001440,% Degradation,luminescence,standardized
PGDB_C009162,CNC(=O)COc1cc2cc(Nc3nc(N4CCC(Cl)CC4)ncc3Cl)cc3c2n(c1=O)CCO3,BCL6,,321.0,=,0,OCI-LY1,China Pharmaceutical University;Ascentage Pharma Suzhou,WO2025242013A1,PGDB_AS001697,% Degradation,Western_blot,standardized
PGDB_C009163,CNC(=O)COc1cc2cc(Nc3nc(N4CCC(F)(F)CC4)ncc3Cl)cc3c2n(c1=O)CCO3,BCL6,,91.0,=,1,OCI-LY1,China Pharmaceutical University;Ascentage Pharma Suzhou,WO2025242013A1,PGDB_AS001697,% Degradation,Western_blot,standardized
PGDB_C009161,CNC(=O)COc1cc2cc(Nc3nc(N4CCC(F)CC4)ncc3Cl)cc3c2n(c1=O)CCO3,BCL6,,267.0,=,0,OCI-LY1,China Pharmaceutical University;Ascentage Pharma Suzhou,WO2025242013A1,PGDB_AS001697,% Degradation,Western_blot,standardized
PGDB_C009165,CNC(=O)COc1cc2cc(Nc3nc(N4CCCC(CO)C4)ncc3Cl)cc3c2n(c1=O)CCO3,BCL6,,450.0,=,0,OCI-LY1,China Pharmaceutical University;Ascentage Pharma Suzhou,WO2025242013A1,PGDB_AS001697,% Degradation,Western_blot,standardized
PGDB_C009164,CNC(=O)COc1cc2cc(Nc3nc(N4CCC[C@@H](C)C4)ncc3Cl)cc3c2n(c1=O)CCO3,BCL6,,493.0,=,0,OCI-LY1,China Pharmaceutical University;Ascentage Pharma Suzhou,WO2025242013A1,PGDB_AS001697,% Degradation,Western_blot,standardized
PGDB_C009160,CNC(=O)COc1cc2cc(Nc3nc(N4CCC[C@H](C)C4)ncc3Cl)cc3c2n(c1=O)CCO3,BCL6,,160.0,=,0,OCI-LY1,China Pharmaceutical University;Ascentage Pharma Suzhou,WO2025242013A1,PGDB_AS001697,% Degradation,Western_blot,standardized
PGDB_C009159,CNC(=O)COc1cc2cc(Nc3nc(N4C[C@@H](C)O[C@@H](C)C4)ncc3Cl)cc3c2n(c1=O)CCO3,BCL6,,937.0,=,0,OCI-LY1,China Pharmaceutical University;Ascentage Pharma Suzhou,WO2025242013A1,PGDB_AS001697,% Degradation,Western_blot,standardized
PGDB_C009158,CNC(=O)COc1cc2cc(Nc3nc(N4C[C@H](C)C[C@H](C)C4)ncc3Cl)cc3c2n(c1=O)CCO3,BCL6,,2.95,=,1,OCI-LY1,China Pharmaceutical University;Ascentage Pharma Suzhou,WO2025242013A1,PGDB_AS001697,% Degradation,Western_blot,standardized
PGDB_C029486,CNC(=O)N(C)c1ccc(-c2cccc(C3CCC(=O)NC3=O)c2Cl)cc1,VAV1,,9.27,=,1,,Shanghai Qilu Pharmaceutical Research And Development Centre,WO2026051943A1,PGDB_AS001440,% Degradation,luminescence,standardized
PGDB_C029534,CNC(=O)N(CC1CC1)c1ccc(-c2cccc(C3CCC(=O)NC3=O)c2Cl)cc1,VAV1,,2.17,=,1,,Shanghai Qilu Pharmaceutical Research And Development Centre,WO2026051943A1,PGDB_AS001440,% Degradation,luminescence,standardized
PGDB_C029528,CNC(=O)N(CCO)c1ccc(-c2cccc(C3CCC(=O)NC3=O)c2Cl)cc1C,VAV1,,3.18,=,1,,Shanghai Qilu Pharmaceutical Research And Development Centre,WO2026051943A1,PGDB_AS001440,% Degradation,luminescence,standardized
PGDB_C029663,CNC(=O)N(c1ccc(-c2cccc(C3CCC(=O)NC3=O)c2Cl)cc1)C(C)C,VAV1,,4.4,=,1,,Shanghai Qilu Pharmaceutical Research And Development Centre,WO2026051943A1,PGDB_AS001440,% Degradation,luminescence,standardized
PGDB_C029508,CNC(=O)N(c1ccc(-c2cccc(C3CCC(=O)NC3=O)c2Cl)cc1)C1(C)CC1,VAV1,,1.55,=,1,,Shanghai Qilu Pharmaceutical Research And Development Centre,WO2026051943A1,PGDB_AS001440,% Degradation,luminescence,standardized
PGDB_C029502,CNC(=O)N(c1ccc(-c2cccc(C3CCC(=O)NC3=O)c2Cl)cc1)C1CC1,VAV1,,1.49,=,1,,Shanghai Qilu Pharmaceutical Research And Development Centre,WO2026051943A1,PGDB_AS001440,% Degradation,luminescence,standardized
PGDB_C029509,CNC(=O)N(c1ccc(-c2cccc(C3CCC(=O)NC3=O)c2Cl)cc1)C1CCC1,VAV1,,1.46,=,1,,Shanghai Qilu Pharmaceutical Research And Development Centre,WO2026051943A1,PGDB_AS001440,% Degradation,luminescence,standardized
PGDB_C029475,CNC(=O)N1CCCOc2cc(-c3cccc(C4CCC(=O)NC4=O)c3Cl)ccc21,VAV1,,6.44,=,1,,Shanghai Qilu Pharmaceutical Research And Development Centre,WO2026051943A1,PGDB_AS001440,% Degradation,luminescence,standardized
PGDB_C029671,CNC(=O)Nc1c(C)cc(-c2cccc(C3CCC(=O)NC3=O)c2Cl)cc1F,VAV1,,1.5,=,1,,Shanghai Qilu Pharmaceutical Research And Development Centre,WO2026051943A1,PGDB_AS001440,% Degradation,luminescence,standardized
PGDB_C029679,CNC(=O)Nc1c(C)cc(-c2cccc(C3CCC(=O)NC3=O)c2Cl)cc1OC,VAV1,,3.6,=,1,,Shanghai Qilu Pharmaceutical Research And Development Centre,WO2026051943A1,PGDB_AS001440,% Degradation,luminescence,standardized
PGDB_C029684,CNC(=O)Nc1c(Cl)cc(-c2cccc(C3CCC(=O)NC3=O)c2Cl)cc1OC,VAV1,,2.3,=,1,,Shanghai Qilu Pharmaceutical Research And Development Centre,WO2026051943A1,PGDB_AS001440,% Degradation,luminescence,standardized
PGDB_C029675,CNC(=O)Nc1c(F)cc(-c2cccc(C3CCC(=O)NC3=O)c2Cl)cc1F,VAV1,,4.2,=,1,,Shanghai Qilu Pharmaceutical Research And Development Centre,WO2026051943A1,PGDB_AS001440,% Degradation,luminescence,standardized
PGDB_C029505,CNC(=O)Nc1ccc(-c2cccc(C3CCC(=O)NC3=O)c2Cl)cc1C,VAV1,,2.24,=,1,,Shanghai Qilu Pharmaceutical Research And Development Centre,WO2026051943A1,PGDB_AS001440,% Degradation,luminescence,standardized
PGDB_C033021,CNC(=O)c1ccc2cc(-c3cccc(C4CCC(=O)NC4=O)c3Cl)ccc2c1,VAV1,,10.0,<,1,Jurkat,,WO2026145172A1,PGDB_AS002614,% Degradation,luminescence,standardized
PGDB_C033075,CNC(=O)c1cccc2cc(-c3cccc(C4CCC(=O)NC4=O)c3Cl)ccc12,VAV1,,10.0,<,1,Jurkat,,WO2026145172A1,PGDB_AS002614,% Degradation,luminescence,standardized
PGDB_C011482,CNC(c1ccc(COc2cccc3c2CN([C@H]2CCC(=O)NC2=O)C3=O)cc1)C1CCN(c2ccc(C#N)cc2F)CC1,IKZF3,CRBN,1.0,<=,1,,Shanghai Gdac Biotechnology,WO2025195464A1,PGDB_AS002421,% Degradation,luminescence,standardized
PGDB_C027166,CNCC#Cc1nccc(N2CCN(c3cc(-c4ccccc4O)nnc3N)CC2)n1,SMARCA2,,50.0,<,1,HeLa,Plexium,WO2023244806A1,PGDB_AS002237,% Degradation,luminescence,standardized
PGDB_C027166,CNCC#Cc1nccc(N2CCN(c3cc(-c4ccccc4O)nnc3N)CC2)n1,SMARCA4,,50.0,<,1,HeLa,Plexium,WO2023244806A1,PGDB_AS000073,% Degradation,luminescence,standardized
PGDB_C027169,CNCC#Cc1nccc(N2CCN(c3cc(-c4ccccc4O)nnc3N)CC[C@H]2C)n1,SMARCA4,,50.0,<,1,HeLa,Plexium,WO2023244806A1,PGDB_AS000073,% Degradation,luminescence,standardized
PGDB_C027164,CNCC#Cc1nccc(N2CCN(c3cc(-c4ccccc4O)nnc3N)[C@@H](C)C2)n1,SMARCA4,,50.0,<,1,HeLa,Plexium,WO2023244806A1,PGDB_AS000073,% Degradation,luminescence,standardized
PGDB_C032998,CNCCN(C)C(=O)c1ccc2cc(-c3cccc(C4CCC(=O)NC4=O)c3Cl)ccc2c1,VAV1,,10.0,<,1,Jurkat,,WO2026145172A1,PGDB_AS002614,% Degradation,luminescence,standardized
PGDB_C032954,CNCCN(C)C(=O)c1cccc2cc(-c3cccc(C4CCC(=O)NC4=O)c3Cl)ccc12,VAV1,,50.0,<=,1,Jurkat,,WO2026145172A1,PGDB_AS002614,% Degradation,luminescence,standardized
PGDB_C011500,CNCCOCCc1cc(N2CCN(Cc3ccc(COc4cccc5c4CN([C@H]4CCC(=O)NC4=O)C5=O)c(F)c3)CC2)ccc1C#N,IKZF3,CRBN,1.0,<=,1,,Shanghai Gdac Biotechnology,WO2025195464A1,PGDB_AS002421,% Degradation,luminescence,standardized
PGDB_C003382,CNCCOCCc1ccc(NC(=O)NCc2ccc3c(c2)CN(C2CCC(=O)NC2=O)C3=O)cc1Cl,GSPT1,,34.58,=,1,HEK293,Shanghai Qilu Pharmaceutical Research And Development Centre,WO2025252247A1,PGDB_AS000196,% Degradation,,standardized
PGDB_C011501,CNCCOc1cc(N2CCN(Cc3ccc(COc4cccc5c4CN([C@H]4CCC(=O)NC4=O)C5=O)cc3)CC2)ccc1C#N,IKZF3,CRBN,0.1,<=,1,,Shanghai Gdac Biotechnology,WO2025195464A1,PGDB_AS002421,% Degradation,luminescence,standardized
PGDB_C008158,CNCc1cccc(S(=O)(=O)Nc2ccc3c(c2)C(=O)NC3=O)c1Cl,GSPT1,,10000.0,>,0,HEK293,Cyrus Therapeutics;Wooseok Han;Joonwoo Nam;Min Sung Joo;Dong Hyuk Ki;Kim Eun Jung;Jaeyung Lee,IL323841A,PGDB_AS000381,% Degradation,luminescence,standardized
PGDB_C027013,CNc1cc(N2CCCN(c3cc(-c4ccccc4O)nnc3N)CC2)nc(C#CCNC(=O)c2nn(C)c(C)c2C)n1,SMARCA2,,500.0,>=,0,HeLa,Plexium,WO2023244806A1,PGDB_AS002237,% Degradation,luminescence,standardized
PGDB_C027013,CNc1cc(N2CCCN(c3cc(-c4ccccc4O)nnc3N)CC2)nc(C#CCNC(=O)c2nn(C)c(C)c2C)n1,SMARCA4,,500.0,>=,0,HeLa,Plexium,WO2023244806A1,PGDB_AS000073,% Degradation,luminescence,standardized
PGDB_C029673,CNc1ccc(-c2cccc(C3CCC(=O)NC3=O)c2Cl)cc1C,VAV1,,13.7,=,1,,Shanghai Qilu Pharmaceutical Research And Development Centre,WO2026051943A1,PGDB_AS001440,% Degradation,luminescence,standardized
PGDB_C002241,CNc1ccc2c(c1)nc(C1CCC(NC(=O)c3cccc(CNc4cccc5c4C(=O)N(C4CCC(=O)NC4=O)C5=O)c3)CC1)n2C,GSPT1,,100.0,<,1,HEK293,Zhuhai Woo Biological Science And Technology,WO2023237116A1,PGDB_AS002200,% Degradation,luminescence,standardized
PGDB_C003589,CNc1ccccc1-c1c(-c2ccc3c(c2)CN(C2CCC(=O)NC2=O)C3=O)ncn1C,CSNK1A1,,25.0,<,1,HEK293,Innovo Therapeutics,EP4584259A1,PGDB_AS001103,% Degradation,,standardized
PGDB_C003589,CNc1ccccc1-c1c(-c2ccc3c(c2)CN(C2CCC(=O)NC2=O)C3=O)ncn1C,GSPT1,,25.0,<,1,HEK293,Innovo Therapeutics,EP4584259A1,PGDB_AS001862,% Degradation,luminescence,standardized
PGDB_C029202,CNc1cn(-c2ccc(N3CCN(CC4(F)CCN(C(=O)c5ccc(N6C7CCC6CN(c6cc(-c8ccccc8O)nnc6N)C7)cc5)CC4)CC3)c(C#N)c2)c(=O)[nH]1,SMARCA2,,209.1,=,0,,AstraZeneca,WO2026120044,PGDB_AS001809,% Degradation,,standardized
PGDB_C029202,CNc1cn(-c2ccc(N3CCN(CC4(F)CCN(C(=O)c5ccc(N6C7CCC6CN(c6cc(-c8ccccc8O)nnc6N)C7)cc5)CC4)CC3)c(C#N)c2)c(=O)[nH]1,SMARCA4,,3333.0,>,0,,AstraZeneca,WO2026120044,PGDB_AS001309,% Degradation,,standardized
PGDB_C029496,COC(=O)N(CCO)c1ccc(-c2cccc(C3CCC(=O)NC3=O)c2Cl)cc1C,VAV1,,4.48,=,1,,Shanghai Qilu Pharmaceutical Research And Development Centre,WO2026051943A1,PGDB_AS001440,% Degradation,luminescence,standardized
PGDB_C029501,COC(=O)N(c1ccc(-c2cccc(C3CCC(=O)NC3=O)c2Cl)cc1)C(C)C,VAV1,,2.11,=,1,,Shanghai Qilu Pharmaceutical Research And Development Centre,WO2026051943A1,PGDB_AS001440,% Degradation,luminescence,standardized
PGDB_C029507,COC(=O)N(c1ccc(-c2cccc(C3CCC(=O)NC3=O)c2Cl)cc1)C1CC1,VAV1,,3.95,=,1,,Shanghai Qilu Pharmaceutical Research And Development Centre,WO2026051943A1,PGDB_AS001440,% Degradation,luminescence,standardized
PGDB_C029468,COC(=O)N1CCCOc2cc(-c3cccc(C4CCC(=O)NC4=O)c3Cl)ccc21,VAV1,,3.17,=,1,,Shanghai Qilu Pharmaceutical Research And Development Centre,WO2026051943A1,PGDB_AS001440,% Degradation,luminescence,standardized
PGDB_C029482,COC(=O)Nc1ccc(-c2cccc(C3CCC(=O)NC3=O)c2Cl)cc1C,VAV1,,4.0,=,1,,Shanghai Qilu Pharmaceutical Research And Development Centre,WO2026051943A1,PGDB_AS001440,% Degradation,luminescence,standardized
PGDB_C032042,COC(=O)Nc1sc(-c2cccc(C3CCC(=O)NC3=O)c2Cl)cc1C,VAV1,,3.0,=,1,,Changchun Genescience Pharmaceutical Co Ltd,WO2026119120A1,PGDB_AS001984,% Degradation,luminescence,standardized
PGDB_C026783,COC(=O)c1ccc(Nc2ccc3cccc4c3c2C(=O)N4C2CCC(=O)NC2=O)cc1,GSPT1,,10000.0,>,0,293T.114,C4 Therapeutics,WO2022081927A1,PGDB_AS001223,% Degradation,luminescence,standardized
PGDB_C026783,COC(=O)c1ccc(Nc2ccc3cccc4c3c2C(=O)N4C2CCC(=O)NC2=O)cc1,IKZF1,,10000.0,>,0,NCI-H929.11,C4 Therapeutics,WO2022081927A1,PGDB_AS000877,% Degradation,luminescence,standardized
PGDB_C026783,COC(=O)c1ccc(Nc2ccc3cccc4c3c2C(=O)N4C2CCC(=O)NC2=O)cc1,SALL4,,10000.0,>,0,KELLY.2,C4 Therapeutics,WO2022081927A1,PGDB_AS001296,% Degradation,luminescence,standardized
PGDB_C027042,COC/C=C/c1nccc(N2CCN(c3cc(-c4ccccc4O)nnc3N)CC[C@H]2C)n1,SMARCA4,,500.0,>=,0,HeLa,Plexium,WO2023244806A1,PGDB_AS000073,% Degradation,luminescence,standardized
PGDB_C029629,COC1(C)CCN(C(=O)Nc2ccc(-c3cccc(C4CCC(=O)NC4=O)c3Cl)cc2C)CC1,VAV1,,0.9,=,1,,Shanghai Qilu Pharmaceutical Research And Development Centre,WO2026051943A1,PGDB_AS001440,% Degradation,luminescence,standardized
PGDB_C029624,COC1(CN(C)C(=O)Nc2ccc(-c3cccc(C4CCC(=O)NC4=O)c3Cl)cc2C)CC1,VAV1,,0.7,=,1,,Shanghai Qilu Pharmaceutical Research And Development Centre,WO2026051943A1,PGDB_AS001440,% Degradation,luminescence,standardized
PGDB_C029214,COC1(CN2CCC(n3ccc4cc(N5CCC(=O)NC5=O)ccc43)CC2)CCN(C(=O)c2ccc(N3C4CCC3CN(c3cc(-c5ccccc5O)nnc3N)C4)cc2)CC1,SMARCA2,,1474.1,=,0,,AstraZeneca,WO2026120044,PGDB_AS001809,% Degradation,,standardized
PGDB_C033106,COC1(CN2CCC3(CC2)COc2c3cc(Cl)c3c2CN([C@H]2CCC(=O)NC2=O)C3=O)CCN(c2ccc(C(=O)N[C@H]3CC[C@H](OC(C)C)CC3)cc2F)CC1,CSNK1A1,,1.0,<,1,HEK293,,WO2026139085A1,PGDB_AS002601,% Degradation,luminescence,standardized
PGDB_C033110,COC1(CN2CCC3(CC2)COc2c3cc(Cl)c3c2CN([C@H]2CCC(=O)NC2=O)C3=O)CCN(c2ncc(C(=O)N[C@H]3CC[C@H](OC(C)C)CC3)cc2F)CC1,CSNK1A1,,1.0,<,1,HEK293,,WO2026139085A1,PGDB_AS002601,% Degradation,luminescence,standardized
PGDB_C033104,COC1(CN2CCC3(CC2)COc2c3cc(Cl)c3c2CN([C@H]2CCC(=O)NC2=O)C3=O)CCN(c2ncc(C(=O)N[C@H]3CC[C@H](OC(C)C)CC3)cn2)CC1,CSNK1A1,,1.0,<,1,HEK293,,WO2026139085A1,PGDB_AS002601,% Degradation,luminescence,standardized
PGDB_C033136,COC1(CN2CCC3(CC2)OCc2c3cc(Cl)c3c2CN([C@H]2CCC(=O)NC2=O)C3=O)CCN(c2ccc(C(=O)N[C@H]3CC[C@H](Oc4ccccc4Cl)CC3)cc2F)CC1,CSNK1A1,,1.0,<,1,HEK293,,WO2026139085A1,PGDB_AS002601,% Degradation,luminescence,standardized
PGDB_C003107,COC1CC2(C1)CN([C@@H]1CCCC[C@@H]1Oc1ccc3c(c1)CN(C1CCC(=O)NC1=O)C3=O)C2,GSPT1,,30000.0,>,0,,Plexium,WO2024148088A1,PGDB_AS001329,% Degradation,,standardized
PGDB_C003106,COC1CC2(C1)CN([C@H]1CCCC[C@@H]1Oc1ccc3c(c1)CN(C1CCC(=O)NC1=O)C3=O)C2,GSPT1,,30000.0,>,0,,Plexium,WO2024148088A1,PGDB_AS001329,% Degradation,,standardized
PGDB_C002453,COC1CCC(C2CN([C@H]3CCCC[C@@H]3Oc3ccc4c(c3)CN(C3CCC(=O)NC3=O)C4=O)C2)CC1,GSPT1,,30000.0,>,0,HEK293T,Plexium,TW202410889A,PGDB_AS000301,% Degradation,luminescence,standardized
PGDB_C002226,COC1CCCC(NC(=O)c2cccc(CNc3cccc4c3C(=O)N(C3CCC(=O)NC3=O)C4=O)c2)C1,GSPT1,,100.0,<,1,HEK293,Zhuhai Woo Biological Science And Technology,WO2023237116A1,PGDB_AS002200,% Degradation,luminescence,standardized
PGDB_C029662,COC1CCN(C(=O)Nc2c(C)cc(-c3cccc(C4CCC(=O)NC4=O)c3Cl)cc2F)CC1,VAV1,,0.8,=,1,,Shanghai Qilu Pharmaceutical Research And Development Centre,WO2026051943A1,PGDB_AS001440,% Degradation,luminescence,standardized
PGDB_C029554,COC1CCN(C(=O)Nc2ccc(-c3cccc(C4CCC(=O)NC4=O)c3Cl)cc2C)CC1,VAV1,,1.98,=,1,,Shanghai Qilu Pharmaceutical Research And Development Centre,WO2026051943A1,PGDB_AS001440,% Degradation,luminescence,standardized
PGDB_C005826,COC1CCN(S(=O)(=O)Nc2ccc(F)c(Oc3ccc4ncn([C@H]5COC6(CCN(C(=O)CC7(O)CCN(c8cc9c(cc8F)C(=O)N(C8CCC(=O)NC8=O)NN9C)CC7)CC6)C5)c(=O)c4c3)c2C#N)C1,BRAF,,31.22,=,1,A375.10,C4 Therapeutics,AU2022290851A1,PGDB_AS001308,% Degradation,luminescence,standardized
PGDB_C029563,COC1CN(C(=O)Nc2ccc(-c3cccc(C4CCC(=O)NC4=O)c3Cl)cc2C)C1,VAV1,,0.6,=,1,,Shanghai Qilu Pharmaceutical Research And Development Centre,WO2026051943A1,PGDB_AS001440,% Degradation,luminescence,standardized
PGDB_C005844,COC1CN(S(=O)(=O)Nc2ccc(F)c(Oc3ccc4ncn([C@H]5COC6(CCN(C(=O)CC7(O)CCN(c8cc9c(cc8F)C(=O)N(N8CCC(=O)NC8=O)NN9C)CC7)CC6)C5)c(=O)c4c3)c2C#N)C1,BRAF,,142.17,=,0,A375.10,C4 Therapeutics,AU2022290851A1,PGDB_AS001308,% Degradation,luminescence,standardized
PGDB_C027269,COCC#Cc1cc(N2CCN(c3cc(-c4ccccc4O)nnc3N)CC[C@H]2C)ccn1,SMARCA4,,500.0,>=,0,HeLa,Plexium,WO2023244806A1,PGDB_AS000073,% Degradation,luminescence,standardized
PGDB_C027271,COCC#Cc1nc(N2CCN(c3cc(-c4ccccc4O)nnc3N)CC[C@H]2C)ccc1C#N,SMARCA2,,500.0,>=,0,HeLa,Plexium,WO2023244806A1,PGDB_AS002237,% Degradation,luminescence,standardized
PGDB_C027271,COCC#Cc1nc(N2CCN(c3cc(-c4ccccc4O)nnc3N)CC[C@H]2C)ccc1C#N,SMARCA4,,5000.0,>,0,HeLa,Plexium,WO2023244806A1,PGDB_AS000073,% Degradation,luminescence,standardized
PGDB_C029626,COCC1(C)CN(C(=O)Nc2ccc(-c3cccc(C4CCC(=O)NC4=O)c3Cl)cc2C)C1,VAV1,,0.6,=,1,,Shanghai Qilu Pharmaceutical Research And Development Centre,WO2026051943A1,PGDB_AS001440,% Degradation,luminescence,standardized
PGDB_C029600,COCC1(N(C)C(=O)Nc2ccc(-c3cccc(C4CCC(=O)NC4=O)c3Cl)cc2C)CC1,VAV1,,1.9,=,1,,Shanghai Qilu Pharmaceutical Research And Development Centre,WO2026051943A1,PGDB_AS001440,% Degradation,luminescence,standardized
PGDB_C010451,COCC1CCC(N[C@H]2CCCC[C@@H]2Cc2ccc3c(c2)CN(C2CCC(=O)NC2=O)C3=O)CC1,SMARCA2,,500.0,>=,0,HeLa,Plexium,WO2025101944,PGDB_AS000900,% Degradation,luminescence,standardized
PGDB_C010451,COCC1CCC(N[C@H]2CCCC[C@@H]2Cc2ccc3c(c2)CN(C2CCC(=O)NC2=O)C3=O)CC1,SMARCA4,,500.0,>=,0,HeLa,Plexium,WO2025101944,PGDB_AS000431,% Degradation,luminescence,standardized
PGDB_C012169,COCC1CCc2ccc(N3CCC(c4cccc(C5CCC(=O)NC5=O)c4Cl)CC3)c(=O)n21,VAV1,,10.296,=,1,Jurkat,Monte Rosa Therapeutics,WO2026013577A1,PGDB_AS001744,% Degradation,luminescence,standardized
PGDB_C029674,COCC1CN(C(=O)Nc2c(C)cc(-c3cccc(C4CCC(=O)NC4=O)c3Cl)cc2F)C1,VAV1,,1.2,=,1,,Shanghai Qilu Pharmaceutical Research And Development Centre,WO2026051943A1,PGDB_AS001440,% Degradation,luminescence,standardized
PGDB_C029625,COCC1CN(C(=O)Nc2ccc(-c3cccc(C4CCC(=O)NC4=O)c3Cl)cc2C)C1,VAV1,,1.0,=,1,,Shanghai Qilu Pharmaceutical Research And Development Centre,WO2026051943A1,PGDB_AS001440,% Degradation,luminescence,standardized
PGDB_C003531,COCCCOc1ccc(-c2c(-c3ccc4c(c3)CN(C3CCC(=O)NC3=O)C4=O)cnn2C)cc1,CSNK1A1,,25.0,<,1,HEK293,Innovo Therapeutics,EP4584259A1,PGDB_AS001103,% Degradation,,standardized
PGDB_C029527,COCCN(C)C(=O)Nc1ccc(-c2cccc(C3CCC(=O)NC3=O)c2Cl)cc1,VAV1,,3.93,=,1,,Shanghai Qilu Pharmaceutical Research And Development Centre,WO2026051943A1,PGDB_AS001440,% Degradation,luminescence,standardized
PGDB_C029506,COCCN(C)C(=O)Nc1ccc(-c2cccc(C3CCC(=O)NC3=O)c2Cl)cc1C,VAV1,,1.18,=,1,,Shanghai Qilu Pharmaceutical Research And Development Centre,WO2026051943A1,PGDB_AS001440,% Degradation,luminescence,standardized
PGDB_C029489,COCCN(C)C(=O)Oc1ccc(-c2cccc(C3CCC(=O)NC3=O)c2Cl)cc1C,VAV1,,3.21,=,1,,Shanghai Qilu Pharmaceutical Research And Development Centre,WO2026051943A1,PGDB_AS001440,% Degradation,luminescence,standardized
PGDB_C032948,COCCN(C)C(=O)c1ccc2cc(-c3cccc(C4CCC(=O)NC4=O)c3Cl)ccc2c1,VAV1,,50.0,<=,1,Jurkat,,WO2026145172A1,PGDB_AS002614,% Degradation,luminescence,standardized
PGDB_C032947,COCCN(C)C(=O)c1cccc2cc(-c3cccc(C4CCC(=O)NC4=O)c3Cl)ccc12,VAV1,,50.0,<=,1,Jurkat,,WO2026145172A1,PGDB_AS002614,% Degradation,luminescence,standardized
PGDB_C000505,COCCN(C)Cc1cc(NC(=O)CCc2cc3c(cc2F)CN(C2CCC(=O)NC2=O)C3=O)cc(Cl)c1C,GSPT1,,21.0,=,1,U937,Livzon Pharmaceutical Group;Jinan University,CN117917402A,PGDB_AS002566,% Degradation,Western_blot,standardized
PGDB_C000486,COCCN(C)Cc1cc(NC(=O)CCc2ccc3c(c2)C(=O)N(C2CCC(=O)NC2=O)C3)cc(Cl)c1C,GSPT1,,35.0,=,1,U937,Livzon Pharmaceutical Group;Jinan University,CN117917402A,PGDB_AS002566,% Degradation,Western_blot,standardized
PGDB_C000498,COCCN(C)Cc1cc(NC(=O)CCc2ccc3c(c2)C(=O)N(C2CCC(=O)NC2=O)C3)ccc1-c1ccncc1,GSPT1,,702.1,=,0,U937,Livzon Pharmaceutical Group;Jinan University,CN117917402A,PGDB_AS002566,% Degradation,Western_blot,standardized
PGDB_C029637,COCCNC(=O)N(c1ccc(-c2cccc(C3CCC(=O)NC3=O)c2Cl)cc1)C1CC1,VAV1,,0.8,=,1,,Shanghai Qilu Pharmaceutical Research And Development Centre,WO2026051943A1,PGDB_AS001440,% Degradation,luminescence,standardized
PGDB_C029541,COCCNC(=O)Nc1ccc(-c2cccc(C3CCC(=O)NC3=O)c2Cl)cc1C,VAV1,,1.3,=,1,,Shanghai Qilu Pharmaceutical Research And Development Centre,WO2026051943A1,PGDB_AS001440,% Degradation,luminescence,standardized
PGDB_C029537,COCCOC(=O)Nc1ccc(-c2cccc(C3CCC(=O)NC3=O)c2Cl)cc1C,VAV1,,3.38,=,1,,Shanghai Qilu Pharmaceutical Research And Development Centre,WO2026051943A1,PGDB_AS001440,% Degradation,luminescence,standardized
PGDB_C032910,COCCOc1cc(C(F)(F)F)cc(=O)n1-c1cccc(-n2ncc3c(C4CCC(=O)NC4=O)cccc32)c1,VAV1,,10.0,<,1,Jurkat,,WO2026145172A1,PGDB_AS002602,% Degradation,luminescence,standardized
PGDB_C001865,COCCOc1cc(NC(=O)NCc2ccc3c(C4CCC(=O)NC4=O)coc3c2)cc(Cl)c1C,GSPT1,,2.51,=,1,HEK293T,Medshine Discovery,WO2023001028A1,PGDB_AS002023,% Degradation,luminescence,standardized
PGDB_C001866,COCCOc1cc(NC(=O)NCc2ccc3c(C4CCC(=O)NC4=O)noc3c2)cc(Cl)c1C,GSPT1,,1.07,=,1,HEK293T,Medshine Discovery,WO2023001028A1,PGDB_AS002023,% Degradation,luminescence,standardized
PGDB_C012168,COCCn1c(C)ccc(N2CCN(c3cccc(C4CCC(=O)NC4=O)c3Cl)CC2)c1=O,VAV1,,7.117,=,1,Jurkat,Monte Rosa Therapeutics,WO2026013577A1,PGDB_AS001744,% Degradation,luminescence,standardized
PGDB_C012176,COCCn1c(F)ccc(N2CCN(c3cccc(C4CCC(=O)NC4=O)c3Cl)CC2)c1=O,VAV1,,23.418,=,1,Jurkat,Monte Rosa Therapeutics,WO2026013577A1,PGDB_AS001744,% Degradation,luminescence,standardized
PGDB_C012183,COCCn1cc(C)cc(N2CCN(c3cccc(C4CCC(=O)NC4=O)c3Cl)CC2)c1=O,VAV1,,24.605,=,1,Jurkat,Monte Rosa Therapeutics,WO2026013577A1,PGDB_AS001744,% Degradation,luminescence,standardized
PGDB_C012181,COCCn1cc(F)cc(N2CCC(c3cccc(C4CCC(=O)NC4=O)c3Cl)CC2)c1=O,VAV1,,32.932,=,1,Jurkat,Monte Rosa Therapeutics,WO2026013577A1,PGDB_AS001744,% Degradation,luminescence,standardized
PGDB_C012187,COCCn1cc(F)cc(N2CCN(c3cccc(C4CCC(=O)NC4=O)c3Cl)CC2)c1=O,VAV1,,32.675,=,1,Jurkat,Monte Rosa Therapeutics,WO2026013577A1,PGDB_AS001744,% Degradation,luminescence,standardized
PGDB_C024804,COCCn1cc2c(n1)CCc1cc(-c3cccc(C4CCC(=O)NC4=O)c3Cl)ccc1-2,VAV1,,50.0,<=,1,Jurkat,Shanghai Meiyue Biotech Development Co Ltd,WO2026061428A1,PGDB_AS001390,% Degradation,fluorescence,standardized
PGDB_C012166,COCCn1ccc(F)c(N2CCN(c3cccc(C4CCC(=O)NC4=O)c3Cl)CC2)c1=O,VAV1,,4.875,=,1,Jurkat,Monte Rosa Therapeutics,WO2026013577A1,PGDB_AS001744,% Degradation,luminescence,standardized
PGDB_C012163,COCCn1cccc(N2CCC(c3cccc(C4CCC(=O)NC4=O)c3Cl)CC2)c1=O,VAV1,,9.536,=,1,Jurkat,Monte Rosa Therapeutics,WO2026013577A1,PGDB_AS001744,% Degradation,luminescence,standardized
PGDB_C012170,COCCn1cccc(N2CCN(c3cccc(C4CCC(=O)NC4=O)c3Cl)CC2)c1=O,VAV1,,7.103,=,1,Jurkat,Monte Rosa Therapeutics,WO2026013577A1,PGDB_AS001744,% Degradation,luminescence,standardized
PGDB_C024805,COCCn1ncc2c1CCc1cc(-c3cccc(C4CCC(=O)NC4=O)c3Cl)ccc1-2,VAV1,,50.0,<=,1,Jurkat,Shanghai Meiyue Biotech Development Co Ltd,WO2026061428A1,PGDB_AS001390,% Degradation,fluorescence,standardized
PGDB_C029556,COC[C@@H](C)N(C)C(=O)Nc1ccc(-c2cccc(C3CCC(=O)NC3=O)c2Cl)cc1C,VAV1,,1.49,=,1,,Shanghai Qilu Pharmaceutical Research And Development Centre,WO2026051943A1,PGDB_AS001440,% Degradation,luminescence,standardized
PGDB_C029485,COC[C@@H]1CCCN1C(=O)Nc1ccc(-c2cccc(C3CCC(=O)NC3=O)c2Cl)cc1C,VAV1,,1.32,=,1,,Shanghai Qilu Pharmaceutical Research And Development Centre,WO2026051943A1,PGDB_AS001440,% Degradation,luminescence,standardized
PGDB_C029642,COC[C@@H]1CCCN1S(=O)(=O)Nc1ccc(-c2cccc(C3CCC(=O)NC3=O)c2Cl)cc1C,VAV1,,3.9,=,1,,Shanghai Qilu Pharmaceutical Research And Development Centre,WO2026051943A1,PGDB_AS001440,% Degradation,luminescence,standardized
PGDB_C029493,COC[C@@H]1CCN1C(=O)Nc1ccc(-c2cccc(C3CCC(=O)NC3=O)c2Cl)cc1C,VAV1,,1.9,=,1,,Shanghai Qilu Pharmaceutical Research And Development Centre,WO2026051943A1,PGDB_AS001440,% Degradation,luminescence,standardized
PGDB_C029667,COC[C@@H]1CN(C(=O)Nc2ccc(-c3cccc(C4CCC(=O)NC4=O)c3Cl)cc2C)CCO1,VAV1,,1.9,=,1,,Shanghai Qilu Pharmaceutical Research And Development Centre,WO2026051943A1,PGDB_AS001440,% Degradation,luminescence,standardized
PGDB_C029456,COC[C@@H]1COCCN1C(=O)Nc1ccc(-c2cccc(C3CCC(=O)NC3=O)c2Cl)cc1C,VAV1,,1.79,=,1,,Shanghai Qilu Pharmaceutical Research And Development Centre,WO2026051943A1,PGDB_AS001440,% Degradation,luminescence,standardized
PGDB_C029557,COC[C@@H]1C[C@@H](O)CN1C(=O)Nc1ccc(-c2cccc(C3CCC(=O)NC3=O)c2Cl)cc1C,VAV1,,1.43,=,1,,Shanghai Qilu Pharmaceutical Research And Development Centre,WO2026051943A1,PGDB_AS001440,% Degradation,luminescence,standardized
PGDB_C029589,COC[C@@H]1C[C@H](O)CN1C(=O)Nc1ccc(-c2cccc(C3CCC(=O)NC3=O)c2Cl)cc1C,VAV1,,1.38,=,1,,Shanghai Qilu Pharmaceutical Research And Development Centre,WO2026051943A1,PGDB_AS001440,% Degradation,luminescence,standardized
PGDB_C029588,COC[C@H](C)N(C)C(=O)Nc1ccc(-c2cccc(C3CCC(=O)NC3=O)c2Cl)cc1C,VAV1,,2.07,=,1,,Shanghai Qilu Pharmaceutical Research And Development Centre,WO2026051943A1,PGDB_AS001440,% Degradation,luminescence,standardized
PGDB_C029492,COC[C@H]1CCCN1C(=O)Nc1ccc(-c2cccc(C3CCC(=O)NC3=O)c2Cl)cc1C,VAV1,,0.75,=,1,,Shanghai Qilu Pharmaceutical Research And Development Centre,WO2026051943A1,PGDB_AS001440,% Degradation,luminescence,standardized
PGDB_C029525,COC[C@H]1CCN1C(=O)Nc1ccc(-c2cccc(C3CCC(=O)NC3=O)c2Cl)cc1C,VAV1,,0.703,=,1,,Shanghai Qilu Pharmaceutical Research And Development Centre,WO2026051943A1,PGDB_AS001440,% Degradation,luminescence,standardized
PGDB_C006085,COC[C@H]1CC[C@H](CN2CCC(O)(c3ccc4c(c3)C(=O)N(C3CCC(=O)NC3=O)C4=O)CC2)CC1,IKZF2,,8.3,=,1,MOLT-4,Neomorph;Dana Farber Cancer Institute,CA3215907A1,PGDB_AS000536,% Degradation,luminescence,standardized
PGDB_C029634,COC[C@H]1CN(C(=O)Nc2ccc(-c3cccc(C4CCC(=O)NC4=O)c3Cl)cc2C)CCO1,VAV1,,2.2,=,1,,Shanghai Qilu Pharmaceutical Research And Development Centre,WO2026051943A1,PGDB_AS001440,% Degradation,luminescence,standardized
PGDB_C029495,COC[C@H]1COCCN1C(=O)Nc1ccc(-c2cccc(C3CCC(=O)NC3=O)c2Cl)cc1C,VAV1,,1.19,=,1,,Shanghai Qilu Pharmaceutical Research And Development Centre,WO2026051943A1,PGDB_AS001440,% Degradation,luminescence,standardized
PGDB_C029590,COC[C@H]1C[C@@H](O)CN1C(=O)Nc1ccc(-c2cccc(C3CCC(=O)NC3=O)c2Cl)cc1C,VAV1,,1.25,=,1,,Shanghai Qilu Pharmaceutical Research And Development Centre,WO2026051943A1,PGDB_AS001440,% Degradation,luminescence,standardized
PGDB_C012199,COCc1cc(N2CCN(c3cccc(C4CCC(=O)NC4=O)c3Cl)CC2)c(=O)n(C)c1,VAV1,,153.873,=,0,Jurkat,Monte Rosa Therapeutics,WO2026013577A1,PGDB_AS001744,% Degradation,luminescence,standardized
PGDB_C012236,COCc1cc2cccc(N3CCN(c4cccc(C5CCC(=O)NC5=O)c4Cl)CC3)n2n1,VAV1,,5.731,=,1,Jurkat,Monte Rosa Therapeutics,WO2026013577A1,PGDB_AS001744,% Degradation,luminescence,standardized
PGDB_C003688,COCc1ccc(-c2c(-c3ccc4c(c3)CN(C3CCC(=O)NC3=O)C4=O)cnn2C)cc1,CSNK1A1,,25.0,<,1,HEK293,Innovo Therapeutics,EP4584259A1,PGDB_AS001103,% Degradation,,standardized
PGDB_C003915,COCc1ccc(-c2c(-c3ccc4c(c3)CN(C3CCC(=O)NC3=O)C4=O)ncn2C)cc1,CSNK1A1,,25.0,<,1,HEK293,Innovo Therapeutics,EP4584259A1,PGDB_AS001103,% Degradation,,standardized
PGDB_C003915,COCc1ccc(-c2c(-c3ccc4c(c3)CN(C3CCC(=O)NC3=O)C4=O)ncn2C)cc1,GSPT1,,25.0,<,1,HEK293,Innovo Therapeutics,EP4584259A1,PGDB_AS001862,% Degradation,luminescence,standardized
PGDB_C006080,COCc1ccc(CN2CCC(O)(c3ccc4c(c3)C(=O)N(C3CCC(=O)NC3=O)C4=O)CC2)cc1,IKZF2,,5.0,=,1,MOLT-4,Neomorph;Dana Farber Cancer Institute,CA3215907A1,PGDB_AS000536,% Degradation,luminescence,standardized
PGDB_C012204,COCc1ccc(N2CCN(c3cccc(C4CCC(=O)NC4=O)c3Cl)CC2)c(=O)n1C,VAV1,,295.523,=,0,Jurkat,Monte Rosa Therapeutics,WO2026013577A1,PGDB_AS001744,% Degradation,luminescence,standardized
PGDB_C012240,COCc1ccc(N2CCN(c3cccc(C4CCC(=O)NC4=O)c3Cl)CC2)n2nccc12,VAV1,,104.673,=,0,Jurkat,Monte Rosa Therapeutics,WO2026013577A1,PGDB_AS001744,% Degradation,luminescence,standardized
PGDB_C012238,COCc1cnn2c(N3CCN(c4cccc(C5CCC(=O)NC5=O)c4Cl)CC3)cccc12,VAV1,,23.208,=,1,Jurkat,Monte Rosa Therapeutics,WO2026013577A1,PGDB_AS001744,% Degradation,luminescence,standardized
PGDB_C032909,CON(C)C(=O)c1cccc2cc(-c3cccc(C4CCC(=O)NC4=O)c3Cl)ccc12,VAV1,,50.0,<=,1,Jurkat,,WO2026145172A1,PGDB_AS002614,% Degradation,luminescence,standardized
PGDB_C029533,CONC(=O)Nc1ccc(-c2cccc(C3CCC(=O)NC3=O)c2Cl)cc1C,VAV1,,2.32,=,1,,Shanghai Qilu Pharmaceutical Research And Development Centre,WO2026051943A1,PGDB_AS001440,% Degradation,luminescence,standardized
PGDB_C005471,CONCCOCCc1ccc(NC(=O)NCc2ccc3c(c2)CN(C2CCC(=O)NC2=O)C3=O)cc1Cl,GSPT1,,0.99,=,1,HEK293,Shanghai Qilu Pharmaceutical Research And Development Centre,WO2025252247A1,PGDB_AS000196,% Degradation,,standardized
PGDB_C031979,CO[C@@H]1CC([C@H](C)Oc2nc(-c3noc4c3CCCC43CCCc4sc(N)c(C#N)c43)nc3c2CN(CCN2CCC4CCC(c5ccc6c(N7CCC(=O)NC7=O)nn(C)c6c5F)CCN4C2(F)F)C3)N(C)C1,KRAS,,14.8,=,1,,Boehringer Ingelheim International GmbH;Vanderbilt University,WO2026114958A1,PGDB_AS002526,% Degradation,luminescence,standardized
PGDB_C029660,CO[C@@H]1CCN(C(=O)Nc2c(C)cc(-c3cccc(C4CCC(=O)NC4=O)c3Cl)cc2F)C1,VAV1,,0.9,=,1,,Shanghai Qilu Pharmaceutical Research And Development Centre,WO2026051943A1,PGDB_AS001440,% Degradation,luminescence,standardized
PGDB_C029545,CO[C@@H]1CCN(C(=O)Nc2ccc(-c3cccc(C4CCC(=O)NC4=O)c3Cl)cc2C)C1,VAV1,,1.17,=,1,,Shanghai Qilu Pharmaceutical Research And Development Centre,WO2026051943A1,PGDB_AS001440,% Degradation,luminescence,standardized
PGDB_C027114,CO[C@@H]1CCN(CC#Cc2nccc(N3CCN(c4cc(-c5ccccc5O)nnc4N)CC[C@H]3C)n2)C1,SMARCA2,,50.0,<,1,HeLa,Plexium,WO2023244806A1,PGDB_AS002237,% Degradation,luminescence,standardized
PGDB_C027114,CO[C@@H]1CCN(CC#Cc2nccc(N3CCN(c4cc(-c5ccccc5O)nnc4N)CC[C@H]3C)n2)C1,SMARCA4,,50.0,<,1,HeLa,Plexium,WO2023244806A1,PGDB_AS000073,% Degradation,luminescence,standardized
PGDB_C005828,CO[C@@H]1CCN(S(=O)(=O)Nc2ccc(F)c(Oc3ccc4ncn([C@H]5COC6(CCN(C(=O)CC7(O)CCN(c8cc9c(cc8F)N8C(=O)NC(=O)CCC8=NN9C)CC7)CC6)C5)c(=O)c4c3)c2C#N)C1,BRAF,,18.04,=,1,A375.10,C4 Therapeutics,AU2022290851A1,PGDB_AS001308,% Degradation,luminescence,standardized
PGDB_C029651,CO[C@@H]1CN(C(=O)Nc2ccc(-c3cccc(C4CCC(=O)NC4=O)c3Cl)cc2C)C[C@@H]1F,VAV1,,1.7,=,1,,Shanghai Qilu Pharmaceutical Research And Development Centre,WO2026051943A1,PGDB_AS001440,% Degradation,luminescence,standardized
PGDB_C029618,CO[C@@H]1CN(C(=O)Nc2ccc(-c3cccc(C4CCC(=O)NC4=O)c3Cl)cc2C)C[C@H]1F,VAV1,,0.8,=,1,,Shanghai Qilu Pharmaceutical Research And Development Centre,WO2026051943A1,PGDB_AS001440,% Degradation,luminescence,standardized
PGDB_C029574,CO[C@@H]1CN(C(=O)Nc2ccc(-c3cccc(C4CCC(=O)NC4=O)c3Cl)cc2C)C[C@H]1OC,VAV1,,0.9,=,1,,Shanghai Qilu Pharmaceutical Research And Development Centre,WO2026051943A1,PGDB_AS001440,% Degradation,luminescence,standardized
PGDB_C031991,CO[C@@H]1C[C@@H]([C@@H](C)Oc2nc(-c3noc4c3CCC[C@]43CCCc4sc(N)c(C#N)c43)nc3c2CN(CCN2CC[C@H](N4CCC(c5ccc6c(N7CCC(=O)NC7=O)cnn6c5)CC4)C(F)(F)C2)C3)N(C)C1,KRAS,,2.9,=,1,,Boehringer Ingelheim International GmbH;Vanderbilt University,WO2026114958A1,PGDB_AS002526,% Degradation,luminescence,standardized
PGDB_C031962,CO[C@@H]1C[C@@H]([C@H](C)Oc2nc(-c3coc4c3CCC[C@@]43CCCc4sc(N)c(C#N)c43)nc3c2CN(CCN2CC[C@@H](N4CCN(c5ccc6c(N7CCC(=O)NC7=O)cnn6c5)CC4)C(F)(F)C2)C3)N(C)C1,KRAS,,2.8,=,1,,Boehringer Ingelheim International GmbH;Vanderbilt University,WO2026114958A1,PGDB_AS002526,% Degradation,luminescence,standardized
PGDB_C031995,CO[C@@H]1C[C@@H]([C@H](C)Oc2nc(-c3noc4c3CCCC43C(C#N)=C(N)SC4=C3CCC4)nc3c2CN(CCN2CCN(C4CCN(c5ccn6c(N7CCC(=O)NC7=O)cnc6c5Cl)CC4)C(F)(F)C2)C3)N(C)C1,KRAS,,5.4,=,1,,Boehringer Ingelheim International GmbH;Vanderbilt University,WO2026114958A1,PGDB_AS002526,% Degradation,luminescence,standardized
PGDB_C031968,CO[C@@H]1C[C@@H]([C@H](C)Oc2nc(-c3noc4c3CCCC43C4=C(CCc5sc(N)c(C#N)c53)OC4)nc3c2CN([C@H]2CC[C@@H](N4CCC(c5cc6n(N7CCC(=O)NC7=O)cnn6c5)C(F)(F)C4)CC2)C3)N(C)C1,KRAS,,2.9,=,1,,Boehringer Ingelheim International GmbH;Vanderbilt University,WO2026114958A1,PGDB_AS002526,% Degradation,luminescence,standardized
PGDB_C031981,CO[C@@H]1C[C@@H]([C@H](C)Oc2nc(-c3noc4c3CCC[C@@]43C(C#N)=C(N)SC4=C3CCC4)nc3c2CN(CCN2CCC(N4CCC(c5cc6c(C)nn(C7CCC(=O)NC7=O)c6cc5F)CC4)C(F)(F)C2)C3)N(C)C1,KRAS,,5.5,=,1,,Boehringer Ingelheim International GmbH;Vanderbilt University,WO2026114958A1,PGDB_AS002526,% Degradation,luminescence,standardized
PGDB_C031971,CO[C@@H]1C[C@@H]([C@H](C)Oc2nc(-c3noc4c3CCC[C@@]43CCCc4sc(N)c(C#N)c43)nc3c2CN(C2CCC(N4CC[C@@H](c5ccc6c(N7CCC(=O)NC7=O)cnn6c5)C(F)(F)C4)CC2)C3)N(C)C1,KRAS,,2.4,=,1,,Boehringer Ingelheim International GmbH;Vanderbilt University,WO2026114958A1,PGDB_AS002526,% Degradation,luminescence,standardized
PGDB_C031969,CO[C@@H]1C[C@@H]([C@H](C)Oc2nc(-c3noc4c3CCC[C@@]43CCCc4sc(N)c(C#N)c43)nc3c2CN(C2CCC(N4CC[C@@H](c5ccc6c(N7CCC(=O)NC7=O)nn(C)c6c5)C(F)(F)C4)CC2)C3)N(C)C1,KRAS,,14.5,=,1,,Boehringer Ingelheim International GmbH;Vanderbilt University,WO2026114958A1,PGDB_AS002526,% Degradation,luminescence,standardized
PGDB_C031974,CO[C@@H]1C[C@@H]([C@H](C)Oc2nc(-c3noc4c3CCC[C@@]43CCCc4sc(N)c(C#N)c43)nc3c2CN(C2CCC(N4CC[C@H](c5ccc6c(N7CCC(=O)NC7=O)cnn6c5)C(F)(F)C4)CC2)C3)N(C)C1,KRAS,,2.2,=,1,,Boehringer Ingelheim International GmbH;Vanderbilt University,WO2026114958A1,PGDB_AS002526,% Degradation,luminescence,standardized
PGDB_C031967,CO[C@@H]1C[C@@H]([C@H](C)Oc2nc(-c3noc4c3CCC[C@@]43CCCc4sc(N)c(C#N)c43)nc3c2CN(C2CCC(N4CC[C@H](c5ccc6c(N7CCC(=O)NC7=O)nn(C)c6c5)C(F)(F)C4)CC2)C3)N(C)C1,KRAS,,4.6,=,1,,Boehringer Ingelheim International GmbH;Vanderbilt University,WO2026114958A1,PGDB_AS002526,% Degradation,luminescence,standardized
PGDB_C031976,CO[C@@H]1C[C@@H]([C@H](C)Oc2nc(-c3noc4c3CCC[C@@]43CCCc4sc(N)c(C#N)c43)nc3c2CN(CC2CC(N4CC[C@H](c5ccc6c(N7CCC(=O)NC7=O)nn(C)c6c5F)C(F)(F)C4)C2)C3)N(C)C1,KRAS,,4.5,=,1,,Boehringer Ingelheim International GmbH;Vanderbilt University,WO2026114958A1,PGDB_AS002526,% Degradation,luminescence,standardized
PGDB_C031942,CO[C@@H]1C[C@@H]([C@H](C)Oc2nc(-c3noc4c3CCC[C@@]43CCCc4sc(N)c(C#N)c43)nc3c2CN(CCN2CCC(N4CCC(c5ccc6c(N7CCC(=O)NC7=O)cnn6c5)CC4)C(F)(F)C2)C3)N(C)C1,KRAS,,2.8,=,1,,Boehringer Ingelheim International GmbH;Vanderbilt University,WO2026114958A1,PGDB_AS002526,% Degradation,luminescence,standardized
PGDB_C031982,CO[C@@H]1C[C@@H]([C@H](C)Oc2nc(-c3noc4c3CCC[C@@]43CCCc4sc(N)c(C#N)c43)nc3c2CN(CCN2CCC(N4CCN(c5ccc6c(N7CCC(=O)NC7=O)nn(C)c6c5)CC4)C(F)(F)C2)C3)N(C)C1,KRAS,,6.9,=,1,,Boehringer Ingelheim International GmbH;Vanderbilt University,WO2026114958A1,PGDB_AS002526,% Degradation,luminescence,standardized
PGDB_C031951,CO[C@@H]1C[C@@H]([C@H](C)Oc2nc(-c3noc4c3CCC[C@@]43CCCc4sc(N)c(C#N)c43)nc3c2CN(CCN2CCC(N4CCN(c5ccc6c(N7CCC(=O)NC7=O)nn(C)c6c5F)CC4)C(F)(F)C2)C3)N(C)C1,KRAS,,5.5,=,1,,Boehringer Ingelheim International GmbH;Vanderbilt University,WO2026114958A1,PGDB_AS002526,% Degradation,luminescence,standardized
PGDB_C031993,CO[C@@H]1C[C@@H]([C@H](C)Oc2nc(-c3noc4c3CCC[C@@]43CCCc4sc(N)c(C#N)c43)nc3c2CN(CCN2CCN(C4CCN(c5ccc6c(N7CCC(=O)NC7=O)cnn6c5C)CC4)C(F)(F)C2)C3)N(C)C1,KRAS,,4.0,=,1,,Boehringer Ingelheim International GmbH;Vanderbilt University,WO2026114958A1,PGDB_AS002526,% Degradation,luminescence,standardized
PGDB_C031992,CO[C@@H]1C[C@@H]([C@H](C)Oc2nc(-c3noc4c3CCC[C@@]43CCCc4sc(N)c(C#N)c43)nc3c2CN(CCN2CCN(C4CCN(c5ccc6c(N7CCC(=O)NC7=O)nn(C)c6c5Cl)CC4)C(F)(F)C2)C3)N(C)C1,KRAS,,5.3,=,1,,Boehringer Ingelheim International GmbH;Vanderbilt University,WO2026114958A1,PGDB_AS002526,% Degradation,luminescence,standardized
PGDB_C031994,CO[C@@H]1C[C@@H]([C@H](C)Oc2nc(-c3noc4c3CCC[C@@]43CCCc4sc(N)c(C#N)c43)nc3c2CN(CCN2CCN(C4CCN(c5ccn6c(N7CCC(=O)NC7=O)cnc6c5F)CC4)C(F)(F)C2)C3)N(C)C1,KRAS,,5.8,=,1,,Boehringer Ingelheim International GmbH;Vanderbilt University,WO2026114958A1,PGDB_AS002526,% Degradation,luminescence,standardized
PGDB_C031959,CO[C@@H]1C[C@@H]([C@H](C)Oc2nc(-c3noc4c3CCC[C@@]43CCCc4sc(N)c(C#N)c43)nc3c2CN(CCN2CCN(N4CCN(c5ccc6c(N7CCC(=O)NC7=O)nn(C)c6c5)CC4)C(F)(F)C2)C3)N(C)C1,KRAS,,7.5,=,1,,Boehringer Ingelheim International GmbH;Vanderbilt University,WO2026114958A1,PGDB_AS002526,% Degradation,luminescence,standardized
PGDB_C031957,CO[C@@H]1C[C@@H]([C@H](C)Oc2nc(-c3noc4c3CCC[C@@]43CCCc4sc(N)c(C#N)c43)nc3c2CN(CCN2CC[C@@H](N4CCC(n5ccc6c(N7CCC(=O)NC7=O)cccc65)CC4)C(F)(F)C2)C3)N(C)C1,KRAS,,7.8,=,1,,Boehringer Ingelheim International GmbH;Vanderbilt University,WO2026114958A1,PGDB_AS002526,% Degradation,luminescence,standardized
PGDB_C031996,CO[C@@H]1C[C@@H]([C@H](C)Oc2nc(-c3noc4c3CCC[C@@]43CCCc4sc(N)c(C#N)c43)nc3c2CN(CCN2CC[C@@H](N4CCN(c5ccc6c(N7CCC(=O)NC7=O)nn(C)c6c5C)CC4)C(F)(F)C2)C3)N(C)C1,KRAS,,4.7,=,1,,Boehringer Ingelheim International GmbH;Vanderbilt University,WO2026114958A1,PGDB_AS002526,% Degradation,luminescence,standardized
PGDB_C031952,CO[C@@H]1C[C@@H]([C@H](C)Oc2nc(-c3noc4c3CCC[C@@]43CCCc4sc(N)c(C#N)c43)nc3c2CN(CCN2CC[C@@H](N4CCN(c5ccc6c(N7CCC(=O)NC7=O)nn(C)c6c5F)CC4)C(F)(F)C2)C3)N(C)C1,KRAS,,5.3,=,1,,Boehringer Ingelheim International GmbH;Vanderbilt University,WO2026114958A1,PGDB_AS002526,% Degradation,luminescence,standardized
PGDB_C031949,CO[C@@H]1C[C@@H]([C@H](C)Oc2nc(-c3noc4c3CCC[C@@]43CCCc4sc(N)c(C#N)c43)nc3c2CN(CCN2CC[C@@H](N4CCN(c5ccc6c(N7CCC(=O)NC7=O)nn(C)c6c5F)CC4)[C@H](F)C2)C3)N(C)C1,KRAS,,1.6,=,1,,Boehringer Ingelheim International GmbH;Vanderbilt University,WO2026114958A1,PGDB_AS002526,% Degradation,luminescence,standardized
PGDB_C031966,CO[C@@H]1C[C@@H]([C@H](C)Oc2nc(-c3noc4c3CCC[C@@]43CCCc4sc(N)c(C#N)c43)nc3c2CN(CCN2CC[C@H](N4CCC(c5ccc6c(N7CCC(=O)NC7=O)nn(C)c6c5F)CC4)C(F)(F)C2)C3)N(C)C1,KRAS,,14.2,=,1,,Boehringer Ingelheim International GmbH;Vanderbilt University,WO2026114958A1,PGDB_AS002526,% Degradation,luminescence,standardized
PGDB_C031953,CO[C@@H]1C[C@@H]([C@H](C)Oc2nc(-c3noc4c3CCC[C@@]43CCCc4sc(N)c(C#N)c43)nc3c2CN(CCN2CC[C@H](N4CCN(c5ccc6c(N7CCC(=O)NC7=O)nn(C)c6c5F)CC4)C(F)(F)C2)C3)N(C)C1,KRAS,,5.3,=,1,,Boehringer Ingelheim International GmbH;Vanderbilt University,WO2026114958A1,PGDB_AS002526,% Degradation,luminescence,standardized
PGDB_C031941,CO[C@@H]1C[C@@H]([C@H](C)Oc2nc(-c3noc4c3CCC[C@@]43CCCc4sc(N)c(C#N)c43)nc3c2CN(CCN2C[C@@H](N4CCN(c5ccc6c(N7CCC(=O)NC7=O)nn(C)c6c5F)CC4)[C@@H](F)C2)C3)N(C)C1,KRAS,,0.8,=,1,,Boehringer Ingelheim International GmbH;Vanderbilt University,WO2026114958A1,PGDB_AS002526,% Degradation,luminescence,standardized
PGDB_C031943,CO[C@@H]1C[C@@H]([C@H](C)Oc2nc(-c3noc4c3CCC[C@@]43CCCc4sc(N)c(C#N)c43)nc3c2CN(CCN2C[C@H](F)[C@@H](N4CCN(c5ccc6c(N7CCC(=O)NC7=O)nn(C)c6c5F)CC4)C2)C3)N(C)C1,KRAS,,1.5,=,1,,Boehringer Ingelheim International GmbH;Vanderbilt University,WO2026114958A1,PGDB_AS002526,% Degradation,luminescence,standardized
PGDB_C031977,CO[C@@H]1C[C@@H]([C@H](C)Oc2nc(-c3noc4c3CCC[C@@]43CCCc4sc(N)c(C#N)c43)nc3c2CN([C@@H]2CCN(CC4(F)CCN(c5ccc6c(N7CCC(=O)NC7=O)cnn6c5)CC4)C[C@@H]2F)C3)N(C)C1,KRAS,,5.3,=,1,,Boehringer Ingelheim International GmbH;Vanderbilt University,WO2026114958A1,PGDB_AS002526,% Degradation,luminescence,standardized
PGDB_C031972,CO[C@@H]1C[C@@H]([C@H](C)Oc2nc(-c3noc4c3CCC[C@@]43CCCc4sc(N)c(C#N)c43)nc3c2CN([C@H]2C[C@@H](CN4CC[C@@H](c5ccc6c(N7CCC(=O)NC7=O)nn(C)c6c5)C(F)(F)C4)C2)C3)N(C)C1,KRAS,,3.3,=,1,,Boehringer Ingelheim International GmbH;Vanderbilt University,WO2026114958A1,PGDB_AS002526,% Degradation,luminescence,standardized
PGDB_C031973,CO[C@@H]1C[C@@H]([C@H](C)Oc2nc(-c3noc4c3CCC[C@@]43CCCc4sc(N)c(C#N)c43)nc3c2CN([C@H]2C[C@H](CN4CC[C@@H](c5ccc6c(N7CCC(=O)NC7=O)nn(C)c6c5)C(F)(F)C4)C2)C3)N(C)C1,KRAS,,3.4,=,1,,Boehringer Ingelheim International GmbH;Vanderbilt University,WO2026114958A1,PGDB_AS002526,% Degradation,luminescence,standardized
PGDB_C031975,CO[C@@H]1C[C@@H]([C@H](C)Oc2nc(-c3noc4c3CCC[C@@]43CCCc4sc(N)c(C#N)c43)nc3c2CN([C@H]2C[C@H](N4CC[C@@H](c5ccc6c(N7CCC(=O)NC7=O)nn(C)c6c5)C(F)(F)C4)C2)C3)N(C)C1,KRAS,,4.5,=,1,,Boehringer Ingelheim International GmbH;Vanderbilt University,WO2026114958A1,PGDB_AS002526,% Degradation,luminescence,standardized
PGDB_C031970,CO[C@@H]1C[C@@H]([C@H](C)Oc2nc(C3=NO[C@]4(CCCc5sc(N)c(C#N)c54)C4CC[C@H]34)nc3c2CN(CCCC2CCN(c4ccc5c6c(ncc5c4)C(=O)NC(=O)CC6)CC2)C3)N(C)C1,KRAS,,5.0,=,1,,Boehringer Ingelheim International GmbH;Vanderbilt University,WO2026114958A1,PGDB_AS002526,% Degradation,luminescence,standardized
PGDB_C029659,CO[C@@]1(C)CCN(C(=O)Nc2ccc(-c3cccc(C4CCC(=O)NC4=O)c3Cl)cc2C)C1,VAV1,,0.5,=,1,,Shanghai Qilu Pharmaceutical Research And Development Centre,WO2026051943A1,PGDB_AS001440,% Degradation,luminescence,standardized
PGDB_C029650,CO[C@@]1(O)CN(C(=O)Nc2ccc(-c3cccc(C4CCC(=O)NC4=O)c3Cl)cc2C)C[C@@H]1F,VAV1,,0.8,=,1,,Shanghai Qilu Pharmaceutical Research And Development Centre,WO2026051943A1,PGDB_AS001440,% Degradation,luminescence,standardized
PGDB_C029628,CO[C@H]1CCN(C(=O)Nc2c(C)cc(-c3cccc(C4CCC(=O)NC4=O)c3Cl)cc2F)C1,VAV1,,0.7,=,1,,Shanghai Qilu Pharmaceutical Research And Development Centre,WO2026051943A1,PGDB_AS001440,% Degradation,luminescence,standardized
PGDB_C029516,CO[C@H]1CCN(C(=O)Nc2ccc(-c3cccc(C4CCC(=O)NC4=O)c3Cl)cc2C)C1,VAV1,,0.79,=,1,,Shanghai Qilu Pharmaceutical Research And Development Centre,WO2026051943A1,PGDB_AS001440,% Degradation,luminescence,standardized
PGDB_C005827,CO[C@H]1CCN(S(=O)(=O)Nc2ccc(F)c(Oc3ccc4ncn([C@H]5COC6(CCN(C(=O)CC7(O)CCN(c8cc9c(cc8F)C(=O)N(C8CCC(=O)NC8=O)NN9C)CC7)CC6)C5)c(=O)c4c3)c2C#N)C1,BRAF,,20.54,=,1,A375.10,C4 Therapeutics,AU2022290851A1,PGDB_AS001308,% Degradation,luminescence,standardized
PGDB_C002452,CO[C@H]1CC[C@@H](C2CN([C@H]3CCCC[C@@H]3Oc3ccc4c(c3)CN(C3CCC(=O)NC3=O)C4=O)C2)CC1,GSPT1,,30000.0,>,0,HEK293T,Plexium,TW202410889A,PGDB_AS000301,% Degradation,luminescence,standardized
PGDB_C033089,CO[C@H]1CC[C@H](NC(=O)c2ccc(N3CC4(CC(N5CCC6(CC5)COc5c6cc(Cl)c6c5CN([C@H]5CCC(=O)NC5=O)C6=O)C4)C3)nn2)CC1,CSNK1A1,,10.0,<=,1,HEK293,,WO2026139085A1,PGDB_AS002601,% Degradation,luminescence,standardized
PGDB_C032745,CO[C@H]1CC[C@H](NC(=O)c2ccc(N3CCC(CN4CCC5(CC4)COc4c5cc(Cl)c5c4CN([C@H]4CCC(=O)NC4=O)C5=O)CC3)nn2)CC1,CSNK1A1,,10.0,<=,1,HEK293,,WO2026139085A1,PGDB_AS002601,% Degradation,luminescence,standardized
PGDB_C029617,CO[C@H]1CN(C(=O)Nc2ccc(-c3cccc(C4CCC(=O)NC4=O)c3Cl)cc2C)C[C@H]1F,VAV1,,1.3,=,1,,Shanghai Qilu Pharmaceutical Research And Development Centre,WO2026051943A1,PGDB_AS001440,% Degradation,luminescence,standardized
PGDB_C029606,CO[C@H]1CN(C(=O)Nc2ccc(-c3cccc(C4CCC(=O)NC4=O)c3Cl)cc2C)C[C@H]1OC,VAV1,,1.2,=,1,,Shanghai Qilu Pharmaceutical Research And Development Centre,WO2026051943A1,PGDB_AS001440,% Degradation,luminescence,standardized
PGDB_C029627,CO[C@]1(C)CCN(C(=O)Nc2ccc(-c3cccc(C4CCC(=O)NC4=O)c3Cl)cc2C)C1,VAV1,,0.7,=,1,,Shanghai Qilu Pharmaceutical Research And Development Centre,WO2026051943A1,PGDB_AS001440,% Degradation,luminescence,standardized
PGDB_C009961,COc1c(COC(=O)Nc2ccc(C)c(Cl)c2)ccc2c1C(=O)N(C1CCC(=O)NC1=O)C2,GSPT1,,300.0,>,0,CAL-51,Monte Rosa Therapeutics,WO2022219407A1,PGDB_AS002523,% Degradation,fluorescence,manual_curated
PGDB_C003943,COc1c(Cl)cccc1-c1c(-c2ccc3c(c2)CN(C2CCC(=O)NC2=O)C3=O)ncn1C,CSNK1A1,,25.0,<,1,HEK293,Innovo Therapeutics,EP4584259A1,PGDB_AS001103,% Degradation,,standardized
PGDB_C003624,COc1c(F)cccc1-c1c(-c2ccc3c(c2)CN(C2CCC(=O)NC2=O)C3=O)cnn1C,CSNK1A1,,25.0,<,1,HEK293,Innovo Therapeutics,EP4584259A1,PGDB_AS001103,% Degradation,,standardized
PGDB_C003801,COc1c(F)cccc1-c1c(-c2ccc3c(c2)CN(C2CCC(=O)NC2=O)C3=O)ncn1C,CSNK1A1,,25.0,<,1,HEK293,Innovo Therapeutics,EP4584259A1,PGDB_AS001103,% Degradation,,standardized
PGDB_C003801,COc1c(F)cccc1-c1c(-c2ccc3c(c2)CN(C2CCC(=O)NC2=O)C3=O)ncn1C,GSPT1,,25.0,<,1,HEK293,Innovo Therapeutics,EP4584259A1,PGDB_AS001862,% Degradation,luminescence,standardized
PGDB_C031997,COc1c(N2CCC(N3CCN(CCN4Cc5nc(-c6noc7c6CCC[C@@]76CCCc7sc(N)c(C#N)c76)nc(O[C@@H](C)[C@@H]6C[C@@H](OC)CN6C)c5C4)CC3(F)F)CC2)ccc2c(N3CCC(=O)NC3=O)nn(C)c12,KRAS,,8.2,=,1,,Boehringer Ingelheim International GmbH;Vanderbilt University,WO2026114958A1,PGDB_AS002526,% Degradation,luminescence,standardized
PGDB_C003565,COc1cc(-c2c(-c3ccc4c(c3)CN(C3CCC(=O)NC3=O)C4=O)cnn2C)ccc1C,CSNK1A1,,25.0,<,1,HEK293,Innovo Therapeutics,EP4584259A1,PGDB_AS001103,% Degradation,,standardized
PGDB_C003916,COc1cc(-c2c(-c3ccc4c(c3)CN(C3CCC(=O)NC3=O)C4=O)ncn2C)ccc1C,CSNK1A1,,25.0,<,1,HEK293,Innovo Therapeutics,EP4584259A1,PGDB_AS001103,% Degradation,,standardized
PGDB_C029648,COc1cc(-c2cccc(C3CCC(=O)NC3=O)c2Cl)cc(C)c1NC(=O)N(C)C,VAV1,,4.7,=,1,,Shanghai Qilu Pharmaceutical Research And Development Centre,WO2026051943A1,PGDB_AS001440,% Degradation,luminescence,standardized
PGDB_C029683,COc1cc(-c2cccc(C3CCC(=O)NC3=O)c2Cl)cc(C)c1NC(=O)N1CCCC1,VAV1,,3.5,=,1,,Shanghai Qilu Pharmaceutical Research And Development Centre,WO2026051943A1,PGDB_AS001440,% Degradation,luminescence,standardized
PGDB_C029681,COc1cc(-c2cccc(C3CCC(=O)NC3=O)c2Cl)cc(Cl)c1NC(=O)N(C)C,VAV1,,3.0,=,1,,Shanghai Qilu Pharmaceutical Research And Development Centre,WO2026051943A1,PGDB_AS001440,% Degradation,luminescence,standardized
PGDB_C029487,COc1cc(-c2cccc(C3CCC(=O)NC3=O)c2Cl)ccc1OC(=O)N(C)C,VAV1,,9.71,=,1,,Shanghai Qilu Pharmaceutical Research And Development Centre,WO2026051943A1,PGDB_AS001440,% Degradation,luminescence,standardized
PGDB_C003847,COc1cc(-c2nc(-c3ccc4c(c3)CN(C3CCC(=O)NC3=O)C4=O)cn2C)ccc1Cl,CSNK1A1,,25.0,<,1,HEK293,Innovo Therapeutics,EP4584259A1,PGDB_AS001103,% Degradation,,standardized
PGDB_C003847,COc1cc(-c2nc(-c3ccc4c(c3)CN(C3CCC(=O)NC3=O)C4=O)cn2C)ccc1Cl,GSPT1,,25.0,<,1,HEK293,Innovo Therapeutics,EP4584259A1,PGDB_AS001862,% Degradation,luminescence,standardized
PGDB_C003851,COc1cc(-c2nc(-c3ccc4c(c3)CN(C3CCC(=O)NC3=O)C4=O)cn2C)ccc1F,CSNK1A1,,25.0,<,1,HEK293,Innovo Therapeutics,EP4584259A1,PGDB_AS001103,% Degradation,,standardized
PGDB_C003851,COc1cc(-c2nc(-c3ccc4c(c3)CN(C3CCC(=O)NC3=O)C4=O)cn2C)ccc1F,GSPT1,,25.0,<,1,HEK293,Innovo Therapeutics,EP4584259A1,PGDB_AS001862,% Degradation,luminescence,standardized
PGDB_C003928,COc1cc(C#N)ccc1-c1c(-c2ccc3c(c2)CN(C2CCC(=O)NC2=O)C3=O)ncn1C,GSPT1,,25.0,<,1,HEK293,Innovo Therapeutics,EP4584259A1,PGDB_AS001862,% Degradation,luminescence,standardized
PGDB_C032918,COc1cc(C(F)(F)F)n(-c2ccc(-c3cccc(C4CCC(=O)NC4=O)c3C#C[Si](C)(C)C)cc2)c(=O)c1,VAV1,,50.0,<=,1,Jurkat,,WO2026145172A1,PGDB_AS002605,% Degradation,luminescence,standardized
PGDB_C032824,COc1cc(C(F)(F)F)n(-c2ccc(-c3cccc(N4CCC(=O)NC4=O)c3Cl)cc2)c(=O)c1,VAV1,,50.0,<=,1,Jurkat,,WO2026145172A1,PGDB_AS002605,% Degradation,luminescence,standardized
PGDB_C032818,COc1cc(C(F)(F)F)n(-c2cccc(-n3ncc4c(C5CCC(=O)NC5=O)cccc43)c2)c(=O)c1,VAV1,,10.0,<,1,Jurkat,,WO2026145172A1,PGDB_AS002605,% Degradation,luminescence,standardized
PGDB_C032817,COc1cc(C)n(-c2ccc(F)c(-n3ncc4c(C5CCC(=O)NC5=O)cccc43)c2)c(=O)c1,VAV1,,50.0,<=,1,Jurkat,,WO2026145172A1,PGDB_AS002605,% Degradation,luminescence,standardized
PGDB_C032813,COc1cc(C)n(-c2cccc(-n3ncc4c(C5CCC(=O)NC5=O)cccc43)c2)c(=O)c1,VAV1,,10.0,<,1,Jurkat,,WO2026145172A1,PGDB_AS002605,% Degradation,luminescence,standardized
PGDB_C032834,COc1cc(CCC(F)(F)F)n(-c2ccc(-c3cccc(N4CCC(=O)NC4=O)c3Cl)cc2)c(=O)c1,VAV1,,10.0,<,1,Jurkat,,WO2026145172A1,PGDB_AS002605,% Degradation,luminescence,standardized
PGDB_C032874,COc1cc(CCC(F)(F)F)n(-c2cccc(-n3ncc4c(C5CCC(=O)NC5=O)cccc43)c2)c(=O)c1,VAV1,,10.0,<,1,Jurkat,,WO2026145172A1,PGDB_AS002605,% Degradation,luminescence,standardized
PGDB_C010152,COc1cc(CN2CCC(O)(c3ccc4c(n3)CN(C3CCC(=O)NC3=O)C4=O)CC2)ccc1C(F)(F)F,ARNT,,200.0,>=,0,7860-O,Neomorph,WO2025097092,PGDB_AS002177,% Degradation,luminescence,manual_curated
PGDB_C003965,COc1cc(Cl)ccc1-c1nc(-c2ccc3c(c2)CN(C2CCC(=O)NC2=O)C3=O)cn1C,CSNK1A1,,25.0,<,1,HEK293,Innovo Therapeutics,EP4584259A1,PGDB_AS001103,% Degradation,,standardized
PGDB_C003965,COc1cc(Cl)ccc1-c1nc(-c2ccc3c(c2)CN(C2CCC(=O)NC2=O)C3=O)cn1C,GSPT1,,25.0,<,1,HEK293,Innovo Therapeutics,EP4584259A1,PGDB_AS001862,% Degradation,luminescence,standardized
PGDB_C003798,COc1cc(F)ccc1-c1c(-c2ccc3c(c2)CN(C2CCC(=O)NC2=O)C3=O)ncn1C,CSNK1A1,,25.0,<,1,HEK293,Innovo Therapeutics,EP4584259A1,PGDB_AS001103,% Degradation,,standardized
PGDB_C003798,COc1cc(F)ccc1-c1c(-c2ccc3c(c2)CN(C2CCC(=O)NC2=O)C3=O)ncn1C,GSPT1,,25.0,<,1,HEK293,Innovo Therapeutics,EP4584259A1,PGDB_AS001862,% Degradation,luminescence,standardized
PGDB_C007737,COc1cc(F)ccc1C(=O)/C=C/C(=O)N1CCN(C(=O)C[C@@H]2N=C(c3ccc(Cl)cc3)c3c(sc(C)c3C)-n3c(C)nnc32)CC1,BRD4,,100.0,<,1,,Novartis;University Of California;University Of California Berkeley;University Of California San Diego Ucsd,EP4605088A1,PGDB_AS000558,% Degradation,Western_blot,standardized
PGDB_C007772,COc1cc(F)ccc1C(=O)/C=C/C(=O)N1CCN(c2ccc(Nc3ncc4cc(C(=O)N(C)C)n(C5CCCC5)c4n3)nc2)CC1,CDK4,,10000.0,>,0,,Novartis;University Of California;University Of California Berkeley;University Of California San Diego Ucsd,EP4605088A1,PGDB_AS000031,% Degradation,Western_blot,standardized
PGDB_C011517,COc1cc(N2CCC(C(C)(N)c3ccc(COc4cccc5c4CN([C@H]4CCC(=O)NC4=O)C5=O)c(F)c3)CC2)ccc1C#N,IKZF3,CRBN,0.1,<=,1,,Shanghai Gdac Biotechnology,WO2025195464A1,PGDB_AS002421,% Degradation,luminescence,standardized
PGDB_C011516,COc1cc(N2CCC(C(N)c3ccc(COc4cccc5c4CN([C@H]4CCC(=O)NC4=O)C5=O)c(F)c3)CC2)ccc1C#N,IKZF3,CRBN,0.1,<=,1,,Shanghai Gdac Biotechnology,WO2025195464A1,PGDB_AS002421,% Degradation,luminescence,standardized
PGDB_C011518,COc1cc(N2CCC(C(O)c3ccc(COc4cccc5c4CN([C@H]4CCC(=O)NC4=O)C5=O)c(F)c3)CC2)ccc1C,IKZF3,CRBN,0.1,<=,1,,Shanghai Gdac Biotechnology,WO2025195464A1,PGDB_AS002421,% Degradation,luminescence,standardized
PGDB_C011498,COc1cc(N2CCN([C@@H](CO)c3ccc(COc4cccc5c4CN([C@H]4CCC(=O)NC4=O)C5=O)c(F)c3)CC2)ccc1C#N,IKZF3,CRBN,0.1,<=,1,,Shanghai Gdac Biotechnology,WO2025195464A1,PGDB_AS002421,% Degradation,luminescence,standardized
PGDB_C011499,COc1cc(N2CCN([C@H](CO)c3ccc(COc4cccc5c4CN([C@H]4CCC(=O)NC4=O)C5=O)c(F)c3)CC2)ccc1C#N,IKZF3,CRBN,0.1,<=,1,,Shanghai Gdac Biotechnology,WO2025195464A1,PGDB_AS002421,% Degradation,luminescence,standardized
PGDB_C012255,COc1cc(N2CCN(c3cccc(C4CCC(=O)NC4=O)c3Cl)CC2)n2nccc2n1,VAV1,,9337.746,=,0,Jurkat,Monte Rosa Therapeutics,WO2026013577A1,PGDB_AS001744,% Degradation,luminescence,standardized
PGDB_C032890,COc1cc(OC(C)C(F)(F)F)n(-c2cccc(-n3ncc4c(C5CCC(=O)NC5=O)cccc43)c2)c(=O)c1,VAV1,,10.0,<,1,Jurkat,,WO2026145172A1,PGDB_AS002602,% Degradation,luminescence,standardized
PGDB_C033064,COc1cc(OCC(F)(F)F)n(-c2cccc(-n3ncc4c(C5CCC(=O)NC5=O)cccc43)c2)c(=O)c1,VAV1,,10.0,<,1,Jurkat,,WO2026145172A1,PGDB_AS002602,% Degradation,luminescence,standardized
PGDB_C025504,COc1cc2c(C)c(C(=O)N3CCC(c4ccc5c(c4)CN(C4CCC(=O)NC4=O)C5=O)CC3)[nH]c2cc1[N+](=O)[O-],IKZF2,,100.0,<=,1,Jurkat,Korea Research Institute Of Chemical Technology Krict;Korea Research Institute Of Bioscience And Biotechnology Kribb,EP4660193A1,PGDB_AS001105,% Degradation,,manual_curated
PGDB_C001059,COc1cc2c(cn1)OCC21CCN(CCCCCc2cccc3c2CN(C2CCC(=O)NC2=O)C3=O)CC1,CSNK1A1,,10.0,<,1,MV-4-11,Guangdong Hongye Pharmaceutical Technology;Shanghai Institute Of Materia Medica Of Cas,CN121471230A,PGDB_AS001026,% Degradation,Western_blot,standardized
PGDB_C001059,COc1cc2c(cn1)OCC21CCN(CCCCCc2cccc3c2CN(C2CCC(=O)NC2=O)C3=O)CC1,IKZF1,,10.0,<,1,MV-4-11,Guangdong Hongye Pharmaceutical Technology;Shanghai Institute Of Materia Medica Of Cas,CN121471230A,PGDB_AS000050,% Degradation,Western_blot,standardized
PGDB_C012237,COc1cc2cccc(N3CCN(c4cccc(C5CCC(=O)NC5=O)c4Cl)CC3)n2n1,VAV1,,14.619,=,1,Jurkat,Monte Rosa Therapeutics,WO2026013577A1,PGDB_AS001744,% Degradation,luminescence,standardized
PGDB_C003727,COc1ccc(-c2c(-c3ccc4c(c3)CN(C3CCC(=O)NC3=O)C4=O)cnn2C(F)F)c(Cl)c1,CSNK1A1,,25.0,<,1,HEK293,Innovo Therapeutics,EP4584259A1,PGDB_AS001103,% Degradation,,standardized
PGDB_C003727,COc1ccc(-c2c(-c3ccc4c(c3)CN(C3CCC(=O)NC3=O)C4=O)cnn2C(F)F)c(Cl)c1,GSPT1,,25.0,<,1,HEK293,Innovo Therapeutics,EP4584259A1,PGDB_AS001862,% Degradation,luminescence,standardized
PGDB_C003538,COc1ccc(-c2c(-c3ccc4c(c3)CN(C3CCC(=O)NC3=O)C4=O)cnn2C(F)F)cc1,CSNK1A1,,25.0,<,1,HEK293,Innovo Therapeutics,EP4584259A1,PGDB_AS001103,% Degradation,,standardized
PGDB_C003537,COc1ccc(-c2c(-c3ccc4c(c3)CN(C3CCC(=O)NC3=O)C4=O)cnn2C(F)F)cc1F,CSNK1A1,,25.0,<,1,HEK293,Innovo Therapeutics,EP4584259A1,PGDB_AS001103,% Degradation,,standardized
PGDB_C003690,COc1ccc(-c2c(-c3ccc4c(c3)CN(C3CCC(=O)NC3=O)C4=O)cnn2C)c(C)c1,CSNK1A1,,25.0,<,1,HEK293,Innovo Therapeutics,EP4584259A1,PGDB_AS001103,% Degradation,,standardized
PGDB_C003523,COc1ccc(-c2c(-c3ccc4c(c3)CN(C3CCC(=O)NC3=O)C4=O)cnn2C)c(Cl)c1,CSNK1A1,,25.0,<,1,HEK293,Innovo Therapeutics,EP4584259A1,PGDB_AS001103,% Degradation,,standardized
PGDB_C003522,COc1ccc(-c2c(-c3ccc4c(c3)CN(C3CCC(=O)NC3=O)C4=O)cnn2C)c(F)c1,CSNK1A1,,25.0,<,1,HEK293,Innovo Therapeutics,EP4584259A1,PGDB_AS001103,% Degradation,,standardized
PGDB_C003557,COc1ccc(-c2c(-c3ccc4c(c3)CN(C3CCC(=O)NC3=O)C4=O)cnn2C)cc1,CSNK1A1,,25.0,<,1,HEK293,Innovo Therapeutics,EP4584259A1,PGDB_AS001103,% Degradation,,standardized
PGDB_C003693,COc1ccc(-c2c(-c3ccc4c(c3)CN(C3CCC(=O)NC3=O)C4=O)cnn2C)cc1Cl,CSNK1A1,,25.0,<,1,HEK293,Innovo Therapeutics,EP4584259A1,PGDB_AS001103,% Degradation,,standardized
PGDB_C003621,COc1ccc(-c2c(-c3ccc4c(c3)CN(C3CCC(=O)NC3=O)C4=O)cnn2C)cc1F,CSNK1A1,,25.0,<,1,HEK293,Innovo Therapeutics,EP4584259A1,PGDB_AS001103,% Degradation,,standardized
PGDB_C003858,COc1ccc(-c2c(-c3ccc4c(c3)CN(C3CCC(=O)NC3=O)C4=O)cnn2C)cc1O,CSNK1A1,,25.0,<,1,HEK293,Innovo Therapeutics,EP4584259A1,PGDB_AS001103,% Degradation,,standardized
PGDB_C003630,COc1ccc(-c2c(-c3ccc4c(c3)CN(C3CCC(=O)NC3=O)C4=O)cnn2C)cc1OCc1ccccc1,CSNK1A1,,25.0,<,1,HEK293,Innovo Therapeutics,EP4584259A1,PGDB_AS001103,% Degradation,,standardized
PGDB_C003468,COc1ccc(-c2c(-c3ccc4c(c3)CN(C3CCC(=O)NC3=O)C4=O)cnn2C)cn1,CSNK1A1,,25.0,<,1,HEK293,Innovo Therapeutics,EP4584259A1,PGDB_AS001103,% Degradation,,standardized
PGDB_C003765,COc1ccc(-c2c(-c3ccc4c(c3)CN(C3CCC(=O)NC3=O)C4=O)ncn2C)c(C)c1,CSNK1A1,,25.0,<,1,HEK293,Innovo Therapeutics,EP4584259A1,PGDB_AS001103,% Degradation,,standardized
PGDB_C003765,COc1ccc(-c2c(-c3ccc4c(c3)CN(C3CCC(=O)NC3=O)C4=O)ncn2C)c(C)c1,GSPT1,,25.0,<,1,HEK293,Innovo Therapeutics,EP4584259A1,PGDB_AS001862,% Degradation,luminescence,standardized
PGDB_C003938,COc1ccc(-c2c(-c3ccc4c(c3)CN(C3CCC(=O)NC3=O)C4=O)ncn2C)c(Cl)c1,CSNK1A1,,25.0,<,1,HEK293,Innovo Therapeutics,EP4584259A1,PGDB_AS001103,% Degradation,,standardized
PGDB_C003938,COc1ccc(-c2c(-c3ccc4c(c3)CN(C3CCC(=O)NC3=O)C4=O)ncn2C)c(Cl)c1,GSPT1,,25.0,<,1,HEK293,Innovo Therapeutics,EP4584259A1,PGDB_AS001862,% Degradation,luminescence,standardized
PGDB_C003766,COc1ccc(-c2c(-c3ccc4c(c3)CN(C3CCC(=O)NC3=O)C4=O)ncn2C)c(F)c1,CSNK1A1,,25.0,<,1,HEK293,Innovo Therapeutics,EP4584259A1,PGDB_AS001103,% Degradation,,standardized
PGDB_C003766,COc1ccc(-c2c(-c3ccc4c(c3)CN(C3CCC(=O)NC3=O)C4=O)ncn2C)c(F)c1,GSPT1,,25.0,<,1,HEK293,Innovo Therapeutics,EP4584259A1,PGDB_AS001862,% Degradation,luminescence,standardized
PGDB_C003745,COc1ccc(-c2c(-c3ccc4c(c3)CN(C3CCC(=O)NC3=O)C4=O)ncn2C)cc1,CSNK1A1,,25.0,<,1,HEK293,Innovo Therapeutics,EP4584259A1,PGDB_AS001103,% Degradation,,standardized
PGDB_C003745,COc1ccc(-c2c(-c3ccc4c(c3)CN(C3CCC(=O)NC3=O)C4=O)ncn2C)cc1,GSPT1,,25.0,<,1,HEK293,Innovo Therapeutics,EP4584259A1,PGDB_AS001862,% Degradation,luminescence,standardized
PGDB_C003941,COc1ccc(-c2c(-c3ccc4c(c3)CN(C3CCC(=O)NC3=O)C4=O)ncn2C)cc1Cl,CSNK1A1,,25.0,<,1,HEK293,Innovo Therapeutics,EP4584259A1,PGDB_AS001103,% Degradation,,standardized
PGDB_C003941,COc1ccc(-c2c(-c3ccc4c(c3)CN(C3CCC(=O)NC3=O)C4=O)ncn2C)cc1Cl,GSPT1,,25.0,<,1,HEK293,Innovo Therapeutics,EP4584259A1,PGDB_AS001862,% Degradation,luminescence,standardized
PGDB_C003800,COc1ccc(-c2c(-c3ccc4c(c3)CN(C3CCC(=O)NC3=O)C4=O)ncn2C)cc1F,CSNK1A1,,25.0,<,1,HEK293,Innovo Therapeutics,EP4584259A1,PGDB_AS001103,% Degradation,,standardized
PGDB_C003800,COc1ccc(-c2c(-c3ccc4c(c3)CN(C3CCC(=O)NC3=O)C4=O)ncn2C)cc1F,GSPT1,,25.0,<,1,HEK293,Innovo Therapeutics,EP4584259A1,PGDB_AS001862,% Degradation,luminescence,standardized
PGDB_C003918,COc1ccc(-c2c(-c3ccc4c(c3)CN(C3CCC(=O)NC3=O)C4=O)ncn2C)cc1O,CSNK1A1,,25.0,<,1,HEK293,Innovo Therapeutics,EP4584259A1,PGDB_AS001103,% Degradation,,standardized
PGDB_C003918,COc1ccc(-c2c(-c3ccc4c(c3)CN(C3CCC(=O)NC3=O)C4=O)ncn2C)cc1O,GSPT1,,25.0,<,1,HEK293,Innovo Therapeutics,EP4584259A1,PGDB_AS001862,% Degradation,luminescence,standardized
PGDB_C004112,COc1ccc(-c2c(-c3ccc4c(c3)CN(C3CCC(=O)NC3=O)C4=O)ncn2C)cc1OCc1ccccc1,CSNK1A1,,25.0,<,1,HEK293,Innovo Therapeutics,EP4584259A1,PGDB_AS001103,% Degradation,,standardized
PGDB_C004054,COc1ccc(-c2c(-c3ccc4c(c3)CN(C3CCC(=O)NC3=O)C4=O)ncn2C)cn1,CSNK1A1,,25.0,<,1,HEK293,Innovo Therapeutics,EP4584259A1,PGDB_AS001103,% Degradation,,standardized
PGDB_C027642,COc1ccc(-c2cccc(C3CCC(=O)NC3=O)c2Cl)cc1OC(F)F,VAV1,,1000.0,>,0,Jurkat,Monte Rosa Therapeutics,WO2024151547A1,PGDB_AS000557,% Degradation,luminescence,standardized
PGDB_C003795,COc1ccc(-c2nc(-c3ccc4c(c3)CN(C3CCC(=O)NC3=O)C4=O)cn2C)cc1,CSNK1A1,,25.0,<,1,HEK293,Innovo Therapeutics,EP4584259A1,PGDB_AS001103,% Degradation,,standardized
PGDB_C003833,COc1ccc(-c2nc(-c3ccc4c(c3)CN(C3CCC(=O)NC3=O)C4=O)cn2C)cc1C,CSNK1A1,,25.0,<,1,HEK293,Innovo Therapeutics,EP4584259A1,PGDB_AS001103,% Degradation,,standardized
PGDB_C003852,COc1ccc(-c2nc(-c3ccc4c(c3)CN(C3CCC(=O)NC3=O)C4=O)cn2C)cc1Cl,CSNK1A1,,25.0,<,1,HEK293,Innovo Therapeutics,EP4584259A1,PGDB_AS001103,% Degradation,,standardized
PGDB_C003544,COc1ccc(-c2nn(C(F)F)cc2-c2ccc3c(c2)CN(C2CCC(=O)NC2=O)C3=O)c(Cl)c1,CSNK1A1,,25.0,<,1,HEK293,Innovo Therapeutics,EP4584259A1,PGDB_AS001103,% Degradation,,standardized
PGDB_C004095,COc1ccc(-c2nn(C(F)F)cc2-c2ccc3c(c2)CN(C2CCC(=O)NC2=O)C3=O)cc1F,CSNK1A1,,25.0,<,1,HEK293,Innovo Therapeutics,EP4584259A1,PGDB_AS001103,% Degradation,,standardized
PGDB_C007754,COc1ccc(/C=C/S(=O)(=O)N2CCN(C(=O)C[C@@H]3N=C(c4ccc(Cl)cc4)c4c(sc(C)c4C)-n4c(C)nnc43)CC2)cc1,BRD4,,5000.0,>,0,,Novartis;University Of California;University Of California Berkeley;University Of California San Diego Ucsd,EP4605088A1,PGDB_AS000558,% Degradation,Western_blot,standardized
PGDB_C004070,COc1ccc(C#N)cc1-c1nc(-c2ccc3c(c2)CN(C2CCC(=O)NC2=O)C3=O)cn1C,CSNK1A1,,25.0,<,1,HEK293,Innovo Therapeutics,EP4584259A1,PGDB_AS001103,% Degradation,,standardized
PGDB_C004070,COc1ccc(C#N)cc1-c1nc(-c2ccc3c(c2)CN(C2CCC(=O)NC2=O)C3=O)cn1C,GSPT1,,25.0,<,1,HEK293,Innovo Therapeutics,EP4584259A1,PGDB_AS001862,% Degradation,luminescence,standardized
PGDB_C007720,COc1ccc(C(=O)/C(C)=C/C(=O)N2CCN(C(=O)C[C@@H]3N=C(c4ccc(Cl)cc4)c4c(sc(C)c4C)-n4c(C)nnc43)CC2)cc1,BRD4,,1000.0,>,0,,Novartis;University Of California;University Of California Berkeley;University Of California San Diego Ucsd,EP4605088A1,PGDB_AS000558,% Degradation,Western_blot,standardized
PGDB_C007755,COc1ccc(C(=O)/C(C)=C/C(=O)N2CCN(c3ccc(Nc4ncc5cc(C(=O)N(C)C)n(C6CCCC6)c5n4)nc3)CC2)cc1,CDK4,,10000.0,>,0,,Novartis;University Of California;University Of California Berkeley;University Of California San Diego Ucsd,EP4605088A1,PGDB_AS000031,% Degradation,Western_blot,standardized
PGDB_C007725,COc1ccc(C(=O)/C=C(\C#N)C(=O)N2CCN(C(=O)C[C@@H]3N=C(c4ccc(Cl)cc4)c4c(sc(C)c4C)-n4c(C)nnc43)CC2)cc1,BRD4,,1000.0,>,0,,Novartis;University Of California;University Of California Berkeley;University Of California San Diego Ucsd,EP4605088A1,PGDB_AS000558,% Degradation,Western_blot,standardized
PGDB_C007763,COc1ccc(C(=O)/C=C(\C#N)C(=O)N2CCN(c3ccc(Nc4ncc5cc(C(=O)N(C)C)n(C6CCCC6)c5n4)nc3)CC2)cc1,CDK4,,10000.0,>,0,,Novartis;University Of California;University Of California Berkeley;University Of California San Diego Ucsd,EP4605088A1,PGDB_AS000031,% Degradation,Western_blot,standardized
PGDB_C007722,COc1ccc(C(=O)/C=C(\C)C(=O)N2CCN(C(=O)C[C@@H]3N=C(c4ccc(Cl)cc4)c4c(sc(C)c4C)-n4c(C)nnc43)CC2)cc1,BRD4,,1000.0,>,0,,Novartis;University Of California;University Of California Berkeley;University Of California San Diego Ucsd,EP4605088A1,PGDB_AS000558,% Degradation,Western_blot,standardized
PGDB_C007760,COc1ccc(C(=O)/C=C(\C)C(=O)N2CCN(c3ccc(Nc4ncc5cc(C(=O)N(C)C)n(C6CCCC6)c5n4)nc3)CC2)cc1,CDK4,,10000.0,>,0,,Novartis;University Of California;University Of California Berkeley;University Of California San Diego Ucsd,EP4605088A1,PGDB_AS000031,% Degradation,Western_blot,standardized
PGDB_C007779,COc1ccc(C(=O)/C=C/C(=O)N(C)CCN(C)c2ccc(Nc3ncc4cc(C(=O)N(C)C)n(C5CCCC5)c4n3)nc2)cc1,CDK4,,10000.0,>,0,,Novartis;University Of California;University Of California Berkeley;University Of California San Diego Ucsd,EP4605088A1,PGDB_AS000031,% Degradation,Western_blot,standardized
PGDB_C007782,COc1ccc(C(=O)/C=C/C(=O)N2CCCN(c3ccc(Nc4ncc5cc(C(=O)N(C)C)n(C6CCCC6)c5n4)nc3)CC2)cc1,CDK4,,1000.0,>=,0,,Novartis;University Of California;University Of California Berkeley;University Of California San Diego Ucsd,EP4605088A1,PGDB_AS000031,% Degradation,Western_blot,standardized
PGDB_C007741,COc1ccc(C(=O)/C=C/C(=O)N2CCN(C(=O)C[C@@H]3N=C(c4ccc(Cl)cc4)c4c(sc(C)c4C)-n4c(C)nnc43)CC2)c(Cl)c1,BRD4,,100.0,<=,1,,Novartis;University Of California;University Of California Berkeley;University Of California San Diego Ucsd,EP4605088A1,PGDB_AS000558,% Degradation,Western_blot,standardized
PGDB_C007735,COc1ccc(C(=O)/C=C/C(=O)N2CCN(C(=O)C[C@@H]3N=C(c4ccc(Cl)cc4)c4c(sc(C)c4C)-n4c(C)nnc43)CC2)c(F)c1,BRD4,,100.0,<,1,,Novartis;University Of California;University Of California Berkeley;University Of California San Diego Ucsd,EP4605088A1,PGDB_AS000558,% Degradation,Western_blot,standardized
PGDB_C007739,COc1ccc(C(=O)/C=C/C(=O)N2CCN(C(=O)C[C@@H]3N=C(c4ccc(Cl)cc4)c4c(sc(C)c4C)-n4c(C)nnc43)CC2)cc1F,BRD4,,100.0,<,1,,Novartis;University Of California;University Of California Berkeley;University Of California San Diego Ucsd,EP4605088A1,PGDB_AS000558,% Degradation,Western_blot,standardized
PGDB_C007731,COc1ccc(C(=O)/C=C/C(=O)N2CCN(C(=O)C[C@@H]3N=C(c4ccc(Cl)cc4)c4c(sc(C)c4C)-n4c(C)nnc43)C[C@H]2C)cc1,BRD4,,10.0,<,1,,Novartis;University Of California;University Of California Berkeley;University Of California San Diego Ucsd,EP4605088A1,PGDB_AS000558,% Degradation,Western_blot,standardized
PGDB_C007730,COc1ccc(C(=O)/C=C/C(=O)N2CCN(C(=O)C[C@@H]3N=C(c4ccc(Cl)cc4)c4c(sc(C)c4C)-n4c(C)nnc43)[C@@H](C)C2)cc1,BRD4,,10.0,<,1,,Novartis;University Of California;University Of California Berkeley;University Of California San Diego Ucsd,EP4605088A1,PGDB_AS000558,% Degradation,Western_blot,standardized
PGDB_C007732,COc1ccc(C(=O)/C=C/C(=O)N2CCN(C(=O)C[C@@H]3N=C(c4ccc(Cl)cc4)c4c(sc(C)c4C)-n4c(C)nnc43)[C@H](C)C2)cc1,BRD4,,10.0,<,1,,Novartis;University Of California;University Of California Berkeley;University Of California San Diego Ucsd,EP4605088A1,PGDB_AS000558,% Degradation,Western_blot,standardized
PGDB_C007775,COc1ccc(C(=O)/C=C/C(=O)N2CCN(c3ccc(Nc4ncc5cc(C(=O)N(C)C)n(C6CCCC6)c5n4)nc3)CC2)c(Cl)c1,CDK4,,10000.0,>,0,,Novartis;University Of California;University Of California Berkeley;University Of California San Diego Ucsd,EP4605088A1,PGDB_AS000031,% Degradation,Western_blot,standardized
PGDB_C007771,COc1ccc(C(=O)/C=C/C(=O)N2CCN(c3ccc(Nc4ncc5cc(C(=O)N(C)C)n(C6CCCC6)c5n4)nc3)CC2)c(F)c1,CDK4,,10000.0,>,0,,Novartis;University Of California;University Of California Berkeley;University Of California San Diego Ucsd,EP4605088A1,PGDB_AS000031,% Degradation,Western_blot,standardized
PGDB_C007773,COc1ccc(C(=O)/C=C/C(=O)N2CCN(c3ccc(Nc4ncc5cc(C(=O)N(C)C)n(C6CCCC6)c5n4)nc3)CC2)cc1F,CDK4,,10000.0,>,0,,Novartis;University Of California;University Of California Berkeley;University Of California San Diego Ucsd,EP4605088A1,PGDB_AS000031,% Degradation,Western_blot,standardized
PGDB_C007783,COc1ccc(C(=O)/C=C/C(=O)N2CCN(c3ccc(Nc4ncc5cc(C(=O)N(C)C)n(C6CCCC6)c5n4)nc3)C[C@@H]2C)cc1,CDK4,,1000.0,>=,0,,Novartis;University Of California;University Of California Berkeley;University Of California San Diego Ucsd,EP4605088A1,PGDB_AS000031,% Degradation,Western_blot,standardized
PGDB_C007780,COc1ccc(C(=O)/C=C/C(=O)N2CCN(c3ccc(Nc4ncc5cc(C(=O)N(C)C)n(C6CCCC6)c5n4)nc3)C[C@H]2C)cc1,CDK4,,1000.0,>=,0,,Novartis;University Of California;University Of California Berkeley;University Of California San Diego Ucsd,EP4605088A1,PGDB_AS000031,% Degradation,Western_blot,standardized
PGDB_C007781,COc1ccc(C(=O)/C=C/C(=O)N2CCN(c3ccc(Nc4ncc5cc(C(=O)N(C)C)n(C6CCCC6)c5n4)nc3)[C@@H](C)C2)cc1,CDK4,,1000.0,>=,0,,Novartis;University Of California;University Of California Berkeley;University Of California San Diego Ucsd,EP4605088A1,PGDB_AS000031,% Degradation,Western_blot,standardized
PGDB_C007778,COc1ccc(C(=O)/C=C/C(=O)N2CCN(c3ccc(Nc4ncc5cc(C(=O)N(C)C)n(C6CCCC6)c5n4)nc3)[C@H](C)C2)cc1,CDK4,,1000.0,>=,0,,Novartis;University Of California;University Of California Berkeley;University Of California San Diego Ucsd,EP4605088A1,PGDB_AS000031,% Degradation,Western_blot,standardized
PGDB_C007729,COc1ccc(C(=O)/C=C/C(=O)N2[C@H](C)CN(C(=O)C[C@@H]3N=C(c4ccc(Cl)cc4)c4c(sc(C)c4C)-n4c(C)nnc43)C[C@@H]2C)cc1,BRD4,,100.0,<=,1,,Novartis;University Of California;University Of California Berkeley;University Of California San Diego Ucsd,EP4605088A1,PGDB_AS000558,% Degradation,Western_blot,standardized
PGDB_C007776,COc1ccc(C(=O)/C=C/C(=O)N[C@H]2C[C@@H](Nc3ccc(Nc4ncc5cc(C(=O)N(C)C)n(C6CCCC6)c5n4)nc3)C2)cc1,CDK4,,10000.0,>,0,,Novartis;University Of California;University Of California Berkeley;University Of California San Diego Ucsd,EP4605088A1,PGDB_AS000031,% Degradation,Western_blot,standardized
PGDB_C007788,COc1ccc(C(=O)/C=C/C(=O)N[C@H]2C[C@H](NC(=O)CN3CCN(c4cc(-c5ccccc5O)nnc4N)CC3)C2)c(F)c1,SMARCA2,,5000.0,>,0,,Novartis;University Of California;University Of California Berkeley;University Of California San Diego Ucsd,EP4605088A1,PGDB_AS002033,% Degradation,Western_blot,standardized
PGDB_C007789,COc1ccc(C(=O)/C=C/C(=O)N[C@H]2C[C@H](NC(=O)CN3CCN(c4cc(-c5ccccc5O)nnc4N)CC3)C2)cc1,SMARCA2,,5000.0,>,0,,Novartis;University Of California;University Of California Berkeley;University Of California San Diego Ucsd,EP4605088A1,PGDB_AS002033,% Degradation,Western_blot,standardized
PGDB_C007787,COc1ccc(C(=O)/C=C/C(=O)N[C@H]2C[C@H](NC(=O)CN3CCN(c4ccc(C(=O)N[C@H]5CC[C@H](Oc6ccc(C#N)c(Cl)c6)CC5)nn4)CC3)C2)c(Cl)c1,AR,,10000.0,>,0,,Novartis;University Of California;University Of California Berkeley;University Of California San Diego Ucsd,EP4605088A1,PGDB_AS001944,% Degradation,Western_blot,standardized
PGDB_C007786,COc1ccc(C(=O)/C=C/C(=O)N[C@H]2C[C@H](NC(=O)CN3CCN(c4ccc(C(=O)N[C@H]5CC[C@H](Oc6ccc(C#N)c(Cl)c6)CC5)nn4)CC3)C2)c(F)c1,AR,,10000.0,>,0,,Novartis;University Of California;University Of California Berkeley;University Of California San Diego Ucsd,EP4605088A1,PGDB_AS001944,% Degradation,Western_blot,standardized
PGDB_C007785,COc1ccc(C(=O)/C=C/C(=O)N[C@H]2C[C@H](NC(=O)CN3CCN(c4ccc(C(=O)N[C@H]5CC[C@H](Oc6ccc(C#N)c(Cl)c6)CC5)nn4)CC3)C2)cc1,AR,,10000.0,>,0,,Novartis;University Of California;University Of California Berkeley;University Of California San Diego Ucsd,EP4605088A1,PGDB_AS001944,% Degradation,Western_blot,standardized
PGDB_C007777,COc1ccc(C(=O)/C=C/C(=O)N[C@H]2C[C@H](Nc3ccc(Nc4ncc5cc(C(=O)N(C)C)n(C6CCCC6)c5n4)nc3)C2)cc1,CDK4,,10000.0,>,0,,Novartis;University Of California;University Of California Berkeley;University Of California San Diego Ucsd,EP4605088A1,PGDB_AS000031,% Degradation,Western_blot,standardized
PGDB_C003684,COc1ccc(C)cc1-c1c(-c2ccc3c(c2)CN(C2CCC(=O)NC2=O)C3=O)cnn1C,CSNK1A1,,25.0,<,1,HEK293,Innovo Therapeutics,EP4584259A1,PGDB_AS001103,% Degradation,,standardized
PGDB_C003684,COc1ccc(C)cc1-c1c(-c2ccc3c(c2)CN(C2CCC(=O)NC2=O)C3=O)cnn1C,GSPT1,,25.0,<,1,HEK293,Innovo Therapeutics,EP4584259A1,PGDB_AS001862,% Degradation,luminescence,standardized
PGDB_C003884,COc1ccc(C)cc1-c1c(-c2ccc3c(c2)CN(C2CCC(=O)NC2=O)C3=O)ncn1C,CSNK1A1,,25.0,<,1,HEK293,Innovo Therapeutics,EP4584259A1,PGDB_AS001103,% Degradation,,standardized
PGDB_C006084,COc1ccc(CN2CCC(O)(c3ccc4c(c3)C(=O)N(C3CCC(=O)NC3=O)C4=O)CC2)cn1,IKZF2,,1.0,=,1,MOLT-4,Neomorph;Dana Farber Cancer Institute,CA3215907A1,PGDB_AS000536,% Degradation,luminescence,standardized
PGDB_C002288,COc1ccc(CNc2cccc3c2C(=O)N(C2CCC(=O)NC2=O)C3=O)cc1C(=O)N[C@H]1CC[C@H](c2nc3cc(N)ccc3s2)CC1,GSPT1,,100.0,<,1,HEK293,Zhuhai Woo Biological Science And Technology,WO2023237116A1,PGDB_AS002200,% Degradation,luminescence,standardized
PGDB_C002267,COc1ccc(CNc2cccc3c2C(=O)N(C2CCC(=O)NC2=O)C3=O)cc1C(=O)N[C@H]1CC[C@H](c2nc3cc(N)cnc3s2)CC1,GSPT1,,100.0,<,1,HEK293,Zhuhai Woo Biological Science And Technology,WO2023237116A1,PGDB_AS002200,% Degradation,luminescence,standardized
PGDB_C002220,COc1ccc(CNc2cccc3c2C(=O)N(C2CCC(=O)NC2=O)C3=O)cc1C(=O)N[C@H]1CC[C@H](c2nc3cccnc3s2)CC1,GSPT1,,100.0,<,1,HEK293,Zhuhai Woo Biological Science And Technology,WO2023237116A1,PGDB_AS002200,% Degradation,luminescence,standardized
PGDB_C002262,COc1ccc(CNc2cccc3c2C(=O)N(C2CCC(=O)NC2=O)C3=O)cc1C(=O)N[C@H]1CC[C@H](c2nc3ccncc3n2C)CC1,GSPT1,,100.0,<,1,HEK293,Zhuhai Woo Biological Science And Technology,WO2023237116A1,PGDB_AS002200,% Degradation,luminescence,standardized
PGDB_C002221,COc1ccc(CNc2cccc3c2C(=O)N(C2CCC(=O)NC2=O)C3=O)cc1C(=O)N[C@H]1CC[C@H](c2nc3ccncc3s2)CC1,GSPT1,,100.0,<,1,HEK293,Zhuhai Woo Biological Science And Technology,WO2023237116A1,PGDB_AS002200,% Degradation,luminescence,standardized
PGDB_C002242,COc1ccc(CNc2cccc3c2C(=O)N(C2CCC(=O)NC2=O)C3=O)cc1C(=O)N[C@H]1CC[C@H](c2nc3ncccc3s2)CC1,GSPT1,,100.0,<,1,HEK293,Zhuhai Woo Biological Science And Technology,WO2023237116A1,PGDB_AS002200,% Degradation,luminescence,standardized
PGDB_C003178,COc1ccc(Cc2cn(Cc3ccc4c(c3)CN(C3CCC(=O)NC3=O)C4=O)nn2)cc1,GSPT1,,15.0,=,1,NB4,Beijing Innocare Pharma Tech,WO2024222614A1,PGDB_AS001663,% Degradation,luminescence,standardized
PGDB_C003569,COc1ccc(Cl)c(-c2c(-c3ccc4c(c3)CN(C3CCC(=O)NC3=O)C4=O)cnn2C)c1,CSNK1A1,,25.0,<,1,HEK293,Innovo Therapeutics,EP4584259A1,PGDB_AS001103,% Degradation,,standardized
PGDB_C003940,COc1ccc(Cl)c(-c2c(-c3ccc4c(c3)CN(C3CCC(=O)NC3=O)C4=O)ncn2C)c1,CSNK1A1,,25.0,<,1,HEK293,Innovo Therapeutics,EP4584259A1,PGDB_AS001103,% Degradation,,standardized
PGDB_C004074,COc1ccc(Cl)c(-c2nc(-c3ccc4c(c3)CN(C3CCC(=O)NC3=O)C4=O)cn2C)c1,CSNK1A1,,25.0,<,1,HEK293,Innovo Therapeutics,EP4584259A1,PGDB_AS001103,% Degradation,,standardized
PGDB_C004074,COc1ccc(Cl)c(-c2nc(-c3ccc4c(c3)CN(C3CCC(=O)NC3=O)C4=O)cn2C)c1,GSPT1,,25.0,<,1,HEK293,Innovo Therapeutics,EP4584259A1,PGDB_AS001862,% Degradation,luminescence,standardized
PGDB_C003939,COc1ccc(Cl)cc1-c1c(-c2ccc3c(c2)CN(C2CCC(=O)NC2=O)C3=O)ncn1C,CSNK1A1,,25.0,<,1,HEK293,Innovo Therapeutics,EP4584259A1,PGDB_AS001103,% Degradation,,standardized
PGDB_C003970,COc1ccc(Cl)cc1-c1nc(-c2ccc3c(c2)CN(C2CCC(=O)NC2=O)C3=O)cn1C,CSNK1A1,,25.0,<,1,HEK293,Innovo Therapeutics,EP4584259A1,PGDB_AS001103,% Degradation,,standardized
PGDB_C003952,COc1ccc(Cn2cc(-c3nc(-c4ccc5c(c4)CN(C4CCC(=O)NC4=O)C5=O)cn3C)cn2)cc1,CSNK1A1,,25.0,<,1,HEK293,Innovo Therapeutics,EP4584259A1,PGDB_AS001103,% Degradation,,standardized
PGDB_C003799,COc1ccc(F)c(-c2c(-c3ccc4c(c3)CN(C3CCC(=O)NC3=O)C4=O)ncn2C)c1,CSNK1A1,,25.0,<,1,HEK293,Innovo Therapeutics,EP4584259A1,PGDB_AS001103,% Degradation,,standardized
PGDB_C003799,COc1ccc(F)c(-c2c(-c3ccc4c(c3)CN(C3CCC(=O)NC3=O)C4=O)ncn2C)c1,GSPT1,,25.0,<,1,HEK293,Innovo Therapeutics,EP4584259A1,PGDB_AS001862,% Degradation,luminescence,standardized
PGDB_C003797,COc1ccc(F)cc1-c1c(-c2ccc3c(c2)CN(C2CCC(=O)NC2=O)C3=O)ncn1C,CSNK1A1,,25.0,<,1,HEK293,Innovo Therapeutics,EP4584259A1,PGDB_AS001103,% Degradation,,standardized
PGDB_C003797,COc1ccc(F)cc1-c1c(-c2ccc3c(c2)CN(C2CCC(=O)NC2=O)C3=O)ncn1C,GSPT1,,25.0,<,1,HEK293,Innovo Therapeutics,EP4584259A1,PGDB_AS001862,% Degradation,luminescence,standardized
PGDB_C012060,COc1ccc(N2CCC(CN3CCN(Cc4ccn5ncc(N6CCC(=O)NC6=O)c5c4)C[C@@H]3C)CC2)nc1,WIZ,,681.0,=,0,HT-1080,Linkcure Therapeutics,WO2025256460A1,PGDB_AS000508,% Degradation,luminescence,standardized
PGDB_C012243,COc1ccc(N2CCN(c3cccc(C4CCC(=O)NC4=O)c3Cl)CC2)n2nccc12,VAV1,,103.185,=,0,Jurkat,Monte Rosa Therapeutics,WO2026013577A1,PGDB_AS001744,% Degradation,luminescence,standardized
PGDB_C007746,COc1ccc(NC(=O)/C=C/C(=O)N2CCN(C(=O)C[C@@H]3N=C(c4ccc(Cl)cc4)c4c(sc(C)c4C)-n4c(C)nnc43)CC2)cc1,BRD4,,5000.0,>,0,,Novartis;University Of California;University Of California Berkeley;University Of California San Diego Ucsd,EP4605088A1,PGDB_AS000558,% Degradation,Western_blot,standardized
PGDB_C001955,COc1ccc(NC(=O)Cc2ccc3c(c2)CN(C2CCC(=O)NC2=O)C3=O)cc1,GSPT1,,1.0,<,1,,St Jude Childrens Research Hospital,WO2023096822A1,PGDB_AS001062,% Degradation,,standardized
PGDB_C003151,COc1ccc(NC(=O)OCc2ccc3cc(C4CCC(=O)NC4=O)c(C)nc3c2)nn1,GSPT1,,50.0,<=,1,HEK293,Captor Therapeutics,WO2024165577A1,PGDB_AS001317,% Degradation,,standardized
PGDB_C033082,COc1ccc(O[C@H]2CC[C@H](NC(=O)c3ccc(N4CCC(CN5CCC6(CC5)COc5c6cc(Cl)c6c5CN([C@H]5CCC(=O)NC5=O)C6=O)CC4)c(F)c3)CC2)cc1,CSNK1A1,,10.0,<=,1,HEK293,,WO2026139085A1,PGDB_AS002601,% Degradation,luminescence,standardized
PGDB_C004619,COc1ccc(Oc2cccc(CN3CCC(O)(c4ccc5c(c4)C(=O)N(C4CCC(=O)NC4=O)C5=O)CC3)c2)cc1,IKZF2,,5.1000000000000005,=,1,MOLT-4,Dana Farber Cancer Institute,US20240217970A1,PGDB_AS001527,% Degradation,,standardized
PGDB_C007750,COc1ccc2c(c1)CCCN2C(=O)/C=C/C(=O)N1CCN(C(=O)C[C@@H]2N=C(c3ccc(Cl)cc3)c3c(sc(C)c3C)-n3c(C)nnc32)CC1,BRD4,,5000.0,>,0,,Novartis;University Of California;University Of California Berkeley;University Of California San Diego Ucsd,EP4605088A1,PGDB_AS000558,% Degradation,Western_blot,standardized
PGDB_C007751,COc1ccc2c(c1)CCN(C(=O)/C=C/C(=O)N1CCN(C(=O)C[C@@H]3N=C(c4ccc(Cl)cc4)c4c(sc(C)c4C)-n4c(C)nnc43)CC1)C2,BRD4,,5000.0,>,0,,Novartis;University Of California;University Of California Berkeley;University Of California San Diego Ucsd,EP4605088A1,PGDB_AS000558,% Degradation,Western_blot,standardized
PGDB_C002219,COc1ccc2c(c1)nc(C1CCC(NC(=O)c3cccc(CNc4cccc5c4C(=O)N(C4CCC(=O)NC4=O)C5=O)c3)CC1)n2C,GSPT1,,100.0,<,1,HEK293,Zhuhai Woo Biological Science And Technology,WO2023237116A1,PGDB_AS002200,% Degradation,luminescence,standardized
PGDB_C002217,COc1ccc2c(c1)nc([C@H]1CC[C@H](COc3cc(CNc4cccc5c4C(=O)N(C4CCC(=O)NC4=O)C5=O)ccn3)CC1)n2C,GSPT1,,100.0,<,1,HEK293,Zhuhai Woo Biological Science And Technology,WO2023237116A1,PGDB_AS002200,% Degradation,luminescence,standardized
PGDB_C002283,COc1ccc2c(c1)nc([C@H]1CC[C@H](NC(=O)c3cc(CNc4cccc5c4C(=O)N(C4CCC(=O)NC4=O)C5=O)ccn3)CC1)n2C,GSPT1,,100.0,<,1,HEK293,Zhuhai Woo Biological Science And Technology,WO2023237116A1,PGDB_AS002200,% Degradation,luminescence,standardized
PGDB_C003696,COc1ccc2cc(-c3c(-c4ccc5c(c4)CN(C4CCC(=O)NC4=O)C5=O)cnn3C)ccc2c1,CSNK1A1,,25.0,<,1,HEK293,Innovo Therapeutics,EP4584259A1,PGDB_AS001103,% Degradation,,standardized
PGDB_C003696,COc1ccc2cc(-c3c(-c4ccc5c(c4)CN(C4CCC(=O)NC4=O)C5=O)cnn3C)ccc2c1,GSPT1,,25.0,<,1,HEK293,Innovo Therapeutics,EP4584259A1,PGDB_AS001862,% Degradation,luminescence,standardized
PGDB_C003595,COc1ccc2cc(-c3c(-c4ccc5c(c4)CN(C4CCC(=O)NC4=O)C5=O)ncn3C)ccc2c1,CSNK1A1,,25.0,<,1,HEK293,Innovo Therapeutics,EP4584259A1,PGDB_AS001103,% Degradation,,standardized
PGDB_C003595,COc1ccc2cc(-c3c(-c4ccc5c(c4)CN(C4CCC(=O)NC4=O)C5=O)ncn3C)ccc2c1,GSPT1,,25.0,<,1,HEK293,Innovo Therapeutics,EP4584259A1,PGDB_AS001862,% Degradation,luminescence,standardized
PGDB_C002263,COc1ccc2nc([C@H]3CC[C@H](C(=O)Nc4cccc(CNc5cccc6c5C(=O)N(C5CCC(=O)NC5=O)C6=O)c4)CC3)sc2n1,GSPT1,,100.0,<,1,HEK293,Zhuhai Woo Biological Science And Technology,WO2023237116A1,PGDB_AS002200,% Degradation,luminescence,standardized
PGDB_C002289,COc1ccc2nc([C@H]3CC[C@H](CNc4cc(CNc5cccc6c5C(=O)N(C5CCC(=O)NC5=O)C6=O)ccn4)CC3)sc2n1,GSPT1,,100.0,<,1,HEK293,Zhuhai Woo Biological Science And Technology,WO2023237116A1,PGDB_AS002200,% Degradation,luminescence,standardized
PGDB_C002268,COc1ccc2nc([C@H]3CC[C@H](CNc4cc(COc5cccc6c5CN(C5CCC(=O)NC5=O)C6=O)ccn4)CC3)sc2n1,GSPT1,,100.0,<,1,HEK293,Zhuhai Woo Biological Science And Technology,WO2023237116A1,PGDB_AS002200,% Degradation,luminescence,standardized
PGDB_C023825,COc1ccc2nc([C@H]3CC[C@H](CNc4nccc(COc5cccc6c5CN(C5CCC(=O)NC5=O)C6=O)c4F)CC3)sc2n1,IKZF1,,10.0,<,1,Jurkat,Zhuhai Woo Biological Science And Technology,CN120097964A,PGDB_AS000284,% Degradation,luminescence,standardized
PGDB_C003527,COc1cccc(-c2c(-c3ccc4c(c3)CN(C3CCC(=O)NC3=O)C4=O)cnn2C)c1,CSNK1A1,,25.0,<,1,HEK293,Innovo Therapeutics,EP4584259A1,PGDB_AS001103,% Degradation,,standardized
PGDB_C004099,COc1cccc(-c2c(-c3ccc4c(c3)CN(C3CCC(=O)NC3=O)C4=O)ncn2C)c1,CSNK1A1,,25.0,<,1,HEK293,Innovo Therapeutics,EP4584259A1,PGDB_AS001103,% Degradation,,standardized
PGDB_C003942,COc1cccc(-c2c(-c3ccc4c(c3)CN(C3CCC(=O)NC3=O)C4=O)ncn2C)c1Cl,CSNK1A1,,25.0,<,1,HEK293,Innovo Therapeutics,EP4584259A1,PGDB_AS001103,% Degradation,,standardized
PGDB_C003942,COc1cccc(-c2c(-c3ccc4c(c3)CN(C3CCC(=O)NC3=O)C4=O)ncn2C)c1Cl,GSPT1,,25.0,<,1,HEK293,Innovo Therapeutics,EP4584259A1,PGDB_AS001862,% Degradation,luminescence,standardized
PGDB_C003796,COc1cccc(-c2c(-c3ccc4c(c3)CN(C3CCC(=O)NC3=O)C4=O)ncn2C)c1F,CSNK1A1,,25.0,<,1,HEK293,Innovo Therapeutics,EP4584259A1,PGDB_AS001103,% Degradation,,standardized
PGDB_C003796,COc1cccc(-c2c(-c3ccc4c(c3)CN(C3CCC(=O)NC3=O)C4=O)ncn2C)c1F,GSPT1,,25.0,<,1,HEK293,Innovo Therapeutics,EP4584259A1,PGDB_AS001862,% Degradation,luminescence,standardized
PGDB_C003846,COc1cccc(-c2nc(-c3ccc4c(c3)CN(C3CCC(=O)NC3=O)C4=O)cn2C)c1,CSNK1A1,,25.0,<,1,HEK293,Innovo Therapeutics,EP4584259A1,PGDB_AS001103,% Degradation,,standardized
PGDB_C003846,COc1cccc(-c2nc(-c3ccc4c(c3)CN(C3CCC(=O)NC3=O)C4=O)cn2C)c1,GSPT1,,25.0,<,1,HEK293,Innovo Therapeutics,EP4584259A1,PGDB_AS001862,% Degradation,luminescence,standardized
PGDB_C032772,COc1cccc(=O)n1-c1cccc(-n2ncc3c(C4CCC(=O)NC4=O)cccc32)c1,VAV1,,50.0,<=,1,Jurkat,,WO2026145172A1,PGDB_AS002600,% Degradation,luminescence,standardized
PGDB_C007724,COc1cccc(C(=O)/C=C/C(=O)N2CCN(C(=O)C[C@@H]3N=C(c4ccc(Cl)cc4)c4c(sc(C)c4C)-n4c(C)nnc43)CC2)c1,BRD4,,100.0,<,1,,Novartis;University Of California;University Of California Berkeley;University Of California San Diego Ucsd,EP4605088A1,PGDB_AS000558,% Degradation,Western_blot,standardized
PGDB_C003192,COc1cccc(C(F)(F)c2cn(Cc3ccc4c(c3)CN(C3CCC(=O)NC3=O)C4=O)nn2)n1,GSPT1,,1000.0,>,0,NB4,Beijing Innocare Pharma Tech,WO2024222614A1,PGDB_AS001663,% Degradation,luminescence,standardized
PGDB_C004633,COc1cccc(CN2CCC(O)(c3ccc4c(c3)C(=O)N(C3CCC(=O)NC3=O)C4=O)CC2)c1,IKZF2,,16.0,=,1,MOLT-4,Dana Farber Cancer Institute,US20240217970A1,PGDB_AS001527,% Degradation,,standardized
PGDB_C003998,COc1cccc(COc2cccc(-c3c(-c4ccc5c(c4)CN(C4CCC(=O)NC4=O)C5=O)ncn3C)c2)c1,CSNK1A1,,25.0,<,1,HEK293,Innovo Therapeutics,EP4584259A1,PGDB_AS001103,% Degradation,,standardized
PGDB_C033134,COc1cccc(O[C@H]2CC[C@H](NC(=O)c3ccc(N4CCC(CN5CCC6(CC5)COc5c6cc(Cl)c6c5CN([C@H]5CCC(=O)NC5=O)C6=O)CC4)c(F)c3)CC2)c1,CSNK1A1,,10.0,<=,1,HEK293,,WO2026139085A1,PGDB_AS002601,% Degradation,luminescence,standardized
PGDB_C001830,COc1cccc([C@@H](NC(=O)c2ccc3c(c2)CN(C2CCC(=O)NC2=O)C3=O)C2CC2)c1,CSNK1A1,CRBN,198.0,=,0,HT-1080,Hangzhou Glubio Pharmaceutical,WO2022257897A1,PGDB_AS001868,% Degradation,luminescence,standardized
PGDB_C003870,COc1ccccc1-c1c(-c2ccc3c(c2)CN(C2CCC(=O)NC2=O)C3=O)ncn1C,CSNK1A1,,25.0,<,1,HEK293,Innovo Therapeutics,EP4584259A1,PGDB_AS001103,% Degradation,,standardized
PGDB_C029209,COc1ccccc1-c1cc(N2CC3CCC(C2)N3c2ccc(C(=O)N3CC4(CC(CN5CCC(n6ccc7cc(N8CCC(=O)NNC8=O)ccc76)CC5)C4)C3)cc2)c(N)nn1,SMARCA2,,51.5,=,1,,AstraZeneca,WO2026120044,PGDB_AS001809,% Degradation,,standardized
PGDB_C004030,COc1ccccc1-c1nc(-c2ccc3c(c2)CN(C2CCC(=O)NC2=O)C3=O)cn1C,CSNK1A1,,25.0,<,1,HEK293,Innovo Therapeutics,EP4584259A1,PGDB_AS001103,% Degradation,,standardized
PGDB_C004030,COc1ccccc1-c1nc(-c2ccc3c(c2)CN(C2CCC(=O)NC2=O)C3=O)cn1C,GSPT1,,25.0,<,1,HEK293,Innovo Therapeutics,EP4584259A1,PGDB_AS001862,% Degradation,luminescence,standardized
PGDB_C007723,COc1ccccc1C(=O)/C=C/C(=O)N1CCN(C(=O)C[C@@H]2N=C(c3ccc(Cl)cc3)c3c(sc(C)c3C)-n3c(C)nnc32)CC1,BRD4,,100.0,<,1,,Novartis;University Of California;University Of California Berkeley;University Of California San Diego Ucsd,EP4605088A1,PGDB_AS000558,% Degradation,Western_blot,standardized
PGDB_C007756,COc1ccccc1C(=O)/C=C/C(=O)N1CCN(c2ccc(Nc3ncc4cc(C(=O)N(C)C)n(C5CCCC5)c4n3)nc2)CC1,CDK4,,10000.0,>,0,,Novartis;University Of California;University Of California Berkeley;University Of California San Diego Ucsd,EP4605088A1,PGDB_AS000031,% Degradation,Western_blot,standardized
PGDB_C001799,COc1ccccc1C(NC(=O)c1ccc2c(c1)CN(C1CCC(=O)NC1=O)C2=O)C1CC1,CSNK1A1,CRBN,66.60000000000001,=,1,HT-1080,Hangzhou Glubio Pharmaceutical,WO2022257897A1,PGDB_AS001868,% Degradation,luminescence,standardized
PGDB_C000386,COc1ccccc1C1CN([C@H]2CCCC[C@@H]2Oc2ccc3c(c2)CN(C2CCC(=O)NC2=O)C3=O)C1,IKZF1,,30000.0,>,0,HEK293T,Plexium,CN117836288A,PGDB_AS002474,% Degradation,fluorescence,standardized
PGDB_C000386,COc1ccccc1C1CN([C@H]2CCCC[C@@H]2Oc2ccc3c(c2)CN(C2CCC(=O)NC2=O)C3=O)C1,IKZF2,,4.0,=,1,HEK293T,Plexium,AR126418A1,PGDB_AS001753,% Degradation,fluorescence,standardized
PGDB_C000386,COc1ccccc1C1CN([C@H]2CCCC[C@@H]2Oc2ccc3c(c2)CN(C2CCC(=O)NC2=O)C3=O)C1,IKZF3,,30000.0,>,0,HEK293T,Plexium,AR126418A1,PGDB_AS000004,% Degradation,fluorescence,standardized
PGDB_C033107,COc1ccccc1O[C@H]1CC[C@H](NC(=O)c2ccc(N3CCC(CN4CCC5(CC4)COc4c5cc(Cl)c5c4CN([C@H]4CCC(=O)NC4=O)C5=O)CC3)c(F)c2)CC1,CSNK1A1,,1.0,<,1,HEK293,,WO2026139085A1,PGDB_AS002601,% Degradation,luminescence,standardized
PGDB_C032035,COc1cccn(-c2ccc(-c3cccc(C4CCC(=O)NC4=O)c3Cl)s2)c1=O,VAV1,,5.2,=,1,,Changchun Genescience Pharmaceutical Co Ltd,WO2026119120A1,PGDB_AS001984,% Degradation,luminescence,standardized
PGDB_C032044,COc1cccn(-c2sc(-c3cccc(C4CCC(=O)NC4=O)c3Cl)cc2C)c1=O,VAV1,,1.4,=,1,,Changchun Genescience Pharmaceutical Co Ltd,WO2026119120A1,PGDB_AS001984,% Degradation,luminescence,standardized
PGDB_C032045,COc1ccn(-c2sc(-c3cccc(C4CCC(=O)NC4=O)c3Cl)cc2C)c(=O)c1,VAV1,,2.0,=,1,,Changchun Genescience Pharmaceutical Co Ltd,WO2026119120A1,PGDB_AS001984,% Degradation,luminescence,standardized
PGDB_C003607,COc1ccncc1-c1c(-c2ccc3c(c2)CN(C2CCC(=O)NC2=O)C3=O)cnn1C,CSNK1A1,,25.0,<,1,HEK293,Innovo Therapeutics,EP4584259A1,PGDB_AS001103,% Degradation,,standardized
PGDB_C003607,COc1ccncc1-c1c(-c2ccc3c(c2)CN(C2CCC(=O)NC2=O)C3=O)cnn1C,GSPT1,,25.0,<,1,HEK293,Innovo Therapeutics,EP4584259A1,PGDB_AS001862,% Degradation,luminescence,standardized
PGDB_C003652,COc1ccsc1-c1c(-c2ccc3c(c2)CN(C2CCC(=O)NC2=O)C3=O)cnn1C,CSNK1A1,,25.0,<,1,HEK293,Innovo Therapeutics,EP4584259A1,PGDB_AS001103,% Degradation,,standardized
PGDB_C003717,COc1ccsc1-c1c(-c2ccc3c(c2)CN(C2CCC(=O)NC2=O)C3=O)ncn1C,CSNK1A1,,25.0,<,1,HEK293,Innovo Therapeutics,EP4584259A1,PGDB_AS001103,% Degradation,,standardized
PGDB_C007579,COc1cn(C2=CCC3C4CC=C5C[C@@H](NC(=O)c6ccnnc6)CC[C@]5(C)C4CC[C@]23C)cn1,AR,,3880.0,=,0,LNCaP,Shanghai Institute Of Materia Medica Of Cas,EP4461736A1,PGDB_AS000970,% Degradation,,standardized
PGDB_C003161,COc1cnc(NC(=O)OCc2ccc3cc(C4CCC(=O)NC4=O)c(C)nc3c2)cn1,GSPT1,,50.0,<=,1,HEK293,Captor Therapeutics,WO2024165577A1,PGDB_AS001317,% Degradation,,standardized
PGDB_C002284,COc1cnc2sc([C@H]3CC[C@H](C(=O)Nc4cccc(CNc5cccc6c5C(=O)N(C5CCC(=O)NC5=O)C6=O)c4)CC3)nc2c1,GSPT1,,100.0,<,1,HEK293,Zhuhai Woo Biological Science And Technology,WO2023237116A1,PGDB_AS002200,% Degradation,luminescence,standardized
PGDB_C003665,COc1cncc(-c2c(-c3ccc4c(c3)CN(C3CCC(=O)NC3=O)C4=O)ncn2C)c1,CSNK1A1,,25.0,<,1,HEK293,Innovo Therapeutics,EP4584259A1,PGDB_AS001103,% Degradation,,standardized
PGDB_C003665,COc1cncc(-c2c(-c3ccc4c(c3)CN(C3CCC(=O)NC3=O)C4=O)ncn2C)c1,GSPT1,,25.0,<,1,HEK293,Innovo Therapeutics,EP4584259A1,PGDB_AS001862,% Degradation,luminescence,standardized
PGDB_C012242,COc1cnn2c(N3CCN(c4cccc(C5CCC(=O)NC5=O)c4Cl)CC3)cccc12,VAV1,,77.451,=,1,Jurkat,Monte Rosa Therapeutics,WO2026013577A1,PGDB_AS001744,% Degradation,luminescence,standardized
PGDB_C012264,COc1nc(C)ccc1N1CCC(c2cccc(C3CCC(=O)NC3=O)c2Cl)CC1,VAV1,,10000.0,=,0,Jurkat,Monte Rosa Therapeutics,WO2026013577A1,PGDB_AS001744,% Degradation,luminescence,standardized
PGDB_C012235,COc1nc(C)ccc1N1CCN(c2cccc(C3CCC(=O)NC3=O)c2Cl)CC1,VAV1,,10000.0,=,0,Jurkat,Monte Rosa Therapeutics,WO2026013577A1,PGDB_AS001744,% Degradation,luminescence,standardized
PGDB_C016650,COc1ncc(CN2CCC(c3ccc4c5c(cccc35)N(C3CCC(=O)NC3=O)C4=O)CC2)cn1,GSPT1,,10000.0,>,0,293T.114,C4 Therapeutics,WO2022081927A1,PGDB_AS001223,% Degradation,luminescence,standardized
PGDB_C016650,COc1ncc(CN2CCC(c3ccc4c5c(cccc35)N(C3CCC(=O)NC3=O)C4=O)CC2)cn1,SALL4,,10000.0,>,0,KELLY.2,C4 Therapeutics,WO2022081927A1,PGDB_AS001296,% Degradation,luminescence,standardized
PGDB_C002225,COc1ncc(CNc2cccc3c2C(=O)N(C2CCC(=O)NC2=O)C3=O)cc1C(=O)N[C@H]1CC[C@H](c2nc3cccnc3s2)CC1,GSPT1,,100.0,<,1,HEK293,Zhuhai Woo Biological Science And Technology,WO2023237116A1,PGDB_AS002200,% Degradation,luminescence,standardized
PGDB_C003437,COc1ncccc1-c1c(-c2ccc3c(c2)CN(C2CCC(=O)NC2=O)C3=O)cnn1C,CSNK1A1,,25.0,<,1,HEK293,Innovo Therapeutics,EP4584259A1,PGDB_AS001103,% Degradation,,standardized
PGDB_C012226,COc1ncccc1N1CCC(c2cccc(C3CCC(=O)NC3=O)c2Cl)CC1,VAV1,,10000.0,=,0,Jurkat,Monte Rosa Therapeutics,WO2026013577A1,PGDB_AS001744,% Degradation,luminescence,standardized
PGDB_C027224,CS(=O)(=O)N1CCC(C#Cc2nccc(N3CCCN(c4cc(-c5ccccc5O)nnc4N)CC3)n2)CC1,SMARCA2,,500.0,>=,0,HeLa,Plexium,WO2023244806A1,PGDB_AS002237,% Degradation,luminescence,standardized
PGDB_C027224,CS(=O)(=O)N1CCC(C#Cc2nccc(N3CCCN(c4cc(-c5ccccc5O)nnc4N)CC3)n2)CC1,SMARCA4,,500.0,>=,0,HeLa,Plexium,WO2023244806A1,PGDB_AS000073,% Degradation,luminescence,standardized
PGDB_C033152,C[C@@H](Oc1cc(C(F)(F)F)cc(=O)n1-c1cccc(-n2ncc3c(C4CCC(=O)NC4=O)cccc32)c1)C(F)(F)F,VAV1,,10.0,<,1,Jurkat,,WO2026145172A1,PGDB_AS002614,% Degradation,luminescence,standardized
PGDB_C004124,C[C@@H]1CCCCN1c1nc(-c2ccc3c(c2)CN(C2CCC(=O)NC2=O)C3=O)nn1C,CSNK1A1,,25.0,<,1,HEK293,Innovo Therapeutics,EP4584259A1,PGDB_AS001103,% Degradation,,standardized
PGDB_C027104,C[C@@H]1CCCN1CC#Cc1nccc(N2CCN(c3cc(-c4ccccc4O)nnc3N)CC[C@H]2C)n1,SMARCA2,,50.0,<,1,HeLa,Plexium,WO2023244806A1,PGDB_AS002237,% Degradation,luminescence,standardized
PGDB_C027104,C[C@@H]1CCCN1CC#Cc1nccc(N2CCN(c3cc(-c4ccccc4O)nnc3N)CC[C@H]2C)n1,SMARCA4,,50.0,<,1,HeLa,Plexium,WO2023244806A1,PGDB_AS000073,% Degradation,luminescence,standardized
PGDB_C027294,C[C@@H]1CCN(c2cc(-c3ccccc3O)nnc2N)CCN1c1ccc(C#N)c(C#CCN(C)C)n1,SMARCA2,,50.0,<,1,HeLa,Plexium,WO2023244806A1,PGDB_AS002237,% Degradation,luminescence,standardized
PGDB_C027294,C[C@@H]1CCN(c2cc(-c3ccccc3O)nnc2N)CCN1c1ccc(C#N)c(C#CCN(C)C)n1,SMARCA4,,50.0,<,1,HeLa,Plexium,WO2023244806A1,PGDB_AS000073,% Degradation,luminescence,standardized
PGDB_C027284,C[C@@H]1CCN(c2cc(-c3ccccc3O)nnc2N)CCN1c1ccc(C#N)c(C#CCN2CC(F)(F)[C@H]2C)n1,SMARCA4,,5000.0,>,0,HeLa,Plexium,WO2023244806A1,PGDB_AS000073,% Degradation,luminescence,standardized
PGDB_C027264,C[C@@H]1CCN(c2cc(-c3ccccc3O)nnc2N)CCN1c1ccc(C#N)c(C#CCN2CC3CC2C3)n1,SMARCA2,,50.0,<,1,HeLa,Plexium,WO2023244806A1,PGDB_AS002237,% Degradation,luminescence,standardized
PGDB_C027264,C[C@@H]1CCN(c2cc(-c3ccccc3O)nnc2N)CCN1c1ccc(C#N)c(C#CCN2CC3CC2C3)n1,SMARCA4,,50.0,<,1,HeLa,Plexium,WO2023244806A1,PGDB_AS000073,% Degradation,luminescence,standardized
PGDB_C027301,C[C@@H]1CCN(c2cc(-c3ccccc3O)nnc2N)CCN1c1ccc(C#N)c(C#CCNC(=O)OC(C)(C)C)n1,SMARCA2,,500.0,>=,0,HeLa,Plexium,WO2023244806A1,PGDB_AS002237,% Degradation,luminescence,standardized
PGDB_C027301,C[C@@H]1CCN(c2cc(-c3ccccc3O)nnc2N)CCN1c1ccc(C#N)c(C#CCNC(=O)OC(C)(C)C)n1,SMARCA4,,500.0,>=,0,HeLa,Plexium,WO2023244806A1,PGDB_AS000073,% Degradation,luminescence,standardized
PGDB_C027266,C[C@@H]1CCN(c2cc(-c3ccccc3O)nnc2N)CCN1c1ccc(C(F)(F)F)c(C#CCN(C)C)n1,SMARCA2,,500.0,>=,0,HeLa,Plexium,WO2023244806A1,PGDB_AS002237,% Degradation,luminescence,standardized
PGDB_C027266,C[C@@H]1CCN(c2cc(-c3ccccc3O)nnc2N)CCN1c1ccc(C(F)(F)F)c(C#CCN(C)C)n1,SMARCA4,,5000.0,>,0,HeLa,Plexium,WO2023244806A1,PGDB_AS000073,% Degradation,luminescence,standardized
PGDB_C027265,C[C@@H]1CCN(c2cc(-c3ccccc3O)nnc2N)CCN1c1ccc(C(F)(F)F)c(C#CCN2CCCC2)n1,SMARCA2,,500.0,>=,0,HeLa,Plexium,WO2023244806A1,PGDB_AS002237,% Degradation,luminescence,standardized
PGDB_C027265,C[C@@H]1CCN(c2cc(-c3ccccc3O)nnc2N)CCN1c1ccc(C(F)(F)F)c(C#CCN2CCCC2)n1,SMARCA4,,500.0,>=,0,HeLa,Plexium,WO2023244806A1,PGDB_AS000073,% Degradation,luminescence,standardized
PGDB_C027043,C[C@@H]1CCN(c2cc(-c3ccccc3O)nnc2N)CCN1c1ccnc(/C=C/C2CC2)n1,SMARCA4,,500.0,>=,0,HeLa,Plexium,WO2023244806A1,PGDB_AS000073,% Degradation,luminescence,standardized
PGDB_C027036,C[C@@H]1CCN(c2cc(-c3ccccc3O)nnc2N)CCN1c1ccnc(/C=C/CN(C)CCF)n1,SMARCA2,,50.0,<,1,HeLa,Plexium,WO2023244806A1,PGDB_AS002237,% Degradation,luminescence,standardized
PGDB_C027036,C[C@@H]1CCN(c2cc(-c3ccccc3O)nnc2N)CCN1c1ccnc(/C=C/CN(C)CCF)n1,SMARCA4,,50.0,<,1,HeLa,Plexium,WO2023244806A1,PGDB_AS000073,% Degradation,luminescence,standardized
PGDB_C027039,C[C@@H]1CCN(c2cc(-c3ccccc3O)nnc2N)CCN1c1ccnc(/C=C/CN2CCOCC2)n1,SMARCA2,,50.0,<,1,HeLa,Plexium,WO2023244806A1,PGDB_AS002237,% Degradation,luminescence,standardized
PGDB_C027039,C[C@@H]1CCN(c2cc(-c3ccccc3O)nnc2N)CCN1c1ccnc(/C=C/CN2CCOCC2)n1,SMARCA4,,50.0,<,1,HeLa,Plexium,WO2023244806A1,PGDB_AS000073,% Degradation,luminescence,standardized
PGDB_C027068,C[C@@H]1CCN(c2cc(-c3ccccc3O)nnc2N)CCN1c1ccnc(C#CC23CCC(C2)N3)n1,SMARCA2,,500.0,>=,0,HeLa,Plexium,WO2023244806A1,PGDB_AS002237,% Degradation,luminescence,standardized
PGDB_C027068,C[C@@H]1CCN(c2cc(-c3ccccc3O)nnc2N)CCN1c1ccnc(C#CC23CCC(C2)N3)n1,SMARCA4,,500.0,>=,0,HeLa,Plexium,WO2023244806A1,PGDB_AS000073,% Degradation,luminescence,standardized
PGDB_C027259,C[C@@H]1CCN(c2cc(-c3ccccc3O)nnc2N)CCN1c1ccnc(C#CC2CCC2)c1,SMARCA4,,500.0,>=,0,HeLa,Plexium,WO2023244806A1,PGDB_AS000073,% Degradation,luminescence,standardized
PGDB_C027103,C[C@@H]1CCN(c2cc(-c3ccccc3O)nnc2N)CCN1c1ccnc(C#CC2CCCCN2C)n1,SMARCA2,,50.0,<,1,HeLa,Plexium,WO2023244806A1,PGDB_AS002237,% Degradation,luminescence,standardized
PGDB_C027103,C[C@@H]1CCN(c2cc(-c3ccccc3O)nnc2N)CCN1c1ccnc(C#CC2CCCCN2C)n1,SMARCA4,,50.0,<,1,HeLa,Plexium,WO2023244806A1,PGDB_AS000073,% Degradation,luminescence,standardized
PGDB_C027083,C[C@@H]1CCN(c2cc(-c3ccccc3O)nnc2N)CCN1c1ccnc(C#CC2CCCO2)n1,SMARCA4,,500.0,>=,0,HeLa,Plexium,WO2023244806A1,PGDB_AS000073,% Degradation,luminescence,standardized
PGDB_C027064,C[C@@H]1CCN(c2cc(-c3ccccc3O)nnc2N)CCN1c1ccnc(C#CC2CN(C)C2)n1,SMARCA2,,50.0,<,1,HeLa,Plexium,WO2023244806A1,PGDB_AS002237,% Degradation,luminescence,standardized
PGDB_C027045,C[C@@H]1CCN(c2cc(-c3ccccc3O)nnc2N)CCN1c1ccnc(C#CC2CN(CC(F)(F)F)C2)n1,SMARCA2,,50.0,<,1,HeLa,Plexium,WO2023244806A1,PGDB_AS002237,% Degradation,luminescence,standardized
PGDB_C027298,C[C@@H]1CCN(c2cc(-c3ccccc3O)nnc2N)CCN1c1ccnc(C#CCN(C)C)c1,SMARCA2,,50.0,<,1,HeLa,Plexium,WO2023244806A1,PGDB_AS002237,% Degradation,luminescence,standardized
PGDB_C027298,C[C@@H]1CCN(c2cc(-c3ccccc3O)nnc2N)CCN1c1ccnc(C#CCN(C)C)c1,SMARCA4,,50.0,<,1,HeLa,Plexium,WO2023244806A1,PGDB_AS000073,% Degradation,luminescence,standardized
PGDB_C027277,C[C@@H]1CCN(c2cc(-c3ccccc3O)nnc2N)CCN1c1ccnc(C#CCN(C)C)c1C#N,SMARCA2,,500.0,>=,0,HeLa,Plexium,WO2023244806A1,PGDB_AS002237,% Degradation,luminescence,standardized
PGDB_C027277,C[C@@H]1CCN(c2cc(-c3ccccc3O)nnc2N)CCN1c1ccnc(C#CCN(C)C)c1C#N,SMARCA4,,500.0,>=,0,HeLa,Plexium,WO2023244806A1,PGDB_AS000073,% Degradation,luminescence,standardized
PGDB_C027217,C[C@@H]1CCN(c2cc(-c3ccccc3O)nnc2N)CCN1c1ccnc(C#CCN(C)C)n1,SMARCA2,,50.0,<,1,HeLa,Plexium,WO2023244806A1,PGDB_AS002237,% Degradation,luminescence,standardized
PGDB_C027217,C[C@@H]1CCN(c2cc(-c3ccccc3O)nnc2N)CCN1c1ccnc(C#CCN(C)C)n1,SMARCA4,,50.0,<,1,HeLa,Plexium,WO2023244806A1,PGDB_AS000073,% Degradation,luminescence,standardized
PGDB_C027100,C[C@@H]1CCN(c2cc(-c3ccccc3O)nnc2N)CCN1c1ccnc(C#CCN2C3CCC2CC3)n1,SMARCA2,,50.0,<,1,HeLa,Plexium,WO2023244806A1,PGDB_AS002237,% Degradation,luminescence,standardized
PGDB_C027100,C[C@@H]1CCN(c2cc(-c3ccccc3O)nnc2N)CCN1c1ccnc(C#CCN2C3CCC2CC3)n1,SMARCA4,,50.0,<,1,HeLa,Plexium,WO2023244806A1,PGDB_AS000073,% Degradation,luminescence,standardized
PGDB_C027056,C[C@@H]1CCN(c2cc(-c3ccccc3O)nnc2N)CCN1c1ccnc(C#CCN2C3COCC2C3)n1,SMARCA2,,50.0,<,1,HeLa,Plexium,WO2023244806A1,PGDB_AS002237,% Degradation,luminescence,standardized
PGDB_C027056,C[C@@H]1CCN(c2cc(-c3ccccc3O)nnc2N)CCN1c1ccnc(C#CCN2C3COCC2C3)n1,SMARCA4,,50.0,<,1,HeLa,Plexium,WO2023244806A1,PGDB_AS000073,% Degradation,luminescence,standardized
PGDB_C027292,C[C@@H]1CCN(c2cc(-c3ccccc3O)nnc2N)CCN1c1ccnc(C#CCN2CC(F)(F)C2)c1,SMARCA4,,50.0,<,1,HeLa,Plexium,WO2023244806A1,PGDB_AS000073,% Degradation,luminescence,standardized
PGDB_C027085,C[C@@H]1CCN(c2cc(-c3ccccc3O)nnc2N)CCN1c1ccnc(C#CCN2CC3(COC3)C2)n1,SMARCA4,,5000.0,>,0,HeLa,Plexium,WO2023244806A1,PGDB_AS000073,% Degradation,luminescence,standardized
PGDB_C027106,C[C@@H]1CCN(c2cc(-c3ccccc3O)nnc2N)CCN1c1ccnc(C#CCN2CC3CC2C3)n1,SMARCA2,,50.0,<,1,HeLa,Plexium,WO2023244806A1,PGDB_AS002237,% Degradation,luminescence,standardized
PGDB_C027106,C[C@@H]1CCN(c2cc(-c3ccccc3O)nnc2N)CCN1c1ccnc(C#CCN2CC3CC2C3)n1,SMARCA4,,50.0,<,1,HeLa,Plexium,WO2023244806A1,PGDB_AS000073,% Degradation,luminescence,standardized
PGDB_C027082,C[C@@H]1CCN(c2cc(-c3ccccc3O)nnc2N)CCN1c1ccnc(C#CCN2CCC(C)(F)C2)n1,SMARCA2,,50.0,<,1,HeLa,Plexium,WO2023244806A1,PGDB_AS002237,% Degradation,luminescence,standardized
PGDB_C027082,C[C@@H]1CCN(c2cc(-c3ccccc3O)nnc2N)CCN1c1ccnc(C#CCN2CCC(C)(F)C2)n1,SMARCA4,,50.0,<,1,HeLa,Plexium,WO2023244806A1,PGDB_AS000073,% Degradation,luminescence,standardized
PGDB_C027109,C[C@@H]1CCN(c2cc(-c3ccccc3O)nnc2N)CCN1c1ccnc(C#CCN2CCC3(CCC3)C2)n1,SMARCA2,,50.0,<,1,HeLa,Plexium,WO2023244806A1,PGDB_AS002237,% Degradation,luminescence,standardized
PGDB_C027109,C[C@@H]1CCN(c2cc(-c3ccccc3O)nnc2N)CCN1c1ccnc(C#CCN2CCC3(CCC3)C2)n1,SMARCA4,,50.0,<,1,HeLa,Plexium,WO2023244806A1,PGDB_AS000073,% Degradation,luminescence,standardized
PGDB_C027296,C[C@@H]1CCN(c2cc(-c3ccccc3O)nnc2N)CCN1c1ccnc(C#CCN2CCCCC2)c1,SMARCA2,,50.0,<,1,HeLa,Plexium,WO2023244806A1,PGDB_AS002237,% Degradation,luminescence,standardized
PGDB_C027296,C[C@@H]1CCN(c2cc(-c3ccccc3O)nnc2N)CCN1c1ccnc(C#CCN2CCCCC2)c1,SMARCA4,,50.0,<,1,HeLa,Plexium,WO2023244806A1,PGDB_AS000073,% Degradation,luminescence,standardized
PGDB_C027207,C[C@@H]1CCN(c2cc(-c3ccccc3O)nnc2N)CCN1c1ccnc(C#CCN2CCCCC2)n1,SMARCA2,,50.0,<,1,HeLa,Plexium,WO2023244806A1,PGDB_AS002237,% Degradation,luminescence,standardized
PGDB_C027207,C[C@@H]1CCN(c2cc(-c3ccccc3O)nnc2N)CCN1c1ccnc(C#CCN2CCCCC2)n1,SMARCA4,,50.0,<,1,HeLa,Plexium,WO2023244806A1,PGDB_AS000073,% Degradation,luminescence,standardized
PGDB_C027105,C[C@@H]1CCN(c2cc(-c3ccccc3O)nnc2N)CCN1c1ccnc(C#CCN2CCC[C@@H]2C)n1,SMARCA2,,50.0,<,1,HeLa,Plexium,WO2023244806A1,PGDB_AS002237,% Degradation,luminescence,standardized
PGDB_C027105,C[C@@H]1CCN(c2cc(-c3ccccc3O)nnc2N)CCN1c1ccnc(C#CCN2CCC[C@@H]2C)n1,SMARCA4,,50.0,<,1,HeLa,Plexium,WO2023244806A1,PGDB_AS000073,% Degradation,luminescence,standardized
PGDB_C027108,C[C@@H]1CCN(c2cc(-c3ccccc3O)nnc2N)CCN1c1ccnc(C#CCN2CC[C@@H](F)C2)n1,SMARCA2,,50.0,<,1,HeLa,Plexium,WO2023244806A1,PGDB_AS002237,% Degradation,luminescence,standardized
PGDB_C027108,C[C@@H]1CCN(c2cc(-c3ccccc3O)nnc2N)CCN1c1ccnc(C#CCN2CC[C@@H](F)C2)n1,SMARCA4,,50.0,<,1,HeLa,Plexium,WO2023244806A1,PGDB_AS000073,% Degradation,luminescence,standardized
PGDB_C027116,C[C@@H]1CCN(c2cc(-c3ccccc3O)nnc2N)CCN1c1ccnc(C#CCN2CC[C@H](F)C2)n1,SMARCA2,,50.0,<,1,HeLa,Plexium,WO2023244806A1,PGDB_AS002237,% Degradation,luminescence,standardized
PGDB_C027116,C[C@@H]1CCN(c2cc(-c3ccccc3O)nnc2N)CCN1c1ccnc(C#CCN2CC[C@H](F)C2)n1,SMARCA4,,50.0,<,1,HeLa,Plexium,WO2023244806A1,PGDB_AS000073,% Degradation,luminescence,standardized
PGDB_C027135,C[C@@H]1CCN(c2cc(-c3ccccc3O)nnc2N)CCN1c1ccnc(C#CCN2CC[C@H]2CF)n1,SMARCA4,,50.0,<,1,HeLa,Plexium,WO2023244806A1,PGDB_AS000073,% Degradation,luminescence,standardized
PGDB_C027293,C[C@@H]1CCN(c2cc(-c3ccccc3O)nnc2N)CCN1c1ccnc(C#CCN2[C@H](C)COC[C@@H]2C)c1,SMARCA4,,50.0,<,1,HeLa,Plexium,WO2023244806A1,PGDB_AS000073,% Degradation,luminescence,standardized
PGDB_C027132,C[C@@H]1CCN(c2cc(-c3ccccc3O)nnc2N)CCN1c1ccnc(C#CCN2[C@H](C)COC[C@@H]2C)n1,SMARCA2,,50.0,<,1,HeLa,Plexium,WO2023244806A1,PGDB_AS002237,% Degradation,luminescence,standardized
PGDB_C027095,C[C@@H]1CCN(c2cc(-c3ccccc3O)nnc2N)CCN1c1ccnc(C#CCN2[C@H](C)C[C@@H]2C)n1,SMARCA2,,50.0,<,1,HeLa,Plexium,WO2023244806A1,PGDB_AS002237,% Degradation,luminescence,standardized
PGDB_C027095,C[C@@H]1CCN(c2cc(-c3ccccc3O)nnc2N)CCN1c1ccnc(C#CCN2[C@H](C)C[C@@H]2C)n1,SMARCA4,,50.0,<,1,HeLa,Plexium,WO2023244806A1,PGDB_AS000073,% Degradation,luminescence,standardized
PGDB_C027136,C[C@@H]1CCN(c2cc(-c3ccccc3O)nnc2N)CCN1c1ccnc(C#CCN2[C@H](C)C[C@H]2C)n1,SMARCA2,,50.0,<,1,HeLa,Plexium,WO2023244806A1,PGDB_AS002237,% Degradation,luminescence,standardized
PGDB_C027136,C[C@@H]1CCN(c2cc(-c3ccccc3O)nnc2N)CCN1c1ccnc(C#CCN2[C@H](C)C[C@H]2C)n1,SMARCA4,,50.0,<,1,HeLa,Plexium,WO2023244806A1,PGDB_AS000073,% Degradation,luminescence,standardized
PGDB_C027112,C[C@@H]1CCN(c2cc(-c3ccccc3O)nnc2N)CCN1c1ccnc(C#CCNC(=O)c2cccnc2)n1,SMARCA2,,500.0,>=,0,HeLa,Plexium,WO2023244806A1,PGDB_AS002237,% Degradation,luminescence,standardized
PGDB_C027112,C[C@@H]1CCN(c2cc(-c3ccccc3O)nnc2N)CCN1c1ccnc(C#CCNC(=O)c2cccnc2)n1,SMARCA4,,500.0,>=,0,HeLa,Plexium,WO2023244806A1,PGDB_AS000073,% Degradation,luminescence,standardized
PGDB_C027268,C[C@@H]1CCN(c2cc(-c3ccccc3O)nnc2N)CCN1c1ccnc(C#CCO)c1,SMARCA4,,500.0,>=,0,HeLa,Plexium,WO2023244806A1,PGDB_AS000073,% Degradation,luminescence,standardized
PGDB_C027204,C[C@@H]1CCN(c2cc(-c3ccccc3O)nnc2N)CCN1c1ccnc(C#CCn2cccn2)n1,SMARCA2,,50.0,<,1,HeLa,Plexium,WO2023244806A1,PGDB_AS002237,% Degradation,luminescence,standardized
PGDB_C027276,C[C@@H]1CCN(c2cc(-c3ccccc3O)nnc2N)CCN1c1ccnc(C#CCn2cncn2)c1C#N,SMARCA2,,500.0,>=,0,HeLa,Plexium,WO2023244806A1,PGDB_AS002237,% Degradation,luminescence,standardized
PGDB_C027276,C[C@@H]1CCN(c2cc(-c3ccccc3O)nnc2N)CCN1c1ccnc(C#CCn2cncn2)c1C#N,SMARCA4,,5000.0,>,0,HeLa,Plexium,WO2023244806A1,PGDB_AS000073,% Degradation,luminescence,standardized
PGDB_C027070,C[C@@H]1CCN(c2cc(-c3ccccc3O)nnc2N)CCN1c1ccnc(C#C[C@@H](C)O)n1,SMARCA4,,500.0,>=,0,HeLa,Plexium,WO2023244806A1,PGDB_AS000073,% Degradation,luminescence,standardized
PGDB_C027098,C[C@@H]1CCN(c2cc(-c3ccccc3O)nnc2N)CCN1c1nc(C#CCN(C)C)ncc1F,SMARCA2,,50.0,<,1,HeLa,Plexium,WO2023244806A1,PGDB_AS002237,% Degradation,luminescence,standardized
PGDB_C027098,C[C@@H]1CCN(c2cc(-c3ccccc3O)nnc2N)CCN1c1nc(C#CCN(C)C)ncc1F,SMARCA4,,50.0,<,1,HeLa,Plexium,WO2023244806A1,PGDB_AS000073,% Degradation,luminescence,standardized
PGDB_C027061,C[C@@H]1CCN(c2cc(-c3ccccc3O)nnc2N)CCN1c1nc(C#CCN2CC3CC2C3)ncc1F,SMARCA2,,50.0,<,1,HeLa,Plexium,WO2023244806A1,PGDB_AS002237,% Degradation,luminescence,standardized
PGDB_C027061,C[C@@H]1CCN(c2cc(-c3ccccc3O)nnc2N)CCN1c1nc(C#CCN2CC3CC2C3)ncc1F,SMARCA4,,50.0,<,1,HeLa,Plexium,WO2023244806A1,PGDB_AS000073,% Degradation,luminescence,standardized
PGDB_C027120,C[C@@H]1CCN(c2cc(-c3ccccc3O)nnc2N)CCN1c1nc(C#CCNC(=O)OC(C)(C)C)ncc1F,SMARCA2,,500.0,>=,0,HeLa,Plexium,WO2023244806A1,PGDB_AS002237,% Degradation,luminescence,standardized
PGDB_C027120,C[C@@H]1CCN(c2cc(-c3ccccc3O)nnc2N)CCN1c1nc(C#CCNC(=O)OC(C)(C)C)ncc1F,SMARCA4,,500.0,>=,0,HeLa,Plexium,WO2023244806A1,PGDB_AS000073,% Degradation,luminescence,standardized
PGDB_C027079,C[C@@H]1CCN(c2cc(-c3ccccc3O)nnc2N)CCN1c1nc(C#CCO)ncc1F,SMARCA2,,500.0,>=,0,HeLa,Plexium,WO2023244806A1,PGDB_AS002237,% Degradation,luminescence,standardized
PGDB_C027079,C[C@@H]1CCN(c2cc(-c3ccccc3O)nnc2N)CCN1c1nc(C#CCO)ncc1F,SMARCA4,,500.0,>=,0,HeLa,Plexium,WO2023244806A1,PGDB_AS000073,% Degradation,luminescence,standardized
PGDB_C027281,C[C@@H]1CCN(c2cnnc(-c3ccccc3O)c2)CCN1c1ccc(C#N)c(C#CCNC(=O)c2cc3ncccn3n2)n1,SMARCA2,,5000.0,>,0,HeLa,Plexium,WO2023244806A1,PGDB_AS002237,% Degradation,luminescence,standardized
PGDB_C027281,C[C@@H]1CCN(c2cnnc(-c3ccccc3O)c2)CCN1c1ccc(C#N)c(C#CCNC(=O)c2cc3ncccn3n2)n1,SMARCA4,,5000.0,>,0,HeLa,Plexium,WO2023244806A1,PGDB_AS000073,% Degradation,luminescence,standardized
PGDB_C027291,C[C@@H]1CCN1CC#Cc1cc(N2CCN(c3cc(-c4ccccc4O)nnc3N)CC[C@H]2C)ccn1,SMARCA2,,50.0,<,1,HeLa,Plexium,WO2023244806A1,PGDB_AS002237,% Degradation,luminescence,standardized
PGDB_C027291,C[C@@H]1CCN1CC#Cc1cc(N2CCN(c3cc(-c4ccccc4O)nnc3N)CC[C@H]2C)ccn1,SMARCA4,,50.0,<,1,HeLa,Plexium,WO2023244806A1,PGDB_AS000073,% Degradation,luminescence,standardized
PGDB_C027185,C[C@@H]1CN(CC#Cc2nccc(N3CCCN(c4cc(-c5ccccc5O)nnc4N)CC3)n2)CCO1,SMARCA4,,500.0,>=,0,HeLa,Plexium,WO2023244806A1,PGDB_AS000073,% Degradation,luminescence,standardized
PGDB_C027228,C[C@@H]1CN(CC#Cc2nccc(N3CCCN(c4cc(-c5ccccc5O)nnc4N)CC3)n2)C[C@@H](C)O1,SMARCA2,,500.0,>=,0,HeLa,Plexium,WO2023244806A1,PGDB_AS002237,% Degradation,luminescence,standardized
PGDB_C027228,C[C@@H]1CN(CC#Cc2nccc(N3CCCN(c4cc(-c5ccccc5O)nnc4N)CC3)n2)C[C@@H](C)O1,SMARCA4,,500.0,>=,0,HeLa,Plexium,WO2023244806A1,PGDB_AS000073,% Degradation,luminescence,standardized
PGDB_C027252,C[C@@H]1CN(CC#Cc2nccc(N3CCCN(c4cc(-c5ccccc5O)nnc4N)CC3)n2)C[C@H](c2ccccc2)O1,SMARCA2,,500.0,>=,0,HeLa,Plexium,WO2023244806A1,PGDB_AS002237,% Degradation,luminescence,standardized
PGDB_C027252,C[C@@H]1CN(CC#Cc2nccc(N3CCCN(c4cc(-c5ccccc5O)nnc4N)CC3)n2)C[C@H](c2ccccc2)O1,SMARCA4,,500.0,>=,0,HeLa,Plexium,WO2023244806A1,PGDB_AS000073,% Degradation,luminescence,standardized
PGDB_C029285,C[C@@H]1CN(CC2(F)CCN(C(=O)c3ccc(N4C5CCC4CN(c4cc(-c6ccccc6O)nnc4N)C5)cc3)CC2)CC[C@@H]1n1cc(C2CC2)c2cc(N3CCC(=O)NC3=O)cnc21,SMARCA2,,188.5,=,0,,AstraZeneca,WO2026120044,PGDB_AS001809,% Degradation,,standardized
PGDB_C029285,C[C@@H]1CN(CC2(F)CCN(C(=O)c3ccc(N4C5CCC4CN(c4cc(-c6ccccc6O)nnc4N)C5)cc3)CC2)CC[C@@H]1n1cc(C2CC2)c2cc(N3CCC(=O)NC3=O)cnc21,SMARCA4,,3333.0,>,0,,AstraZeneca,WO2026120044,PGDB_AS001309,% Degradation,,standardized
PGDB_C026925,C[C@@H]1CN(c2cc(-c3ccccc3O)nnc2N)CCN1c1ccnc(C#CCNC(=O)c2cc3ncccn3n2)n1,SMARCA2,,50.0,<,1,HeLa,Plexium,WO2023244806A1,PGDB_AS002237,% Degradation,luminescence,standardized
PGDB_C026925,C[C@@H]1CN(c2cc(-c3ccccc3O)nnc2N)CCN1c1ccnc(C#CCNC(=O)c2cc3ncccn3n2)n1,SMARCA4,,50.0,<,1,HeLa,Plexium,WO2023244806A1,PGDB_AS000073,% Degradation,luminescence,standardized
PGDB_C026924,C[C@@H]1CN(c2ccnc(C#CCNC(=O)c3cc4ncccn4n3)n2)CCN1c1cc(-c2ccccc2O)nnc1N,SMARCA2,,5000.0,>,0,HeLa,Plexium,WO2023244806A1,PGDB_AS002237,% Degradation,luminescence,standardized
PGDB_C026924,C[C@@H]1CN(c2ccnc(C#CCNC(=O)c3cc4ncccn4n3)n2)CCN1c1cc(-c2ccccc2O)nnc1N,SMARCA4,,500.0,>=,0,HeLa,Plexium,WO2023244806A1,PGDB_AS000073,% Degradation,luminescence,standardized
PGDB_C026956,C[C@@H]1CN(c2ccnc(C#CCNC(=O)c3cc4ncccn4n3)n2)C[C@@H](C)N1c1cc(-c2ccccc2O)nnc1N,SMARCA2,,500.0,>=,0,HeLa,Plexium,WO2023244806A1,PGDB_AS002237,% Degradation,luminescence,standardized
PGDB_C026956,C[C@@H]1CN(c2ccnc(C#CCNC(=O)c3cc4ncccn4n3)n2)C[C@@H](C)N1c1cc(-c2ccccc2O)nnc1N,SMARCA4,,500.0,>=,0,HeLa,Plexium,WO2023244806A1,PGDB_AS000073,% Degradation,luminescence,standardized
PGDB_C009166,C[C@@H]1C[C@H](C)CN(c2ncc(Cl)c(Nc3cc4c5c(c3)cc(OCC(=O)N(C)C)c(=O)n5CCO4)n2)C1,BCL6,,621.0,=,0,OCI-LY1,China Pharmaceutical University;Ascentage Pharma Suzhou,WO2025242013A1,PGDB_AS001697,% Degradation,Western_blot,standardized
PGDB_C009167,C[C@@H]1C[C@H](C)CN(c2ncc(Cl)c(Nc3cc4c5c(c3)n(CCC(C)(C)O)c(=O)n5CCO4)n2)C1,BCL6,,78.0,=,1,OCI-LY1,China Pharmaceutical University;Ascentage Pharma Suzhou,WO2025242013A1,PGDB_AS001697,% Degradation,Western_blot,standardized
PGDB_C031189,C[C@@H]1Oc2cc(-c3cccc([C@@H]4CCC(=O)NC4=O)c3Cl)ccc2-n2c1cccc2=O,VAV1,,8.8,=,1,Jurkat,Jiangsu Hengrui Pharmaceuticals Co Ltd;Shanghai Hengrui Pharmaceutical,WO2026098493A1,PGDB_AS002075,% Degradation,luminescence,standardized
PGDB_C011728,C[C@@H]1[C@@H](Nc2nnc(C34CC(C(F)(F)F)(C3)C4)o2)CN1c1cc(F)c(C2CCC(=O)NC2=O)c(F)c1Cl,CDK2,,13.0,=,1,HEK293,Monte Rosa Therapeutics,WO2025224262A1,PGDB_AS001903,% Degradation,luminescence,standardized
PGDB_C011768,C[C@@H]1[C@@H](Nc2nnc(C34CC(C(F)(F)F)(C3)C4)o2)CN1c1cc(F)c([C@@H]2CCC(=O)NC2=O)c(F)c1Cl,CDK2,,26.4,=,1,HEK293,Monte Rosa Therapeutics,WO2025224262A1,PGDB_AS001903,% Degradation,luminescence,standardized
PGDB_C011769,C[C@@H]1[C@@H](Nc2nnc(C34CC(C(F)(F)F)(C3)C4)o2)CN1c1cc(F)c([C@H]2CCC(=O)NC2=O)c(F)c1Cl,CDK2,,9.6,=,1,HEK293,Monte Rosa Therapeutics,WO2025224262A1,PGDB_AS001903,% Degradation,luminescence,standardized
PGDB_C009156,C[C@@H]1c2cc([C@H]3CCCCN3)ccc2C(=O)N1[C@H]1CCC(=O)NC1=O,NEK7,,0.79,=,1,HEK293,Captor Therapeutics,WO2025234887A1,PGDB_AS001144,% Degradation,luminescence,standardized
PGDB_C002849,C[C@H](NC(=O)c1ccccc1)C(=O)Nc1ccc2c(c1)CN(C1CCC(=O)NC1=O)C2=O,IKZF1,,72.0,=,1,NCI-H1155,Harvard University,WO2024059107A1,PGDB_AS001115,% Degradation,luminescence,standardized
PGDB_C032963,C[C@H](Oc1cc(C(F)(F)F)cc(=O)n1-c1ccc(-c2cccc(C3CCC(=O)NC3=O)c2Cl)cc1)C(F)(F)F,VAV1,,10.0,<,1,Jurkat,,WO2026145172A1,PGDB_AS002602,% Degradation,luminescence,standardized
PGDB_C032888,C[C@H](Oc1cc(C(F)(F)F)cc(=O)n1-c1cccc(-n2ncc3c(C4CCC(=O)NC4=O)cccc32)c1)C(F)(F)F,VAV1,,10.0,<,1,Jurkat,,WO2026145172A1,PGDB_AS002614,% Degradation,luminescence,standardized
PGDB_C033025,C[C@H](Oc1cc(C(F)F)cc(=O)n1-c1cccc(-n2ncc3c(C4CCC(=O)NC4=O)cccc32)c1)C(F)(F)F,VAV1,,10.0,<,1,Jurkat,,WO2026145172A1,PGDB_AS002614,% Degradation,luminescence,standardized
PGDB_C031964,C[C@H](Oc1nc(-c2noc3c2CCC[C@@]32CCCc3sc(N)c(C#N)c32)nc2c1CN(CCCN1CCC(c3ccc4c(N5CCC(=O)NC5=O)nn(C)c4c3F)=C(F)C1)C2)[C@@H]1C[C@@H](F)CN1C,KRAS,,6.8,=,1,,Boehringer Ingelheim International GmbH;Vanderbilt University,WO2026114958A1,PGDB_AS002526,% Degradation,luminescence,standardized
PGDB_C031958,C[C@H](Oc1nc(-c2noc3c2CCC[C@@]32CCCc3sc(N)c(C#N)c32)nc2c1CN(CCCN1CC[C@@H](c3ccc4c(c3)CN(C3CCC(=O)NC3=O)C4=O)C(F)(F)C1)C2)[C@@H]1C[C@@H](F)CN1C,KRAS,,2.7,=,1,,Boehringer Ingelheim International GmbH;Vanderbilt University,WO2026114958A1,PGDB_AS002526,% Degradation,luminescence,standardized
PGDB_C031965,C[C@H](Oc1nc(-c2noc3c2CCC[C@@]32CCCc3sc(N)c(C#N)c32)nc2c1CN(CCCN1CC[C@H](c3ccc4c(c3)CN(C3CCC(=O)NC3=O)C4=O)C(F)(F)C1)C2)[C@@H]1C[C@@H](F)CN1C,KRAS,,2.8,=,1,,Boehringer Ingelheim International GmbH;Vanderbilt University,WO2026114958A1,PGDB_AS002526,% Degradation,luminescence,standardized
PGDB_C031983,C[C@H](Oc1nc(-c2noc3c2CCC[C@@]32CCCc3sc(N)c(C#N)c32)nc2c1CN(CCN1CCC(N3CCC(c4cc5ccn(C6CCC(=O)NC6=O)c5cc4F)CC3)C(F)(F)C1)C2)[C@@H]1C[C@@H](F)CN1C,KRAS,,8.8,=,1,,Boehringer Ingelheim International GmbH;Vanderbilt University,WO2026114958A1,PGDB_AS002526,% Degradation,luminescence,standardized
PGDB_C031984,C[C@H](Oc1nc(-c2noc3c2CCC[C@@]32CCCc3sc(N)c(C#N)c32)nc2c1CN(CCN1CCC(N3CCC(c4cc5oc(=O)n(C6CCC(=O)NC6=O)c5cc4F)CC3)C(F)(F)C1)C2)[C@@H]1C[C@@H](F)CN1C,KRAS,,3.2,=,1,,Boehringer Ingelheim International GmbH;Vanderbilt University,WO2026114958A1,PGDB_AS002526,% Degradation,luminescence,standardized
PGDB_C031978,C[C@H](Oc1nc(-c2noc3c2CCC[C@@]32CCCc3sc(N)c(C#N)c32)nc2c1CN(CCN1CCC(N3CCC(c4ccc5c(C6CCC(=O)NC6=O)nn(C)c5c4)CC3)C(F)(F)C1)C2)[C@@H]1C[C@@H](F)CN1C,KRAS,,3.6,=,1,,Boehringer Ingelheim International GmbH;Vanderbilt University,WO2026114958A1,PGDB_AS002526,% Degradation,luminescence,standardized
PGDB_C031988,C[C@H](Oc1nc(-c2noc3c2CCC[C@@]32CCCc3sc(N)c(C#N)c32)nc2c1CN(CCN1CCC(N3CCC(n4ccc5c(N6CCC(=O)NC6=O)c(Cl)ccc54)CC3)C(F)(F)C1)C2)[C@@H]1C[C@@H](F)CN1C,KRAS,,11.1,=,1,,Boehringer Ingelheim International GmbH;Vanderbilt University,WO2026114958A1,PGDB_AS002526,% Degradation,luminescence,standardized
PGDB_C031945,C[C@H](Oc1nc(-c2noc3c2CCC[C@@]32CCCc3sc(N)c(C#N)c32)nc2c1CN(CCN1CCC(N3CCN(c4ccc(NC5CCC(=O)NC5=O)cc4F)CC3)C(F)(F)C1)C2)[C@@H]1C[C@@H](F)CN1C,KRAS,,10.0,=,1,,Boehringer Ingelheim International GmbH;Vanderbilt University,WO2026114958A1,PGDB_AS002526,% Degradation,luminescence,standardized
PGDB_C031960,C[C@H](Oc1nc(-c2noc3c2CCC[C@@]32CCCc3sc(N)c(C#N)c32)nc2c1CN(CCN1CCC(N3CCN(c4ccc(NC5CCC(=O)NC5=O)cc4F)CC3)CC1)C2)[C@@H]1C[C@@H](F)CN1C,KRAS,,1.8,=,1,,Boehringer Ingelheim International GmbH;Vanderbilt University,WO2026114958A1,PGDB_AS002526,% Degradation,luminescence,standardized
PGDB_C031948,C[C@H](Oc1nc(-c2noc3c2CCC[C@@]32CCCc3sc(N)c(C#N)c32)nc2c1CN(CCN1CCC(N3CCN(c4ccc5c(N6CCC(=O)NC6=O)cnn5c4)CC3)C(F)(F)C1)C2)[C@@H]1C[C@@H](F)CN1C,KRAS,,4.4,=,1,,Boehringer Ingelheim International GmbH;Vanderbilt University,WO2026114958A1,PGDB_AS002526,% Degradation,luminescence,standardized
PGDB_C031954,C[C@H](Oc1nc(-c2noc3c2CCC[C@@]32CCCc3sc(N)c(C#N)c32)nc2c1CN(CCN1CCC(N3CCN(c4ccc5c(N6CCC(=O)NC6=O)nn(C)c5c4F)CC3)C(F)(F)C1)C2)[C@@H]1C[C@@H](F)CN1C,KRAS,,9.8,=,1,,Boehringer Ingelheim International GmbH;Vanderbilt University,WO2026114958A1,PGDB_AS002526,% Degradation,luminescence,standardized
PGDB_C031990,C[C@H](Oc1nc(-c2noc3c2CCC[C@@]32CCCc3sc(N)c(C#N)c32)nc2c1CN(CCN1CCN(C3CCC(c4ccc5c(N6CCC(=O)NC6=O)cnn5c4)CC3)C(F)(F)C1)C2)[C@@H]1C[C@@H](F)CN1C,KRAS,,4.9,=,1,,Boehringer Ingelheim International GmbH;Vanderbilt University,WO2026114958A1,PGDB_AS002526,% Degradation,luminescence,standardized
PGDB_C031947,C[C@H](Oc1nc(-c2noc3c2CCC[C@@]32CCCc3sc(N)c(C#N)c32)nc2c1CN(CCN1CC[C@@H](N3CCN(c4ccc5c(N6CCC(=O)NC6=O)ccn5c4)CC3)C(F)(F)C1)C2)[C@@H]1C[C@@H](F)CN1C,KRAS,,4.2,=,1,,Boehringer Ingelheim International GmbH;Vanderbilt University,WO2026114958A1,PGDB_AS002526,% Degradation,luminescence,standardized
PGDB_C031950,C[C@H](Oc1nc(-c2noc3c2CCC[C@@]32CCCc3sc(N)c(C#N)c32)nc2c1CN(CCN1CC[C@@H](N3CCN(c4ccc5c(N6CCC(=O)NC6=O)cncc5c4)CC3)C(F)(F)C1)C2)[C@@H]1C[C@@H](F)CN1C,KRAS,,14.8,=,1,,Boehringer Ingelheim International GmbH;Vanderbilt University,WO2026114958A1,PGDB_AS002526,% Degradation,luminescence,standardized
PGDB_C031956,C[C@H](Oc1nc(-c2noc3c2CCC[C@@]32CCCc3sc(N)c(C#N)c32)nc2c1CN(CCN1CC[C@@H](N3CCN(c4ccc5c(N6CCC(=O)NC6=O)nn(C)c5c4F)CC3)C(F)(F)C1)C2)[C@@H]1C[C@@H](F)CN1C,KRAS,,8.8,=,1,,Boehringer Ingelheim International GmbH;Vanderbilt University,WO2026114958A1,PGDB_AS002526,% Degradation,luminescence,standardized
PGDB_C031985,C[C@H](Oc1nc(-c2noc3c2CCC[C@@]32CCCc3sc(N)c(C#N)c32)nc2c1CN(CCN1CC[C@@H](N3CCN(c4ccc5c(c4)n(C)c(=O)n5C4CCC(=O)NC4=O)CC3)C(F)(F)C1)C2)[C@@H]1C[C@@H](F)CN1C,KRAS,,0.8,=,1,,Boehringer Ingelheim International GmbH;Vanderbilt University,WO2026114958A1,PGDB_AS002526,% Degradation,luminescence,standardized
PGDB_C031989,C[C@H](Oc1nc(-c2noc3c2CCC[C@@]32CCCc3sc(N)c(C#N)c32)nc2c1CN(CCN1CC[C@H](N3CCN(c4ccc(N[C@H]5CCC(=O)NC5=O)cc4F)CC3)C(F)(F)C1)C2)[C@@H]1C[C@@H](F)CN1C,KRAS,,8.0,=,1,,Boehringer Ingelheim International GmbH;Vanderbilt University,WO2026114958A1,PGDB_AS002526,% Degradation,luminescence,standardized
PGDB_C031946,C[C@H](Oc1nc(-c2noc3c2CCC[C@@]32CCCc3sc(N)c(C#N)c32)nc2c1CN(CCN1CC[C@H](N3CCN(c4ccc5c(N6CCC(=O)NC6=O)cnn5c4)CC3)C(F)(F)C1)C2)[C@@H]1C[C@@H](F)CN1C,KRAS,,4.3,=,1,,Boehringer Ingelheim International GmbH;Vanderbilt University,WO2026114958A1,PGDB_AS002526,% Degradation,luminescence,standardized
PGDB_C031961,C[C@H](Oc1nc(-c2noc3c2CCC[C@@]32CCCc3sc(N)c(C#N)c32)nc2c1CN(CCN1CC[C@H](N3CCN(c4ccc5c(N6CCC(=O)NC6=O)nn(C)c5c4)CC3)C(F)(F)C1)C2)[C@@H]1C[C@@H](F)CN1C,KRAS,,13.2,=,1,,Boehringer Ingelheim International GmbH;Vanderbilt University,WO2026114958A1,PGDB_AS002526,% Degradation,luminescence,standardized
PGDB_C031955,C[C@H](Oc1nc(-c2noc3c2CCC[C@@]32CCCc3sc(N)c(C#N)c32)nc2c1CN(CCN1CC[C@H](N3CCN(c4ccc5c(N6CCC(=O)NC6=O)nn(C)c5c4F)CC3)C(F)(F)C1)C2)[C@@H]1C[C@@H](F)CN1C,KRAS,,11.1,=,1,,Boehringer Ingelheim International GmbH;Vanderbilt University,WO2026114958A1,PGDB_AS002526,% Degradation,luminescence,standardized
PGDB_C031944,C[C@H](Oc1nc(-c2noc3c2CCC[C@@]32CCCc3sc(N)c(C#N)c32)nc2c1CN(CCN1CC[C@H](N3CCN(c4ccc5c(N6CCC(=O)NC6=O)nn(C)c5c4F)CC3)[C@H](F)C1)C2)[C@@H]1C[C@@H](F)CN1C,KRAS,,2.6,=,1,,Boehringer Ingelheim International GmbH;Vanderbilt University,WO2026114958A1,PGDB_AS002526,% Degradation,luminescence,standardized
PGDB_C031986,C[C@H](Oc1nc(-c2noc3c2CCC[C@]32CCCc3sc(N)c(C#N)c32)nc2c1CN(CCN1CCC(N3CCC(c4ccc5c(c4)CN(C4CCC(=O)NC4=O)C5=O)CC3)C(F)(F)C1)C2)[C@@H]1C[C@@H](F)CN1C,KRAS,,5.6,=,1,,Boehringer Ingelheim International GmbH;Vanderbilt University,WO2026114958A1,PGDB_AS002526,% Degradation,luminescence,standardized
PGDB_C031987,C[C@H](Oc1nc(-c2noc3c2CCC[C@]32CCCc3sc(N)c(C#N)c32)nc2c1CN(CCN1CCC(N3CCN(c4ccc5c(c4)CN(C4CCC(=O)NC4=O)C5=O)CC3)C(F)(F)C1)C2)[C@@H]1C[C@@H](F)CN1C,KRAS,,4.8,=,1,,Boehringer Ingelheim International GmbH;Vanderbilt University,WO2026114958A1,PGDB_AS002526,% Degradation,luminescence,standardized
PGDB_C031963,C[C@H](Oc1nc(-c2onc3c2CCC[C@@]32CCCc3sc(N)c(C#N)c32)nc2c1CN(CCN1CC[C@H](N3CCN(c4ccc5c(N6CCC(=O)NC6=O)nn(C)c5c4F)CC3)C(F)(F)C1)C2)[C@@H]1C[C@@H](F)CN1C,KRAS,,17.8,=,1,,Boehringer Ingelheim International GmbH;Vanderbilt University,WO2026114958A1,PGDB_AS002526,% Degradation,luminescence,standardized
PGDB_C004123,C[C@H]1CCCCN1c1nc(-c2ccc3c(c2)CN(C2CCC(=O)NC2=O)C3=O)nn1C,CSNK1A1,,25.0,<,1,HEK293,Innovo Therapeutics,EP4584259A1,PGDB_AS001103,% Degradation,,standardized
PGDB_C029469,C[C@H]1CCCN1C(=O)Oc1ccc(-c2cccc(C3CCC(=O)NC3=O)c2Cl)cc1,VAV1,,10.09,=,1,,Shanghai Qilu Pharmaceutical Research And Development Centre,WO2026051943A1,PGDB_AS001440,% Degradation,luminescence,standardized
PGDB_C010436,C[C@H]1CCC[C@H](N[C@H]2CCCC[C@@H]2Cc2ccc3c(c2)CN(C2CCC(=O)NC2=O)C3=O)C1,SMARCA2,,500.0,>=,0,HeLa,Plexium,WO2025101944,PGDB_AS000900,% Degradation,luminescence,standardized
PGDB_C010436,C[C@H]1CCC[C@H](N[C@H]2CCCC[C@@H]2Cc2ccc3c(c2)CN(C2CCC(=O)NC2=O)C3=O)C1,SMARCA4,,500.0,>=,0,HeLa,Plexium,WO2025101944,PGDB_AS000431,% Degradation,luminescence,standardized
PGDB_C027122,C[C@H]1CCN(c2cc(-c3ccccc3O)nnc2N)CCN1c1ccnc(C#CCN(C)C)n1,SMARCA2,,50.0,<,1,HeLa,Plexium,WO2023244806A1,PGDB_AS002237,% Degradation,luminescence,standardized
PGDB_C027122,C[C@H]1CCN(c2cc(-c3ccccc3O)nnc2N)CCN1c1ccnc(C#CCN(C)C)n1,SMARCA4,,50.0,<,1,HeLa,Plexium,WO2023244806A1,PGDB_AS000073,% Degradation,luminescence,standardized
PGDB_C026974,C[C@H]1CCN(c2cc(-c3ccccc3O)nnc2N)CCN1c1ccnc(C#CCNC(=O)c2cc3ncccn3n2)n1,SMARCA4,,50.0,<,1,HeLa,Plexium,WO2023244806A1,PGDB_AS000073,% Degradation,luminescence,standardized
PGDB_C026973,C[C@H]1CCN(c2cc(-c3ccccc3O)nnc2N)CCN1c1ccnc(C#CCNC(=O)c2cnc3ccccc3n2)n1,SMARCA2,,50.0,<,1,HeLa,Plexium,WO2023244806A1,PGDB_AS002237,% Degradation,luminescence,standardized
PGDB_C026973,C[C@H]1CCN(c2cc(-c3ccccc3O)nnc2N)CCN1c1ccnc(C#CCNC(=O)c2cnc3ccccc3n2)n1,SMARCA4,,50.0,<,1,HeLa,Plexium,WO2023244806A1,PGDB_AS000073,% Degradation,luminescence,standardized
PGDB_C029189,C[C@H]1CN(CC2(F)CCN(C(=O)c3ccc(N4C5CCC4CN(c4cc(-c6ccccc6O)nnc4N)C5)cc3)CC2)CCN1[C@H]1C=Cc2cc(N3CCC(=O)NC3=O)ccc21,SMARCA2,,17.9,=,1,,AstraZeneca,WO2026120044,PGDB_AS001809,% Degradation,,standardized
PGDB_C029276,C[C@H]1CN(CC2(F)CCN(C(=O)c3ccc(N4C5CCC4CN(c4cc(-c6ccccc6O)nnc4N)C5)cc3)CC2)CC[C@@H]1n1cc(C2CC2)c2cc(N3CCC(=O)NC3=O)ccc21,SMARCA2,,19.900000000000002,=,1,,AstraZeneca,WO2026120044,PGDB_AS001809,% Degradation,,standardized
PGDB_C029276,C[C@H]1CN(CC2(F)CCN(C(=O)c3ccc(N4C5CCC4CN(c4cc(-c6ccccc6O)nnc4N)C5)cc3)CC2)CC[C@@H]1n1cc(C2CC2)c2cc(N3CCC(=O)NC3=O)ccc21,SMARCA4,,3333.0,>,0,,AstraZeneca,WO2026120044,PGDB_AS001309,% Degradation,,standardized
PGDB_C029287,C[C@H]1CN(CC2(F)CCN(C(=O)c3ccc(N4C5CCC4CN(c4cc(-c6ccccc6O)nnc4N)C5)cc3)CC2)CC[C@@H]1n1cc(C2CC2)c2cc(N3CCC(=O)NC3=O)cnc21,SMARCA2,,56.2,=,1,,AstraZeneca,WO2026120044,PGDB_AS001809,% Degradation,,standardized
PGDB_C029287,C[C@H]1CN(CC2(F)CCN(C(=O)c3ccc(N4C5CCC4CN(c4cc(-c6ccccc6O)nnc4N)C5)cc3)CC2)CC[C@@H]1n1cc(C2CC2)c2cc(N3CCC(=O)NC3=O)cnc21,SMARCA4,,3333.0,>,0,,AstraZeneca,WO2026120044,PGDB_AS001309,% Degradation,,standardized
PGDB_C029288,C[C@H]1CN(CC2(F)CCN(C(=O)c3ccc(N4C5CCC4CN(c4cc(-c6ccccc6O)nnc4N)C5)cc3)CC2)CC[C@H]1n1cc(C2CC2)c2cc(N3CCC(=O)NC3=O)cnc21,SMARCA2,,211.5,=,0,,AstraZeneca,WO2026120044,PGDB_AS001809,% Degradation,,standardized
PGDB_C029288,C[C@H]1CN(CC2(F)CCN(C(=O)c3ccc(N4C5CCC4CN(c4cc(-c6ccccc6O)nnc4N)C5)cc3)CC2)CC[C@H]1n1cc(C2CC2)c2cc(N3CCC(=O)NC3=O)cnc21,SMARCA4,,3333.0,>,0,,AstraZeneca,WO2026120044,PGDB_AS001309,% Degradation,,standardized
PGDB_C012075,C[C@H]1CN(Cc2ccc3occ(N4CCC(=O)NC4=O)c3c2)CCN1CC1CCN(c2ccc(C#N)cc2)CC1,WIZ,,59.7,=,1,HT-1080,Linkcure Therapeutics,WO2025256460A1,PGDB_AS000508,% Degradation,luminescence,standardized
PGDB_C012057,C[C@H]1CN(Cc2ccc3occ(N4CCC(=O)NC4=O)c3c2)CCN1CC1CCN(c2ccc(C#N)cn2)CC1,WIZ,,39.8,=,1,HT-1080,Linkcure Therapeutics,WO2025256460A1,PGDB_AS000508,% Degradation,luminescence,standardized
PGDB_C012074,C[C@H]1CN(Cc2ccc3occ(N4CCC(=O)NC4=O)c3c2)CCN1CC1CCN(c2ccc(Cl)cn2)CC1,WIZ,,85.7,=,1,HT-1080,Linkcure Therapeutics,WO2025256460A1,PGDB_AS000508,% Degradation,luminescence,standardized
PGDB_C012079,C[C@H]1CN(Cc2ccc3occ(N4CCC(=O)NC4=O)c3c2)CCN1CC1CCN(c2ccc(F)cc2F)CC1,WIZ,,197.0,=,0,HT-1080,Linkcure Therapeutics,WO2025256460A1,PGDB_AS000508,% Degradation,luminescence,standardized
PGDB_C012078,C[C@H]1CN(Cc2ccc3occ(N4CCC(=O)NC4=O)c3c2)CCN1CC1CCN(c2ccc(F)cn2)CC1,WIZ,,118.0,=,0,HT-1080,Linkcure Therapeutics,WO2025256460A1,PGDB_AS000508,% Degradation,luminescence,standardized
PGDB_C012077,C[C@H]1CN(Cc2ccc3occ(N4CCC(=O)NC4=O)c3c2)CCN1CC1CCN(c2ncc(Cl)cn2)CC1,WIZ,,92.1,=,1,HT-1080,Linkcure Therapeutics,WO2025256460A1,PGDB_AS000508,% Degradation,luminescence,standardized
PGDB_C012076,C[C@H]1CN(Cc2ccc3occ(N4CCC(=O)NC4=O)c3c2)CCN1CC1CCN(c2ncccn2)CC1,WIZ,,130.0,=,0,HT-1080,Linkcure Therapeutics,WO2025256460A1,PGDB_AS000508,% Degradation,luminescence,standardized
PGDB_C012081,C[C@H]1CN(Cc2ccc3onc(N4CCC(=O)NC4=O)c3c2)CCN1CC1CCN(c2ccc(C#N)cc2)CC1,WIZ,,119.0,=,0,HT-1080,Linkcure Therapeutics,WO2025256460A1,PGDB_AS000508,% Degradation,luminescence,standardized
PGDB_C012056,C[C@H]1CN(Cc2ccc3onc(N4CCC(=O)NC4=O)c3c2)CCN1CC1CCN(c2ccc(C#N)cn2)CC1,WIZ,,109.0,=,0,HT-1080,Linkcure Therapeutics,WO2025256460A1,PGDB_AS000508,% Degradation,luminescence,standardized
PGDB_C012080,C[C@H]1CN(Cc2ccc3onc(N4CCC(=O)NC4=O)c3c2)CCN1CC1CCN(c2ccc(Cl)cn2)CC1,WIZ,,183.0,=,0,HT-1080,Linkcure Therapeutics,WO2025256460A1,PGDB_AS000508,% Degradation,luminescence,standardized
PGDB_C012142,C[C@H]1CN(Cc2ccn3nc(F)c(N4CCC(=O)NC4=O)c3c2)CCN1C1CCC(c2ccn(C(F)F)n2)CC1,WIZ,,44.8,=,1,HT-1080,Linkcure Therapeutics,WO2025256460A1,PGDB_AS000508,% Degradation,luminescence,standardized
PGDB_C012141,C[C@H]1CN(Cc2ccn3nc(F)c(N4CCC(=O)NC4=O)c3c2)CCN1C1CCC(c2ccn(C)n2)CC1,WIZ,,43.3,=,1,HT-1080,Linkcure Therapeutics,WO2025256460A1,PGDB_AS000508,% Degradation,luminescence,standardized
PGDB_C012146,C[C@H]1CN(Cc2ccn3nc(F)c(N4CCC(=O)NC4=O)c3c2)CCN1C1CCN(c2ccc(C#N)cc2Cl)CC1,WIZ,,57.4,=,1,HT-1080,Linkcure Therapeutics,WO2025256460A1,PGDB_AS000508,% Degradation,luminescence,standardized
PGDB_C012143,C[C@H]1CN(Cc2ccn3nc(F)c(N4CCC(=O)NC4=O)c3c2)CCN1C1CCN(c2ccc(C#N)cc2F)CC1,WIZ,,54.4,=,1,HT-1080,Linkcure Therapeutics,WO2025256460A1,PGDB_AS000508,% Degradation,luminescence,standardized
PGDB_C012144,C[C@H]1CN(Cc2ccn3nc(F)c(N4CCC(=O)NC4=O)c3c2)CCN1C1CCN(c2ccc(F)cc2)CC1,WIZ,,54.4,=,1,HT-1080,Linkcure Therapeutics,WO2025256460A1,PGDB_AS000508,% Degradation,luminescence,standardized
PGDB_C012145,C[C@H]1CN(Cc2ccn3nc(F)c(N4CCC(=O)NC4=O)c3c2)CCN1C1CCN(c2ccc(F)cc2F)CC1,WIZ,,44.1,=,1,HT-1080,Linkcure Therapeutics,WO2025256460A1,PGDB_AS000508,% Degradation,luminescence,standardized
PGDB_C012101,C[C@H]1CN(Cc2ccn3nc(F)c(N4CCC(=O)NC4=O)c3c2)CCN1CC1CC2CCC(C1)N2c1ncccn1,WIZ,,24.0,=,1,HT-1080,Linkcure Therapeutics,WO2025256460A1,PGDB_AS000508,% Degradation,luminescence,standardized
PGDB_C012134,C[C@H]1CN(Cc2ccn3nc(F)c(N4CCC(=O)NC4=O)c3c2)CCN1CC1CCC(c2cc3n(n2)CCC3)CC1,WIZ,,57.4,=,1,HT-1080,Linkcure Therapeutics,WO2025256460A1,PGDB_AS000508,% Degradation,luminescence,standardized
PGDB_C012136,C[C@H]1CN(Cc2ccn3nc(F)c(N4CCC(=O)NC4=O)c3c2)CCN1CC1CCC(c2ccn(C(F)F)n2)CC1,WIZ,,30.4,=,1,HT-1080,Linkcure Therapeutics,WO2025256460A1,PGDB_AS000508,% Degradation,luminescence,standardized
PGDB_C012128,C[C@H]1CN(Cc2ccn3nc(F)c(N4CCC(=O)NC4=O)c3c2)CCN1CC1CCC(c2ccn(C)n2)CC1,WIZ,,13.7,=,1,HT-1080,Linkcure Therapeutics,WO2025256460A1,PGDB_AS000508,% Degradation,luminescence,standardized
PGDB_C012137,C[C@H]1CN(Cc2ccn3nc(F)c(N4CCC(=O)NC4=O)c3c2)CCN1CC1CCC(c2ccn(C3CC3)n2)CC1,WIZ,,6.7,=,1,HT-1080,Linkcure Therapeutics,WO2025256460A1,PGDB_AS000508,% Degradation,luminescence,standardized
PGDB_C012132,C[C@H]1CN(Cc2ccn3nc(F)c(N4CCC(=O)NC4=O)c3c2)CCN1CC1CCC(c2ccnn2C)CC1,WIZ,,40.1,=,1,HT-1080,Linkcure Therapeutics,WO2025256460A1,PGDB_AS000508,% Degradation,luminescence,standardized
PGDB_C012131,C[C@H]1CN(Cc2ccn3nc(F)c(N4CCC(=O)NC4=O)c3c2)CCN1CC1CCC(c2cnn(C)c2)CC1,WIZ,,19.9,=,1,HT-1080,Linkcure Therapeutics,WO2025256460A1,PGDB_AS000508,% Degradation,luminescence,standardized
PGDB_C012138,C[C@H]1CN(Cc2ccn3nc(F)c(N4CCC(=O)NC4=O)c3c2)CCN1CC1CCC(c2nn(C)cc2F)CC1,WIZ,,10.0,=,1,HT-1080,Linkcure Therapeutics,WO2025256460A1,PGDB_AS000508,% Degradation,luminescence,standardized
PGDB_C012150,C[C@H]1CN(Cc2ccn3nc(F)c(N4CCC(=O)NC4=O)c3c2)CCN1CC1CCC(n2cc(C(F)(F)F)cn2)CC1,WIZ,,7.2,=,1,HT-1080,Linkcure Therapeutics,WO2025256460A1,PGDB_AS000508,% Degradation,luminescence,standardized
PGDB_C012151,C[C@H]1CN(Cc2ccn3nc(F)c(N4CCC(=O)NC4=O)c3c2)CCN1CC1CCC(n2cc(Cl)cn2)CC1,WIZ,,40.2,=,1,HT-1080,Linkcure Therapeutics,WO2025256460A1,PGDB_AS000508,% Degradation,luminescence,standardized
PGDB_C012153,C[C@H]1CN(Cc2ccn3nc(F)c(N4CCC(=O)NC4=O)c3c2)CCN1CC1CCC(n2ccc(C(F)(F)F)n2)CC1,WIZ,,39.0,=,1,HT-1080,Linkcure Therapeutics,WO2025256460A1,PGDB_AS000508,% Degradation,luminescence,standardized
PGDB_C012152,C[C@H]1CN(Cc2ccn3nc(F)c(N4CCC(=O)NC4=O)c3c2)CCN1CC1CCC(n2ccc(C3CC3)n2)CC1,WIZ,,69.2,=,1,HT-1080,Linkcure Therapeutics,WO2025256460A1,PGDB_AS000508,% Degradation,luminescence,standardized
PGDB_C012157,C[C@H]1CN(Cc2ccn3nc(F)c(N4CCC(=O)NC4=O)c3c2)CCN1CC1CCN(C(=O)C2CC2)CC1,WIZ,,70.9,=,1,HT-1080,Linkcure Therapeutics,WO2025256460A1,PGDB_AS000508,% Degradation,luminescence,standardized
PGDB_C012159,C[C@H]1CN(Cc2ccn3nc(F)c(N4CCC(=O)NC4=O)c3c2)CCN1CC1CCN(C(=O)N(C)C)CC1,WIZ,,98.2,=,1,HT-1080,Linkcure Therapeutics,WO2025256460A1,PGDB_AS000508,% Degradation,luminescence,standardized
PGDB_C012126,C[C@H]1CN(Cc2ccn3nc(F)c(N4CCC(=O)NC4=O)c3c2)CCN1CC1CCN(c2cc(C(F)(F)F)n(C)n2)CC1,WIZ,,11.7,=,1,HT-1080,Linkcure Therapeutics,WO2025256460A1,PGDB_AS000508,% Degradation,luminescence,standardized
PGDB_C012111,C[C@H]1CN(Cc2ccn3nc(F)c(N4CCC(=O)NC4=O)c3c2)CCN1CC1CCN(c2cc(F)c(F)cc2F)CC1,WIZ,,34.8,=,1,HT-1080,Linkcure Therapeutics,WO2025256460A1,PGDB_AS000508,% Degradation,luminescence,standardized
PGDB_C012110,C[C@H]1CN(Cc2ccn3nc(F)c(N4CCC(=O)NC4=O)c3c2)CCN1CC1CCN(c2ccc(C#N)c(Cl)c2)CC1,WIZ,,22.3,=,1,HT-1080,Linkcure Therapeutics,WO2025256460A1,PGDB_AS000508,% Degradation,luminescence,standardized
PGDB_C012092,C[C@H]1CN(Cc2ccn3nc(F)c(N4CCC(=O)NC4=O)c3c2)CCN1CC1CCN(c2ccc(C#N)cc2)CC1,WIZ,,15.7,=,1,HT-1080,Linkcure Therapeutics,WO2025256460A1,PGDB_AS000508,% Degradation,luminescence,standardized
PGDB_C012109,C[C@H]1CN(Cc2ccn3nc(F)c(N4CCC(=O)NC4=O)c3c2)CCN1CC1CCN(c2ccc(C#N)cc2Cl)CC1,WIZ,,37.8,=,1,HT-1080,Linkcure Therapeutics,WO2025256460A1,PGDB_AS000508,% Degradation,luminescence,standardized
PGDB_C012091,C[C@H]1CN(Cc2ccn3nc(F)c(N4CCC(=O)NC4=O)c3c2)CCN1CC1CCN(c2ccc(C#N)cc2F)CC1,WIZ,,15.5,=,1,HT-1080,Linkcure Therapeutics,WO2025256460A1,PGDB_AS000508,% Degradation,luminescence,standardized
PGDB_C012089,C[C@H]1CN(Cc2ccn3nc(F)c(N4CCC(=O)NC4=O)c3c2)CCN1CC1CCN(c2ccc(C#N)cn2)CC1,WIZ,,16.6,=,1,HT-1080,Linkcure Therapeutics,WO2025256460A1,PGDB_AS000508,% Degradation,luminescence,standardized
PGDB_C012097,C[C@H]1CN(Cc2ccn3nc(F)c(N4CCC(=O)NC4=O)c3c2)CCN1CC1CCN(c2ccc(C#N)nc2)CC1,WIZ,,11.2,=,1,HT-1080,Linkcure Therapeutics,WO2025256460A1,PGDB_AS000508,% Degradation,luminescence,standardized
PGDB_C012113,C[C@H]1CN(Cc2ccn3nc(F)c(N4CCC(=O)NC4=O)c3c2)CCN1CC1CCN(c2ccc(C(F)(F)F)cc2F)CC1,WIZ,,29.5,=,1,HT-1080,Linkcure Therapeutics,WO2025256460A1,PGDB_AS000508,% Degradation,luminescence,standardized
PGDB_C012099,C[C@H]1CN(Cc2ccn3nc(F)c(N4CCC(=O)NC4=O)c3c2)CCN1CC1CCN(c2ccc(C(F)(F)F)cn2)CC1,WIZ,,22.7,=,1,HT-1080,Linkcure Therapeutics,WO2025256460A1,PGDB_AS000508,% Degradation,luminescence,standardized
PGDB_C012088,C[C@H]1CN(Cc2ccn3nc(F)c(N4CCC(=O)NC4=O)c3c2)CCN1CC1CCN(c2ccc(Cl)cn2)CC1,WIZ,,13.7,=,1,HT-1080,Linkcure Therapeutics,WO2025256460A1,PGDB_AS000508,% Degradation,luminescence,standardized
PGDB_C012094,C[C@H]1CN(Cc2ccn3nc(F)c(N4CCC(=O)NC4=O)c3c2)CCN1CC1CCN(c2ccc(F)cc2)CC1,WIZ,,10.7,=,1,HT-1080,Linkcure Therapeutics,WO2025256460A1,PGDB_AS000508,% Degradation,luminescence,standardized
PGDB_C012095,C[C@H]1CN(Cc2ccn3nc(F)c(N4CCC(=O)NC4=O)c3c2)CCN1CC1CCN(c2ccc(F)cc2F)CC1,WIZ,,22.6,=,1,HT-1080,Linkcure Therapeutics,WO2025256460A1,PGDB_AS000508,% Degradation,luminescence,standardized
PGDB_C012108,C[C@H]1CN(Cc2ccn3nc(F)c(N4CCC(=O)NC4=O)c3c2)CCN1CC1CCN(c2ccc3nn(C)cc3c2)CC1,WIZ,,21.9,=,1,HT-1080,Linkcure Therapeutics,WO2025256460A1,PGDB_AS000508,% Degradation,luminescence,standardized
PGDB_C012115,C[C@H]1CN(Cc2ccn3nc(F)c(N4CCC(=O)NC4=O)c3c2)CCN1CC1CCN(c2ccn(C)n2)CC1,WIZ,,32.9,=,1,HT-1080,Linkcure Therapeutics,WO2025256460A1,PGDB_AS000508,% Degradation,luminescence,standardized
PGDB_C012125,C[C@H]1CN(Cc2ccn3nc(F)c(N4CCC(=O)NC4=O)c3c2)CCN1CC1CCN(c2ccn(C3CC3)n2)CC1,WIZ,,17.1,=,1,HT-1080,Linkcure Therapeutics,WO2025256460A1,PGDB_AS000508,% Degradation,luminescence,standardized
PGDB_C012123,C[C@H]1CN(Cc2ccn3nc(F)c(N4CCC(=O)NC4=O)c3c2)CCN1CC1CCN(c2ccn(CC(F)(F)F)n2)CC1,WIZ,,53.6,=,1,HT-1080,Linkcure Therapeutics,WO2025256460A1,PGDB_AS000508,% Degradation,luminescence,standardized
PGDB_C012117,C[C@H]1CN(Cc2ccn3nc(F)c(N4CCC(=O)NC4=O)c3c2)CCN1CC1CCN(c2cscn2)CC1,WIZ,,33.6,=,1,HT-1080,Linkcure Therapeutics,WO2025256460A1,PGDB_AS000508,% Degradation,luminescence,standardized
PGDB_C012103,C[C@H]1CN(Cc2ccn3nc(F)c(N4CCC(=O)NC4=O)c3c2)CCN1CC1CCN(c2ncc(C(F)(F)F)cn2)CC1,WIZ,,9.8,=,1,HT-1080,Linkcure Therapeutics,WO2025256460A1,PGDB_AS000508,% Degradation,luminescence,standardized
PGDB_C012105,C[C@H]1CN(Cc2ccn3nc(F)c(N4CCC(=O)NC4=O)c3c2)CCN1CC1CCN(c2ncc(C3CC3)cn2)CC1,WIZ,,10.0,=,1,HT-1080,Linkcure Therapeutics,WO2025256460A1,PGDB_AS000508,% Degradation,luminescence,standardized
PGDB_C012090,C[C@H]1CN(Cc2ccn3nc(F)c(N4CCC(=O)NC4=O)c3c2)CCN1CC1CCN(c2ncc(Cl)cn2)CC1,WIZ,,10.3,=,1,HT-1080,Linkcure Therapeutics,WO2025256460A1,PGDB_AS000508,% Degradation,luminescence,standardized
PGDB_C012102,C[C@H]1CN(Cc2ccn3nc(F)c(N4CCC(=O)NC4=O)c3c2)CCN1CC1CCN(c2ncc(F)cn2)CC1,WIZ,,21.6,=,1,HT-1080,Linkcure Therapeutics,WO2025256460A1,PGDB_AS000508,% Degradation,luminescence,standardized
PGDB_C012093,C[C@H]1CN(Cc2ccn3nc(F)c(N4CCC(=O)NC4=O)c3c2)CCN1CC1CCN(c2ncccc2Cl)CC1,WIZ,,11.7,=,1,HT-1080,Linkcure Therapeutics,WO2025256460A1,PGDB_AS000508,% Degradation,luminescence,standardized
PGDB_C012096,C[C@H]1CN(Cc2ccn3nc(F)c(N4CCC(=O)NC4=O)c3c2)CCN1CC1CCN(c2ncccc2F)CC1,WIZ,,15.8,=,1,HT-1080,Linkcure Therapeutics,WO2025256460A1,PGDB_AS000508,% Degradation,luminescence,standardized
PGDB_C012087,C[C@H]1CN(Cc2ccn3nc(F)c(N4CCC(=O)NC4=O)c3c2)CCN1CC1CCN(c2ncccn2)CC1,WIZ,,20.1,=,1,HT-1080,Linkcure Therapeutics,WO2025256460A1,PGDB_AS000508,% Degradation,luminescence,standardized
PGDB_C012118,C[C@H]1CN(Cc2ccn3nc(F)c(N4CCC(=O)NC4=O)c3c2)CCN1CC1CCN(c2ncn(C)n2)CC1,WIZ,,28.3,=,1,HT-1080,Linkcure Therapeutics,WO2025256460A1,PGDB_AS000508,% Degradation,luminescence,standardized
PGDB_C012116,C[C@H]1CN(Cc2ccn3nc(F)c(N4CCC(=O)NC4=O)c3c2)CCN1CC1CCN(c2ncns2)CC1,WIZ,,17.5,=,1,HT-1080,Linkcure Therapeutics,WO2025256460A1,PGDB_AS000508,% Degradation,luminescence,standardized
PGDB_C012106,C[C@H]1CN(Cc2ccn3nc(F)c(N4CCC(=O)NC4=O)c3c2)CCN1C[C@@H]1[C@@H]2C[C@H]1CN(c1ncccn1)C2,WIZ,,11.9,=,1,HT-1080,Linkcure Therapeutics,WO2025256460A1,PGDB_AS000508,% Degradation,luminescence,standardized
PGDB_C012129,C[C@H]1CN(Cc2ccn3nc(F)c(N4CCC(=O)NC4=O)c3c2)CCN1C[C@H]1CC[C@@H](c2ccn(C)n2)CC1,WIZ,,15.9,=,1,HT-1080,Linkcure Therapeutics,WO2025256460A1,PGDB_AS000508,% Degradation,luminescence,standardized
PGDB_C012149,C[C@H]1CN(Cc2ccn3nc(F)c(N4CCC(=O)NC4=O)c3c2)CCN1C[C@H]1CC[C@@H](n2cc(F)cn2)CC1,WIZ,,39.8,=,1,HT-1080,Linkcure Therapeutics,WO2025256460A1,PGDB_AS000508,% Degradation,luminescence,standardized
PGDB_C012130,C[C@H]1CN(Cc2ccn3nc(F)c(N4CCC(=O)NC4=O)c3c2)CCN1C[C@H]1CC[C@H](c2ccn(C)n2)CC1,WIZ,,26.5,=,1,HT-1080,Linkcure Therapeutics,WO2025256460A1,PGDB_AS000508,% Degradation,luminescence,standardized
PGDB_C012133,C[C@H]1CN(Cc2ccn3nc(F)c(N4CCC(=O)NC4=O)c3c2)CCN1C[C@H]1CC[C@H](c2ccnn2C)CC1,WIZ,,2.4,=,1,HT-1080,Linkcure Therapeutics,WO2025256460A1,PGDB_AS000508,% Degradation,luminescence,standardized
PGDB_C012148,C[C@H]1CN(Cc2ccn3nc(F)c(N4CCC(=O)NC4=O)c3c2)CCN1C[C@H]1CC[C@H](n2cc(F)cn2)CC1,WIZ,,41.8,=,1,HT-1080,Linkcure Therapeutics,WO2025256460A1,PGDB_AS000508,% Degradation,luminescence,standardized
PGDB_C012107,C[C@H]1CN(Cc2ccn3nc(F)c(N4CCC(=O)NC4=O)c3c2)CCN1C[C@H]1[C@@H]2C[C@H]1CN(c1ncccn1)C2,WIZ,,9.6,=,1,HT-1080,Linkcure Therapeutics,WO2025256460A1,PGDB_AS000508,% Degradation,luminescence,standardized
PGDB_C012065,C[C@H]1CN(Cc2ccn3ncc(N4CCC(=O)NC4=O)c3c2)CCN1CC1CCN(c2cc(Cl)ccn2)CC1,WIZ,,98.9,=,1,HT-1080,Linkcure Therapeutics,WO2025256460A1,PGDB_AS000508,% Degradation,luminescence,standardized
PGDB_C012059,C[C@H]1CN(Cc2ccn3ncc(N4CCC(=O)NC4=O)c3c2)CCN1CC1CCN(c2ccc(C#N)c(F)c2)CC1,WIZ,,112.0,=,0,HT-1080,Linkcure Therapeutics,WO2025256460A1,PGDB_AS000508,% Degradation,luminescence,standardized
PGDB_C012052,C[C@H]1CN(Cc2ccn3ncc(N4CCC(=O)NC4=O)c3c2)CCN1CC1CCN(c2ccc(C#N)cc2)CC1,WIZ,,47.8,=,1,HT-1080,Linkcure Therapeutics,WO2025256460A1,PGDB_AS000508,% Degradation,luminescence,standardized
PGDB_C012045,C[C@H]1CN(Cc2ccn3ncc(N4CCC(=O)NC4=O)c3c2)CCN1CC1CCN(c2ccc(C#N)cc2F)CC1,WIZ,,113.0,=,0,HT-1080,Linkcure Therapeutics,WO2025256460A1,PGDB_AS000508,% Degradation,luminescence,standardized
PGDB_C012047,C[C@H]1CN(Cc2ccn3ncc(N4CCC(=O)NC4=O)c3c2)CCN1CC1CCN(c2ccc(C#N)cn2)CC1,WIZ,,49.4,=,1,HT-1080,Linkcure Therapeutics,WO2025256460A1,PGDB_AS000508,% Degradation,luminescence,standardized
PGDB_C012054,C[C@H]1CN(Cc2ccn3ncc(N4CCC(=O)NC4=O)c3c2)CCN1CC1CCN(c2ccc(C#N)nc2)CC1,WIZ,,107.0,=,0,HT-1080,Linkcure Therapeutics,WO2025256460A1,PGDB_AS000508,% Degradation,luminescence,standardized
PGDB_C012048,C[C@H]1CN(Cc2ccn3ncc(N4CCC(=O)NC4=O)c3c2)CCN1CC1CCN(c2ccc(Cl)c(F)c2)CC1,WIZ,,93.1,=,1,HT-1080,Linkcure Therapeutics,WO2025256460A1,PGDB_AS000508,% Degradation,luminescence,standardized
PGDB_C012061,C[C@H]1CN(Cc2ccn3ncc(N4CCC(=O)NC4=O)c3c2)CCN1CC1CCN(c2ccc(Cl)cc2)CC1,WIZ,,125.0,=,0,HT-1080,Linkcure Therapeutics,WO2025256460A1,PGDB_AS000508,% Degradation,luminescence,standardized
PGDB_C012050,C[C@H]1CN(Cc2ccn3ncc(N4CCC(=O)NC4=O)c3c2)CCN1CC1CCN(c2ccc(Cl)cc2F)CC1,WIZ,,79.4,=,1,HT-1080,Linkcure Therapeutics,WO2025256460A1,PGDB_AS000508,% Degradation,luminescence,standardized
PGDB_C012053,C[C@H]1CN(Cc2ccn3ncc(N4CCC(=O)NC4=O)c3c2)CCN1CC1CCN(c2ccc(Cl)cn2)CC1,WIZ,,33.8,=,1,HT-1080,Linkcure Therapeutics,WO2025256460A1,PGDB_AS000508,% Degradation,luminescence,standardized
PGDB_C012049,C[C@H]1CN(Cc2ccn3ncc(N4CCC(=O)NC4=O)c3c2)CCN1CC1CCN(c2ccc(F)c(Cl)c2)CC1,WIZ,,112.0,=,0,HT-1080,Linkcure Therapeutics,WO2025256460A1,PGDB_AS000508,% Degradation,luminescence,standardized
PGDB_C012046,C[C@H]1CN(Cc2ccn3ncc(N4CCC(=O)NC4=O)c3c2)CCN1CC1CCN(c2ccc(F)cc2)CC1,WIZ,,112.0,=,0,HT-1080,Linkcure Therapeutics,WO2025256460A1,PGDB_AS000508,% Degradation,luminescence,standardized
PGDB_C012064,C[C@H]1CN(Cc2ccn3ncc(N4CCC(=O)NC4=O)c3c2)CCN1CC1CCN(c2ccc(F)cc2F)CC1,WIZ,,248.0,=,0,HT-1080,Linkcure Therapeutics,WO2025256460A1,PGDB_AS000508,% Degradation,luminescence,standardized
PGDB_C012051,C[C@H]1CN(Cc2ccn3ncc(N4CCC(=O)NC4=O)c3c2)CCN1CC1CCN(c2ccc(F)cn2)CC1,WIZ,,57.4,=,1,HT-1080,Linkcure Therapeutics,WO2025256460A1,PGDB_AS000508,% Degradation,luminescence,standardized
PGDB_C012073,C[C@H]1CN(Cc2ccn3ncc(N4CCC(=O)NC4=O)c3c2)CCN1CC1CCN(c2cccnn2)CC1,WIZ,,426.0,=,0,HT-1080,Linkcure Therapeutics,WO2025256460A1,PGDB_AS000508,% Degradation,luminescence,standardized
PGDB_C012055,C[C@H]1CN(Cc2ccn3ncc(N4CCC(=O)NC4=O)c3c2)CCN1CC1CCN(c2ccncc2F)CC1,WIZ,,98.8,=,1,HT-1080,Linkcure Therapeutics,WO2025256460A1,PGDB_AS000508,% Degradation,luminescence,standardized
PGDB_C012068,C[C@H]1CN(Cc2ccn3ncc(N4CCC(=O)NC4=O)c3c2)CCN1CC1CCN(c2ccncn2)CC1,WIZ,,854.0,=,0,HT-1080,Linkcure Therapeutics,WO2025256460A1,PGDB_AS000508,% Degradation,luminescence,standardized
PGDB_C012069,C[C@H]1CN(Cc2ccn3ncc(N4CCC(=O)NC4=O)c3c2)CCN1CC1CCN(c2cnccn2)CC1,WIZ,,224.0,=,0,HT-1080,Linkcure Therapeutics,WO2025256460A1,PGDB_AS000508,% Degradation,luminescence,standardized
PGDB_C012063,C[C@H]1CN(Cc2ccn3ncc(N4CCC(=O)NC4=O)c3c2)CCN1CC1CCN(c2ncc(Cl)cn2)CC1,WIZ,,130.0,=,0,HT-1080,Linkcure Therapeutics,WO2025256460A1,PGDB_AS000508,% Degradation,luminescence,standardized
PGDB_C012062,C[C@H]1CN(Cc2ccn3ncc(N4CCC(=O)NC4=O)c3c2)CCN1CC1CCN(c2ncccn2)CC1,WIZ,,143.0,=,0,HT-1080,Linkcure Therapeutics,WO2025256460A1,PGDB_AS000508,% Degradation,luminescence,standardized
PGDB_C012070,C[C@H]1CN(Cc2ccn3ncc(N4CCC(=O)NC4=O)c3c2)CCN1CC1CCN(c2nccs2)CC1,WIZ,,51.7,=,1,HT-1080,Linkcure Therapeutics,WO2025256460A1,PGDB_AS000508,% Degradation,luminescence,standardized
PGDB_C012114,C[C@H]1CN(Cc2cnn3nc(F)c(N4CCC(=O)NC4=O)c3c2)CCN1CC1CCN(c2ccc3c(cnn3C)c2)CC1,WIZ,,24.9,=,1,HT-1080,Linkcure Therapeutics,WO2025256460A1,PGDB_AS000508,% Degradation,luminescence,standardized
PGDB_C026955,C[C@H]1CN(c2cc(-c3ccccc3O)nnc2N)CCN1c1ccnc(C#CCNC(=O)c2cc3ncccn3n2)n1,SMARCA4,,50.0,<,1,HeLa,Plexium,WO2023244806A1,PGDB_AS000073,% Degradation,luminescence,standardized
PGDB_C026960,C[C@H]1CN(c2ccnc(C#CCN)n2)CCN1c1cc(-c2ccccc2O)nnc1N,SMARCA2,,500.0,>=,0,HeLa,Plexium,WO2023244806A1,PGDB_AS002237,% Degradation,luminescence,standardized
PGDB_C026960,C[C@H]1CN(c2ccnc(C#CCN)n2)CCN1c1cc(-c2ccccc2O)nnc1N,SMARCA4,,5000.0,>,0,HeLa,Plexium,WO2023244806A1,PGDB_AS000073,% Degradation,luminescence,standardized
PGDB_C027191,C[C@H]1CN(c2ccnc(C#CCN3CCCCC3)n2)CCN1c1cc(-c2ccccc2O)nnc1N,SMARCA2,,50.0,<,1,HeLa,Plexium,WO2023244806A1,PGDB_AS002237,% Degradation,luminescence,standardized
PGDB_C027191,C[C@H]1CN(c2ccnc(C#CCN3CCCCC3)n2)CCN1c1cc(-c2ccccc2O)nnc1N,SMARCA4,,50.0,<,1,HeLa,Plexium,WO2023244806A1,PGDB_AS000073,% Degradation,luminescence,standardized
PGDB_C026891,C[C@H]1CN(c2ccnc(C#CCNC(=O)c3cc4ncccn4n3)n2)C[C@H](C)N1c1cc(-c2ccccc2O)nnc1N,SMARCA2,,500.0,>=,0,HeLa,Plexium,WO2023244806A1,PGDB_AS002237,% Degradation,luminescence,standardized
PGDB_C026891,C[C@H]1CN(c2ccnc(C#CCNC(=O)c3cc4ncccn4n3)n2)C[C@H](C)N1c1cc(-c2ccccc2O)nnc1N,SMARCA4,,500.0,>=,0,HeLa,Plexium,WO2023244806A1,PGDB_AS000073,% Degradation,luminescence,standardized
PGDB_C027165,C[C@H]1CN(c2ccnc(C#CCn3ccnc3)n2)CCN1c1cc(-c2ccccc2O)nnc1N,SMARCA4,,50.0,<,1,HeLa,Plexium,WO2023244806A1,PGDB_AS000073,% Degradation,luminescence,standardized
PGDB_C027188,C[C@H]1COCCN1CC#Cc1nccc(N2CCCN(c3cc(-c4ccccc4O)nnc3N)CC2)n1,SMARCA4,,500.0,>=,0,HeLa,Plexium,WO2023244806A1,PGDB_AS000073,% Degradation,luminescence,standardized
PGDB_C031191,C[C@H]1OCc2cccc(=O)n2-c2ccc(Br)cc21,VAV1,,5.4,=,1,Jurkat,Jiangsu Hengrui Pharmaceuticals Co Ltd;Shanghai Hengrui Pharmaceutical,WO2026098493A1,PGDB_AS002075,% Degradation,luminescence,standardized
PGDB_C026003,C[C@](O)(CN(Cc1ccccc1)c1ccc(C#N)cc1)C(=O)Nc1ccc(C#N)c(C(F)(F)F)c1,CDK2,,10.0,=,1,HEK293T,Plexium,WO2026064643A1,PGDB_AS001728,% Degradation,luminescence,standardized
PGDB_C026001,C[C@](O)(CNc1ccc(C#N)c(-c2ccccc2)c1)C(=O)Nc1ccc(C#N)c(C(F)(F)F)c1,CDK2,,28.18382931264455,=,1,HEK293T,Plexium,WO2026064643A1,PGDB_AS001728,% Degradation,luminescence,standardized
PGDB_C026001,C[C@](O)(CNc1ccc(C#N)c(-c2ccccc2)c1)C(=O)Nc1ccc(C#N)c(C(F)(F)F)c1,SMARCA2,,500.0,>=,0,HeLa,Plexium,WO2025101944,PGDB_AS000900,% Degradation,luminescence,standardized
PGDB_C026001,C[C@](O)(CNc1ccc(C#N)c(-c2ccccc2)c1)C(=O)Nc1ccc(C#N)c(C(F)(F)F)c1,SMARCA4,,5000.0,>,0,HeLa,Plexium,WO2025101944,PGDB_AS000431,% Degradation,luminescence,standardized
PGDB_C025999,C[C@](O)(CNc1ccc(C#N)cc1)C(=O)Nc1ccc(C#N)c(C(F)(F)F)c1,CDK2,,3.019951720402019,=,1,HEK293T,Plexium,WO2026064643A1,PGDB_AS001728,% Degradation,luminescence,standardized
PGDB_C025999,C[C@](O)(CNc1ccc(C#N)cc1)C(=O)Nc1ccc(C#N)c(C(F)(F)F)c1,SMARCA2,,500.0,>=,0,HeLa,Plexium,WO2025101944,PGDB_AS000900,% Degradation,luminescence,standardized
PGDB_C025999,C[C@](O)(CNc1ccc(C#N)cc1)C(=O)Nc1ccc(C#N)c(C(F)(F)F)c1,SMARCA4,,5000.0,>,0,HeLa,Plexium,WO2025101944,PGDB_AS000431,% Degradation,luminescence,standardized
PGDB_C011110,C[C@](O)(CNc1ccc(C#N)cc1-c1ccccc1)C(=O)Nc1ccc(C#N)c(C(F)(F)F)c1,CDK2,,12.02264434617413,=,1,HEK293T,Plexium,WO2026064643A1,PGDB_AS001728,% Degradation,luminescence,standardized
PGDB_C011110,C[C@](O)(CNc1ccc(C#N)cc1-c1ccccc1)C(=O)Nc1ccc(C#N)c(C(F)(F)F)c1,SMARCA2,,500.0,>=,0,HeLa,Plexium,WO2025101944,PGDB_AS000900,% Degradation,luminescence,standardized
PGDB_C011110,C[C@](O)(CNc1ccc(C#N)cc1-c1ccccc1)C(=O)Nc1ccc(C#N)c(C(F)(F)F)c1,SMARCA4,,5000.0,>,0,HeLa,Plexium,WO2025101944,PGDB_AS000431,% Degradation,luminescence,standardized
PGDB_C007571,C[C@]12CC[C@H](NC(=O)c3cccnc3)CC1=CCC1C2CC[C@]2(C)C(c3cccnc3)=CCC12,AR,,2870.0,=,0,LNCaP,Shanghai Institute Of Materia Medica Of Cas,EP4461736A1,PGDB_AS000970,% Degradation,,standardized
PGDB_C007576,C[C@]12CC[C@H](NC(=O)c3ccncc3)CC1=CCC1C2CC[C@]2(C)C(n3ccnc3)=CCC12,AR,,1980.0,=,0,LNCaP,Shanghai Institute Of Materia Medica Of Cas,EP4461736A1,PGDB_AS000970,% Degradation,,standardized
PGDB_C007572,C[C@]12CC[C@H](NC(=O)c3ccncc3)CC1=CCC1C2CC[C@]2(C)C(n3cnc4ccccc43)=CCC12,AR,,3760.0,=,0,LNCaP,Shanghai Institute Of Materia Medica Of Cas,EP4461736A1,PGDB_AS000970,% Degradation,,standardized
PGDB_C007573,C[C@]12CC[C@H](NC(=O)c3ccnnc3)CC1=CCC1C2CC[C@]2(C)C(c3cncnc3)=CCC12,AR,,4250.0,=,0,LNCaP,Shanghai Institute Of Materia Medica Of Cas,EP4461736A1,PGDB_AS000970,% Degradation,,standardized
PGDB_C007575,C[C@]12CC[C@H](NC(=O)c3ccnnc3)CC1=CCC1C2CC[C@]2(C)C(n3ccnc3)=CCC12,AR,,2760.0,=,0,LNCaP,Shanghai Institute Of Materia Medica Of Cas,EP4461736A1,PGDB_AS000970,% Degradation,,standardized
PGDB_C007578,C[C@]12CC[C@H](NC(=O)c3ccnnc3)CC1=CCC1C2CC[C@]2(C)C(n3cnc([N+](=O)[O-])c3)=CCC12,AR,,3310.0,=,0,LNCaP,Shanghai Institute Of Materia Medica Of Cas,EP4461736A1,PGDB_AS000970,% Degradation,,standardized
PGDB_C009986,C[C@]12COc3cc(C#N)ccc3N1CCN(Cc1ccc(COc3cccc4c3CN([C@H]3CCC(=O)NC3=O)C4=O)cc1)C2,IKZF1,CRBN,0.042,=,1,HT-1080,Hangzhou Glubio Pharmaceutical,WO2023025136A1,PGDB_AS001276,% Degradation,luminescence,standardized
PGDB_C009986,C[C@]12COc3cc(C#N)ccc3N1CCN(Cc1ccc(COc3cccc4c3CN([C@H]3CCC(=O)NC3=O)C4=O)cc1)C2,SALL4,,2.2,=,1,HT-1080,Hangzhou Glubio Pharmaceutical,WO2023025136A1,PGDB_AS001426,% Degradation,luminescence,standardized
PGDB_C003439,Cc1[nH]nc(-c2ccc3c(c2)CN(C2CCC(=O)NC2=O)C3=O)c1-c1ccccc1,CSNK1A1,,25.0,<,1,HEK293,Innovo Therapeutics,EP4584259A1,PGDB_AS001103,% Degradation,,standardized
PGDB_C003439,Cc1[nH]nc(-c2ccc3c(c2)CN(C2CCC(=O)NC2=O)C3=O)c1-c1ccccc1,GSPT1,,25.0,<,1,HEK293,Innovo Therapeutics,EP4584259A1,PGDB_AS001862,% Degradation,luminescence,standardized
PGDB_C003660,Cc1c(-c2c(-c3ccc4c(c3)CN(C3CCC(=O)NC3=O)C4=O)cnn2C)cnn1-c1ccccc1,GSPT1,,25.0,<,1,HEK293,Innovo Therapeutics,EP4584259A1,PGDB_AS001862,% Degradation,luminescence,standardized
PGDB_C003497,Cc1c(-c2c(-c3ccc4c(c3)CN(C3CCC(=O)NC3=O)C4=O)ncn2C)cnn1-c1ccccc1,CSNK1A1,,25.0,<,1,HEK293,Innovo Therapeutics,EP4584259A1,PGDB_AS001103,% Degradation,,standardized
PGDB_C004047,Cc1c(-c2c(-c3ccc4c(c3)CN(C3CCC(=O)NC3=O)C4=O)ncn2C)cnn1C,CSNK1A1,,25.0,<,1,HEK293,Innovo Therapeutics,EP4584259A1,PGDB_AS001103,% Degradation,,standardized
PGDB_C004047,Cc1c(-c2c(-c3ccc4c(c3)CN(C3CCC(=O)NC3=O)C4=O)ncn2C)cnn1C,GSPT1,,25.0,<,1,HEK293,Innovo Therapeutics,EP4584259A1,PGDB_AS001862,% Degradation,luminescence,standardized
PGDB_C004062,Cc1c(-c2ccc3c(c2)CN(C2CCC(=O)NC2=O)C3=O)nc(-c2ccccc2)n1C,CSNK1A1,,25.0,<,1,HEK293,Innovo Therapeutics,EP4584259A1,PGDB_AS001103,% Degradation,,standardized
PGDB_C003912,Cc1c(-c2ccc3c(c2)CN(C2CCC(=O)NC2=O)C3=O)nc(C2CCOCC2)n1C,CSNK1A1,,25.0,<,1,HEK293,Innovo Therapeutics,EP4584259A1,PGDB_AS001103,% Degradation,,standardized
PGDB_C003912,Cc1c(-c2ccc3c(c2)CN(C2CCC(=O)NC2=O)C3=O)nc(C2CCOCC2)n1C,GSPT1,,25.0,<,1,HEK293,Innovo Therapeutics,EP4584259A1,PGDB_AS001862,% Degradation,luminescence,standardized
PGDB_C003817,Cc1c(-c2ccc3c(c2)CN(C2CCC(=O)NC2=O)C3=O)nn(C)c1-c1ccccc1,CSNK1A1,,25.0,<,1,HEK293,Innovo Therapeutics,EP4584259A1,PGDB_AS001103,% Degradation,,standardized
PGDB_C003445,Cc1c(-c2ccccc2)c(-c2ccc3c(c2)CN(C2CCC(=O)NC2=O)C3=O)nn1C,CSNK1A1,,25.0,<,1,HEK293,Innovo Therapeutics,EP4584259A1,PGDB_AS001103,% Degradation,,standardized
PGDB_C025474,Cc1c(C(=O)N2C3CC(c4ccc5c(c4)CN(C4CCC(=O)NC4=O)C5=O)CC2C3)[nH]c2cc(Cl)ccc12,IKZF2,,100.0,<=,1,Jurkat,Korea Research Institute Of Chemical Technology Krict;Korea Research Institute Of Bioscience And Biotechnology Kribb,EP4660193A1,PGDB_AS001105,% Degradation,,manual_curated
PGDB_C025503,Cc1c(C(=O)N2CCC(c3ccc4c(c3)C(=O)N(C3CCC(=O)NC3=O)C4=O)CC2)[nH]c2cc([N+](=O)[O-])ccc12,IKZF2,,100.0,<=,1,Jurkat,Korea Research Institute Of Chemical Technology Krict;Korea Research Institute Of Bioscience And Biotechnology Kribb,EP4660193A1,PGDB_AS001105,% Degradation,,manual_curated
PGDB_C025506,Cc1c(C(=O)N2CCC(c3ccc4c(c3)CN(C3CCC(=O)NC3=O)C4=O)CC2)[nH]c2c(F)c(Cl)ccc12,IKZF2,,100.0,<=,1,Jurkat,Korea Research Institute Of Chemical Technology Krict;Korea Research Institute Of Bioscience And Biotechnology Kribb,EP4660193A1,PGDB_AS001105,% Degradation,,manual_curated
PGDB_C025468,Cc1c(C(=O)N2CCC(c3ccc4c(c3)CN(C3CCC(=O)NC3=O)C4=O)CC2)[nH]c2cc(C#N)ccc12,IKZF2,,100.0,<=,1,Jurkat,Korea Research Institute Of Chemical Technology Krict;Korea Research Institute Of Bioscience And Biotechnology Kribb,EP4660193A1,PGDB_AS001105,% Degradation,,manual_curated
PGDB_C025508,Cc1c(C(=O)N2CCC(c3ccc4c(c3)CN(C3CCC(=O)NC3=O)C4=O)CC2)[nH]c2cc(Cl)c(O)cc12,IKZF2,,100.0,<=,1,Jurkat,Korea Research Institute Of Chemical Technology Krict;Korea Research Institute Of Bioscience And Biotechnology Kribb,EP4660193A1,PGDB_AS001105,% Degradation,,manual_curated
PGDB_C025511,Cc1c(C(=O)N2CCC(c3ccc4c(c3)CN(C3CCC(=O)NC3=O)C4=O)CC2)[nH]c2cc(N3CCOCC3)ccc12,IKZF2,,100.0,<=,1,Jurkat,Korea Research Institute Of Chemical Technology Krict;Korea Research Institute Of Bioscience And Biotechnology Kribb,EP4660193A1,PGDB_AS001105,% Degradation,,manual_curated
PGDB_C025496,Cc1c(C(=O)N2CCC(c3ccc4c(c3)CN(C3CCC(=O)NC3=O)C4=O)CC2)[nH]c2cc([N+](=O)[O-])c(O)cc12,IKZF2,,100.0,<=,1,Jurkat,Korea Research Institute Of Chemical Technology Krict;Korea Research Institute Of Bioscience And Biotechnology Kribb,EP4660193A1,PGDB_AS001105,% Degradation,,manual_curated
PGDB_C025476,Cc1c(C(=O)N2CCC(c3ccc4c(c3)CN(C3CCC(=O)NC3=O)C4=O)CC2C)[nH]c2cc(Cl)ccc12,IKZF2,,100.0,<=,1,Jurkat,Korea Research Institute Of Chemical Technology Krict;Korea Research Institute Of Bioscience And Biotechnology Kribb,EP4660193A1,PGDB_AS001105,% Degradation,,manual_curated
PGDB_C025527,Cc1c(C(=O)N2CCC(c3ccc4c(c3F)CN(C3CCC(=O)NC3=O)C4=O)CC2)[nH]c2cc(C#N)c(F)cc12,IKZF2,,100.0,<=,1,Jurkat,Korea Research Institute Of Chemical Technology Krict;Korea Research Institute Of Bioscience And Biotechnology Kribb,EP4660193A1,PGDB_AS001105,% Degradation,,manual_curated
PGDB_C025526,Cc1c(C(=O)N2CCC(c3ccc4c(c3F)CN(C3CCC(=O)NC3=O)C4=O)CC2)[nH]c2cc(Cl)c(C#N)cc12,IKZF2,,100.0,<=,1,Jurkat,Korea Research Institute Of Chemical Technology Krict;Korea Research Institute Of Bioscience And Biotechnology Kribb,EP4660193A1,PGDB_AS001105,% Degradation,,manual_curated
PGDB_C025523,Cc1c(C(=O)N2CCC(c3ccc4c(c3F)CN(C3CCC(=O)NC3=O)C4=O)CC2)[nH]c2cc(N3CCOCC3)ccc12,IKZF2,,100.0,<=,1,Jurkat,Korea Research Institute Of Chemical Technology Krict;Korea Research Institute Of Bioscience And Biotechnology Kribb,EP4660193A1,PGDB_AS001105,% Degradation,,manual_curated
PGDB_C027012,Cc1c(C(=O)NCC#Cc2nc(N(C)C)cc(N3CCCN(c4cc(-c5ccccc5O)nnc4N)CC3)n2)nn(C)c1C,SMARCA2,,500.0,>=,0,HeLa,Plexium,WO2023244806A1,PGDB_AS002237,% Degradation,luminescence,standardized
PGDB_C027012,Cc1c(C(=O)NCC#Cc2nc(N(C)C)cc(N3CCCN(c4cc(-c5ccccc5O)nnc4N)CC3)n2)nn(C)c1C,SMARCA4,,500.0,>=,0,HeLa,Plexium,WO2023244806A1,PGDB_AS000073,% Degradation,luminescence,standardized
PGDB_C026884,Cc1c(C(=O)NCC#Cc2nccc(N3CCN(c4cc(-c5ccccc5O)nnc4N)CC3)n2)nn(C)c1C,SMARCA4,,50.0,<,1,HeLa,Plexium,WO2023244806A1,PGDB_AS000073,% Degradation,luminescence,standardized
PGDB_C029229,Cc1c(C)n(C2CCN(CC3(F)CCN(C(=O)c4ccc(N5C6CCC5CN(c5cc(-c7ccccc7O)nnc5N)C6)cc4)CC3)CC2)c2ccc(N3CCC(=O)NC3=O)cc12,SMARCA2,,733.9,=,0,,AstraZeneca,WO2026120044,PGDB_AS001809,% Degradation,,standardized
PGDB_C010611,Cc1c(C2C[C@@H]3COC[C@@H](C2)N3C(=O)/C=C/CN2CCCCC2)[nH]c2nnc(-c3ccccc3O)cc12,SMARCA4,,500.0,>=,0,HeLa,Plexium,WO2025101944,PGDB_AS000431,% Degradation,luminescence,standardized
PGDB_C000488,Cc1c(Cl)cc(N)cc1CN1CCN(C)CC1,GSPT1,,220.6,=,0,U937,Livzon Pharmaceutical Group;Jinan University,CN117917402A,PGDB_AS002566,% Degradation,Western_blot,standardized
PGDB_C000491,Cc1c(Cl)cc(NC(=O)CCc2ccc3c(c2)C(=O)N(C2CCC(=O)NC2=O)C3)cc1CN1CC(O)C1,GSPT1,,244.1,=,0,U937,Livzon Pharmaceutical Group;Jinan University,CN117917402A,PGDB_AS002566,% Degradation,Western_blot,standardized
PGDB_C000487,Cc1c(Cl)cc(NC(=O)CCc2ccc3c(c2)C(=O)N(C2CCC(=O)NC2=O)C3)cc1CN1CC2(COC2)C1,GSPT1,,86.4,=,1,U937,Livzon Pharmaceutical Group;Jinan University,CN117917402A,PGDB_AS002566,% Degradation,Western_blot,standardized
PGDB_C000485,Cc1c(Cl)cc(NC(=O)CCc2ccc3c(c2)C(=O)N(C2CCC(=O)NC2=O)C3)cc1CN1CCC(N2CCOCC2)CC1,GSPT1,,176.3,=,0,U937,Livzon Pharmaceutical Group;Jinan University,CN117917402A,PGDB_AS002566,% Degradation,Western_blot,standardized
PGDB_C000518,Cc1c(Cl)cc(NC(=O)CCc2ccc3c(c2)C(=O)N(C2CCC(=O)NC2=O)C3)cc1CN1CCOCC1,GSPT1,,48.0,=,1,U937,Livzon Pharmaceutical Group;Jinan University,CN117917402A,PGDB_AS002566,% Degradation,Western_blot,standardized
PGDB_C001869,Cc1c(Cl)cc(NC(=O)NCc2ccc3c(C4CCC(=O)NC4=O)coc3c2)cc1OCCN1CCOCC1,GSPT1,,1.94,=,1,HEK293T,Medshine Discovery,WO2023001028A1,PGDB_AS002023,% Degradation,luminescence,standardized
PGDB_C001870,Cc1c(Cl)cc(NC(=O)NCc2ccc3c(C4CCC(=O)NC4=O)noc3c2)cc1OCCN1CCOCC1,GSPT1,,1.18,=,1,HEK293T,Medshine Discovery,WO2023001028A1,PGDB_AS002023,% Degradation,luminescence,standardized
PGDB_C019545,Cc1c(Cl)cccc1S(=O)(=O)Nc1ccc2c(c1)C(=O)N(C1CCC(=O)NC1=O)C2=O,GSPT1,,10000.0,>,0,HEK293,Cyrus Therapeutics;Wooseok Han;Joonwoo Nam;Min Sung Joo;Dong Hyuk Ki;Kim Eun Jung;Jaeyung Lee,IL323841A,PGDB_AS000381,% Degradation,luminescence,standardized
PGDB_C008168,Cc1c(F)ccc(S(=O)(=O)Nc2ccc3c(c2)C(=O)N(C2CCC(=O)NC2=O)C3=O)c1Br,GSPT1,,104.0,=,0,HEK293,Cyrus Therapeutics;Wooseok Han;Joonwoo Nam;Min Sung Joo;Dong Hyuk Ki;Kim Eun Jung;Jaeyung Lee,IL323841A,PGDB_AS000381,% Degradation,luminescence,standardized
PGDB_C008155,Cc1c(F)ccc(S(=O)(=O)Nc2ccc3c(c2)C(=O)N(C2CCC(=O)NC2=O)C3=O)c1C,GSPT1,,6140.0,=,0,HEK293,Cyrus Therapeutics;Wooseok Han;Joonwoo Nam;Min Sung Joo;Dong Hyuk Ki;Kim Eun Jung;Jaeyung Lee,IL323841A,PGDB_AS000381,% Degradation,luminescence,standardized
PGDB_C008153,Cc1c(F)ccc(S(=O)(=O)Nc2ccc3c(c2)C(=O)N(C2CCC(=O)NC2=O)C3=O)c1Cl,GSPT1,,129.0,=,0,HEK293,Cyrus Therapeutics;Wooseok Han;Joonwoo Nam;Min Sung Joo;Dong Hyuk Ki;Kim Eun Jung;Jaeyung Lee,IL323841A,PGDB_AS000381,% Degradation,luminescence,standardized
PGDB_C008164,Cc1c(F)ccc(S(=O)(=O)Nc2ccc3c(c2)C(=O)N(C2CCC(=O)NC2=O)C3=O)c1OC(F)(F)F,GSPT1,,399.0,=,0,HEK293,Cyrus Therapeutics;Wooseok Han;Joonwoo Nam;Min Sung Joo;Dong Hyuk Ki;Kim Eun Jung;Jaeyung Lee,IL323841A,PGDB_AS000381,% Degradation,luminescence,standardized
PGDB_C008149,Cc1c(F)ccc(S(=O)(=O)Nc2ccc3c(c2)C(=O)N(C2CCC(=O)NC2=O)C3=O)c1OC(F)F,GSPT1,,557.1,=,0,HEK293,Cyrus Therapeutics;Wooseok Han;Joonwoo Nam;Min Sung Joo;Dong Hyuk Ki;Kim Eun Jung;Jaeyung Lee,IL323841A,PGDB_AS000381,% Degradation,luminescence,standardized
PGDB_C003642,Cc1c(F)cccc1-c1c(-c2ccc3c(c2)CN(C2CCC(=O)NC2=O)C3=O)cnn1C,CSNK1A1,,25.0,<,1,HEK293,Innovo Therapeutics,EP4584259A1,PGDB_AS001103,% Degradation,,standardized
PGDB_C003746,Cc1c(F)cccc1-c1c(-c2ccc3c(c2)CN(C2CCC(=O)NC2=O)C3=O)ncn1C,CSNK1A1,,25.0,<,1,HEK293,Innovo Therapeutics,EP4584259A1,PGDB_AS001103,% Degradation,,standardized
PGDB_C003841,Cc1c(N)cccc1-c1nc(-c2ccc3c(c2)CN(C2CCC(=O)NC2=O)C3=O)cn1C,CSNK1A1,,25.0,<,1,HEK293,Innovo Therapeutics,EP4584259A1,PGDB_AS001103,% Degradation,,standardized
PGDB_C003841,Cc1c(N)cccc1-c1nc(-c2ccc3c(c2)CN(C2CCC(=O)NC2=O)C3=O)cn1C,GSPT1,,25.0,<,1,HEK293,Innovo Therapeutics,EP4584259A1,PGDB_AS001862,% Degradation,luminescence,standardized
PGDB_C029190,Cc1c(N2CCC(=O)NC2=O)ccc2c1ccn2C1CCN(CC2(F)CCN(C(=O)c3ccc(N4C5CCC4CN(c4cc(-c6ccccc6O)nnc4N)C5)cc3)CC2)CC1,SMARCA2,,48.599999999999994,=,1,,AstraZeneca,WO2026120044,PGDB_AS001809,% Degradation,,standardized
PGDB_C029279,Cc1c(N2CCC(=O)NC2=O)cnc2c1ccn2C1CCN(CC2(F)CCN(C(=O)c3ccc(N4C5CCC4CN(c4cc(-c6ccccc6O)nnc4N)C5)cc3)CC2)CC1,SMARCA2,,16.8,=,1,,AstraZeneca,WO2026120044,PGDB_AS001809,% Degradation,,standardized
PGDB_C029653,Cc1c(NC(=O)N(C)C)ccc(-c2cccc(C3CCC(=O)NC3=O)c2Cl)c1F,VAV1,,1.3,=,1,,Shanghai Qilu Pharmaceutical Research And Development Centre,WO2026051943A1,PGDB_AS001440,% Degradation,luminescence,standardized
PGDB_C010584,Cc1c([C@@H]2CCN(C(=O)/C(C#N)=C/C3CC3)C2)[nH]c2nnc(-c3ccccc3O)cc12,SMARCA4,,5000.0,>,0,HeLa,Plexium,WO2025101944,PGDB_AS000431,% Degradation,luminescence,standardized
PGDB_C010612,Cc1c([C@@H]2C[C@H]3COC[C@@H](C2)N3C(=O)/C=C/CN(C)C)[nH]c2nnc(-c3ccccc3O)cc12,SMARCA4,,500.0,>=,0,HeLa,Plexium,WO2025101944,PGDB_AS000431,% Degradation,luminescence,standardized
PGDB_C010697,Cc1c([C@@H]2C[C@H]3COC[C@@H](C2)N3C(=O)/C=C/CN2CCC2)[nH]c2nnc(-c3ccccc3O)cc12,SMARCA4,,500.0,>=,0,HeLa,Plexium,WO2025101944,PGDB_AS000431,% Degradation,luminescence,standardized
PGDB_C010642,Cc1c([C@@H]2C[C@H]3COC[C@@H](C2)N3C(=O)/C=C/CN2CCCC2=O)[nH]c2nnc(-c3ccccc3O)cc12,SMARCA4,,500.0,>=,0,HeLa,Plexium,WO2025101944,PGDB_AS000431,% Degradation,luminescence,standardized
PGDB_C010657,Cc1c([C@@H]2C[C@H]3COC[C@@H](C2)N3C(=O)/C=C/CN2CCOCC2)[nH]c2nnc(-c3ccccc3O)cc12,SMARCA2,,500.0,>=,0,HeLa,Plexium,WO2025101944,PGDB_AS000900,% Degradation,luminescence,standardized
PGDB_C010657,Cc1c([C@@H]2C[C@H]3COC[C@@H](C2)N3C(=O)/C=C/CN2CCOCC2)[nH]c2nnc(-c3ccccc3O)cc12,SMARCA4,,5000.0,>,0,HeLa,Plexium,WO2025101944,PGDB_AS000431,% Degradation,luminescence,standardized
PGDB_C003721,Cc1c[nH]c2cc(-c3c(-c4ccc5c(c4)CN(C4CCC(=O)NC4=O)C5=O)ncn3C)ccc12,CSNK1A1,,25.0,<,1,HEK293,Innovo Therapeutics,EP4584259A1,PGDB_AS001103,% Degradation,,standardized
PGDB_C003721,Cc1c[nH]c2cc(-c3c(-c4ccc5c(c4)CN(C4CCC(=O)NC4=O)C5=O)ncn3C)ccc12,GSPT1,,25.0,<,1,HEK293,Innovo Therapeutics,EP4584259A1,PGDB_AS001862,% Degradation,luminescence,standardized
PGDB_C003819,Cc1cc(-c2c(-c3ccc4c(c3)CN(C3CCC(=O)NC3=O)C4=O)cnn2C)c(C)s1,CSNK1A1,,25.0,<,1,HEK293,Innovo Therapeutics,EP4584259A1,PGDB_AS001103,% Degradation,,standardized
PGDB_C003586,Cc1cc(-c2c(-c3ccc4c(c3)CN(C3CCC(=O)NC3=O)C4=O)cnn2C)ccc1Cl,CSNK1A1,,25.0,<,1,HEK293,Innovo Therapeutics,EP4584259A1,PGDB_AS001103,% Degradation,,standardized
PGDB_C003578,Cc1cc(-c2c(-c3ccc4c(c3)CN(C3CCC(=O)NC3=O)C4=O)cnn2C)ccc1F,CSNK1A1,,25.0,<,1,HEK293,Innovo Therapeutics,EP4584259A1,PGDB_AS001103,% Degradation,,standardized
PGDB_C004122,Cc1cc(-c2c(-c3ccc4c(c3)CN(C3CCC(=O)NC3=O)C4=O)cnn2C)ccn1,CSNK1A1,,25.0,<,1,HEK293,Innovo Therapeutics,EP4584259A1,PGDB_AS001103,% Degradation,,standardized
PGDB_C004122,Cc1cc(-c2c(-c3ccc4c(c3)CN(C3CCC(=O)NC3=O)C4=O)cnn2C)ccn1,GSPT1,,25.0,<,1,HEK293,Innovo Therapeutics,EP4584259A1,PGDB_AS001862,% Degradation,luminescence,standardized
PGDB_C003876,Cc1cc(-c2c(-c3ccc4c(c3)CN(C3CCC(=O)NC3=O)C4=O)ncn2C)c(C)s1,CSNK1A1,,25.0,<,1,HEK293,Innovo Therapeutics,EP4584259A1,PGDB_AS001103,% Degradation,,standardized
PGDB_C003806,Cc1cc(-c2c(-c3ccc4c(c3)CN(C3CCC(=O)NC3=O)C4=O)ncn2C)ccc1Cl,CSNK1A1,,25.0,<,1,HEK293,Innovo Therapeutics,EP4584259A1,PGDB_AS001103,% Degradation,,standardized
PGDB_C003806,Cc1cc(-c2c(-c3ccc4c(c3)CN(C3CCC(=O)NC3=O)C4=O)ncn2C)ccc1Cl,GSPT1,,25.0,<,1,HEK293,Innovo Therapeutics,EP4584259A1,PGDB_AS001862,% Degradation,luminescence,standardized
PGDB_C003873,Cc1cc(-c2c(-c3ccc4c(c3)CN(C3CCC(=O)NC3=O)C4=O)ncn2C)ccc1F,CSNK1A1,,25.0,<,1,HEK293,Innovo Therapeutics,EP4584259A1,PGDB_AS001103,% Degradation,,standardized
PGDB_C003488,Cc1cc(-c2c(-c3ccc4c(c3)CN(C3CCC(=O)NC3=O)C4=O)ncn2C)ccn1,CSNK1A1,,25.0,<,1,HEK293,Innovo Therapeutics,EP4584259A1,PGDB_AS001103,% Degradation,,standardized
PGDB_C003488,Cc1cc(-c2c(-c3ccc4c(c3)CN(C3CCC(=O)NC3=O)C4=O)ncn2C)ccn1,GSPT1,,25.0,<,1,HEK293,Innovo Therapeutics,EP4584259A1,PGDB_AS001862,% Degradation,luminescence,standardized
PGDB_C032906,Cc1cc(-c2c(C)noc2C)n(-c2cccc(-n3ncc4c(C5CCC(=O)NC5=O)cccc43)c2)c(=O)c1,VAV1,,10.0,<,1,Jurkat,,WO2026145172A1,PGDB_AS002614,% Degradation,luminescence,standardized
PGDB_C029655,Cc1cc(-c2cccc(C3CCC(=O)NC3=O)c2Cl)c(F)cc1NC(=O)N(C)C,VAV1,,3.6,=,1,,Shanghai Qilu Pharmaceutical Research And Development Centre,WO2026051943A1,PGDB_AS001440,% Degradation,luminescence,standardized
PGDB_C029558,Cc1cc(-c2cccc(C3CCC(=O)NC3=O)c2Cl)cc(F)c1NC(=O)N(C)C,VAV1,,2.23,=,1,,Shanghai Qilu Pharmaceutical Research And Development Centre,WO2026051943A1,PGDB_AS001440,% Degradation,luminescence,standardized
PGDB_C029685,Cc1cc(-c2cccc(C3CCC(=O)NC3=O)c2Cl)cc(F)c1NC(=O)N1CCC(F)(F)C1,VAV1,,1.8,=,1,,Shanghai Qilu Pharmaceutical Research And Development Centre,WO2026051943A1,PGDB_AS001440,% Degradation,luminescence,standardized
PGDB_C029661,Cc1cc(-c2cccc(C3CCC(=O)NC3=O)c2Cl)cc(F)c1NC(=O)N1CCCC1,VAV1,,1.2,=,1,,Shanghai Qilu Pharmaceutical Research And Development Centre,WO2026051943A1,PGDB_AS001440,% Degradation,luminescence,standardized
PGDB_C029641,Cc1cc(-c2cccc(C3CCC(=O)NC3=O)c2Cl)cc(F)c1NC(=O)N1CC[C@H](F)C1,VAV1,,1.47,=,1,,Shanghai Qilu Pharmaceutical Research And Development Centre,WO2026051943A1,PGDB_AS001440,% Degradation,luminescence,standardized
PGDB_C029638,Cc1cc(-c2cccc(C3CCC(=O)NC3=O)c2Cl)cc(F)c1NC(=O)N1CC[C@H](OC(F)F)C1,VAV1,,1.4,=,1,,Shanghai Qilu Pharmaceutical Research And Development Centre,WO2026051943A1,PGDB_AS001440,% Degradation,luminescence,standardized
PGDB_C029630,Cc1cc(-c2cccc(C3CCC(=O)NC3=O)c2Cl)ccc1N1CCC(OC(F)F)C1=O,VAV1,,1.2,=,1,,Shanghai Qilu Pharmaceutical Research And Development Centre,WO2026051943A1,PGDB_AS001440,% Degradation,luminescence,standardized
PGDB_C029564,Cc1cc(-c2cccc(C3CCC(=O)NC3=O)c2Cl)ccc1NC(=O)C(=O)N(C)C,VAV1,,0.9,=,1,,Shanghai Qilu Pharmaceutical Research And Development Centre,WO2026051943A1,PGDB_AS001440,% Degradation,luminescence,standardized
PGDB_C029455,Cc1cc(-c2cccc(C3CCC(=O)NC3=O)c2Cl)ccc1NC(=O)N(C)C,VAV1,,1.49,=,1,,Shanghai Qilu Pharmaceutical Research And Development Centre,WO2026051943A1,PGDB_AS001440,% Degradation,luminescence,standardized
PGDB_C029514,Cc1cc(-c2cccc(C3CCC(=O)NC3=O)c2Cl)ccc1NC(=O)N(C)C1(CO)CC1,VAV1,,1.55,=,1,,Shanghai Qilu Pharmaceutical Research And Development Centre,WO2026051943A1,PGDB_AS001440,% Degradation,luminescence,standardized
PGDB_C029551,Cc1cc(-c2cccc(C3CCC(=O)NC3=O)c2Cl)ccc1NC(=O)N(C)C1CC1,VAV1,,3.75,=,1,,Shanghai Qilu Pharmaceutical Research And Development Centre,WO2026051943A1,PGDB_AS001440,% Degradation,luminescence,standardized
PGDB_C029597,Cc1cc(-c2cccc(C3CCC(=O)NC3=O)c2Cl)ccc1NC(=O)N(C)CC(=O)N(C)C,VAV1,,0.3,=,1,,Shanghai Qilu Pharmaceutical Research And Development Centre,WO2026051943A1,PGDB_AS001440,% Degradation,luminescence,standardized
PGDB_C029565,Cc1cc(-c2cccc(C3CCC(=O)NC3=O)c2Cl)ccc1NC(=O)N(C)CC(C)(C)O,VAV1,,0.6,=,1,,Shanghai Qilu Pharmaceutical Research And Development Centre,WO2026051943A1,PGDB_AS001440,% Degradation,luminescence,standardized
PGDB_C029576,Cc1cc(-c2cccc(C3CCC(=O)NC3=O)c2Cl)ccc1NC(=O)N(C)CC(F)F,VAV1,,1.5,=,1,,Shanghai Qilu Pharmaceutical Research And Development Centre,WO2026051943A1,PGDB_AS001440,% Degradation,luminescence,standardized
PGDB_C029611,Cc1cc(-c2cccc(C3CCC(=O)NC3=O)c2Cl)ccc1NC(=O)N(C)CCC#N,VAV1,,1.2,=,1,,Shanghai Qilu Pharmaceutical Research And Development Centre,WO2026051943A1,PGDB_AS001440,% Degradation,luminescence,standardized
PGDB_C029512,Cc1cc(-c2cccc(C3CCC(=O)NC3=O)c2Cl)ccc1NC(=O)N(C)CCN(C)C,VAV1,,1.24,=,1,,Shanghai Qilu Pharmaceutical Research And Development Centre,WO2026051943A1,PGDB_AS001440,% Degradation,luminescence,standardized
PGDB_C029519,Cc1cc(-c2cccc(C3CCC(=O)NC3=O)c2Cl)ccc1NC(=O)N(C)CCO,VAV1,,1.16,=,1,,Shanghai Qilu Pharmaceutical Research And Development Centre,WO2026051943A1,PGDB_AS001440,% Degradation,luminescence,standardized
PGDB_C029612,Cc1cc(-c2cccc(C3CCC(=O)NC3=O)c2Cl)ccc1NC(=O)N(C)CCOC(F)F,VAV1,,1.4,=,1,,Shanghai Qilu Pharmaceutical Research And Development Centre,WO2026051943A1,PGDB_AS001440,% Degradation,luminescence,standardized
PGDB_C029579,Cc1cc(-c2cccc(C3CCC(=O)NC3=O)c2Cl)ccc1NC(=O)N(C)CCS(C)(=O)=O,VAV1,,1.1,=,1,,Shanghai Qilu Pharmaceutical Research And Development Centre,WO2026051943A1,PGDB_AS001440,% Degradation,luminescence,standardized
PGDB_C029601,Cc1cc(-c2cccc(C3CCC(=O)NC3=O)c2Cl)ccc1NC(=O)N(C)[C@@H]1CCOC1,VAV1,,1.1,=,1,,Shanghai Qilu Pharmaceutical Research And Development Centre,WO2026051943A1,PGDB_AS001440,% Degradation,luminescence,standardized
PGDB_C029568,Cc1cc(-c2cccc(C3CCC(=O)NC3=O)c2Cl)ccc1NC(=O)N(C)[C@H]1CCOC1,VAV1,,1.1,=,1,,Shanghai Qilu Pharmaceutical Research And Development Centre,WO2026051943A1,PGDB_AS001440,% Degradation,luminescence,standardized
PGDB_C029604,Cc1cc(-c2cccc(C3CCC(=O)NC3=O)c2Cl)ccc1NC(=O)N(C)c1cnn(C)c1,VAV1,,0.8,=,1,,Shanghai Qilu Pharmaceutical Research And Development Centre,WO2026051943A1,PGDB_AS001440,% Degradation,luminescence,standardized
PGDB_C029536,Cc1cc(-c2cccc(C3CCC(=O)NC3=O)c2Cl)ccc1NC(=O)N1CC(C#N)C1,VAV1,,1.5,=,1,,Shanghai Qilu Pharmaceutical Research And Development Centre,WO2026051943A1,PGDB_AS001440,% Degradation,luminescence,standardized
PGDB_C029614,Cc1cc(-c2cccc(C3CCC(=O)NC3=O)c2Cl)ccc1NC(=O)N1CC(C(F)F)C1,VAV1,,1.6,=,1,,Shanghai Qilu Pharmaceutical Research And Development Centre,WO2026051943A1,PGDB_AS001440,% Degradation,luminescence,standardized
PGDB_C029658,Cc1cc(-c2cccc(C3CCC(=O)NC3=O)c2Cl)ccc1NC(=O)N1CC(C)(CO)C1,VAV1,,1.2,=,1,,Shanghai Qilu Pharmaceutical Research And Development Centre,WO2026051943A1,PGDB_AS001440,% Degradation,luminescence,standardized
PGDB_C029591,Cc1cc(-c2cccc(C3CCC(=O)NC3=O)c2Cl)ccc1NC(=O)N1CC(C)(O)C1,VAV1,,1.64,=,1,,Shanghai Qilu Pharmaceutical Research And Development Centre,WO2026051943A1,PGDB_AS001440,% Degradation,luminescence,standardized
PGDB_C029581,Cc1cc(-c2cccc(C3CCC(=O)NC3=O)c2Cl)ccc1NC(=O)N1CC(C)C1,VAV1,,2.0,=,1,,Shanghai Qilu Pharmaceutical Research And Development Centre,WO2026051943A1,PGDB_AS001440,% Degradation,luminescence,standardized
PGDB_C029657,Cc1cc(-c2cccc(C3CCC(=O)NC3=O)c2Cl)ccc1NC(=O)N1CC(CO)C1,VAV1,,1.0,=,1,,Shanghai Qilu Pharmaceutical Research And Development Centre,WO2026051943A1,PGDB_AS001440,% Degradation,luminescence,standardized
PGDB_C029559,Cc1cc(-c2cccc(C3CCC(=O)NC3=O)c2Cl)ccc1NC(=O)N1CC(F)(F)C1,VAV1,,2.27,=,1,,Shanghai Qilu Pharmaceutical Research And Development Centre,WO2026051943A1,PGDB_AS001440,% Degradation,luminescence,standardized
PGDB_C029592,Cc1cc(-c2cccc(C3CCC(=O)NC3=O)c2Cl)ccc1NC(=O)N1CC(F)C1,VAV1,,1.77,=,1,,Shanghai Qilu Pharmaceutical Research And Development Centre,WO2026051943A1,PGDB_AS001440,% Degradation,luminescence,standardized
PGDB_C029544,Cc1cc(-c2cccc(C3CCC(=O)NC3=O)c2Cl)ccc1NC(=O)N1CC(N(C)C)C1,VAV1,,1.2,=,1,,Shanghai Qilu Pharmaceutical Research And Development Centre,WO2026051943A1,PGDB_AS001440,% Degradation,luminescence,standardized
PGDB_C029560,Cc1cc(-c2cccc(C3CCC(=O)NC3=O)c2Cl)ccc1NC(=O)N1CC(O)C1,VAV1,,1.82,=,1,,Shanghai Qilu Pharmaceutical Research And Development Centre,WO2026051943A1,PGDB_AS001440,% Degradation,luminescence,standardized
PGDB_C029540,Cc1cc(-c2cccc(C3CCC(=O)NC3=O)c2Cl)ccc1NC(=O)N1CC(S(C)(=O)=O)C1,VAV1,,3.39,=,1,,Shanghai Qilu Pharmaceutical Research And Development Centre,WO2026051943A1,PGDB_AS001440,% Degradation,luminescence,standardized
PGDB_C029567,Cc1cc(-c2cccc(C3CCC(=O)NC3=O)c2Cl)ccc1NC(=O)N1CC2(CC2)C1,VAV1,,0.3,=,1,,Shanghai Qilu Pharmaceutical Research And Development Centre,WO2026051943A1,PGDB_AS001440,% Degradation,luminescence,standardized
PGDB_C029599,Cc1cc(-c2cccc(C3CCC(=O)NC3=O)c2Cl)ccc1NC(=O)N1CC2(COC2)C1,VAV1,,0.5,=,1,,Shanghai Qilu Pharmaceutical Research And Development Centre,WO2026051943A1,PGDB_AS001440,% Degradation,luminescence,standardized
PGDB_C029555,Cc1cc(-c2cccc(C3CCC(=O)NC3=O)c2Cl)ccc1NC(=O)N1CCC(C)(O)CC1,VAV1,,1.63,=,1,,Shanghai Qilu Pharmaceutical Research And Development Centre,WO2026051943A1,PGDB_AS001440,% Degradation,luminescence,standardized
PGDB_C029619,Cc1cc(-c2cccc(C3CCC(=O)NC3=O)c2Cl)ccc1NC(=O)N1CCC(F)(F)C1,VAV1,,1.5,=,1,,Shanghai Qilu Pharmaceutical Research And Development Centre,WO2026051943A1,PGDB_AS001440,% Degradation,luminescence,standardized
PGDB_C029586,Cc1cc(-c2cccc(C3CCC(=O)NC3=O)c2Cl)ccc1NC(=O)N1CCC(O)CC1,VAV1,,2.1,=,1,,Shanghai Qilu Pharmaceutical Research And Development Centre,WO2026051943A1,PGDB_AS001440,% Degradation,luminescence,standardized
PGDB_C029504,Cc1cc(-c2cccc(C3CCC(=O)NC3=O)c2Cl)ccc1NC(=O)N1CCC1,VAV1,,1.91,=,1,,Shanghai Qilu Pharmaceutical Research And Development Centre,WO2026051943A1,PGDB_AS001440,% Degradation,luminescence,standardized
PGDB_C029583,Cc1cc(-c2cccc(C3CCC(=O)NC3=O)c2Cl)ccc1NC(=O)N1CCCC1,VAV1,,1.93,=,1,,Shanghai Qilu Pharmaceutical Research And Development Centre,WO2026051943A1,PGDB_AS001440,% Degradation,luminescence,standardized
PGDB_C029665,Cc1cc(-c2cccc(C3CCC(=O)NC3=O)c2Cl)ccc1NC(=O)N1CCC[C@@H]1C(F)F,VAV1,,1.2,=,1,,Shanghai Qilu Pharmaceutical Research And Development Centre,WO2026051943A1,PGDB_AS001440,% Degradation,luminescence,standardized
PGDB_C029578,Cc1cc(-c2cccc(C3CCC(=O)NC3=O)c2Cl)ccc1NC(=O)N1CCC[C@@H]1CC#N,VAV1,,1.5,=,1,,Shanghai Qilu Pharmaceutical Research And Development Centre,WO2026051943A1,PGDB_AS001440,% Degradation,luminescence,standardized
PGDB_C029632,Cc1cc(-c2cccc(C3CCC(=O)NC3=O)c2Cl)ccc1NC(=O)N1CCC[C@H]1C(F)F,VAV1,,3.4,=,1,,Shanghai Qilu Pharmaceutical Research And Development Centre,WO2026051943A1,PGDB_AS001440,% Degradation,luminescence,standardized
PGDB_C029610,Cc1cc(-c2cccc(C3CCC(=O)NC3=O)c2Cl)ccc1NC(=O)N1CCC[C@H]1CC#N,VAV1,,0.7,=,1,,Shanghai Qilu Pharmaceutical Research And Development Centre,WO2026051943A1,PGDB_AS001440,% Degradation,luminescence,standardized
PGDB_C029546,Cc1cc(-c2cccc(C3CCC(=O)NC3=O)c2Cl)ccc1NC(=O)N1CCC[C@H]1CO,VAV1,,0.97,=,1,,Shanghai Qilu Pharmaceutical Research And Development Centre,WO2026051943A1,PGDB_AS001440,% Degradation,luminescence,standardized
PGDB_C029613,Cc1cc(-c2cccc(C3CCC(=O)NC3=O)c2Cl)ccc1NC(=O)N1CCN(C)C(=O)C1,VAV1,,2.7,=,1,,Shanghai Qilu Pharmaceutical Research And Development Centre,WO2026051943A1,PGDB_AS001440,% Degradation,luminescence,standardized
PGDB_C029561,Cc1cc(-c2cccc(C3CCC(=O)NC3=O)c2Cl)ccc1NC(=O)N1CCN(C)CC1,VAV1,,0.8,=,1,,Shanghai Qilu Pharmaceutical Research And Development Centre,WO2026051943A1,PGDB_AS001440,% Degradation,luminescence,standardized
PGDB_C029587,Cc1cc(-c2cccc(C3CCC(=O)NC3=O)c2Cl)ccc1NC(=O)N1CCOCC1,VAV1,,2.38,=,1,,Shanghai Qilu Pharmaceutical Research And Development Centre,WO2026051943A1,PGDB_AS001440,% Degradation,luminescence,standardized
PGDB_C029631,Cc1cc(-c2cccc(C3CCC(=O)NC3=O)c2Cl)ccc1NC(=O)N1CCOC[C@@H]1CC#N,VAV1,,1.4,=,1,,Shanghai Qilu Pharmaceutical Research And Development Centre,WO2026051943A1,PGDB_AS001440,% Degradation,luminescence,standardized
PGDB_C029596,Cc1cc(-c2cccc(C3CCC(=O)NC3=O)c2Cl)ccc1NC(=O)N1CCOC[C@@H]1CO,VAV1,,0.5,=,1,,Shanghai Qilu Pharmaceutical Research And Development Centre,WO2026051943A1,PGDB_AS001440,% Degradation,luminescence,standardized
PGDB_C029664,Cc1cc(-c2cccc(C3CCC(=O)NC3=O)c2Cl)ccc1NC(=O)N1CCOC[C@H]1CC#N,VAV1,,1.5,=,1,,Shanghai Qilu Pharmaceutical Research And Development Centre,WO2026051943A1,PGDB_AS001440,% Degradation,luminescence,standardized
PGDB_C029666,Cc1cc(-c2cccc(C3CCC(=O)NC3=O)c2Cl)ccc1NC(=O)N1CCOC[C@H]1CF,VAV1,,0.6,=,1,,Shanghai Qilu Pharmaceutical Research And Development Centre,WO2026051943A1,PGDB_AS001440,% Degradation,luminescence,standardized
PGDB_C029517,Cc1cc(-c2cccc(C3CCC(=O)NC3=O)c2Cl)ccc1NC(=O)N1CCOC[C@H]1CO,VAV1,,1.1,=,1,,Shanghai Qilu Pharmaceutical Research And Development Centre,WO2026051943A1,PGDB_AS001440,% Degradation,luminescence,standardized
PGDB_C029580,Cc1cc(-c2cccc(C3CCC(=O)NC3=O)c2Cl)ccc1NC(=O)N1CCOC[C@H]1COC(F)F,VAV1,,0.1,=,1,,Shanghai Qilu Pharmaceutical Research And Development Centre,WO2026051943A1,PGDB_AS001440,% Degradation,luminescence,standardized
PGDB_C029598,Cc1cc(-c2cccc(C3CCC(=O)NC3=O)c2Cl)ccc1NC(=O)N1CCS(=O)(=O)CC1,VAV1,,0.9,=,1,,Shanghai Qilu Pharmaceutical Research And Development Centre,WO2026051943A1,PGDB_AS001440,% Degradation,luminescence,standardized
PGDB_C029623,Cc1cc(-c2cccc(C3CCC(=O)NC3=O)c2Cl)ccc1NC(=O)N1CC[C@@H](C(F)F)C1,VAV1,,1.5,=,1,,Shanghai Qilu Pharmaceutical Research And Development Centre,WO2026051943A1,PGDB_AS001440,% Degradation,luminescence,standardized
PGDB_C029616,Cc1cc(-c2cccc(C3CCC(=O)NC3=O)c2Cl)ccc1NC(=O)N1CC[C@@H](F)C1,VAV1,,1.3,=,1,,Shanghai Qilu Pharmaceutical Research And Development Centre,WO2026051943A1,PGDB_AS001440,% Degradation,luminescence,standardized
PGDB_C029549,Cc1cc(-c2cccc(C3CCC(=O)NC3=O)c2Cl)ccc1NC(=O)N1CC[C@@H](N(C)C)C1,VAV1,,1.52,=,1,,Shanghai Qilu Pharmaceutical Research And Development Centre,WO2026051943A1,PGDB_AS001440,% Degradation,luminescence,standardized
PGDB_C029511,Cc1cc(-c2cccc(C3CCC(=O)NC3=O)c2Cl)ccc1NC(=O)N1CC[C@@H](O)C1,VAV1,,1.63,=,1,,Shanghai Qilu Pharmaceutical Research And Development Centre,WO2026051943A1,PGDB_AS001440,% Degradation,luminescence,standardized
PGDB_C029582,Cc1cc(-c2cccc(C3CCC(=O)NC3=O)c2Cl)ccc1NC(=O)N1CC[C@@H](OC(F)F)C1,VAV1,,0.9,=,1,,Shanghai Qilu Pharmaceutical Research And Development Centre,WO2026051943A1,PGDB_AS001440,% Degradation,luminescence,standardized
PGDB_C029620,Cc1cc(-c2cccc(C3CCC(=O)NC3=O)c2Cl)ccc1NC(=O)N1CC[C@@](C)(O)C1,VAV1,,1.1,=,1,,Shanghai Qilu Pharmaceutical Research And Development Centre,WO2026051943A1,PGDB_AS001440,% Degradation,luminescence,standardized
PGDB_C029656,Cc1cc(-c2cccc(C3CCC(=O)NC3=O)c2Cl)ccc1NC(=O)N1CC[C@H](C(F)F)C1,VAV1,,1.4,=,1,,Shanghai Qilu Pharmaceutical Research And Development Centre,WO2026051943A1,PGDB_AS001440,% Degradation,luminescence,standardized
PGDB_C029649,Cc1cc(-c2cccc(C3CCC(=O)NC3=O)c2Cl)ccc1NC(=O)N1CC[C@H](F)C1,VAV1,,1.2,=,1,,Shanghai Qilu Pharmaceutical Research And Development Centre,WO2026051943A1,PGDB_AS001440,% Degradation,luminescence,standardized
PGDB_C029584,Cc1cc(-c2cccc(C3CCC(=O)NC3=O)c2Cl)ccc1NC(=O)N1CC[C@H](N(C)C)C1,VAV1,,2.54,=,1,,Shanghai Qilu Pharmaceutical Research And Development Centre,WO2026051943A1,PGDB_AS001440,% Degradation,luminescence,standardized
PGDB_C029515,Cc1cc(-c2cccc(C3CCC(=O)NC3=O)c2Cl)ccc1NC(=O)N1CC[C@H](O)C1,VAV1,,1.41,=,1,,Shanghai Qilu Pharmaceutical Research And Development Centre,WO2026051943A1,PGDB_AS001440,% Degradation,luminescence,standardized
PGDB_C029615,Cc1cc(-c2cccc(C3CCC(=O)NC3=O)c2Cl)ccc1NC(=O)N1CC[C@H](OC(F)F)C1,VAV1,,0.8,=,1,,Shanghai Qilu Pharmaceutical Research And Development Centre,WO2026051943A1,PGDB_AS001440,% Degradation,luminescence,standardized
PGDB_C029652,Cc1cc(-c2cccc(C3CCC(=O)NC3=O)c2Cl)ccc1NC(=O)N1CC[C@](C)(O)C1,VAV1,,1.1,=,1,,Shanghai Qilu Pharmaceutical Research And Development Centre,WO2026051943A1,PGDB_AS001440,% Degradation,luminescence,standardized
PGDB_C029607,Cc1cc(-c2cccc(C3CCC(=O)NC3=O)c2Cl)ccc1NC(=O)N1C[C@@H]2OCCO[C@@H]2C1,VAV1,,0.6,=,1,,Shanghai Qilu Pharmaceutical Research And Development Centre,WO2026051943A1,PGDB_AS001440,% Degradation,luminescence,standardized
PGDB_C029672,Cc1cc(-c2cccc(C3CCC(=O)NC3=O)c2Cl)ccc1NC(=O)N1C[C@H]2COC[C@@H]2C1,VAV1,,1.5,=,1,,Shanghai Qilu Pharmaceutical Research And Development Centre,WO2026051943A1,PGDB_AS001440,% Degradation,luminescence,standardized
PGDB_C029639,Cc1cc(-c2cccc(C3CCC(=O)NC3=O)c2Cl)ccc1NC(=O)N1C[C@H]2COC[C@H]2C1,VAV1,,1.4,=,1,,Shanghai Qilu Pharmaceutical Research And Development Centre,WO2026051943A1,PGDB_AS001440,% Degradation,luminescence,standardized
PGDB_C029575,Cc1cc(-c2cccc(C3CCC(=O)NC3=O)c2Cl)ccc1NC(=O)N1C[C@H]2OCCO[C@@H]2C1,VAV1,,1.7,=,1,,Shanghai Qilu Pharmaceutical Research And Development Centre,WO2026051943A1,PGDB_AS001440,% Degradation,luminescence,standardized
PGDB_C029595,Cc1cc(-c2cccc(C3CCC(=O)NC3=O)c2Cl)ccc1NC(=O)NC1CC1,VAV1,,0.7,=,1,,Shanghai Qilu Pharmaceutical Research And Development Centre,WO2026051943A1,PGDB_AS001440,% Degradation,luminescence,standardized
PGDB_C029539,Cc1cc(-c2cccc(C3CCC(=O)NC3=O)c2Cl)ccc1NC(=O)OC1CN(C)C1,VAV1,,3.3,=,1,,Shanghai Qilu Pharmaceutical Research And Development Centre,WO2026051943A1,PGDB_AS001440,% Degradation,luminescence,standardized
PGDB_C029569,Cc1cc(-c2cccc(C3CCC(=O)NC3=O)c2Cl)ccc1NC(=O)OCCO,VAV1,,0.8,=,1,,Shanghai Qilu Pharmaceutical Research And Development Centre,WO2026051943A1,PGDB_AS001440,% Degradation,luminescence,standardized
PGDB_C029497,Cc1cc(-c2cccc(C3CCC(=O)NC3=O)c2Cl)ccc1NC(=O)O[C@@H]1CCOC1,VAV1,,3.52,=,1,,Shanghai Qilu Pharmaceutical Research And Development Centre,WO2026051943A1,PGDB_AS001440,% Degradation,luminescence,standardized
PGDB_C029529,Cc1cc(-c2cccc(C3CCC(=O)NC3=O)c2Cl)ccc1NC(=O)O[C@H]1CCOC1,VAV1,,2.71,=,1,,Shanghai Qilu Pharmaceutical Research And Development Centre,WO2026051943A1,PGDB_AS001440,% Degradation,luminescence,standardized
PGDB_C029571,Cc1cc(-c2cccc(C3CCC(=O)NC3=O)c2Cl)ccc1NC(N)=O,VAV1,,2.4,=,1,,Shanghai Qilu Pharmaceutical Research And Development Centre,WO2026051943A1,PGDB_AS001440,% Degradation,luminescence,standardized
PGDB_C029441,Cc1cc(-c2cccc(C3CCC(=O)NC3=O)c2Cl)ccc1OC(=O)N(C)C,VAV1,,4.99,=,1,,Shanghai Qilu Pharmaceutical Research And Development Centre,WO2026051943A1,PGDB_AS001440,% Degradation,luminescence,standardized
PGDB_C029510,Cc1cc(-c2cccc(C3CCC(=O)NC3=O)c2Cl)ccc1OC(=O)N(C)C1(CO)CC1,VAV1,,1.94,=,1,,Shanghai Qilu Pharmaceutical Research And Development Centre,WO2026051943A1,PGDB_AS001440,% Degradation,luminescence,standardized
PGDB_C029538,Cc1cc(-c2cccc(C3CCC(=O)NC3=O)c2Cl)ccc1OC(=O)N(C)CCN(C)C,VAV1,,11.85,=,1,,Shanghai Qilu Pharmaceutical Research And Development Centre,WO2026051943A1,PGDB_AS001440,% Degradation,luminescence,standardized
PGDB_C029453,Cc1cc(-c2cccc(C3CCC(=O)NC3=O)c2Cl)ccc1OC(=O)N(C)CCO,VAV1,,2.39,=,1,,Shanghai Qilu Pharmaceutical Research And Development Centre,WO2026051943A1,PGDB_AS001440,% Degradation,luminescence,standardized
PGDB_C029503,Cc1cc(-c2cccc(C3CCC(=O)NC3=O)c2Cl)ccc1OC(=O)N(C)[C@@H](C)CO,VAV1,,2.36,=,1,,Shanghai Qilu Pharmaceutical Research And Development Centre,WO2026051943A1,PGDB_AS001440,% Degradation,luminescence,standardized
PGDB_C029535,Cc1cc(-c2cccc(C3CCC(=O)NC3=O)c2Cl)ccc1OC(=O)N(C)[C@H](C)CO,VAV1,,1.8,=,1,,Shanghai Qilu Pharmaceutical Research And Development Centre,WO2026051943A1,PGDB_AS001440,% Degradation,luminescence,standardized
PGDB_C029521,Cc1cc(-c2cccc(C3CCC(=O)NC3=O)c2Cl)ccc1OC(=O)N1CC(O)C1,VAV1,,6.36,=,1,,Shanghai Qilu Pharmaceutical Research And Development Centre,WO2026051943A1,PGDB_AS001440,% Degradation,luminescence,standardized
PGDB_C029524,Cc1cc(-c2cccc(C3CCC(=O)NC3=O)c2Cl)ccc1OC(=O)N1CCC(N(C)C)C1,VAV1,,2.44,=,1,,Shanghai Qilu Pharmaceutical Research And Development Centre,WO2026051943A1,PGDB_AS001440,% Degradation,luminescence,standardized
PGDB_C029499,Cc1cc(-c2cccc(C3CCC(=O)NC3=O)c2Cl)ccc1OC(=O)N1CCC1,VAV1,,3.16,=,1,,Shanghai Qilu Pharmaceutical Research And Development Centre,WO2026051943A1,PGDB_AS001440,% Degradation,luminescence,standardized
PGDB_C029465,Cc1cc(-c2cccc(C3CCC(=O)NC3=O)c2Cl)ccc1OC(=O)N1CCCC1,VAV1,,4.08,=,1,,Shanghai Qilu Pharmaceutical Research And Development Centre,WO2026051943A1,PGDB_AS001440,% Degradation,luminescence,standardized
PGDB_C029471,Cc1cc(-c2cccc(C3CCC(=O)NC3=O)c2Cl)ccc1OC(=O)N1CCC[C@@H]1CO,VAV1,,3.76,=,1,,Shanghai Qilu Pharmaceutical Research And Development Centre,WO2026051943A1,PGDB_AS001440,% Degradation,luminescence,standardized
PGDB_C029440,Cc1cc(-c2cccc(C3CCC(=O)NC3=O)c2Cl)ccc1OC(=O)N1CCC[C@H]1CO,VAV1,,2.67,=,1,,Shanghai Qilu Pharmaceutical Research And Development Centre,WO2026051943A1,PGDB_AS001440,% Degradation,luminescence,standardized
PGDB_C029531,Cc1cc(-c2cccc(C3CCC(=O)NC3=O)c2Cl)ccc1OC(=O)N1CCN(C)CC1,VAV1,,4.5,=,1,,Shanghai Qilu Pharmaceutical Research And Development Centre,WO2026051943A1,PGDB_AS001440,% Degradation,luminescence,standardized
PGDB_C029488,Cc1cc(-c2cccc(C3CCC(=O)NC3=O)c2Cl)ccc1OC(=O)N1CCOCC1,VAV1,,7.71,=,1,,Shanghai Qilu Pharmaceutical Research And Development Centre,WO2026051943A1,PGDB_AS001440,% Degradation,luminescence,standardized
PGDB_C029530,Cc1cc(-c2cccc(C3CCC(=O)NC3=O)c2Cl)ccc1OC(=O)N1CCOC[C@@H]1CO,VAV1,,7.02,=,1,,Shanghai Qilu Pharmaceutical Research And Development Centre,WO2026051943A1,PGDB_AS001440,% Degradation,luminescence,standardized
PGDB_C029498,Cc1cc(-c2cccc(C3CCC(=O)NC3=O)c2Cl)ccc1OC(=O)N1CCOC[C@H]1CO,VAV1,,5.7,=,1,,Shanghai Qilu Pharmaceutical Research And Development Centre,WO2026051943A1,PGDB_AS001440,% Degradation,luminescence,standardized
PGDB_C029523,Cc1cc(-c2cccc(C3CCC(=O)NC3=O)c2Cl)ccc1OC(=O)N1CCS(=O)(=O)CC1,VAV1,,5.57,=,1,,Shanghai Qilu Pharmaceutical Research And Development Centre,WO2026051943A1,PGDB_AS001440,% Degradation,luminescence,standardized
PGDB_C029491,Cc1cc(-c2cccc(C3CCC(=O)NC3=O)c2Cl)ccc1OC(=O)N1CC[C@@H](N(C)C)C1,VAV1,,3.23,=,1,,Shanghai Qilu Pharmaceutical Research And Development Centre,WO2026051943A1,PGDB_AS001440,% Degradation,luminescence,standardized
PGDB_C029522,Cc1cc(-c2cccc(C3CCC(=O)NC3=O)c2Cl)ccc1OC(=O)N1CC[C@@H](O)C1,VAV1,,2.83,=,1,,Shanghai Qilu Pharmaceutical Research And Development Centre,WO2026051943A1,PGDB_AS001440,% Degradation,luminescence,standardized
PGDB_C029484,Cc1cc(-c2cccc(C3CCC(=O)NC3=O)c2Cl)ccc1OC(=O)N1CC[C@@H]1CO,VAV1,,2.45,=,1,,Shanghai Qilu Pharmaceutical Research And Development Centre,WO2026051943A1,PGDB_AS001440,% Degradation,luminescence,standardized
PGDB_C029490,Cc1cc(-c2cccc(C3CCC(=O)NC3=O)c2Cl)ccc1OC(=O)N1CC[C@H](O)C1,VAV1,,2.69,=,1,,Shanghai Qilu Pharmaceutical Research And Development Centre,WO2026051943A1,PGDB_AS001440,% Degradation,luminescence,standardized
PGDB_C029454,Cc1cc(-c2cccc(C3CCC(=O)NC3=O)c2Cl)ccc1OC(=O)N1CC[C@H]1CO,VAV1,,1.88,=,1,,Shanghai Qilu Pharmaceutical Research And Development Centre,WO2026051943A1,PGDB_AS001440,% Degradation,luminescence,standardized
PGDB_C029494,Cc1cc(-c2cccc(C3CCC(=O)NC3=O)c2Cl)ccc1OC(=O)N[C@@H]1CCOC1,VAV1,,3.91,=,1,,Shanghai Qilu Pharmaceutical Research And Development Centre,WO2026051943A1,PGDB_AS001440,% Degradation,luminescence,standardized
PGDB_C029526,Cc1cc(-c2cccc(C3CCC(=O)NC3=O)c2Cl)ccc1OC(=O)N[C@H]1CCOC1,VAV1,,2.98,=,1,,Shanghai Qilu Pharmaceutical Research And Development Centre,WO2026051943A1,PGDB_AS001440,% Degradation,luminescence,standardized
PGDB_C032055,Cc1cc(-c2cccc(C3CCC(=O)NC3=O)c2Cl)sc1-n1cc(F)ccc1=O,VAV1,,1.9,=,1,,Changchun Genescience Pharmaceutical Co Ltd,WO2026119120A1,PGDB_AS001984,% Degradation,luminescence,standardized
PGDB_C032046,Cc1cc(-c2cccc(C3CCC(=O)NC3=O)c2Cl)sc1-n1ccc(C2CC2)cc1=O,VAV1,,3.2,=,1,,Changchun Genescience Pharmaceutical Co Ltd,WO2026119120A1,PGDB_AS001984,% Degradation,luminescence,standardized
PGDB_C032056,Cc1cc(-c2cccc(C3CCC(=O)NC3=O)c2Cl)sc1-n1ccc(F)cc1=O,VAV1,,1.7,=,1,,Changchun Genescience Pharmaceutical Co Ltd,WO2026119120A1,PGDB_AS001984,% Degradation,luminescence,standardized
PGDB_C032021,Cc1cc(-c2cccc(C3CCC(=O)NC3=O)c2Cl)sc1-n1cccc(C)c1=O,VAV1,,1.4,=,1,,Changchun Genescience Pharmaceutical Co Ltd,WO2026119120A1,PGDB_AS001984,% Degradation,luminescence,standardized
PGDB_C032022,Cc1cc(-c2cccc(C3CCC(=O)NC3=O)c2Cl)sc1-n1cccc(F)c1=O,VAV1,,1.5,=,1,,Changchun Genescience Pharmaceutical Co Ltd,WO2026119120A1,PGDB_AS001984,% Degradation,luminescence,standardized
PGDB_C032005,Cc1cc(-c2cccc(C3CCC(=O)NC3=O)c2Cl)sc1-n1ccccc1=O,VAV1,,2.0,=,1,,Changchun Genescience Pharmaceutical Co Ltd,WO2026119120A1,PGDB_AS001984,% Degradation,luminescence,standardized
PGDB_C032043,Cc1cc(-c2cccc(C3CCC(=O)NC3=O)c2Cl)sc1-n1ccncc1=O,VAV1,,4.4,=,1,,Changchun Genescience Pharmaceutical Co Ltd,WO2026119120A1,PGDB_AS001984,% Degradation,luminescence,standardized
PGDB_C032047,Cc1cc(-c2cccc(C3CCC(=O)NC3=O)c2Cl)sc1N1CCOC1=O,VAV1,,4.4,=,1,,Changchun Genescience Pharmaceutical Co Ltd,WO2026119120A1,PGDB_AS001984,% Degradation,luminescence,standardized
PGDB_C032039,Cc1cc(-c2cccc(C3CCC(=O)NC3=O)c2Cl)sc1NC(=O)C1CC1,VAV1,,2.1,=,1,,Changchun Genescience Pharmaceutical Co Ltd,WO2026119120A1,PGDB_AS001984,% Degradation,luminescence,standardized
PGDB_C032040,Cc1cc(-c2cccc(C3CCC(=O)NC3=O)c2Cl)sc1NC(=O)c1ccccc1,VAV1,,5.8,=,1,,Changchun Genescience Pharmaceutical Co Ltd,WO2026119120A1,PGDB_AS001984,% Degradation,luminescence,standardized
PGDB_C032041,Cc1cc(-c2cccc(C3CCC(=O)NC3=O)c2Cl)sc1NC(=O)c1ccn(C)n1,VAV1,,2.3,=,1,,Changchun Genescience Pharmaceutical Co Ltd,WO2026119120A1,PGDB_AS001984,% Degradation,luminescence,standardized
PGDB_C032008,Cc1cc(-c2cccc(C3CCC(=O)NC3=O)c2Cl)sc1Oc1ccccn1,VAV1,,11.1,=,1,,Changchun Genescience Pharmaceutical Co Ltd,WO2026119120A1,PGDB_AS001984,% Degradation,luminescence,standardized
PGDB_C032061,Cc1cc(-c2cccc(C3CCC(=O)NC3=O)c2Cl)sc1Oc1ccncn1,VAV1,,7.3,=,1,,Changchun Genescience Pharmaceutical Co Ltd,WO2026119120A1,PGDB_AS001984,% Degradation,luminescence,standardized
PGDB_C032062,Cc1cc(-c2cccc(C3CCC(=O)NC3=O)c2Cl)sc1Oc1cnccn1,VAV1,,5.6,=,1,,Changchun Genescience Pharmaceutical Co Ltd,WO2026119120A1,PGDB_AS001984,% Degradation,luminescence,standardized
PGDB_C032069,Cc1cc(-c2cccc(C3CCC(=O)NC3=O)c2Cl)sc1Oc1ncc(Cl)cn1,VAV1,,8.2,=,1,,Changchun Genescience Pharmaceutical Co Ltd,WO2026119120A1,PGDB_AS001984,% Degradation,luminescence,standardized
PGDB_C032070,Cc1cc(-c2cccc(C3CCC(=O)NC3=O)c2Cl)sc1Oc1ncc(F)cn1,VAV1,,5.2,=,1,,Changchun Genescience Pharmaceutical Co Ltd,WO2026119120A1,PGDB_AS001984,% Degradation,luminescence,standardized
PGDB_C032060,Cc1cc(-c2cccc(C3CCC(=O)NC3=O)c2Cl)sc1Oc1ncccn1,VAV1,,4.7,=,1,,Changchun Genescience Pharmaceutical Co Ltd,WO2026119120A1,PGDB_AS001984,% Degradation,luminescence,standardized
PGDB_C032063,Cc1cc(-c2cccc(C3CCC(=O)NC3=O)c2Cl)sc1Oc1nccnc1C,VAV1,,11.1,=,1,,Changchun Genescience Pharmaceutical Co Ltd,WO2026119120A1,PGDB_AS001984,% Degradation,luminescence,standardized
PGDB_C032863,Cc1cc(-c2ccccc2)n(-c2cccc(-n3ncc4c(C5CCC(=O)NC5=O)cccc43)c2)c(=O)c1,VAV1,,10.0,<,1,Jurkat,,WO2026145172A1,PGDB_AS002605,% Degradation,luminescence,standardized
PGDB_C032905,Cc1cc(-c2ccoc2)n(-c2cccc(-n3ncc4c(C5CCC(=O)NC5=O)cccc43)c2)c(=O)c1,VAV1,,10.0,<,1,Jurkat,,WO2026145172A1,PGDB_AS002614,% Degradation,luminescence,standardized
PGDB_C033066,Cc1cc(-c2cnco2)n(-c2cccc(-n3ncc4c(C5CCC(=O)NC5=O)cccc43)c2)c(=O)c1,VAV1,,10.0,<,1,Jurkat,,WO2026145172A1,PGDB_AS002602,% Degradation,luminescence,standardized
PGDB_C032985,Cc1cc(-c2cscn2)n(-c2cccc(-n3ncc4c(C5CCC(=O)NC5=O)cccc43)c2)c(=O)c1,VAV1,,10.0,<,1,Jurkat,,WO2026145172A1,PGDB_AS002614,% Degradation,luminescence,standardized
PGDB_C003842,Cc1cc(-c2nc(-c3ccc4c(c3)CN(C3CCC(=O)NC3=O)C4=O)cn2C)ccc1Cl,CSNK1A1,,25.0,<,1,HEK293,Innovo Therapeutics,EP4584259A1,PGDB_AS001103,% Degradation,,standardized
PGDB_C003831,Cc1cc(-c2nc(-c3ccc4c(c3)CN(C3CCC(=O)NC3=O)C4=O)cn2C)ccc1F,CSNK1A1,,25.0,<,1,HEK293,Innovo Therapeutics,EP4584259A1,PGDB_AS001103,% Degradation,,standardized
PGDB_C003826,Cc1cc(-c2nc(-c3ccc4c(c3)CN(C3CCC(=O)NC3=O)C4=O)cn2C)ccc1N,CSNK1A1,,25.0,<,1,HEK293,Innovo Therapeutics,EP4584259A1,PGDB_AS001103,% Degradation,,standardized
PGDB_C028708,Cc1cc(-c2nnc(-c3cc(OCc4ccc(S(C)(=O)=O)cc4)c4sc(C(F)(F)P(=O)(O)O)c(Br)c4c3)[nH]2)c(C)n1-c1ccc2c(C3CCC(=O)NC3=O)nn(C)c2c1,PTPN1,,8.66,=,1,HCT116,Northridge Health Group Hong Kong,WO2026119184,PGDB_AS001836,% Degradation,,standardized
PGDB_C032855,Cc1cc(-n2cc(F)c(F)c2)n(-c2cccc(-n3ncc4c(C5CCC(=O)NC5=O)cccc43)c2)c(=O)c1,VAV1,,10.0,<,1,Jurkat,,WO2026145172A1,PGDB_AS002605,% Degradation,luminescence,standardized
PGDB_C033006,Cc1cc(=O)n(-c2ccc(-c3cccc(C4CCC(=O)NC4=O)c3Cl)cc2)c2c1CCCCCC2,VAV1,,10.0,<,1,Jurkat,,WO2026145172A1,PGDB_AS002602,% Degradation,luminescence,standardized
PGDB_C024813,Cc1cc(=O)n(-c2ccc(-c3cccc(C4CCC(=O)NC4=O)c3Cl)cc2)c2c1nc1n2CCC1,VAV1,,50.0,<=,1,Jurkat,Shanghai Meiyue Biotech Development Co Ltd,WO2026061428A1,PGDB_AS001390,% Degradation,fluorescence,standardized
PGDB_C032843,Cc1cc(=O)n(-c2ccc(-c3cccc(N4CCC(=O)NC4=O)c3Cl)cc2)c(C)c1C,VAV1,,50.0,<=,1,Jurkat,,WO2026145172A1,PGDB_AS002605,% Degradation,luminescence,standardized
PGDB_C032841,Cc1cc(=O)n(-c2cccc(-n3ncc4c(C5CCC(=O)NC5=O)cccc43)c2)c(C)c1C,VAV1,,10.0,<,1,Jurkat,,WO2026145172A1,PGDB_AS002605,% Degradation,luminescence,standardized
PGDB_C032989,Cc1cc(B2OC(C)(C)C(C)(C)O2)c(Cl)c(C2CCC(=O)NC2=O)c1,VAV1,,10.0,<,1,Jurkat,,WO2026145172A1,PGDB_AS002602,% Degradation,luminescence,standardized
PGDB_C033118,Cc1cc(C(=O)N[C@H]2CC[C@H](OC(C)C)CC2)ccc1N1CCC(F)(CN2CCC3(CC2)COc2c3cc(Cl)c3c2CN([C@H]2CCC(=O)NC2=O)C3=O)CC1,CSNK1A1,,1.0,<,1,HEK293,,WO2026139085A1,PGDB_AS002601,% Degradation,luminescence,standardized
PGDB_C032885,Cc1cc(C(F)(F)C(F)(F)F)n(-c2cccc(-n3ncc4c(C5CCC(=O)NC5=O)cccc43)c2)c(=O)c1,VAV1,,10.0,<,1,Jurkat,,WO2026145172A1,PGDB_AS002605,% Degradation,luminescence,standardized
PGDB_C032797,Cc1cc(C(F)(F)F)n(-c2ccc(-c3cccc(N4CCC(=O)NC4=O)c3Cl)cc2)c(=O)c1,VAV1,,50.0,<=,1,Jurkat,,WO2026145172A1,PGDB_AS002600,% Degradation,luminescence,standardized
PGDB_C032780,Cc1cc(C(F)(F)F)n(-c2ccc(F)c(-n3ncc4c(C5CCC(=O)NC5=O)cccc43)c2)c(=O)c1,VAV1,,50.0,<=,1,Jurkat,,WO2026145172A1,PGDB_AS002600,% Degradation,luminescence,standardized
PGDB_C032778,Cc1cc(C(F)(F)F)n(-c2cccc(-n3ncc4c(C5CCC(=O)NC5=O)cccc43)c2)c(=O)c1,VAV1,,10.0,<,1,Jurkat,,WO2026145172A1,PGDB_AS002600,% Degradation,luminescence,standardized
PGDB_C032915,Cc1cc(C(F)(F)F)nc(=O)n1-c1cccc(-n2ncc3c(C4CCC(=O)NC4=O)cccc32)c1,VAV1,,50.0,<=,1,Jurkat,,WO2026145172A1,PGDB_AS002614,% Degradation,luminescence,standardized
PGDB_C003844,Cc1cc(C)cc(-c2nc(-c3ccc4c(c3)CN(C3CCC(=O)NC3=O)C4=O)cn2C)c1,CSNK1A1,,25.0,<,1,HEK293,Innovo Therapeutics,EP4584259A1,PGDB_AS001103,% Degradation,,standardized
PGDB_C003844,Cc1cc(C)cc(-c2nc(-c3ccc4c(c3)CN(C3CCC(=O)NC3=O)C4=O)cn2C)c1,GSPT1,,25.0,<,1,HEK293,Innovo Therapeutics,EP4584259A1,PGDB_AS001862,% Degradation,luminescence,standardized
PGDB_C032058,Cc1cc(C)n(-c2cc(-c3cccc(C4CCC(=O)NC4=O)c3Cl)cs2)c(=O)c1,VAV1,,1.7,=,1,,Changchun Genescience Pharmaceutical Co Ltd,WO2026119120A1,PGDB_AS001984,% Degradation,luminescence,standardized
PGDB_C032048,Cc1cc(C)n(-c2ccc(-c3cccc(C4CCC(=O)NC4=O)c3Cl)s2)c(=O)c1,VAV1,,0.6,=,1,,Changchun Genescience Pharmaceutical Co Ltd,WO2026119120A1,PGDB_AS001984,% Degradation,luminescence,standardized
PGDB_C032073,Cc1cc(C)n(-c2ccc(-c3cccc(C4CCC(=O)NC4=O)c3Cl)s2)c(=O)c1C#N,VAV1,,2.1,=,1,,Changchun Genescience Pharmaceutical Co Ltd,WO2026119120A1,PGDB_AS001984,% Degradation,luminescence,standardized
PGDB_C032807,Cc1cc(C)n(-c2ccc(F)c(-n3ncc4c(C5CCC(=O)NC5=O)cccc43)c2)c(=O)c1,VAV1,,50.0,<=,1,Jurkat,,WO2026145172A1,PGDB_AS002605,% Degradation,luminescence,standardized
PGDB_C032990,Cc1cc(C)n(-c2cccc(-n3ncc4c(C5CCC(=O)NC5=O)cccc43)c2)c(=O)c1,VAV1,,50.0,<=,1,Jurkat,,WO2026145172A1,PGDB_AS002614,% Degradation,luminescence,standardized
PGDB_C032059,Cc1cc(C)n(-c2csc(-c3cccc(C4CCC(=O)NC4=O)c3Cl)c2)c(=O)c1,VAV1,,1.2,=,1,,Changchun Genescience Pharmaceutical Co Ltd,WO2026119120A1,PGDB_AS001984,% Degradation,luminescence,standardized
PGDB_C016642,Cc1cc(C)nc(-c2ccc3c4c(cccc24)N(C2CCC(=O)NC2=O)C3=O)n1,SALL4,,100.0,<,1,KELLY.2,C4 Therapeutics,WO2022081927A1,PGDB_AS001296,% Degradation,luminescence,standardized
PGDB_C032823,Cc1cc(C2CC2)n(-c2ccc(-c3cccc(N4CCC(=O)NC4=O)c3Cl)cc2)c(=O)c1,VAV1,,50.0,<=,1,Jurkat,,WO2026145172A1,PGDB_AS002605,% Degradation,luminescence,standardized
PGDB_C032777,Cc1cc(C2CC2)n(-c2cccc(-n3ncc4c(C5CCC(=O)NC5=O)cccc43)c2)c(=O)c1,VAV1,,10.0,<,1,Jurkat,,WO2026145172A1,PGDB_AS002600,% Degradation,luminescence,standardized
PGDB_C032840,Cc1cc(C2CCCCC2)n(-c2cccc(-n3ncc4c(C5CCC(=O)NC5=O)cccc43)c2)c(=O)c1,VAV1,,10.0,<,1,Jurkat,,WO2026145172A1,PGDB_AS002605,% Degradation,luminescence,standardized
PGDB_C032870,Cc1cc(CC(F)(F)F)n(-c2ccc(-c3cccc(N4CCC(=O)NC4=O)c3Cl)cc2)c(=O)c1,VAV1,,50.0,<=,1,Jurkat,,WO2026145172A1,PGDB_AS002605,% Degradation,luminescence,standardized
PGDB_C032871,Cc1cc(CCC(F)(F)F)n(-c2ccc(-c3cccc(N4CCC(=O)NC4=O)c3Cl)cc2)c(=O)c1,VAV1,,10.0,<,1,Jurkat,,WO2026145172A1,PGDB_AS002605,% Degradation,luminescence,standardized
PGDB_C032886,Cc1cc(CCC(F)(F)F)n(-c2cccc(-n3ncc4c(C5CCC(=O)NC5=O)cccc43)c2)c(=O)c1,VAV1,,10.0,<,1,Jurkat,,WO2026145172A1,PGDB_AS002605,% Degradation,luminescence,standardized
PGDB_C029460,Cc1cc(CN2C(=O)CCOc3cc(-c4cccc(C5CCC(=O)NC5=O)c4Cl)ccc32)n[nH]1,VAV1,,2.6,=,1,,Shanghai Qilu Pharmaceutical Research And Development Centre,WO2026051943A1,PGDB_AS001440,% Degradation,luminescence,standardized
PGDB_C009990,Cc1cc(COc2cccc3c2CN([C@H]2CCC(=O)NC2=O)C3=O)ccc1CN1CCN2c3ccc(C#N)cc3OCC2C1,IKZF1,CRBN,0.18,<,1,HT-1080,Hangzhou Glubio Pharmaceutical,WO2023025136A1,PGDB_AS001276,% Degradation,luminescence,standardized
PGDB_C009990,Cc1cc(COc2cccc3c2CN([C@H]2CCC(=O)NC2=O)C3=O)ccc1CN1CCN2c3ccc(C#N)cc3OCC2C1,SALL4,,5.0,=,1,HT-1080,Hangzhou Glubio Pharmaceutical,WO2023025136A1,PGDB_AS001426,% Degradation,luminescence,standardized
PGDB_C009991,Cc1cc(COc2cccc3c2CN([C@H]2CCC(=O)NC2=O)C3=O)ccc1CN1CCN2c3ccc(C#N)cc3OC[C@H]2C1,IKZF1,CRBN,0.11,=,1,HT-1080,Hangzhou Glubio Pharmaceutical,WO2023025136A1,PGDB_AS001276,% Degradation,luminescence,standardized
PGDB_C009991,Cc1cc(COc2cccc3c2CN([C@H]2CCC(=O)NC2=O)C3=O)ccc1CN1CCN2c3ccc(C#N)cc3OC[C@H]2C1,SALL4,,19.0,=,1,HT-1080,Hangzhou Glubio Pharmaceutical,WO2023025136A1,PGDB_AS001426,% Degradation,luminescence,standardized
PGDB_C003807,Cc1cc(Cl)cc(-c2c(-c3ccc4c(c3)CN(C3CCC(=O)NC3=O)C4=O)ncn2C)c1,CSNK1A1,,25.0,<,1,HEK293,Innovo Therapeutics,EP4584259A1,PGDB_AS001103,% Degradation,,standardized
PGDB_C032049,Cc1cc(Cl)cc(=O)n1-c1ccc(-c2cccc(C3CCC(=O)NC3=O)c2Cl)s1,VAV1,,1.7,=,1,,Changchun Genescience Pharmaceutical Co Ltd,WO2026119120A1,PGDB_AS001984,% Degradation,luminescence,standardized
PGDB_C003919,Cc1cc(Cl)ccc1-c1c(-c2ccc3c(c2)CN(C2CCC(=O)NC2=O)C3=O)ncn1C,CSNK1A1,,25.0,<,1,HEK293,Innovo Therapeutics,EP4584259A1,PGDB_AS001103,% Degradation,,standardized
PGDB_C003919,Cc1cc(Cl)ccc1-c1c(-c2ccc3c(c2)CN(C2CCC(=O)NC2=O)C3=O)ncn1C,GSPT1,,25.0,<,1,HEK293,Innovo Therapeutics,EP4584259A1,PGDB_AS001862,% Degradation,luminescence,standardized
PGDB_C003830,Cc1cc(Cl)ccc1-c1nc(-c2ccc3c(c2)CN(C2CCC(=O)NC2=O)C3=O)cn1C,CSNK1A1,,25.0,<,1,HEK293,Innovo Therapeutics,EP4584259A1,PGDB_AS001103,% Degradation,,standardized
PGDB_C003830,Cc1cc(Cl)ccc1-c1nc(-c2ccc3c(c2)CN(C2CCC(=O)NC2=O)C3=O)cn1C,GSPT1,,25.0,<,1,HEK293,Innovo Therapeutics,EP4584259A1,PGDB_AS001862,% Degradation,luminescence,standardized
PGDB_C012071,Cc1cc(Cl)cnc1N1CCC(CN2CCN(Cc3ccn4ncc(N5CCC(=O)NC5=O)c4c3)C[C@@H]2C)CC1,WIZ,,30.5,=,1,HT-1080,Linkcure Therapeutics,WO2025256460A1,PGDB_AS000508,% Degradation,luminescence,standardized
PGDB_C003828,Cc1cc(F)ccc1-c1nc(-c2ccc3c(c2)CN(C2CCC(=O)NC2=O)C3=O)cn1C,CSNK1A1,,25.0,<,1,HEK293,Innovo Therapeutics,EP4584259A1,PGDB_AS001103,% Degradation,,standardized
PGDB_C003828,Cc1cc(F)ccc1-c1nc(-c2ccc3c(c2)CN(C2CCC(=O)NC2=O)C3=O)cn1C,GSPT1,,25.0,<,1,HEK293,Innovo Therapeutics,EP4584259A1,PGDB_AS001862,% Degradation,luminescence,standardized
PGDB_C029264,Cc1cc(N2C3CCC2CN(c2cc(-c4ccccc4O)nnc2N)C3)cc(F)c1C(=O)N1CCC(F)(CN2CCC(c3cn(C4CCC4)c4cc(N5CCC(=O)NC5=O)ccc34)CC2)CC1,SMARCA2,,247.70000000000002,=,0,,AstraZeneca,WO2026120044,PGDB_AS001809,% Degradation,,standardized
PGDB_C029264,Cc1cc(N2C3CCC2CN(c2cc(-c4ccccc4O)nnc2N)C3)cc(F)c1C(=O)N1CCC(F)(CN2CCC(c3cn(C4CCC4)c4cc(N5CCC(=O)NC5=O)ccc34)CC2)CC1,SMARCA4,,3333.0,>,0,,AstraZeneca,WO2026120044,PGDB_AS001309,% Degradation,,standardized
PGDB_C029258,Cc1cc(N2C3CCC2CN(c2cc(-c4ccccc4O)nnc2N)C3)cc(F)c1C(=O)N1CCC(F)(CN2CCC(n3cc(C4CC4)c4cc(N5CCC(=O)NC5=O)cnc43)CC2)CC1,SMARCA2,,16.400000000000002,=,1,,AstraZeneca,WO2026120044,PGDB_AS001809,% Degradation,,standardized
PGDB_C029294,Cc1cc(N2C3CCC2CN(c2cc(-c4ccccc4O)nnc2N)C3)ccc1C(=O)N1CCC(CN2CCC(c3cn(C4CCC4)c4cc(N5CCC(=O)NC5=O)ccc34)CC2)CC1,SMARCA2,,18.8,=,1,,AstraZeneca,WO2026120044,PGDB_AS001809,% Degradation,,standardized
PGDB_C029294,Cc1cc(N2C3CCC2CN(c2cc(-c4ccccc4O)nnc2N)C3)ccc1C(=O)N1CCC(CN2CCC(c3cn(C4CCC4)c4cc(N5CCC(=O)NC5=O)ccc34)CC2)CC1,SMARCA4,,1008.9999999999999,>,0,,AstraZeneca,WO2026120044,PGDB_AS001309,% Degradation,,standardized
PGDB_C029277,Cc1cc(N2C3CCC2CN(c2cc(-c4ccccc4O)nnc2N)C3)ccc1C(=O)N1CCC(F)(CN2CCC(c3cn(C4CCC4)c4c(F)c(N5CCC(=O)NC5=O)ccc34)CC2)CC1,SMARCA2,,33.2,=,1,,AstraZeneca,WO2026120044,PGDB_AS001809,% Degradation,,standardized
PGDB_C029172,Cc1cc(N2C3CCC2CN(c2cc(-c4ccccc4O)nnc2N)C3)ccc1C(=O)N1CCC(F)(CN2CCC(n3cc(C)c4cc(N5CCC(=O)NC5=O)ccc43)CC2)CC1,SMARCA2,,51.0,=,1,,AstraZeneca,WO2026120044,PGDB_AS001809,% Degradation,,standardized
PGDB_C029293,Cc1cc(N2C3CCC2CN(c2cc(-c4ccccc4O)nnc2N)C3)ccc1C(=O)N1CCC(F)(CN2CCN(c3cc4c(C5CC5)cn(C5CCC(=O)NC5=O)c4cn3)CC2)CC1,SMARCA2,,28.0,=,1,,AstraZeneca,WO2026120044,PGDB_AS001809,% Degradation,,standardized
PGDB_C029265,Cc1cc(N2C3CCC2CN(c2cc(-c4ccccc4O)nnc2N)C3)ccc1C(=O)N1CCN(CN2CCC(c3cn(C4CC4)c4cc(N5CCC(=O)NC5=O)ccc34)CC2)CC1,SMARCA2,,119.6,=,0,,AstraZeneca,WO2026120044,PGDB_AS001809,% Degradation,,standardized
PGDB_C029265,Cc1cc(N2C3CCC2CN(c2cc(-c4ccccc4O)nnc2N)C3)ccc1C(=O)N1CCN(CN2CCC(c3cn(C4CC4)c4cc(N5CCC(=O)NC5=O)ccc34)CC2)CC1,SMARCA4,,31670.0,>,0,,AstraZeneca,WO2026120044,PGDB_AS001309,% Degradation,,standardized
PGDB_C029259,Cc1cc(N2C3CCC2CN(c2cc(-c4ccccc4O)nnc2N)C3)ccc1C(=O)N1CCN(CN2CCC(c3cn(C4CCC4)c4cc(N5CCC(=O)NC5=O)cnc34)CC2)CC1,SMARCA2,,17.0,=,1,,AstraZeneca,WO2026120044,PGDB_AS001809,% Degradation,,standardized
PGDB_C029259,Cc1cc(N2C3CCC2CN(c2cc(-c4ccccc4O)nnc2N)C3)ccc1C(=O)N1CCN(CN2CCC(c3cn(C4CCC4)c4cc(N5CCC(=O)NC5=O)cnc34)CC2)CC1,SMARCA4,,1008.9999999999999,>,0,,AstraZeneca,WO2026120044,PGDB_AS001309,% Degradation,,standardized
PGDB_C032866,Cc1cc(N2CC3CC3C2)n(-c2cccc(-n3ncc4c(C5CCC(=O)NC5=O)cccc43)c2)c(=O)c1,VAV1,,10.0,<,1,Jurkat,,WO2026145172A1,PGDB_AS002605,% Degradation,luminescence,standardized
PGDB_C032848,Cc1cc(N2CC3CCC2C3)n(-c2cccc(-n3ncc4c(C5CCC(=O)NC5=O)cccc43)c2)c(=O)c1,VAV1,,10.0,<,1,Jurkat,,WO2026145172A1,PGDB_AS002605,% Degradation,luminescence,standardized
PGDB_C029178,Cc1cc(N2CCC(=O)NC2=O)c2ccn(C3CCN(CC4CCN(C(=O)c5ccc(N6C7CCC6CN(c6cc(-c8ccccc8O)nnc6N)C7)cc5)CC4)CC3)c2c1,SMARCA2,,11.0,=,1,,AstraZeneca,WO2026120044,PGDB_AS001809,% Degradation,,standardized
PGDB_C029191,Cc1cc(N2CCC(=O)NC2=O)cc2ccn(C3CCN(CC4(F)CCN(C(=O)c5ccc(N6C7CCC6CN(c6cc(-c8ccccc8O)nnc6N)C7)cc5)CC4)CC3)c12,SMARCA2,,38.1,=,1,,AstraZeneca,WO2026120044,PGDB_AS001809,% Degradation,,standardized
PGDB_C012119,Cc1cc(N2CCC(CN3CCC(Cc4ccn5nc(F)c(N6CCC(=O)NC6=O)c5c4)C[C@@H]3C)CC2)nn1C,WIZ,,24.6,=,1,HT-1080,Linkcure Therapeutics,WO2025256460A1,PGDB_AS000508,% Degradation,luminescence,standardized
PGDB_C012124,Cc1cc(N2CCC(CN3CCN(Cc4ccn5nc(F)c(N6CCC(=O)NC6=O)c5c4)C[C@@H]3C)CC2)nn1C(C)C,WIZ,,48.9,=,1,HT-1080,Linkcure Therapeutics,WO2025256460A1,PGDB_AS000508,% Degradation,luminescence,standardized
PGDB_C012121,Cc1cc(N2CCC(CN3CCN(Cc4ccn5nc(F)c(N6CCC(=O)NC6=O)c5c4)C[C@@H]3C)CC2)no1,WIZ,,36.0,=,1,HT-1080,Linkcure Therapeutics,WO2025256460A1,PGDB_AS000508,% Degradation,luminescence,standardized
PGDB_C012067,Cc1cc(N2CCC(CN3CCN(Cc4ccn5ncc(N6CCC(=O)NC6=O)c5c4)C[C@@H]3C)CC2)ncc1Cl,WIZ,,124.0,=,0,HT-1080,Linkcure Therapeutics,WO2025256460A1,PGDB_AS000508,% Degradation,luminescence,standardized
PGDB_C033121,Cc1cc(N2CCC(F)(CN3CCC4(CC3)COc3c4cc(Cl)c4c3CN([C@H]3CCC(=O)NC3=O)C4=O)CC2)ccc1C(=O)N[C@H]1CC[C@H](OC(C)C)CC1,CSNK1A1,,1.0,<,1,HEK293,,WO2026139085A1,PGDB_AS002601,% Degradation,luminescence,standardized
PGDB_C032831,Cc1cc(N2CCC(F)(F)CC2)n(-c2cccc(-n3ncc4c(C5CCC(=O)NC5=O)cccc43)c2)c(=O)c1,VAV1,,10.0,<,1,Jurkat,,WO2026145172A1,PGDB_AS002605,% Degradation,luminescence,standardized
PGDB_C032884,Cc1cc(N2CCC3(CC3)C2)n(-c2cccc(-n3ncc4c(C5CCC(=O)NC5=O)cccc43)c2)c(=O)c1,VAV1,,10.0,<,1,Jurkat,,WO2026145172A1,PGDB_AS002605,% Degradation,luminescence,standardized
PGDB_C032846,Cc1cc(N2CCC3CC32)n(-c2cccc(-n3ncc4c(C5CCC(=O)NC5=O)cccc43)c2)c(=O)c1,VAV1,,10.0,<,1,Jurkat,,WO2026145172A1,PGDB_AS002605,% Degradation,luminescence,standardized
PGDB_C032865,Cc1cc(N2CCCCC2)n(-c2cccc(-n3ncc4c(C5CCC(=O)NC5=O)cccc43)c2)c(=O)c1,VAV1,,10.0,<,1,Jurkat,,WO2026145172A1,PGDB_AS002605,% Degradation,luminescence,standardized
PGDB_C012206,Cc1cc(N2CCN(c3cccc(C4CCC(=O)NC4=O)c3Cl)CC2)c(=O)n(C)c1,VAV1,,563.175,=,0,Jurkat,Monte Rosa Therapeutics,WO2026013577A1,PGDB_AS001744,% Degradation,luminescence,standardized
PGDB_C032829,Cc1cc(N2CCOCC2)n(-c2cccc(-n3ncc4c(C5CCC(=O)NC5=O)cccc43)c2)c(=O)c1,VAV1,,10.0,<,1,Jurkat,,WO2026145172A1,PGDB_AS002605,% Degradation,luminescence,standardized
PGDB_C029171,Cc1cc(NC2CCN(c3cc(-c4ccccc4C)nnc3C)C2)ccc1C(=O)N1CCC(CN2CCN(c3ccc(N4CCC(=O)NC4=O)cc3)CC2)CC1,SMARCA2,,14.4,=,1,,AstraZeneca,WO2026120044,PGDB_AS001809,% Degradation,,standardized
PGDB_C032887,Cc1cc(OC2CCOC2)n(-c2cccc(-n3ncc4c(C5CCC(=O)NC5=O)cccc43)c2)c(=O)c1,VAV1,,10.0,<,1,Jurkat,,WO2026145172A1,PGDB_AS002605,% Degradation,luminescence,standardized
PGDB_C032864,Cc1cc(OCC(F)(F)F)n(-c2ccc(-c3cccc(N4CCC(=O)NC4=O)c3Cl)cc2)c(=O)c1,VAV1,,10.0,<,1,Jurkat,,WO2026145172A1,PGDB_AS002605,% Degradation,luminescence,standardized
PGDB_C032828,Cc1cc(OCC(F)(F)F)n(-c2cccc(-n3ncc4c(C5CCC(=O)NC5=O)cccc43)c2)c(=O)c1,VAV1,,10.0,<,1,Jurkat,,WO2026145172A1,PGDB_AS002605,% Degradation,luminescence,standardized
PGDB_C029169,Cc1cc2c(N3CCC(=O)NC3=O)cccc2n1C1CCN(CC2CCN(C(=O)c3ccc(N4C5CCC4CN(c4cc(-c6ccccc6O)nnc4N)C5)cc3)CC2)CC1,SMARCA2,,1.0,<,1,,AstraZeneca,WO2026120044,PGDB_AS001809,% Degradation,,standardized
PGDB_C033123,Cc1cc2c(c3c1C(=O)N([C@H]1CCC(=O)NC1=O)C3)OCC21CCN(CC2CCN(c3ccc(C(=O)NC4CCC(Oc5ccccc5Cl)CC4)cc3F)CC2)CC1,CSNK1A1,,100.0,<=,1,HEK293,,WO2026139085A1,PGDB_AS002601,% Degradation,luminescence,standardized
PGDB_C029195,Cc1cc2c(ccn2C2CCN(CC3(F)CCN(C(=O)c4ccc(N5C6CCC5CN(c5cc(-c7ccccc7O)nnc5N)C6)cc4)CC3)CC2)cc1N1CCC(=O)NC1=O,SMARCA2,,31.6,=,1,,AstraZeneca,WO2026120044,PGDB_AS001809,% Degradation,,standardized
PGDB_C001057,Cc1cc2c(cn1)OCC21CCN(CCCCCc2cccc3c2CN(C2CCC(=O)NC2=O)C3=O)CC1,CSNK1A1,,10.0,<,1,MV-4-11,Guangdong Hongye Pharmaceutical Technology;Shanghai Institute Of Materia Medica Of Cas,CN121471230A,PGDB_AS001026,% Degradation,Western_blot,standardized
PGDB_C001057,Cc1cc2c(cn1)OCC21CCN(CCCCCc2cccc3c2CN(C2CCC(=O)NC2=O)C3=O)CC1,IKZF1,,100.0,<=,1,MV-4-11,Guangdong Hongye Pharmaceutical Technology;Shanghai Institute Of Materia Medica Of Cas,CN121471230A,PGDB_AS000050,% Degradation,Western_blot,standardized
PGDB_C029228,Cc1cc2cc(N3CCC(=O)NC3=O)ccc2n1C1CCN(CC2(F)CCN(C(=O)c3ccc(N4C5CCC4CN(c4cc(-c6ccccc6O)nnc4N)C5)cc3)CC2)CC1,SMARCA2,,3333.0,=,0,,AstraZeneca,WO2026120044,PGDB_AS001809,% Degradation,,standardized
PGDB_C012239,Cc1cc2cccc(N3CCN(c4cccc(C5CCC(=O)NC5=O)c4Cl)CC3)n2n1,VAV1,,53.271,=,1,Jurkat,Monte Rosa Therapeutics,WO2026013577A1,PGDB_AS001744,% Degradation,luminescence,standardized
PGDB_C031438,Cc1cc2n(n1)CC1(CC1)N(c1ccc(-c3cccc(C4CCC(=O)NC4=O)c3Cl)cc1)C2=O,VAV1,,3.3,=,1,Jurkat,,WO2026139100A1,PGDB_AS002609,% Degradation,luminescence,standardized
PGDB_C003626,Cc1ccc(-c2c(-c3ccc4c(c3)CN(C3CCC(=O)NC3=O)C4=O)cnn2C)c(C#N)c1,CSNK1A1,,25.0,<,1,HEK293,Innovo Therapeutics,EP4584259A1,PGDB_AS001103,% Degradation,,standardized
PGDB_C003570,Cc1ccc(-c2c(-c3ccc4c(c3)CN(C3CCC(=O)NC3=O)C4=O)cnn2C)c(C)c1,CSNK1A1,,25.0,<,1,HEK293,Innovo Therapeutics,EP4584259A1,PGDB_AS001103,% Degradation,,standardized
PGDB_C003572,Cc1ccc(-c2c(-c3ccc4c(c3)CN(C3CCC(=O)NC3=O)C4=O)cnn2C)c(Cl)c1,CSNK1A1,,25.0,<,1,HEK293,Innovo Therapeutics,EP4584259A1,PGDB_AS001103,% Degradation,,standardized
PGDB_C003581,Cc1ccc(-c2c(-c3ccc4c(c3)CN(C3CCC(=O)NC3=O)C4=O)cnn2C)c(F)c1,CSNK1A1,,25.0,<,1,HEK293,Innovo Therapeutics,EP4584259A1,PGDB_AS001103,% Degradation,,standardized
PGDB_C003559,Cc1ccc(-c2c(-c3ccc4c(c3)CN(C3CCC(=O)NC3=O)C4=O)cnn2C)cc1,CSNK1A1,,25.0,<,1,HEK293,Innovo Therapeutics,EP4584259A1,PGDB_AS001103,% Degradation,,standardized
PGDB_C003567,Cc1ccc(-c2c(-c3ccc4c(c3)CN(C3CCC(=O)NC3=O)C4=O)cnn2C)cc1Cl,CSNK1A1,,25.0,<,1,HEK293,Innovo Therapeutics,EP4584259A1,PGDB_AS001103,% Degradation,,standardized
PGDB_C003698,Cc1ccc(-c2c(-c3ccc4c(c3)CN(C3CCC(=O)NC3=O)C4=O)cnn2C)cc1F,CSNK1A1,,25.0,<,1,HEK293,Innovo Therapeutics,EP4584259A1,PGDB_AS001103,% Degradation,,standardized
PGDB_C004121,Cc1ccc(-c2c(-c3ccc4c(c3)CN(C3CCC(=O)NC3=O)C4=O)cnn2C)cn1,CSNK1A1,,25.0,<,1,HEK293,Innovo Therapeutics,EP4584259A1,PGDB_AS001103,% Degradation,,standardized
PGDB_C004121,Cc1ccc(-c2c(-c3ccc4c(c3)CN(C3CCC(=O)NC3=O)C4=O)cnn2C)cn1,GSPT1,,25.0,<,1,HEK293,Innovo Therapeutics,EP4584259A1,PGDB_AS001862,% Degradation,luminescence,standardized
PGDB_C003821,Cc1ccc(-c2c(-c3ccc4c(c3)CN(C3CCC(=O)NC3=O)C4=O)cnn2C)s1,CSNK1A1,,25.0,<,1,HEK293,Innovo Therapeutics,EP4584259A1,PGDB_AS001103,% Degradation,,standardized
PGDB_C003879,Cc1ccc(-c2c(-c3ccc4c(c3)CN(C3CCC(=O)NC3=O)C4=O)ncn2C)c(C#N)c1,CSNK1A1,,25.0,<,1,HEK293,Innovo Therapeutics,EP4584259A1,PGDB_AS001103,% Degradation,,standardized
PGDB_C003743,Cc1ccc(-c2c(-c3ccc4c(c3)CN(C3CCC(=O)NC3=O)C4=O)ncn2C)c(C)c1,CSNK1A1,,25.0,<,1,HEK293,Innovo Therapeutics,EP4584259A1,PGDB_AS001103,% Degradation,,standardized
PGDB_C003804,Cc1ccc(-c2c(-c3ccc4c(c3)CN(C3CCC(=O)NC3=O)C4=O)ncn2C)c(Cl)c1,CSNK1A1,,25.0,<,1,HEK293,Innovo Therapeutics,EP4584259A1,PGDB_AS001103,% Degradation,,standardized
PGDB_C003804,Cc1ccc(-c2c(-c3ccc4c(c3)CN(C3CCC(=O)NC3=O)C4=O)ncn2C)c(Cl)c1,GSPT1,,25.0,<,1,HEK293,Innovo Therapeutics,EP4584259A1,PGDB_AS001862,% Degradation,luminescence,standardized
PGDB_C003874,Cc1ccc(-c2c(-c3ccc4c(c3)CN(C3CCC(=O)NC3=O)C4=O)ncn2C)c(F)c1,CSNK1A1,,25.0,<,1,HEK293,Innovo Therapeutics,EP4584259A1,PGDB_AS001103,% Degradation,,standardized
PGDB_C003874,Cc1ccc(-c2c(-c3ccc4c(c3)CN(C3CCC(=O)NC3=O)C4=O)ncn2C)c(F)c1,GSPT1,,25.0,<,1,HEK293,Innovo Therapeutics,EP4584259A1,PGDB_AS001862,% Degradation,luminescence,standardized
PGDB_C003862,Cc1ccc(-c2c(-c3ccc4c(c3)CN(C3CCC(=O)NC3=O)C4=O)ncn2C)cc1,CSNK1A1,,25.0,<,1,HEK293,Innovo Therapeutics,EP4584259A1,PGDB_AS001103,% Degradation,,standardized
PGDB_C003862,Cc1ccc(-c2c(-c3ccc4c(c3)CN(C3CCC(=O)NC3=O)C4=O)ncn2C)cc1,GSPT1,,25.0,<,1,HEK293,Innovo Therapeutics,EP4584259A1,PGDB_AS001862,% Degradation,luminescence,standardized
PGDB_C003917,Cc1ccc(-c2c(-c3ccc4c(c3)CN(C3CCC(=O)NC3=O)C4=O)ncn2C)cc1CO,CSNK1A1,,25.0,<,1,HEK293,Innovo Therapeutics,EP4584259A1,PGDB_AS001103,% Degradation,,standardized
PGDB_C003803,Cc1ccc(-c2c(-c3ccc4c(c3)CN(C3CCC(=O)NC3=O)C4=O)ncn2C)cc1Cl,CSNK1A1,,25.0,<,1,HEK293,Innovo Therapeutics,EP4584259A1,PGDB_AS001103,% Degradation,,standardized
PGDB_C003803,Cc1ccc(-c2c(-c3ccc4c(c3)CN(C3CCC(=O)NC3=O)C4=O)ncn2C)cc1Cl,GSPT1,,25.0,<,1,HEK293,Innovo Therapeutics,EP4584259A1,PGDB_AS001862,% Degradation,luminescence,standardized
PGDB_C003875,Cc1ccc(-c2c(-c3ccc4c(c3)CN(C3CCC(=O)NC3=O)C4=O)ncn2C)cc1F,CSNK1A1,,25.0,<,1,HEK293,Innovo Therapeutics,EP4584259A1,PGDB_AS001103,% Degradation,,standardized
PGDB_C003875,Cc1ccc(-c2c(-c3ccc4c(c3)CN(C3CCC(=O)NC3=O)C4=O)ncn2C)cc1F,GSPT1,,25.0,<,1,HEK293,Innovo Therapeutics,EP4584259A1,PGDB_AS001862,% Degradation,luminescence,standardized
PGDB_C003663,Cc1ccc(-c2c(-c3ccc4c(c3)CN(C3CCC(=O)NC3=O)C4=O)ncn2C)o1,CSNK1A1,,25.0,<,1,HEK293,Innovo Therapeutics,EP4584259A1,PGDB_AS001103,% Degradation,,standardized
PGDB_C003663,Cc1ccc(-c2c(-c3ccc4c(c3)CN(C3CCC(=O)NC3=O)C4=O)ncn2C)o1,GSPT1,,25.0,<,1,HEK293,Innovo Therapeutics,EP4584259A1,PGDB_AS001862,% Degradation,luminescence,standardized
PGDB_C003864,Cc1ccc(-c2c(-c3ccc4c(c3)CN(C3CCC(=O)NC3=O)C4=O)ncn2C)s1,CSNK1A1,,25.0,<,1,HEK293,Innovo Therapeutics,EP4584259A1,PGDB_AS001103,% Degradation,,standardized
PGDB_C003864,Cc1ccc(-c2c(-c3ccc4c(c3)CN(C3CCC(=O)NC3=O)C4=O)ncn2C)s1,GSPT1,,25.0,<,1,HEK293,Innovo Therapeutics,EP4584259A1,PGDB_AS001862,% Degradation,luminescence,standardized
PGDB_C004005,Cc1ccc(-c2nc(-c3ccc4c(c3)CN(C3CCC(=O)NC3=O)C4=O)cn2C)c(Cl)c1,CSNK1A1,,25.0,<,1,HEK293,Innovo Therapeutics,EP4584259A1,PGDB_AS001103,% Degradation,,standardized
PGDB_C004005,Cc1ccc(-c2nc(-c3ccc4c(c3)CN(C3CCC(=O)NC3=O)C4=O)cn2C)c(Cl)c1,GSPT1,,25.0,<,1,HEK293,Innovo Therapeutics,EP4584259A1,PGDB_AS001862,% Degradation,luminescence,standardized
PGDB_C004027,Cc1ccc(-c2nc(-c3ccc4c(c3)CN(C3CCC(=O)NC3=O)C4=O)cn2C)c(F)c1,CSNK1A1,,25.0,<,1,HEK293,Innovo Therapeutics,EP4584259A1,PGDB_AS001103,% Degradation,,standardized
PGDB_C004020,Cc1ccc(-c2nc(-c3ccc4c(c3)CN(C3CCC(=O)NC3=O)C4=O)cn2C)c(N)c1,CSNK1A1,,25.0,<,1,HEK293,Innovo Therapeutics,EP4584259A1,PGDB_AS001103,% Degradation,,standardized
PGDB_C004020,Cc1ccc(-c2nc(-c3ccc4c(c3)CN(C3CCC(=O)NC3=O)C4=O)cn2C)c(N)c1,GSPT1,,25.0,<,1,HEK293,Innovo Therapeutics,EP4584259A1,PGDB_AS001862,% Degradation,luminescence,standardized
PGDB_C003836,Cc1ccc(-c2nc(-c3ccc4c(c3)CN(C3CCC(=O)NC3=O)C4=O)cn2C)cc1,CSNK1A1,,25.0,<,1,HEK293,Innovo Therapeutics,EP4584259A1,PGDB_AS001103,% Degradation,,standardized
PGDB_C003836,Cc1ccc(-c2nc(-c3ccc4c(c3)CN(C3CCC(=O)NC3=O)C4=O)cn2C)cc1,GSPT1,,25.0,<,1,HEK293,Innovo Therapeutics,EP4584259A1,PGDB_AS001862,% Degradation,luminescence,standardized
PGDB_C003834,Cc1ccc(-c2nc(-c3ccc4c(c3)CN(C3CCC(=O)NC3=O)C4=O)cn2C)cc1C,CSNK1A1,,25.0,<,1,HEK293,Innovo Therapeutics,EP4584259A1,PGDB_AS001103,% Degradation,,standardized
PGDB_C003832,Cc1ccc(-c2nc(-c3ccc4c(c3)CN(C3CCC(=O)NC3=O)C4=O)cn2C)cc1Cl,CSNK1A1,,25.0,<,1,HEK293,Innovo Therapeutics,EP4584259A1,PGDB_AS001103,% Degradation,,standardized
PGDB_C003832,Cc1ccc(-c2nc(-c3ccc4c(c3)CN(C3CCC(=O)NC3=O)C4=O)cn2C)cc1Cl,GSPT1,,25.0,<,1,HEK293,Innovo Therapeutics,EP4584259A1,PGDB_AS001862,% Degradation,luminescence,standardized
PGDB_C004032,Cc1ccc(-c2nc(-c3ccc4c(c3)CN(C3CCC(=O)NC3=O)C4=O)cn2C)cc1F,CSNK1A1,,25.0,<,1,HEK293,Innovo Therapeutics,EP4584259A1,PGDB_AS001103,% Degradation,,standardized
PGDB_C004032,Cc1ccc(-c2nc(-c3ccc4c(c3)CN(C3CCC(=O)NC3=O)C4=O)cn2C)cc1F,GSPT1,,25.0,<,1,HEK293,Innovo Therapeutics,EP4584259A1,PGDB_AS001862,% Degradation,luminescence,standardized
PGDB_C032024,Cc1ccc(=O)n(-c2sc(-c3cccc(C4CCC(=O)NC4=O)c3Cl)cc2C)c1,VAV1,,1.8,=,1,,Changchun Genescience Pharmaceutical Co Ltd,WO2026119120A1,PGDB_AS001984,% Degradation,luminescence,standardized
PGDB_C007769,Cc1ccc(C(=O)/C=C/C(=O)N2CCN(c3ccc(Nc4ncc5cc(C(=O)N(C)C)n(C6CCCC6)c5n4)nc3)CC2)cc1,CDK4,,1000.0,>=,0,,Novartis;University Of California;University Of California Berkeley;University Of California San Diego Ucsd,EP4605088A1,PGDB_AS000031,% Degradation,Western_blot,standardized
PGDB_C003194,Cc1ccc(C(F)(F)c2cn(Cc3ccc4c(c3)CN(C3CCC(=O)NC3=O)C4=O)nn2)cn1,GSPT1,,2.0,=,1,NB4,Beijing Innocare Pharma Tech,WO2024222614A1,PGDB_AS001663,% Degradation,luminescence,standardized
PGDB_C003574,Cc1ccc(C)c(-c2c(-c3ccc4c(c3)CN(C3CCC(=O)NC3=O)C4=O)cnn2C)c1,CSNK1A1,,25.0,<,1,HEK293,Innovo Therapeutics,EP4584259A1,PGDB_AS001103,% Degradation,,standardized
PGDB_C003869,Cc1ccc(C)c(-c2c(-c3ccc4c(c3)CN(C3CCC(=O)NC3=O)C4=O)ncn2C)c1,CSNK1A1,,25.0,<,1,HEK293,Innovo Therapeutics,EP4584259A1,PGDB_AS001103,% Degradation,,standardized
PGDB_C032804,Cc1ccc(C)n(-c2cccc(-n3ncc4c(C5CCC(=O)NC5=O)cccc43)c2)c1=O,VAV1,,50.0,<=,1,Jurkat,,WO2026145172A1,PGDB_AS002600,% Degradation,luminescence,standardized
PGDB_C010150,Cc1ccc(CN2CCC(O)(c3ccc4c(n3)CN(C3CCC(=O)NC3=O)C4=O)CC2)cc1,ARNT,,200.0,>=,0,7860-O,Neomorph,WO2025097092,PGDB_AS002177,% Degradation,luminescence,manual_curated
PGDB_C016649,Cc1ccc(CN2CCC(c3ccc4c5c(cccc35)N(C3CCC(=O)NC3=O)C4=O)CC2)cc1F,GSPT1,,10000.0,>,0,293T.114,C4 Therapeutics,WO2022081927A1,PGDB_AS001223,% Degradation,luminescence,standardized
PGDB_C016649,Cc1ccc(CN2CCC(c3ccc4c5c(cccc35)N(C3CCC(=O)NC3=O)C4=O)CC2)cc1F,SALL4,,10000.0,>,0,KELLY.2,C4 Therapeutics,WO2022081927A1,PGDB_AS001296,% Degradation,luminescence,standardized
PGDB_C001950,Cc1ccc(CNC(=O)Cc2ccc3c(c2)CN(C2CCC(=O)NC2=O)C3=O)cc1,GSPT1,,1.0,<,1,,St Jude Childrens Research Hospital,WO2023096822A1,PGDB_AS001062,% Degradation,,standardized
PGDB_C003573,Cc1ccc(Cl)c(-c2c(-c3ccc4c(c3)CN(C3CCC(=O)NC3=O)C4=O)cnn2C)c1,CSNK1A1,,25.0,<,1,HEK293,Innovo Therapeutics,EP4584259A1,PGDB_AS001103,% Degradation,,standardized
PGDB_C003805,Cc1ccc(Cl)c(-c2c(-c3ccc4c(c3)CN(C3CCC(=O)NC3=O)C4=O)ncn2C)c1,CSNK1A1,,25.0,<,1,HEK293,Innovo Therapeutics,EP4584259A1,PGDB_AS001103,% Degradation,,standardized
PGDB_C003805,Cc1ccc(Cl)c(-c2c(-c3ccc4c(c3)CN(C3CCC(=O)NC3=O)C4=O)ncn2C)c1,GSPT1,,25.0,<,1,HEK293,Innovo Therapeutics,EP4584259A1,PGDB_AS001862,% Degradation,luminescence,standardized
PGDB_C003802,Cc1ccc(Cl)cc1-c1c(-c2ccc3c(c2)CN(C2CCC(=O)NC2=O)C3=O)ncn1C,CSNK1A1,,25.0,<,1,HEK293,Innovo Therapeutics,EP4584259A1,PGDB_AS001103,% Degradation,,standardized
PGDB_C003802,Cc1ccc(Cl)cc1-c1c(-c2ccc3c(c2)CN(C2CCC(=O)NC2=O)C3=O)ncn1C,GSPT1,,25.0,<,1,HEK293,Innovo Therapeutics,EP4584259A1,PGDB_AS001862,% Degradation,luminescence,standardized
PGDB_C003967,Cc1ccc(Cl)cc1-c1nc(-c2ccc3c(c2)CN(C2CCC(=O)NC2=O)C3=O)cn1C,CSNK1A1,,25.0,<,1,HEK293,Innovo Therapeutics,EP4584259A1,PGDB_AS001103,% Degradation,,standardized
PGDB_C003576,Cc1ccc(F)c(-c2c(-c3ccc4c(c3)CN(C3CCC(=O)NC3=O)C4=O)cnn2C)c1,CSNK1A1,,25.0,<,1,HEK293,Innovo Therapeutics,EP4584259A1,PGDB_AS001103,% Degradation,,standardized
PGDB_C003747,Cc1ccc(F)c(-c2c(-c3ccc4c(c3)CN(C3CCC(=O)NC3=O)C4=O)ncn2C)c1,CSNK1A1,,25.0,<,1,HEK293,Innovo Therapeutics,EP4584259A1,PGDB_AS001103,% Degradation,,standardized
PGDB_C003829,Cc1ccc(F)c(-c2nc(-c3ccc4c(c3)CN(C3CCC(=O)NC3=O)C4=O)cn2C)c1,CSNK1A1,,25.0,<,1,HEK293,Innovo Therapeutics,EP4584259A1,PGDB_AS001103,% Degradation,,standardized
PGDB_C003829,Cc1ccc(F)c(-c2nc(-c3ccc4c(c3)CN(C3CCC(=O)NC3=O)C4=O)cn2C)c1,GSPT1,,25.0,<,1,HEK293,Innovo Therapeutics,EP4584259A1,PGDB_AS001862,% Degradation,luminescence,standardized
PGDB_C016645,Cc1ccc(F)c(CNCc2ccc3c4c(cccc24)N(C2CCC(=O)NC2=O)C3=O)c1,GSPT1,,10000.0,>,0,293T.114,C4 Therapeutics,WO2022081927A1,PGDB_AS001223,% Degradation,luminescence,standardized
PGDB_C016645,Cc1ccc(F)c(CNCc2ccc3c4c(cccc24)N(C2CCC(=O)NC2=O)C3=O)c1,SALL4,,100.0,<,1,KELLY.2,C4 Therapeutics,WO2022081927A1,PGDB_AS001296,% Degradation,luminescence,standardized
PGDB_C003872,Cc1ccc(F)cc1-c1c(-c2ccc3c(c2)CN(C2CCC(=O)NC2=O)C3=O)ncn1C,CSNK1A1,,25.0,<,1,HEK293,Innovo Therapeutics,EP4584259A1,PGDB_AS001103,% Degradation,,standardized
PGDB_C004031,Cc1ccc(N)cc1-c1nc(-c2ccc3c(c2)CN(C2CCC(=O)NC2=O)C3=O)cn1C,CSNK1A1,,25.0,<,1,HEK293,Innovo Therapeutics,EP4584259A1,PGDB_AS001103,% Degradation,,standardized
PGDB_C029257,Cc1ccc(N2CCC(=O)NC2=O)c2ccn(C3CCN(CC4CCN(C(=O)c5ccc(N6C7CCC6CN(c6cc(-c8ccccc8O)nnc6N)C7)cc5)CC4)CC3)c12,SMARCA2,,2.4,=,1,,AstraZeneca,WO2026120044,PGDB_AS001809,% Degradation,,standardized
PGDB_C012112,Cc1ccc(N2CCC(CN3CCN(Cc4ccn5nc(F)c(N6CCC(=O)NC6=O)c5c4)C[C@@H]3C)CC2)c(F)c1,WIZ,,19.8,=,1,HT-1080,Linkcure Therapeutics,WO2025256460A1,PGDB_AS000508,% Degradation,luminescence,standardized
PGDB_C012098,Cc1ccc(N2CCC(CN3CCN(Cc4ccn5nc(F)c(N6CCC(=O)NC6=O)c5c4)C[C@@H]3C)CC2)nc1,WIZ,,15.4,=,1,HT-1080,Linkcure Therapeutics,WO2025256460A1,PGDB_AS000508,% Degradation,luminescence,standardized
PGDB_C012066,Cc1ccc(N2CCC(CN3CCN(Cc4ccn5ncc(N6CCC(=O)NC6=O)c5c4)C[C@@H]3C)CC2)nc1,WIZ,,230.0,=,0,HT-1080,Linkcure Therapeutics,WO2025256460A1,PGDB_AS000508,% Degradation,luminescence,standardized
PGDB_C012203,Cc1ccc(N2CCN(c3cccc(C4CCC(=O)NC4=O)c3Cl)CC2)c(=O)n1C,VAV1,,192.772,=,0,Jurkat,Monte Rosa Therapeutics,WO2026013577A1,PGDB_AS001744,% Degradation,luminescence,standardized
PGDB_C000479,Cc1ccc(NC(=O)C(C)Cc2ccc3c(c2)CN(C2CCC(=O)NC2=O)C3=O)cc1Cl,GSPT1,,10000.0,>,0,U937,Livzon Pharmaceutical Group;Jinan University,CN117917402A,PGDB_AS002566,% Degradation,Western_blot,standardized
PGDB_C000483,Cc1ccc(NC(=O)CC(C)c2ccc3c(c2)C(=O)N(C2CCC(=O)NC2=O)C3)cc1Cl,GSPT1,,10000.0,>,0,U937,Livzon Pharmaceutical Group;Jinan University,CN117917402A,PGDB_AS002566,% Degradation,Western_blot,standardized
PGDB_C000504,Cc1ccc(NC(=O)CCc2ccc3c(c2)C(=O)N(C2CCCC(=O)NC2=O)C3)cc1Cl,GSPT1,,10000.0,>,0,U937,Livzon Pharmaceutical Group;Jinan University,CN117917402A,PGDB_AS002566,% Degradation,Western_blot,standardized
PGDB_C000474,Cc1ccc(NC(=O)CCc2ccc3c(c2)CN(C2CCC(=O)NC2=O)C3=O)cc1Cl,GSPT1,,143.4,=,0,U937,Livzon Pharmaceutical Group;Jinan University,CN117917402A,PGDB_AS002566,% Degradation,Western_blot,standardized
PGDB_C000475,Cc1ccc(NC(=O)CCc2cccc3c2C(=O)N(C2CCC(=O)NC2=O)C3=O)cc1Cl,GSPT1,,373.8,=,0,U937,Livzon Pharmaceutical Group;Jinan University,CN117917402A,PGDB_AS002566,% Degradation,Western_blot,standardized
PGDB_C000501,Cc1ccc(NC(=O)CCc2cnc3c(c2)C(=O)N(C2CCC(=O)NC2=O)C3)cc1Cl,GSPT1,,10000.0,>,0,U937,Livzon Pharmaceutical Group;Jinan University,CN117917402A,PGDB_AS002566,% Degradation,Western_blot,standardized
PGDB_C000481,Cc1ccc(NC(=O)CNc2ccc3c(c2)C(=O)N(C2CCC(=O)NC2=O)C3)cc1Cl,GSPT1,,10000.0,>,0,U937,Livzon Pharmaceutical Group;Jinan University,CN117917402A,PGDB_AS002566,% Degradation,Western_blot,standardized
PGDB_C000482,Cc1ccc(NC(=O)COc2ccc3c(c2)C(=O)N(C2CCC(=O)NC2=O)C3)cc1Cl,GSPT1,,10000.0,>,0,U937,Livzon Pharmaceutical Group;Jinan University,CN117917402A,PGDB_AS002566,% Degradation,Western_blot,standardized
PGDB_C000058,Cc1ccc(NC(=O)NCc2ccc3c(c2)CN(C2CCC(=O)NC2=O)C3=O)cc1Cl,CSNK1A1,CRBN,653.0,=,0,HT-1080,Hangzhou Glubio Pharmaceutical,WO2022257897A1,PGDB_AS001868,% Degradation,luminescence,standardized
PGDB_C003156,Cc1ccc(NC(=O)NCc2ccc3nc(C)c(N4CCC(=O)NC4=O)cc3c2)cc1Cl,GSPT1,,50.0,<=,1,HEK293,Captor Therapeutics,WO2024165577A1,PGDB_AS001317,% Degradation,,standardized
PGDB_C003154,Cc1ccc(NC(=O)OCc2cc3nc(C)c(C4CCC(=O)NC4=O)cc3cc2F)cc1Cl,GSPT1,,100.0,<=,1,HEK293,Captor Therapeutics,WO2024165577A1,PGDB_AS001317,% Degradation,,standardized
PGDB_C003150,Cc1ccc(NC(=O)OCc2ccc3c(C)c(C4CCC(=O)NC4=O)c(C)nc3c2)cc1Cl,GSPT1,,10.0,<=,1,HEK293,Captor Therapeutics,WO2024165577A1,PGDB_AS001317,% Degradation,,standardized
PGDB_C009962,Cc1ccc(NC(=O)OCc2ccc3c(c2C)C(=O)N(C2CCC(=O)NC2=O)C3)cc1Cl,GSPT1,,300.0,>,0,CAL-51,Monte Rosa Therapeutics,WO2022219407A1,PGDB_AS002523,% Degradation,fluorescence,manual_curated
PGDB_C009973,Cc1ccc(NC(=O)OCc2ccc3c(c2Cl)C(=O)N(C2CCC(=O)NC2=O)C3)cc1Cl,GSPT1,,300.0,>,0,CAL-51,Monte Rosa Therapeutics,WO2022219407A1,PGDB_AS002523,% Degradation,fluorescence,manual_curated
PGDB_C003158,Cc1ccc(NC(=O)OCc2ccc3cc(C4CCC(=O)NC4=O)c(C)nc3c2)c(Cl)c1Cl,GSPT1,,50.0,<=,1,HEK293,Captor Therapeutics,WO2024165577A1,PGDB_AS001317,% Degradation,,standardized
PGDB_C003155,Cc1ccc(NC(=O)OCc2ccc3cc(C4CCC(=O)NC4=O)c(C)nc3c2F)cc1Cl,GSPT1,,50.0,<=,1,HEK293,Captor Therapeutics,WO2024165577A1,PGDB_AS001317,% Degradation,,standardized
PGDB_C003147,Cc1ccc(NC(=O)OCc2ccc3cc([C@@H]4CCC(=O)NC4=O)c(C)nc3c2)cc1Cl,GSPT1,,100.0,<=,1,HEK293,Captor Therapeutics,WO2024165577A1,PGDB_AS001317,% Degradation,,standardized
PGDB_C003148,Cc1ccc(NC(=O)OCc2ccc3cc([C@H]4CCC(=O)NC4=O)c(C)nc3c2)cc1Cl,GSPT1,,10.0,<=,1,HEK293,Captor Therapeutics,WO2024165577A1,PGDB_AS001317,% Degradation,,standardized
PGDB_C003217,Cc1ccc(O)c(-c2cn(Cc3ccc4c(c3)CN(C3CCC(=O)NC3=O)C4=O)nn2)c1,GSPT1,,3.1,=,1,NB4,Beijing Innocare Pharma Tech,WO2024222614A1,PGDB_AS001663,% Degradation,luminescence,standardized
PGDB_C033081,Cc1ccc(O[C@H]2CC[C@H](NC(=O)c3ccc(N4CCC(CN5CCC6(CC5)COc5c6cc(Cl)c6c5CN([C@H]5CCC(=O)NC5=O)C6=O)CC4)c(F)c3)CC2)cc1,CSNK1A1,,10.0,<=,1,HEK293,,WO2026139085A1,PGDB_AS002601,% Degradation,luminescence,standardized
PGDB_C003218,Cc1ccc(Oc2cn(Cc3ccc4c(c3)CN(C3CCC(=O)NC3=O)C4=O)nn2)cc1,GSPT1,,3.8,=,1,NB4,Beijing Innocare Pharma Tech,WO2024222614A1,PGDB_AS001663,% Degradation,luminescence,standardized
PGDB_C029174,Cc1ccc2c(ccn2C2CCN(CC3CCN(C(=O)c4ccc(N5C6CCC5CN(c5cc(-c7ccccc7O)nnc5N)C6)cc4)CC3)CC2)c1N1CCC(=O)NC1=O,SMARCA2,,9.0,=,1,,AstraZeneca,WO2026120044,PGDB_AS001809,% Degradation,,standardized
PGDB_C003563,Cc1cccc(-c2c(-c3ccc4c(c3)CN(C3CCC(=O)NC3=O)C4=O)cnn2C)c1,CSNK1A1,,25.0,<,1,HEK293,Innovo Therapeutics,EP4584259A1,PGDB_AS001103,% Degradation,,standardized
PGDB_C003623,Cc1cccc(-c2c(-c3ccc4c(c3)CN(C3CCC(=O)NC3=O)C4=O)cnn2C)c1F,CSNK1A1,,25.0,<,1,HEK293,Innovo Therapeutics,EP4584259A1,PGDB_AS001103,% Degradation,,standardized
PGDB_C003739,Cc1cccc(-c2c(-c3ccc4c(c3)CN(C3CCC(=O)NC3=O)C4=O)ncn2C)c1,CSNK1A1,,25.0,<,1,HEK293,Innovo Therapeutics,EP4584259A1,PGDB_AS001103,% Degradation,,standardized
PGDB_C003739,Cc1cccc(-c2c(-c3ccc4c(c3)CN(C3CCC(=O)NC3=O)C4=O)ncn2C)c1,GSPT1,,25.0,<,1,HEK293,Innovo Therapeutics,EP4584259A1,PGDB_AS001862,% Degradation,luminescence,standardized
PGDB_C003744,Cc1cccc(-c2c(-c3ccc4c(c3)CN(C3CCC(=O)NC3=O)C4=O)ncn2C)c1C,CSNK1A1,,25.0,<,1,HEK293,Innovo Therapeutics,EP4584259A1,PGDB_AS001103,% Degradation,,standardized
PGDB_C003744,Cc1cccc(-c2c(-c3ccc4c(c3)CN(C3CCC(=O)NC3=O)C4=O)ncn2C)c1C,GSPT1,,25.0,<,1,HEK293,Innovo Therapeutics,EP4584259A1,PGDB_AS001862,% Degradation,luminescence,standardized
PGDB_C003748,Cc1cccc(-c2c(-c3ccc4c(c3)CN(C3CCC(=O)NC3=O)C4=O)ncn2C)c1F,CSNK1A1,,25.0,<,1,HEK293,Innovo Therapeutics,EP4584259A1,PGDB_AS001103,% Degradation,,standardized
PGDB_C003748,Cc1cccc(-c2c(-c3ccc4c(c3)CN(C3CCC(=O)NC3=O)C4=O)ncn2C)c1F,GSPT1,,25.0,<,1,HEK293,Innovo Therapeutics,EP4584259A1,PGDB_AS001862,% Degradation,luminescence,standardized
PGDB_C003838,Cc1cccc(-c2nc(-c3ccc4c(c3)CN(C3CCC(=O)NC3=O)C4=O)cn2C)c1,CSNK1A1,,25.0,<,1,HEK293,Innovo Therapeutics,EP4584259A1,PGDB_AS001103,% Degradation,,standardized
PGDB_C004007,Cc1cccc(-c2nc(-c3ccc4c(c3)CN(C3CCC(=O)NC3=O)C4=O)cn2C)c1C,CSNK1A1,,25.0,<,1,HEK293,Innovo Therapeutics,EP4584259A1,PGDB_AS001103,% Degradation,,standardized
PGDB_C004007,Cc1cccc(-c2nc(-c3ccc4c(c3)CN(C3CCC(=O)NC3=O)C4=O)cn2C)c1C,GSPT1,,25.0,<,1,HEK293,Innovo Therapeutics,EP4584259A1,PGDB_AS001862,% Degradation,luminescence,standardized
PGDB_C032025,Cc1cccc(=O)n1-c1ccc(-c2cccc(C3CCC(=O)NC3=O)c2Cl)s1,VAV1,,0.6,=,1,,Changchun Genescience Pharmaceutical Co Ltd,WO2026119120A1,PGDB_AS001984,% Degradation,luminescence,standardized
PGDB_C032791,Cc1cccc(=O)n1-c1ccc(-c2cccc(N3CCC(=O)NC3=O)c2Cl)cc1,VAV1,,50.0,<=,1,Jurkat,,WO2026145172A1,PGDB_AS002600,% Degradation,luminescence,standardized
PGDB_C032808,Cc1cccc(=O)n1-c1ccc(F)c(-n2ncc3c(C4CCC(=O)NC4=O)cccc32)c1,VAV1,,50.0,<=,1,Jurkat,,WO2026145172A1,PGDB_AS002605,% Degradation,luminescence,standardized
PGDB_C032978,Cc1cccc(=O)n1-c1cccc(-n2ncc3c(C4CCC(=O)NC4=O)cc(F)cc32)c1,VAV1,,50.0,<=,1,Jurkat,,WO2026145172A1,PGDB_AS002614,% Degradation,luminescence,standardized
PGDB_C032820,Cc1cccc(=O)n1-c1cccc(-n2ncc3c(C4CCC(=O)NC4=O)ccc(F)c32)c1,VAV1,,250.0,>,0,Jurkat,,WO2026145172A1,PGDB_AS002605,% Degradation,luminescence,standardized
PGDB_C032793,Cc1cccc(=O)n1-c1cccc(-n2ncc3c(C4CCC(=O)NC4=O)cccc32)c1,VAV1,,50.0,<=,1,Jurkat,,WO2026145172A1,PGDB_AS002600,% Degradation,luminescence,standardized
PGDB_C003591,Cc1cccc(C)c1-c1c(-c2ccc3c(c2)CN(C2CCC(=O)NC2=O)C3=O)ncn1C,CSNK1A1,,25.0,<,1,HEK293,Innovo Therapeutics,EP4584259A1,PGDB_AS001103,% Degradation,,standardized
PGDB_C003749,Cc1cccc(F)c1-c1c(-c2ccc3c(c2)CN(C2CCC(=O)NC2=O)C3=O)ncn1C,CSNK1A1,,25.0,<,1,HEK293,Innovo Therapeutics,EP4584259A1,PGDB_AS001103,% Degradation,,standardized
PGDB_C004008,Cc1cccc(F)c1-c1nc(-c2ccc3c(c2)CN(C2CCC(=O)NC2=O)C3=O)cn1C,CSNK1A1,,25.0,<,1,HEK293,Innovo Therapeutics,EP4584259A1,PGDB_AS001103,% Degradation,,standardized
PGDB_C004008,Cc1cccc(F)c1-c1nc(-c2ccc3c(c2)CN(C2CCC(=O)NC2=O)C3=O)cn1C,GSPT1,,25.0,<,1,HEK293,Innovo Therapeutics,EP4584259A1,PGDB_AS001862,% Degradation,luminescence,standardized
PGDB_C008151,Cc1cccc(S(=O)(=O)Nc2ccc3c(c2)C(=O)N(C2CCC(=O)NC2=O)C3=O)c1Br,GSPT1,,214.0,=,0,HEK293,Cyrus Therapeutics;Wooseok Han;Joonwoo Nam;Min Sung Joo;Dong Hyuk Ki;Kim Eun Jung;Jaeyung Lee,IL323841A,PGDB_AS000381,% Degradation,luminescence,standardized
PGDB_C008154,Cc1cccc(S(=O)(=O)Nc2ccc3c(c2)C(=O)N(C2CCC(=O)NC2=O)C3=O)c1C,GSPT1,,10000.0,>,0,HEK293,Cyrus Therapeutics;Wooseok Han;Joonwoo Nam;Min Sung Joo;Dong Hyuk Ki;Kim Eun Jung;Jaeyung Lee,IL323841A,PGDB_AS000381,% Degradation,luminescence,standardized
PGDB_C008165,Cc1cccc(S(=O)(=O)Nc2ccc3c(c2)C(=O)N(C2CCC(=O)NC2=O)C3=O)c1C(F)(F)F,GSPT1,,118.0,=,0,HEK293,Cyrus Therapeutics;Wooseok Han;Joonwoo Nam;Min Sung Joo;Dong Hyuk Ki;Kim Eun Jung;Jaeyung Lee,IL323841A,PGDB_AS000381,% Degradation,luminescence,standardized
PGDB_C008150,Cc1cccc(S(=O)(=O)Nc2ccc3c(c2)C(=O)N(C2CCC(=O)NC2=O)C3=O)c1Cl,GSPT1,,1712.9,=,0,HEK293,Cyrus Therapeutics;Wooseok Han;Joonwoo Nam;Min Sung Joo;Dong Hyuk Ki;Kim Eun Jung;Jaeyung Lee,IL323841A,PGDB_AS000381,% Degradation,luminescence,standardized
PGDB_C008157,Cc1cccc(S(=O)(=O)Nc2ccc3c(c2)C(=O)N(C2CCC(=O)NC2=O)C3=O)c1I,GSPT1,,131.0,=,0,HEK293,Cyrus Therapeutics;Wooseok Han;Joonwoo Nam;Min Sung Joo;Dong Hyuk Ki;Kim Eun Jung;Jaeyung Lee,IL323841A,PGDB_AS000381,% Degradation,luminescence,standardized
PGDB_C008166,Cc1cccc(S(=O)(=O)Nc2ccc3c(c2)C(=O)N(C2CCC(=O)NC2=O)C3=O)c1OC(F)(F)F,GSPT1,,318.0,=,0,HEK293,Cyrus Therapeutics;Wooseok Han;Joonwoo Nam;Min Sung Joo;Dong Hyuk Ki;Kim Eun Jung;Jaeyung Lee,IL323841A,PGDB_AS000381,% Degradation,luminescence,standardized
PGDB_C008152,Cc1cccc(S(=O)(=O)Nc2ccc3c(c2)C(=O)N(C2CCC(=O)NC2=O)C3=O)c1OC(F)F,GSPT1,,495.8,=,0,HEK293,Cyrus Therapeutics;Wooseok Han;Joonwoo Nam;Min Sung Joo;Dong Hyuk Ki;Kim Eun Jung;Jaeyung Lee,IL323841A,PGDB_AS000381,% Degradation,luminescence,standardized
PGDB_C001827,Cc1cccc([C@H](NC(=O)c2ccc3c(c2)CN(C2CCC(=O)NC2=O)C3=O)C2CC2)c1,CSNK1A1,CRBN,553.0,=,0,HT-1080,Hangzhou Glubio Pharmaceutical,WO2022257897A1,PGDB_AS001868,% Degradation,luminescence,standardized
PGDB_C003561,Cc1ccccc1-c1c(-c2ccc3c(c2)CN(C2CCC(=O)NC2=O)C3=O)cnn1C,CSNK1A1,,25.0,<,1,HEK293,Innovo Therapeutics,EP4584259A1,PGDB_AS001103,% Degradation,,standardized
PGDB_C003738,Cc1ccccc1-c1c(-c2ccc3c(c2)CN(C2CCC(=O)NC2=O)C3=O)ncn1C,CSNK1A1,,25.0,<,1,HEK293,Innovo Therapeutics,EP4584259A1,PGDB_AS001103,% Degradation,,standardized
PGDB_C029207,Cc1ccccc1-c1cc(N2CC3CCC(C2)N3c2ccc(C(=O)N3CCC(F)(CN4CCC(n5ccc6c(N7CCC(=O)NC7=O)c(C)ccc65)CC4)CC3)cc2)c(N)nn1,SMARCA2,,60.0,=,1,,AstraZeneca,WO2026120044,PGDB_AS001809,% Degradation,,standardized
PGDB_C003839,Cc1ccccc1-c1nc(-c2ccc3c(c2)CN(C2CCC(=O)NC2=O)C3=O)cn1C,CSNK1A1,,25.0,<,1,HEK293,Innovo Therapeutics,EP4584259A1,PGDB_AS001103,% Degradation,,standardized
PGDB_C003839,Cc1ccccc1-c1nc(-c2ccc3c(c2)CN(C2CCC(=O)NC2=O)C3=O)cn1C,GSPT1,,25.0,<,1,HEK293,Innovo Therapeutics,EP4584259A1,PGDB_AS001862,% Degradation,luminescence,standardized
PGDB_C007770,Cc1ccccc1C(=O)/C=C/C(=O)N1CCN(c2ccc(Nc3ncc4cc(C(=O)N(C)C)n(C5CCCC5)c4n3)nc2)CC1,CDK4,,10000.0,>,0,,Novartis;University Of California;University Of California Berkeley;University Of California San Diego Ucsd,EP4605088A1,PGDB_AS000031,% Degradation,Western_blot,standardized
PGDB_C001960,Cc1ccccc1NC(=O)Cc1ccc2c(c1)CN(C1CCC(=O)NC1=O)C2=O,GSPT1,,5970.0,>,0,,St Jude Childrens Research Hospital,WO2023096822A1,PGDB_AS001062,% Degradation,,standardized
PGDB_C033133,Cc1ccccc1O[C@H]1CC[C@H](NC(=O)c2ccc(N3CCC(CN4CCC5(CC4)COc4c5cc(Cl)c5c4CN(C4CCC(=O)NC4=O)C5=O)CC3)c(F)c2)CC1,CSNK1A1,,10.0,<=,1,HEK293,,WO2026139085A1,PGDB_AS002601,% Degradation,luminescence,standardized
PGDB_C001805,Cc1ccccc1[C@@H](NC(=O)c1ccc2c(c1)CN(C1CCC(=O)NC1=O)C2=O)C1CC1,CSNK1A1,CRBN,363.0,=,0,HT-1080,Hangzhou Glubio Pharmaceutical,WO2022257897A1,PGDB_AS001868,% Degradation,luminescence,standardized
PGDB_C032026,Cc1cccn(-c2ccc(-c3cccc(C4CCC(=O)NC4=O)c3Cl)s2)c1=O,VAV1,,8.1,=,1,,Changchun Genescience Pharmaceutical Co Ltd,WO2026119120A1,PGDB_AS001984,% Degradation,luminescence,standardized
PGDB_C032029,Cc1ccn(-c2ccc(-c3cccc(C4CCC(=O)NC4=O)c3Cl)s2)c(=O)c1,VAV1,,5.0,=,1,,Changchun Genescience Pharmaceutical Co Ltd,WO2026119120A1,PGDB_AS001984,% Degradation,luminescence,standardized
PGDB_C032023,Cc1ccn(-c2sc(-c3cccc(C4CCC(=O)NC4=O)c3Cl)cc2C)c(=O)c1,VAV1,,1.3,=,1,,Changchun Genescience Pharmaceutical Co Ltd,WO2026119120A1,PGDB_AS001984,% Degradation,luminescence,standardized
PGDB_C032057,Cc1ccn(-c2sc(-c3cccc(C4CCC(=O)NC4=O)c3Cl)cc2Cl)c(=O)c1,VAV1,,4.2,=,1,,Changchun Genescience Pharmaceutical Co Ltd,WO2026119120A1,PGDB_AS001984,% Degradation,luminescence,standardized
PGDB_C032764,Cc1ccn(C)c(=O)c1-c1cccc(-n2ncc3c(C4CCC(=O)NC4=O)cccc32)c1,VAV1,,50.0,<=,1,Jurkat,,WO2026145172A1,PGDB_AS002600,% Degradation,luminescence,standardized
PGDB_C012219,Cc1ccn(C)c(=O)c1N1CC2CN(c3cccc(C4CCC(=O)NC4=O)c3Cl)CC2C1,VAV1,,10000.0,=,0,Jurkat,Monte Rosa Therapeutics,WO2026013577A1,PGDB_AS001744,% Degradation,luminescence,standardized
PGDB_C012217,Cc1ccn(C)c(=O)c1N1CCN(c2cccc(C3CCC(=O)NC3=O)c2Cl)CC1,VAV1,,10000.0,=,0,Jurkat,Monte Rosa Therapeutics,WO2026013577A1,PGDB_AS001744,% Degradation,luminescence,standardized
PGDB_C012104,Cc1ccnc(N2CCC(CN3CCN(Cc4ccn5nc(F)c(N6CCC(=O)NC6=O)c5c4)C[C@@H]3C)CC2)n1,WIZ,,7.4,=,1,HT-1080,Linkcure Therapeutics,WO2025256460A1,PGDB_AS000508,% Degradation,luminescence,standardized
PGDB_C032067,Cc1ccnc(Oc2sc(-c3cccc(C4CCC(=O)NC4=O)c3Cl)cc2C)n1,VAV1,,2.7,=,1,,Changchun Genescience Pharmaceutical Co Ltd,WO2026119120A1,PGDB_AS001984,% Degradation,luminescence,standardized
PGDB_C003643,Cc1ccsc1-c1c(-c2ccc3c(c2)CN(C2CCC(=O)NC2=O)C3=O)cnn1C,CSNK1A1,,25.0,<,1,HEK293,Innovo Therapeutics,EP4584259A1,PGDB_AS001103,% Degradation,,standardized
PGDB_C004098,Cc1ccsc1-c1c(-c2ccc3c(c2)CN(C2CCC(=O)NC2=O)C3=O)ncn1C,CSNK1A1,,25.0,<,1,HEK293,Innovo Therapeutics,EP4584259A1,PGDB_AS001103,% Degradation,,standardized
PGDB_C003945,Cc1cn(-c2ccc3c(c2)CN(C2CCC(=O)NC2=O)C3=O)nc1-c1ccccc1,CSNK1A1,,25.0,<,1,HEK293,Innovo Therapeutics,EP4584259A1,PGDB_AS001103,% Degradation,,standardized
PGDB_C004144,Cc1cn(-c2ccccc2)c(-c2ccc3c(c2)CN(C2CCC(=O)NC2=O)C3=O)n1,CSNK1A1,,25.0,<,1,HEK293,Innovo Therapeutics,EP4584259A1,PGDB_AS001103,% Degradation,,standardized
PGDB_C004144,Cc1cn(-c2ccccc2)c(-c2ccc3c(c2)CN(C2CCC(=O)NC2=O)C3=O)n1,GSPT1,,25.0,<,1,HEK293,Innovo Therapeutics,EP4584259A1,PGDB_AS001862,% Degradation,luminescence,standardized
PGDB_C012135,Cc1cn(C)nc1C1CCC(CN2CCN(Cc3ccn4nc(F)c(N5CCC(=O)NC5=O)c4c3)C[C@@H]2C)CC1,WIZ,,11.0,=,1,HT-1080,Linkcure Therapeutics,WO2025256460A1,PGDB_AS000508,% Degradation,luminescence,standardized
PGDB_C007580,Cc1cn(C2=CCC3C4CC=C5C[C@@H](NC(=O)c6ccc(C#N)cc6)CC[C@]5(C)C4CC[C@]23C)cn1,AR,,1370.0,=,0,LNCaP,Shanghai Institute Of Materia Medica Of Cas,EP4461736A1,PGDB_AS000970,% Degradation,,standardized
PGDB_C007567,Cc1cn(C2=CCC3C4CC=C5C[C@@H](NC(=O)c6ccc(F)cc6)CC[C@]5(C)C4CC[C@]23C)cn1,AR,,1280.0,=,0,LNCaP,Shanghai Institute Of Materia Medica Of Cas,EP4461736A1,PGDB_AS000970,% Degradation,,standardized
PGDB_C007570,Cc1cn(C2=CCC3C4CC=C5C[C@@H](NC(=O)c6ccc(F)cc6F)CC[C@]5(C)C4CC[C@]23C)cn1,AR,,1680.0,=,0,LNCaP,Shanghai Institute Of Materia Medica Of Cas,EP4461736A1,PGDB_AS000970,% Degradation,,standardized
PGDB_C007569,Cc1cn(C2=CCC3C4CC=C5C[C@@H](NC(=O)c6ccc(S(C)(=O)=O)cc6)CC[C@]5(C)C4CC[C@]23C)cn1,AR,,1560.0,=,0,LNCaP,Shanghai Institute Of Materia Medica Of Cas,EP4461736A1,PGDB_AS000970,% Degradation,,standardized
PGDB_C007568,Cc1cn(C2=CCC3C4CC=C5C[C@@H](NC(=O)c6ccc([N+](=O)[O-])cc6)CC[C@]5(C)C4CC[C@]23C)cn1,AR,,2600.0,=,0,LNCaP,Shanghai Institute Of Materia Medica Of Cas,EP4461736A1,PGDB_AS000970,% Degradation,,standardized
PGDB_C007574,Cc1cn(C2=CCC3C4CC=C5C[C@@H](NC(=O)c6cccnc6)CC[C@]5(C)C4CC[C@]23C)cn1,AR,,3580.0,=,0,LNCaP,Shanghai Institute Of Materia Medica Of Cas,EP4461736A1,PGDB_AS000970,% Degradation,,standardized
PGDB_C007565,Cc1cn(C2=CCC3C4CC=C5C[C@@H](NC(=O)c6ccnnc6)CC[C@]5(C)C4CC[C@]23C)cn1,AR,,2080.0,=,0,LNCaP,Shanghai Institute Of Materia Medica Of Cas,EP4461736A1,PGDB_AS000970,% Degradation,,standardized
PGDB_C029223,Cc1cn(C2CCC3(CC2)CCN(CC2(F)CCN(C(=O)c4ccc(N5C6CCC5CN(c5cc(-c7ccccc7O)nnc5N)C6)cc4)CC2)CC3)c2ccc(N3CCC(=O)NC3=O)cc12,SMARCA2,,2783.6,=,0,,AstraZeneca,WO2026120044,PGDB_AS001809,% Degradation,,standardized
PGDB_C029275,Cc1cn(C2CCN(CC3(F)CCN(C(=O)c4c(F)cc(N5C6CCC5CN(c5cc(-c7ccccc7O)nnc5N)C6)cc4C#N)CC3)CC2)c2ccc(N3CCC(=O)NC3=O)c(F)c12,SMARCA2,,138.1,=,0,,AstraZeneca,WO2026120044,PGDB_AS001809,% Degradation,,standardized
PGDB_C029275,Cc1cn(C2CCN(CC3(F)CCN(C(=O)c4c(F)cc(N5C6CCC5CN(c5cc(-c7ccccc7O)nnc5N)C6)cc4C#N)CC3)CC2)c2ccc(N3CCC(=O)NC3=O)c(F)c12,SMARCA4,,3333.0,>,0,,AstraZeneca,WO2026120044,PGDB_AS001309,% Degradation,,standardized
PGDB_C029240,Cc1cn(C2CCN(CC3(F)CCN(C(=O)c4c(F)cc(N5C6CCC5CN(c5cc(-c7ccccc7O)nnc5N)C6)cc4C#N)CC3)CC2)c2ccc(N3CCC(=O)NC3=O)cc12,SMARCA2,,68.8,=,1,,AstraZeneca,WO2026120044,PGDB_AS001809,% Degradation,,standardized
PGDB_C029240,Cc1cn(C2CCN(CC3(F)CCN(C(=O)c4c(F)cc(N5C6CCC5CN(c5cc(-c7ccccc7O)nnc5N)C6)cc4C#N)CC3)CC2)c2ccc(N3CCC(=O)NC3=O)cc12,SMARCA4,,3333.0,>,0,,AstraZeneca,WO2026120044,PGDB_AS001309,% Degradation,,standardized
PGDB_C029295,Cc1cn(C2CCN(CC3(F)CCN(C(=O)c4c(F)cc(N5C6CCC5CN(c5cc(-c7ccccc7O)nnc5N)C6)cc4F)CC3)CC2)c2ccc(N3CCC(=O)NC3=O)cc12,SMARCA2,,213.5,=,0,,AstraZeneca,WO2026120044,PGDB_AS001809,% Degradation,,standardized
PGDB_C029255,Cc1cn(C2CCN(CC3(F)CCN(C(=O)c4ccc(N5C6CCC5CN(c5cc(-c7c(O)cccc7F)nnc5N)C6)cc4)CC3)CC2)c2ccc(N3CCC(=O)NC3=O)cc12,SMARCA2,,263.7,=,0,,AstraZeneca,WO2026120044,PGDB_AS001809,% Degradation,,standardized
PGDB_C029272,Cc1cn(C2CCN(CC3(F)CCN(C(=O)c4ccc(N5C6CCC5CN(c5cc(-c7ccccc7O)nnc5N)C6)c(F)c4)CC3)CC2)c2ccc(N3CCC(=O)NC3=O)c(F)c12,SMARCA2,,145.4,=,0,,AstraZeneca,WO2026120044,PGDB_AS001809,% Degradation,,standardized
PGDB_C029262,Cc1cn(C2CCN(CC3(F)CCN(C(=O)c4ccc(N5C6CCC5CN(c5cc(-c7ccccc7O)nnc5N)C6)cc4)CC3)CC2)c2cc(F)c(N3CCC(=O)NC3=O)c(F)c12,SMARCA2,,28.1,=,1,,AstraZeneca,WO2026120044,PGDB_AS001809,% Degradation,,standardized
PGDB_C029245,Cc1cn(C2CCN(CC3(F)CCN(C(=O)c4ccc(N5C6CCC5CN(c5cc(-c7ccccc7O)nnc5N)C6)cc4)CC3)CC2)c2ccc(N3CCC(=O)N(COP(=O)(O)O)C3=O)cc12,SMARCA2,,127.2,=,0,,AstraZeneca,WO2026120044,PGDB_AS001809,% Degradation,,standardized
PGDB_C029245,Cc1cn(C2CCN(CC3(F)CCN(C(=O)c4ccc(N5C6CCC5CN(c5cc(-c7ccccc7O)nnc5N)C6)cc4)CC3)CC2)c2ccc(N3CCC(=O)N(COP(=O)(O)O)C3=O)cc12,SMARCA4,,1008.9999999999999,>,0,,AstraZeneca,WO2026120044,PGDB_AS001309,% Degradation,,standardized
PGDB_C029235,Cc1cn(C2CCN(CC3(F)CCN(C(=O)c4ccc(N5C6CCC5CN(c5cc(-c7ccccc7O)nnc5N)C6)cc4)CC3)CC2)c2ccc(N3CCC(=O)NC3=O)c(F)c12,SMARCA2,,97.69999999999999,=,1,,AstraZeneca,WO2026120044,PGDB_AS001809,% Degradation,,standardized
PGDB_C029186,Cc1cn(C2CCN(CC3(F)CCN(C(=O)c4ccc(N5C6CCC5CN(c5cc(-c7ccccc7O)nnc5N)C6)cc4)CC3)CC2)c2ccc(N3CCC(=O)NC3=O)cc12,SMARCA2,,37.8,=,1,,AstraZeneca,WO2026120044,PGDB_AS001809,% Degradation,,standardized
PGDB_C029182,Cc1cn(C2CCN(CC3(F)CCN(C(=O)c4ccc(N5C6CCC5CN(c5cc(-c7ccccc7O)nnc5N)C6)cc4)CC3)CC2)c2ccn(C3CCC(=O)NC3=O)c12,SMARCA2,,18.2,=,1,,AstraZeneca,WO2026120044,PGDB_AS001809,% Degradation,,standardized
PGDB_C029219,Cc1cn(C2CCN(CC3(F)CCN(C(=O)c4ccc(N5C6CCC5CN(c5cc(-c7ccccc7O)nnc5N)C6)cc4)CC3)CC2)c2ncc(N3CCC(=O)NC3=O)cc12,SMARCA2,,107.6,=,0,,AstraZeneca,WO2026120044,PGDB_AS001809,% Degradation,,standardized
PGDB_C029219,Cc1cn(C2CCN(CC3(F)CCN(C(=O)c4ccc(N5C6CCC5CN(c5cc(-c7ccccc7O)nnc5N)C6)cc4)CC3)CC2)c2ncc(N3CCC(=O)NC3=O)cc12,SMARCA4,,3333.0,>,0,,AstraZeneca,WO2026120044,PGDB_AS001309,% Degradation,,standardized
PGDB_C029237,Cc1cn(C2CCN(CC3(F)CCN(C(=O)c4ccc(N5C6CCC5CN(c5cc(-c7ccccc7O)nnc5N)C6)cc4C#N)CC3)CC2)c2ccc(N3CCC(=O)NC3=O)c(F)c12,SMARCA2,,110.3,=,0,,AstraZeneca,WO2026120044,PGDB_AS001809,% Degradation,,standardized
PGDB_C029237,Cc1cn(C2CCN(CC3(F)CCN(C(=O)c4ccc(N5C6CCC5CN(c5cc(-c7ccccc7O)nnc5N)C6)cc4C#N)CC3)CC2)c2ccc(N3CCC(=O)NC3=O)c(F)c12,SMARCA4,,31670.0,>,0,,AstraZeneca,WO2026120044,PGDB_AS001309,% Degradation,,standardized
PGDB_C029187,Cc1cn(C2CCN(CC3(F)CCN(C(=O)c4ccc(N5C6CCC5CN(c5cc(-c7ccccc7O)nnc5N)C6)cc4F)CC3)CC2)c2ccc(N3CCC(=O)NC3=O)cc12,SMARCA2,,64.10000000000001,=,1,,AstraZeneca,WO2026120044,PGDB_AS001809,% Degradation,,standardized
PGDB_C029246,Cc1cn(C2CCN(CC3(F)CCN(C(=O)c4ccc(N5C6CCC5N(Cc5cc(-c7ccccc7OCOP(=O)(O)O)nnc5N)C6)cc4)CC3)CC2)c2ccc(N3CCC(=O)NC3=O)cc12,SMARCA2,,154.9,=,0,,AstraZeneca,WO2026120044,PGDB_AS001809,% Degradation,,standardized
PGDB_C029246,Cc1cn(C2CCN(CC3(F)CCN(C(=O)c4ccc(N5C6CCC5N(Cc5cc(-c7ccccc7OCOP(=O)(O)O)nnc5N)C6)cc4)CC3)CC2)c2ccc(N3CCC(=O)NC3=O)cc12,SMARCA4,,3333.0,>,0,,AstraZeneca,WO2026120044,PGDB_AS001309,% Degradation,,standardized
PGDB_C029230,Cc1cn(C2CCN(CC3(F)CCN(Cc4ccc(N5C6CCC5CN(c5cc(-c7ccccc7O)nnc5N)C6)cc4)CC3)CC2)c2ccc(N3CCC(=O)NC3=O)cc12,SMARCA2,,3333.0,=,0,,AstraZeneca,WO2026120044,PGDB_AS001809,% Degradation,,standardized
PGDB_C029196,Cc1cn(C2CCN(CC3CCN(C(=O)c4ccc(N5C6CCC5CN(c5cc(-c7ccccc7O)nnc5N)C6)cc4)CC3)CC2)c2ccc(N3CCC(=O)NC3=O)cc12,SMARCA2,,60.3,=,1,,AstraZeneca,WO2026120044,PGDB_AS001809,% Degradation,,standardized
PGDB_C012246,Cc1cn2cccc(N3CCN(c4cccc(C5CCC(=O)NC5=O)c4Cl)CC3)c2n1,VAV1,,67.777,=,1,Jurkat,Monte Rosa Therapeutics,WO2026013577A1,PGDB_AS001744,% Degradation,luminescence,standardized
PGDB_C027101,Cc1cnc(C#CCN(C)C)nc1N1CCN(c2cc(-c3ccccc3O)nnc2N)CC[C@H]1C,SMARCA2,,50.0,<,1,HeLa,Plexium,WO2023244806A1,PGDB_AS002237,% Degradation,luminescence,standardized
PGDB_C012086,Cc1cnc(N2CCC(CN3CCN(Cc4ccn5nc(F)c(N6CCC(=O)NC6=O)c5c4)C[C@@H]3C)CC2)nc1,WIZ,,15.6,=,1,HT-1080,Linkcure Therapeutics,WO2025256460A1,PGDB_AS000508,% Degradation,luminescence,standardized
PGDB_C012100,Cc1cnc(N2CC[C@@H](CN3CCN(Cc4ccn5nc(F)c(N6CCC(=O)NC6=O)c5c4)C[C@@H]3C)C2)nc1,WIZ,,31.1,=,1,HT-1080,Linkcure Therapeutics,WO2025256460A1,PGDB_AS000508,% Degradation,luminescence,standardized
PGDB_C032071,Cc1cnc(Oc2ccc(-c3cccc(C4CCC(=O)NC4=O)c3Cl)s2)nc1,VAV1,,10.3,=,1,,Changchun Genescience Pharmaceutical Co Ltd,WO2026119120A1,PGDB_AS001984,% Degradation,luminescence,standardized
PGDB_C032064,Cc1cnc(Oc2sc(-c3cccc(C4CCC(=O)NC4=O)c3Cl)cc2C)cn1,VAV1,,13.9,=,1,,Changchun Genescience Pharmaceutical Co Ltd,WO2026119120A1,PGDB_AS001984,% Degradation,luminescence,standardized
PGDB_C032066,Cc1cnc(Oc2sc(-c3cccc(C4CCC(=O)NC4=O)c3Cl)cc2C)nc1,VAV1,,3.6,=,1,,Changchun Genescience Pharmaceutical Co Ltd,WO2026119120A1,PGDB_AS001984,% Degradation,luminescence,standardized
PGDB_C032068,Cc1cnc(Oc2sc(-c3cccc(C4CCC(=O)NC4=O)c3Cl)cc2C)nc1C,VAV1,,6.7,=,1,,Changchun Genescience Pharmaceutical Co Ltd,WO2026119120A1,PGDB_AS001984,% Degradation,luminescence,standardized
PGDB_C004046,Cc1cncc(-c2c(-c3ccc4c(c3)CN(C3CCC(=O)NC3=O)C4=O)ncn2C)c1,CSNK1A1,,25.0,<,1,HEK293,Innovo Therapeutics,EP4584259A1,PGDB_AS001103,% Degradation,,standardized
PGDB_C032790,Cc1cncc(=O)n1-c1cccc(-n2ncc3c(C4CCC(=O)NC4=O)cccc32)c1,VAV1,,50.0,<=,1,Jurkat,,WO2026145172A1,PGDB_AS002600,% Degradation,luminescence,standardized
PGDB_C032065,Cc1cncc(Oc2sc(-c3cccc(C4CCC(=O)NC4=O)c3Cl)cc2C)n1,VAV1,,11.9,=,1,,Changchun Genescience Pharmaceutical Co Ltd,WO2026119120A1,PGDB_AS001984,% Degradation,luminescence,standardized
PGDB_C033001,Cc1cnn(-c2cc(C(F)(F)F)cc(=O)n2-c2cccc(-n3ncc4c(C5CCC(=O)NC5=O)cccc43)c2)c1,VAV1,,10.0,<,1,Jurkat,,WO2026145172A1,PGDB_AS002614,% Degradation,luminescence,standardized
PGDB_C003947,Cc1cnn(-c2ccc3c(c2)CN(C2CCC(=O)NC2=O)C3=O)c1-c1ccccc1,CSNK1A1,,25.0,<,1,HEK293,Innovo Therapeutics,EP4584259A1,PGDB_AS001103,% Degradation,,standardized
PGDB_C003947,Cc1cnn(-c2ccc3c(c2)CN(C2CCC(=O)NC2=O)C3=O)c1-c1ccccc1,GSPT1,,25.0,<,1,HEK293,Innovo Therapeutics,EP4584259A1,PGDB_AS001862,% Degradation,luminescence,standardized
PGDB_C012155,Cc1cnn(C2CCC(N3CCN(Cc4ccn5nc(F)c(N6CCC(=O)NC6=O)c5c4)C[C@@H]3C)CC2)c1,WIZ,,7.5,=,1,HT-1080,Linkcure Therapeutics,WO2025256460A1,PGDB_AS000508,% Degradation,luminescence,standardized
PGDB_C003645,Cc1csc(-c2c(-c3ccc4c(c3)CN(C3CCC(=O)NC3=O)C4=O)cnn2C)c1,CSNK1A1,,25.0,<,1,HEK293,Innovo Therapeutics,EP4584259A1,PGDB_AS001103,% Degradation,,standardized
PGDB_C003865,Cc1csc(-c2c(-c3ccc4c(c3)CN(C3CCC(=O)NC3=O)C4=O)ncn2C)c1,CSNK1A1,,25.0,<,1,HEK293,Innovo Therapeutics,EP4584259A1,PGDB_AS001103,% Degradation,,standardized
PGDB_C003865,Cc1csc(-c2c(-c3ccc4c(c3)CN(C3CCC(=O)NC3=O)C4=O)ncn2C)c1,GSPT1,,25.0,<,1,HEK293,Innovo Therapeutics,EP4584259A1,PGDB_AS001862,% Degradation,luminescence,standardized
PGDB_C003442,Cc1nc(-c2ccc3c(c2)CN(C2CCC(=O)NC2=O)C3=O)c(-c2ccccc2)n1C,CSNK1A1,,25.0,<,1,HEK293,Innovo Therapeutics,EP4584259A1,PGDB_AS001103,% Degradation,,standardized
PGDB_C003447,Cc1nc(-c2ccc3c(c2)CN(C2CCC(=O)NC2=O)C3=O)c(-c2ccccc2)o1,CSNK1A1,,25.0,<,1,HEK293,Innovo Therapeutics,EP4584259A1,PGDB_AS001103,% Degradation,,standardized
PGDB_C004127,Cc1nc(-c2ccc3c(c2)CN(C2CCC(=O)NC2=O)C3=O)nn1-c1ccccc1,CSNK1A1,,25.0,<,1,HEK293,Innovo Therapeutics,EP4584259A1,PGDB_AS001103,% Degradation,,standardized
PGDB_C004127,Cc1nc(-c2ccc3c(c2)CN(C2CCC(=O)NC2=O)C3=O)nn1-c1ccccc1,GSPT1,,25.0,<,1,HEK293,Innovo Therapeutics,EP4584259A1,PGDB_AS001862,% Degradation,luminescence,standardized
PGDB_C012072,Cc1nc(N2CCC(CN3CCN(Cc4ccn5ncc(N6CCC(=O)NC6=O)c5c4)C[C@@H]3C)CC2)ccc1Cl,WIZ,,198.0,=,0,HT-1080,Linkcure Therapeutics,WO2025256460A1,PGDB_AS000508,% Degradation,luminescence,standardized
PGDB_C025624,Cc1nc(N2CCN(Cc3ccc(Cc4ccc5c6c(cccc46)C(=O)N5[C@H]4CCC(=O)NC4=O)cc3)CC2)cc(-n2cnc(C(F)(F)F)c2)n1,IKZF1,,0.37,=,1,NCI-H929,Shanghai Helioson Pharmaceutical,EP4685141A1,PGDB_AS001024,% Degradation,Western_blot,standardized
PGDB_C001478,Cc1nc(NC(=O)OCc2ccc3c(c2)C(=O)N(C2CCC(=O)NC2=O)C3)ncc1C(F)(F)F,GSPT1,,3.71,=,1,HEK293,Nanjing Sanhome Pharmaceutical,CN118852145A,PGDB_AS001853,% Degradation,,standardized
PGDB_C024808,Cc1nc2c(o1)CCc1cc(-c3cccc(C4CCC(=O)NC4=O)c3Cl)ccc1-2,VAV1,,50.0,<=,1,Jurkat,Shanghai Meiyue Biotech Development Co Ltd,WO2026061428A1,PGDB_AS001390,% Degradation,fluorescence,standardized
PGDB_C003159,Cc1nc2cc(COC(=O)NC3CCC(C(C)(C)C)CC3)ccc2cc1C1CCC(=O)NC1=O,GSPT1,,50.0,<=,1,HEK293,Captor Therapeutics,WO2024165577A1,PGDB_AS001317,% Degradation,,standardized
PGDB_C003171,Cc1nc2cc(COC(=O)Nc3cc(C(C)(C)C)n[nH]3)ccc2cc1C1CCC(=O)NC1=O,GSPT1,,50.0,<=,1,HEK293,Captor Therapeutics,WO2024165577A1,PGDB_AS001317,% Degradation,,standardized
PGDB_C003169,Cc1nc2cc(COC(=O)Nc3cc(C(C)(C)C)no3)ccc2cc1N1CCC(=O)NC1=O,GSPT1,,50.0,<=,1,HEK293,Captor Therapeutics,WO2024165577A1,PGDB_AS001317,% Degradation,,standardized
PGDB_C003167,Cc1nc2cc(COC(=O)Nc3cc(C(C)(C)C)on3)ccc2cc1C1CCC(=O)NC1=O,GSPT1,,10.0,<=,1,HEK293,Captor Therapeutics,WO2024165577A1,PGDB_AS001317,% Degradation,,standardized
PGDB_C003166,Cc1nc2cc(COC(=O)Nc3cc(C(F)(F)F)n[nH]3)ccc2cc1C1CCC(=O)NC1=O,GSPT1,,50.0,<=,1,HEK293,Captor Therapeutics,WO2024165577A1,PGDB_AS001317,% Degradation,,standardized
PGDB_C003168,Cc1nc2cc(COC(=O)Nc3cc(C(F)(F)F)no3)ccc2cc1C1CCC(=O)NC1=O,GSPT1,,100.0,<=,1,HEK293,Captor Therapeutics,WO2024165577A1,PGDB_AS001317,% Degradation,,standardized
PGDB_C003173,Cc1nc2cc(COC(=O)Nc3cc(C4(C(F)(F)F)CC4)no3)ccc2cc1C1CCC(=O)NC1=O,GSPT1,,10.0,<=,1,HEK293,Captor Therapeutics,WO2024165577A1,PGDB_AS001317,% Degradation,,standardized
PGDB_C003149,Cc1nc2cc(COC(=O)Nc3ccc(N4CCOCC4)nc3)ccc2cc1C1CCC(=O)NC1=O,GSPT1,,50.0,<=,1,HEK293,Captor Therapeutics,WO2024165577A1,PGDB_AS001317,% Degradation,,standardized
PGDB_C003152,Cc1nc2cc(COC(=O)Nc3cccc(-c4ccccc4)c3)ccc2cc1C1CCC(=O)NC1=O,GSPT1,,50.0,<=,1,HEK293,Captor Therapeutics,WO2024165577A1,PGDB_AS001317,% Degradation,,standardized
PGDB_C003172,Cc1nc2cc(COC(=O)Nc3nc(C(C)(C)C)no3)ccc2cc1C1CCC(=O)NC1=O,GSPT1,,50.0,<=,1,HEK293,Captor Therapeutics,WO2024165577A1,PGDB_AS001317,% Degradation,,standardized
PGDB_C003710,Cc1nc2ccc(-c3c(-c4ccc5c(c4)CN(C4CCC(=O)NC4=O)C5=O)ncn3C)cc2[nH]1,CSNK1A1,,25.0,<,1,HEK293,Innovo Therapeutics,EP4584259A1,PGDB_AS001103,% Degradation,,standardized
PGDB_C003165,Cc1nc2ccc(CNC(=O)Nc3cc(C(C)(C)C)no3)cc2cc1N1CCC(=O)NC1=O,GSPT1,,50.0,<=,1,HEK293,Captor Therapeutics,WO2024165577A1,PGDB_AS001317,% Degradation,,standardized
PGDB_C003164,Cc1nc2ccc(COC(=O)Nc3cc(C(C)(C)C)no3)cc2cc1N1CCC(=O)NC1=O,GSPT1,,50.0,<=,1,HEK293,Captor Therapeutics,WO2024165577A1,PGDB_AS001317,% Degradation,,standardized
PGDB_C003785,Cc1ncc(-c2c(-c3ccc4c(c3)CN(C3CCC(=O)NC3=O)C4=O)nc(C3CC3)n2C)cn1,CSNK1A1,,25.0,<,1,HEK293,Innovo Therapeutics,EP4584259A1,PGDB_AS001103,% Degradation,,standardized
PGDB_C033059,Cc1ncc(-c2cc(C(F)(F)F)cc(=O)n2-c2cccc(-n3ncc4c(C5CCC(=O)NC5=O)cccc43)c2)s1,VAV1,,10.0,<,1,Jurkat,,WO2026145172A1,PGDB_AS002602,% Degradation,luminescence,standardized
PGDB_C032987,Cc1ncc(-c2cc(C(F)F)cc(=O)n2-c2cccc(-n3ncc4c(C5CCC(=O)NC5=O)cccc43)c2)s1,VAV1,,10.0,<,1,Jurkat,,WO2026145172A1,PGDB_AS002602,% Degradation,luminescence,standardized
PGDB_C025615,Cc1ncc(-c2nc(N3CCN(Cc4ccc(Cc5ccc6c7c(cccc57)C(=O)N6C5CCC(=O)NC5=O)cc4)CC3)cc(C(F)(F)F)n2)s1,IKZF1,,8.86,=,1,NCI-H929,Shanghai Helioson Pharmaceutical,EP4685141A1,PGDB_AS001024,% Degradation,Western_blot,standardized
PGDB_C020455,Cc1ncc(C(C)(C)C(=O)NCc2cc(Cl)c(C3CCC(=O)NC3=O)c(Cl)c2)o1,NEK7,,26.0,=,1,CAL-51,Monte Rosa Therapeutics,KR20260041885A,PGDB_AS000476,% Degradation,luminescence,standardized
PGDB_C012139,Cc1ncc(C2CCC(CN3CCN(Cc4ccn5nc(F)c(N6CCC(=O)NC6=O)c5c4)C[C@@H]3C)CC2)cn1,WIZ,,17.9,=,1,HT-1080,Linkcure Therapeutics,WO2025256460A1,PGDB_AS000508,% Degradation,luminescence,standardized
PGDB_C003160,Cc1ncc(NC(=O)OCc2ccc3cc(C4CCC(=O)NC4=O)c(C)nc3c2)cc1Cl,GSPT1,,10.0,<=,1,HEK293,Captor Therapeutics,WO2024165577A1,PGDB_AS001317,% Degradation,,standardized
PGDB_C003651,Cc1ncccc1-c1c(-c2ccc3c(c2)CN(C2CCC(=O)NC2=O)C3=O)cnn1C,CSNK1A1,,25.0,<,1,HEK293,Innovo Therapeutics,EP4584259A1,PGDB_AS001103,% Degradation,,standardized
PGDB_C003716,Cc1ncccc1-c1c(-c2ccc3c(c2)CN(C2CCC(=O)NC2=O)C3=O)ncn1C,CSNK1A1,,25.0,<,1,HEK293,Innovo Therapeutics,EP4584259A1,PGDB_AS001103,% Degradation,,standardized
PGDB_C025617,Cc1ncn(-c2cccc(N3CCN(Cc4ccc(Cc5ccc6c7c(cccc57)C(=O)N6C5CCC(=O)NC5=O)cc4)CC3)n2)n1,IKZF1,,0.077,=,1,NCI-H929,Shanghai Helioson Pharmaceutical,EP4685141A1,PGDB_AS001024,% Degradation,Western_blot,standardized
PGDB_C031172,Cc1ncsc1-c1ccc([C@H](C)NC(=O)[C@@H]2C[C@@H](O)CN2C(=O)[C@@H](c2cc(OCCN3CCC(CN4CCN5c6cc(-c7cccc(F)c7O)nnc6NC[C@H]5C4)CC3)no2)C(C)C)cc1,SMARCA2,,10.0,<,1,HeLa,Prelude Therapeutics Inc,WO2026090411A1,PGDB_AS000497,% Degradation,luminescence,standardized
PGDB_C031172,Cc1ncsc1-c1ccc([C@H](C)NC(=O)[C@@H]2C[C@@H](O)CN2C(=O)[C@@H](c2cc(OCCN3CCC(CN4CCN5c6cc(-c7cccc(F)c7O)nnc6NC[C@H]5C4)CC3)no2)C(C)C)cc1,SMARCA4,,10.0,<,1,HeLa,Prelude Therapeutics Inc,WO2026090411A1,PGDB_AS000642,% Degradation,luminescence,standardized
PGDB_C031169,Cc1ncsc1-c1ccc([C@H](C)NC(=O)[C@@H]2C[C@@H](O)CN2C(=O)[C@@H](c2cc(OCCN3CCC(N4CCN5c6cc(-c7ccccc7O)nnc6N[C@@H]5C4)CC3)ns2)C(C)C)cc1,SMARCA2,,1.0,<,1,HeLa,Prelude Therapeutics Inc,WO2026090411A1,PGDB_AS001918,% Degradation,luminescence,standardized
PGDB_C031169,Cc1ncsc1-c1ccc([C@H](C)NC(=O)[C@@H]2C[C@@H](O)CN2C(=O)[C@@H](c2cc(OCCN3CCC(N4CCN5c6cc(-c7ccccc7O)nnc6N[C@@H]5C4)CC3)ns2)C(C)C)cc1,SMARCA4,,1.0,<,1,HeLa,Prelude Therapeutics Inc,WO2026090411A1,PGDB_AS000642,% Degradation,luminescence,standardized
PGDB_C031170,Cc1ncsc1-c1ccc([C@H](C)NC(=O)[C@@H]2C[C@@H](O)CN2C(=O)[C@@H](c2cc(OCCN3CCC(N4CCN5c6cc(-c7ccccc7O)nnc6N[C@H]5C4)CC3)ns2)C(C)C)cc1,SMARCA2,,1.0,<,1,HeLa,Prelude Therapeutics Inc,WO2026090411A1,PGDB_AS000497,% Degradation,luminescence,standardized
PGDB_C031170,Cc1ncsc1-c1ccc([C@H](C)NC(=O)[C@@H]2C[C@@H](O)CN2C(=O)[C@@H](c2cc(OCCN3CCC(N4CCN5c6cc(-c7ccccc7O)nnc6N[C@H]5C4)CC3)ns2)C(C)C)cc1,SMARCA4,,1.0,<,1,HeLa,Prelude Therapeutics Inc,WO2026090411A1,PGDB_AS000642,% Degradation,luminescence,standardized
PGDB_C031171,Cc1ncsc1-c1ccc([C@H](C)NC(=O)[C@@H]2C[C@@H](OP(=O)(O)O)CN2C(=O)[C@@H](c2cc(OCCN3CCC(N4CCN5c6cc(-c7ccccc7O)nnc6N[C@@H](C)[C@@H]5C4)CC3)no2)C(C)C)cc1,SMARCA2,,1.0,<,1,HeLa,Prelude Therapeutics Inc,WO2026090411A1,PGDB_AS001918,% Degradation,luminescence,standardized
PGDB_C031171,Cc1ncsc1-c1ccc([C@H](C)NC(=O)[C@@H]2C[C@@H](OP(=O)(O)O)CN2C(=O)[C@@H](c2cc(OCCN3CCC(N4CCN5c6cc(-c7ccccc7O)nnc6N[C@@H](C)[C@@H]5C4)CC3)no2)C(C)C)cc1,SMARCA4,,1.0,<,1,HeLa,Prelude Therapeutics Inc,WO2026090411A1,PGDB_AS000642,% Degradation,luminescence,standardized
PGDB_C028707,Cc1nn(-c2nnc(-c3cc(OCc4ccc(S(C)(=O)=O)cc4)c4sc(C(F)(F)P(=O)(O)O)c(Br)c4c3)[nH]2)c(C)c1-c1ccc2c(C3CCC(=O)NC3=O)nn(C)c2c1,PTPN1,,24.2,=,1,HCT116,Northridge Health Group Hong Kong,WO2026119184,PGDB_AS001836,% Degradation,,standardized
PGDB_C031980,Cc1nn(C2CCC(=O)NC2=O)c2cc(F)c(C3CCN(C4CCN(CCN5Cc6nc(-c7noc8c7CCC[C@@]87CCC/C7=C7\SC(N)=C7C#N)nc(O[C@@H](C)[C@@H]7C[C@@H](F)CN7C)c6C5)CC4(F)F)CC3)cc12,KRAS,,9.5,=,1,,Boehringer Ingelheim International GmbH;Vanderbilt University,WO2026114958A1,PGDB_AS002526,% Degradation,luminescence,standardized
PGDB_C012154,Cc1nn(C2CCC(CN3CCN(Cc4ccn5nc(F)c(N6CCC(=O)NC6=O)c5c4)C[C@@H]3C)CC2)cc1Cl,WIZ,,33.3,=,1,HT-1080,Linkcure Therapeutics,WO2025256460A1,PGDB_AS000508,% Degradation,luminescence,standardized
PGDB_C028709,Cc1nn(CC(=O)Nc2cc(OCc3ccc(S(C)(=O)=O)cc3)c3sc(C(F)(F)P(=O)(O)O)c(Br)c3c2)c(C)c1-c1ccc2c(C3CCC(=O)NC3=O)nn(C)c2c1,PTPN1,,22.01,=,1,HCT116,Northridge Health Group Hong Kong,WO2026119184,PGDB_AS001836,% Degradation,,standardized
PGDB_C028700,Cc1nn(CC(=O)Nc2ccc3c(F)c(N4CC(=O)NS4(=O)=O)c4[nH]ncc4c3c2)c(C)c1-c1ccc2c(C3CCC(=O)NC3=O)nn(C)c2c1,PTPN1,,15.25,=,1,,Northridge Health Group Hong Kong,WO2026119184,PGDB_AS000433,% Degradation,,standardized
PGDB_C012084,Cc1nn2ccc(CN3CCN(CC(C)C)[C@@H](C)C3)cc2c1N1CCC(=O)NC1=O,WIZ,,1030.0,=,0,HT-1080,Linkcure Therapeutics,WO2025256460A1,PGDB_AS000508,% Degradation,luminescence,standardized
PGDB_C027153,Cc1nn2ccn(CC#Cc3nccc(N4CCN(c5cc(-c6ccccc6O)nnc5N)CC4)n3)c(=O)c2c1C,SMARCA2,,50.0,<,1,HeLa,Plexium,WO2023244806A1,PGDB_AS002237,% Degradation,luminescence,standardized
PGDB_C027153,Cc1nn2ccn(CC#Cc3nccc(N4CCN(c5cc(-c6ccccc6O)nnc5N)CC4)n3)c(=O)c2c1C,SMARCA4,,50.0,<,1,HeLa,Plexium,WO2023244806A1,PGDB_AS000073,% Degradation,luminescence,standardized
PGDB_C027192,Cc1nn2ccn(CC#Cc3nccc(N4CCN(c5cc(-c6ccccc6O)nnc5N)[C@@H](C)C4)n3)c(=O)c2c1C,SMARCA4,,50.0,<,1,HeLa,Plexium,WO2023244806A1,PGDB_AS000073,% Degradation,luminescence,standardized
PGDB_C027107,Cc1nn2ccn(CC#Cc3nccc(N4CCN(c5cnnc(-c6ccccc6O)c5)CC[C@H]4C)n3)c(=O)c2c1C,SMARCA4,,500.0,>=,0,HeLa,Plexium,WO2023244806A1,PGDB_AS000073,% Degradation,luminescence,standardized
PGDB_C025616,Cc1nnc(-c2cccc(N3CCN(Cc4ccc(Cc5ccc6c7c(cccc57)C(=O)N6C5CCC(=O)NC5=O)cc4)CC3)n2)s1,IKZF1,,0.1,=,1,NCI-H929,Shanghai Helioson Pharmaceutical,EP4685141A1,PGDB_AS001024,% Degradation,Western_blot,standardized
PGDB_C029222,Cc1nnc(-c2ccccc2O)cc1N1CCC(Nc2ccc(C(=O)N3CCC(F)(CN4CCC(n5cc(CC#N)c6cc(N7CCC(=O)NC7=O)ccc65)CC4)CC3)cc2)CC1,SMARCA2,,98.4,=,1,,AstraZeneca,WO2026120044,PGDB_AS001809,% Degradation,,standardized
PGDB_C029222,Cc1nnc(-c2ccccc2O)cc1N1CCC(Nc2ccc(C(=O)N3CCC(F)(CN4CCC(n5cc(CC#N)c6cc(N7CCC(=O)NC7=O)ccc65)CC4)CC3)cc2)CC1,SMARCA4,,319.0,>,0,,AstraZeneca,WO2026120044,PGDB_AS001309,% Degradation,,standardized
PGDB_C033055,Cc1noc(C)c1-c1cc(C(F)F)cc(=O)n1-c1cccc(-n2ncc3c(C4CCC(=O)NC4=O)cccc32)c1,VAV1,,10.0,<,1,Jurkat,,WO2026145172A1,PGDB_AS002614,% Degradation,luminescence,standardized
PGDB_C012258,Cc1noc2c(N3CCC(c4cccc(C5CCC(=O)NC5=O)c4Cl)CC3)cccc12,VAV1,,9151.311,=,0,Jurkat,Monte Rosa Therapeutics,WO2026013577A1,PGDB_AS001744,% Degradation,luminescence,standardized
PGDB_C004045,Cc1nocc1-c1c(-c2ccc3c(c2)CN(C2CCC(=O)NC2=O)C3=O)ncn1C,CSNK1A1,,25.0,<,1,HEK293,Innovo Therapeutics,EP4584259A1,PGDB_AS001103,% Degradation,,standardized
PGDB_C003662,Cc1occc1-c1c(-c2ccc3c(c2)CN(C2CCC(=O)NC2=O)C3=O)ncn1C,CSNK1A1,,25.0,<,1,HEK293,Innovo Therapeutics,EP4584259A1,PGDB_AS001103,% Degradation,,standardized
PGDB_C003662,Cc1occc1-c1c(-c2ccc3c(c2)CN(C2CCC(=O)NC2=O)C3=O)ncn1C,GSPT1,,25.0,<,1,HEK293,Innovo Therapeutics,EP4584259A1,PGDB_AS001862,% Degradation,luminescence,standardized
PGDB_C012259,Cc1onc2c(N3CCC(c4cccc(C5CCC(=O)NC5=O)c4Cl)CC3)cccc12,VAV1,,9019.311,=,0,Jurkat,Monte Rosa Therapeutics,WO2026013577A1,PGDB_AS001744,% Degradation,luminescence,standardized
PGDB_C012267,Cc1onc2c(N3CCN(c4cccc(C5CCC(=O)NC5=O)c4Cl)CC3)cccc12,VAV1,,10000.0,=,0,Jurkat,Monte Rosa Therapeutics,WO2026013577A1,PGDB_AS001744,% Degradation,luminescence,standardized
PGDB_C003601,Cc1oncc1-c1c(-c2ccc3c(c2)CN(C2CCC(=O)NC2=O)C3=O)cnn1C,CSNK1A1,,25.0,<,1,HEK293,Innovo Therapeutics,EP4584259A1,PGDB_AS001103,% Degradation,,standardized
PGDB_C007745,Cc1sc2c(c1C)C(c1ccc(Cl)cc1)=N[C@@H](CC(=O)N1CCN(C(=O)/C=C/C(=O)N3CCN(C)CC3)CC1)c1nnc(C)n1-2,BRD4,,5000.0,>,0,,Novartis;University Of California;University Of California Berkeley;University Of California San Diego Ucsd,EP4605088A1,PGDB_AS000558,% Degradation,Western_blot,standardized
PGDB_C007747,Cc1sc2c(c1C)C(c1ccc(Cl)cc1)=N[C@@H](CC(=O)N1CCN(C(=O)/C=C/C(=O)N3CCOCC3)CC1)c1nnc(C)n1-2,BRD4,,5000.0,>,0,,Novartis;University Of California;University Of California Berkeley;University Of California San Diego Ucsd,EP4605088A1,PGDB_AS000558,% Degradation,Western_blot,standardized
PGDB_C007726,Cc1sc2c(c1C)C(c1ccc(Cl)cc1)=N[C@@H](CC(=O)N1CCN(C(=O)/C=C/C(=O)c3ccc(F)cc3)CC1)c1nnc(C)n1-2,BRD4,,100.0,<,1,,Novartis;University Of California;University Of California Berkeley;University Of California San Diego Ucsd,EP4605088A1,PGDB_AS000558,% Degradation,Western_blot,standardized
PGDB_C007728,Cc1sc2c(c1C)C(c1ccc(Cl)cc1)=N[C@@H](CC(=O)N1CCN(C(=O)/C=C/C(=O)c3ccc4c(c3)CCO4)CC1)c1nnc(C)n1-2,BRD4,,100.0,<,1,,Novartis;University Of California;University Of California Berkeley;University Of California San Diego Ucsd,EP4605088A1,PGDB_AS000558,% Degradation,Western_blot,standardized
PGDB_C007727,Cc1sc2c(c1C)C(c1ccc(Cl)cc1)=N[C@@H](CC(=O)N1CCN(C(=O)/C=C/C(=O)c3ccc4c(c3)OCC4)CC1)c1nnc(C)n1-2,BRD4,,10.0,<,1,,Novartis;University Of California;University Of California Berkeley;University Of California San Diego Ucsd,EP4605088A1,PGDB_AS000558,% Degradation,Western_blot,standardized
PGDB_C007721,Cc1sc2c(c1C)C(c1ccc(Cl)cc1)=N[C@@H](CC(=O)N1CCN(C(=O)/C=C/C(=O)c3ccccc3)CC1)c1nnc(C)n1-2,BRD4,,100.0,<,1,,Novartis;University Of California;University Of California Berkeley;University Of California San Diego Ucsd,EP4605088A1,PGDB_AS000558,% Degradation,Western_blot,standardized
PGDB_C007752,Cc1sc2c(c1C)C(c1ccc(Cl)cc1)=N[C@@H](CC(=O)NC1CC(NC(=O)/C=C/C(=O)N3CC4(COC4)C3)C1)c1nnc(C)n1-2,BRD4,,5000.0,>,0,,Novartis;University Of California;University Of California Berkeley;University Of California San Diego Ucsd,EP4605088A1,PGDB_AS000558,% Degradation,Western_blot,standardized
PGDB_C007748,Cc1sc2c(c1C)C(c1ccc(Cl)cc1)=N[C@@H](CC(=O)N[C@H]1C[C@@H](NC(=O)/C=C/C(=O)N3CCOCC3)C1)c1nnc(C)n1-2,BRD4,,5000.0,>,0,,Novartis;University Of California;University Of California Berkeley;University Of California San Diego Ucsd,EP4605088A1,PGDB_AS000558,% Degradation,Western_blot,standardized
PGDB_C007753,Cc1sc2c(c1C)C(c1ccc(Cl)cc1)=N[C@@H](CC(=O)N[C@H]1C[C@H](NC(=O)/C=C/C(=O)N3CC4(COC4)C3)C1)c1nnc(C)n1-2,BRD4,,5000.0,>,0,,Novartis;University Of California;University Of California Berkeley;University Of California San Diego Ucsd,EP4605088A1,PGDB_AS000558,% Degradation,Western_blot,standardized
PGDB_C007749,Cc1sc2c(c1C)C(c1ccc(Cl)cc1)=N[C@@H](CC(=O)N[C@H]1C[C@H](NC(=O)/C=C/C(=O)N3CCOCC3)C1)c1nnc(C)n1-2,BRD4,,5000.0,>,0,,Novartis;University Of California;University Of California Berkeley;University Of California San Diego Ucsd,EP4605088A1,PGDB_AS000558,% Degradation,Western_blot,standardized
PGDB_C003866,Cc1sccc1-c1c(-c2ccc3c(c2)CN(C2CCC(=O)NC2=O)C3=O)ncn1C,CSNK1A1,,25.0,<,1,HEK293,Innovo Therapeutics,EP4584259A1,PGDB_AS001103,% Degradation,,standardized
PGDB_C003776,Cn1c(-c2ccc3c(c2)CN(C2CCC(=O)NC2=O)C3=O)cnc1N1CCCCC1,CSNK1A1,,25.0,<,1,HEK293,Innovo Therapeutics,EP4584259A1,PGDB_AS001103,% Degradation,,standardized
PGDB_C003498,Cn1c(-c2ccccc2)cnc1-c1ccc2c(c1)CN(C1CCC(=O)NC1=O)C2=O,CSNK1A1,,25.0,<,1,HEK293,Innovo Therapeutics,EP4584259A1,PGDB_AS001103,% Degradation,,standardized
PGDB_C003498,Cn1c(-c2ccccc2)cnc1-c1ccc2c(c1)CN(C1CCC(=O)NC1=O)C2=O,GSPT1,,25.0,<,1,HEK293,Innovo Therapeutics,EP4584259A1,PGDB_AS001862,% Degradation,luminescence,standardized
PGDB_C028711,Cn1c(=O)n(C2CCC(=O)NC2=O)c2ccc(-c3ccc(-c4nc(-c5cc(OC6CC(F)(F)C6)c6sc(C(F)(F)P(=O)(O)O)c(Br)c6c5)n[nH]4)cc3)cc21,PTPN1,,7.46,=,1,HCT116,Northridge Health Group Hong Kong,WO2026119184,PGDB_AS001836,% Degradation,,standardized
PGDB_C028712,Cn1c(=O)n(C2CCC(=O)NC2=O)c2ccc(-c3ccc(-c4nc(-c5cc(OCC(C)(F)F)c6sc(C(F)(F)P(=O)(O)O)c(Br)c6c5)n[nH]4)cc3)cc21,PTPN1,,49.09,=,1,HCT116,Northridge Health Group Hong Kong,WO2026119184,PGDB_AS001836,% Degradation,,standardized
PGDB_C028705,Cn1c(=O)n(C2CCC(=O)NC2=O)c2ccc(-c3ccc(-c4nc(-c5cc(OCC6CC(F)(F)C6)c6sc(C(F)(F)P(=O)(O)O)c(Br)c6c5)n[nH]4)cc3)cc21,PTPN1,,25.44,=,1,,Northridge Health Group Hong Kong,WO2026119184,PGDB_AS000433,% Degradation,,standardized
PGDB_C028710,Cn1c(=O)n(C2CCC(=O)NC2=O)c2ccc(-c3ccc(-c4nc(-c5cc(OCC6CC6(F)F)c6sc(C(F)(F)P(=O)(O)F)c(Br)c6c5)n[nH]4)cc3)cc21,PTPN1,,7.56,=,1,HCT116,Northridge Health Group Hong Kong,WO2026119184,PGDB_AS001836,% Degradation,,standardized
PGDB_C028704,Cn1c(=O)n(C2CCC(=O)NC2=O)c2ccc(-c3ccc(-c4nc(-c5cc(OCC6CC6)c6sc(C(F)(F)P(=O)(O)F)c(Br)c6c5)n[nH]4)cc3)cc21,PTPN1,,13.86,=,1,,Northridge Health Group Hong Kong,WO2026119184,PGDB_AS000433,% Degradation,,standardized
PGDB_C028706,Cn1c(=O)n(C2CCC(=O)NC2=O)c2ccc(-c3ccc(-c4nc(-c5cc(OCCCC(C)(F)F)c6sc(C(F)(F)P(=O)(O)O)c(Br)c6c5)n[nH]4)cc3)cc21,PTPN1,,4.44,=,1,,Northridge Health Group Hong Kong,WO2026119184,PGDB_AS000433,% Degradation,,standardized
PGDB_C028715,Cn1c(=O)n(C2CCC(=O)NC2=O)c2ccc(-c3ccc(-c4nc(-c5cc(OCCCC(F)(F)F)c6sc(C(F)(F)P(=O)(O)O)c(Br)c6c5)n[nH]4)cc3)cc21,PTPN1,,13.4,=,1,HCT116,Northridge Health Group Hong Kong,WO2026119184,PGDB_AS001836,% Degradation,,standardized
PGDB_C028703,Cn1c(=O)n(C2CCC(=O)NC2=O)c2ccc(-c3ccc(-c4nc(-c5cc(OCCCS(C)(=O)=O)c6sc(C(F)(F)P(=O)(O)O)c(Br)c6c5)n[nH]4)cc3)cc21,PTPN1,,4.76,=,1,,Northridge Health Group Hong Kong,WO2026119184,PGDB_AS000433,% Degradation,,standardized
PGDB_C028702,Cn1c(=O)n(C2CCC(=O)NC2=O)c2ccc(-c3ccc(-c4nnc(-c5cc(OCc6ccc(S(C)(=O)=O)cc6)c6sc(C(F)(F)P(=O)(O)O)c(Br)c6c5)[nH]4)cc3)cc21,PTPN1,,14.99,=,1,,Northridge Health Group Hong Kong,WO2026119184,PGDB_AS000433,% Degradation,,standardized
PGDB_C028701,Cn1c(=O)n(C2CCC(=O)NC2=O)c2ccc(-c3ccc(Cc4nnc(-c5cc(OCc6ccc(S(C)(=O)=O)cc6)c6sc(C(F)(F)P(=O)(O)O)c(Br)c6c5)[nH]4)cc3)cc21,PTPN1,,8.55,=,1,,Northridge Health Group Hong Kong,WO2026119184,PGDB_AS000433,% Degradation,,standardized
PGDB_C003510,Cn1c(C(F)(F)F)nc(-c2ccc3c(c2)CN(C2CCC(=O)NC2=O)C3=O)c1-c1ccccc1,CSNK1A1,,25.0,<,1,HEK293,Innovo Therapeutics,EP4584259A1,PGDB_AS001103,% Degradation,,standardized
PGDB_C003510,Cn1c(C(F)(F)F)nc(-c2ccc3c(c2)CN(C2CCC(=O)NC2=O)C3=O)c1-c1ccccc1,GSPT1,,25.0,<,1,HEK293,Innovo Therapeutics,EP4584259A1,PGDB_AS001862,% Degradation,luminescence,standardized
PGDB_C003779,Cn1c(C(F)F)nc(-c2ccc3c(c2)CN(C2CCC(=O)NC2=O)C3=O)c1-c1cncnc1,CSNK1A1,,25.0,<,1,HEK293,Innovo Therapeutics,EP4584259A1,PGDB_AS001103,% Degradation,,standardized
PGDB_C002270,Cn1c(C2CC(NC(=O)c3cccc(CNc4cccc5c4C(=O)N(C4CCC(=O)NC4=O)C5=O)c3)C2)nc2ccncc21,GSPT1,,100.0,<,1,HEK293,Zhuhai Woo Biological Science And Technology,WO2023237116A1,PGDB_AS002200,% Degradation,luminescence,standardized
PGDB_C003440,Cn1c(C2CC2)nc(-c2ccc3c(c2)CN(C2CCC(=O)NC2=O)C3=O)c1-c1ccccc1,CSNK1A1,,25.0,<,1,HEK293,Innovo Therapeutics,EP4584259A1,PGDB_AS001103,% Degradation,,standardized
PGDB_C003502,Cn1c(C2CC2)nc(-c2ccc3c(c2)CN(C2CCC(=O)NC2=O)C3=O)c1-c1cccnc1,CSNK1A1,,25.0,<,1,HEK293,Innovo Therapeutics,EP4584259A1,PGDB_AS001103,% Degradation,,standardized
PGDB_C003503,Cn1c(C2CC2)nc(-c2ccc3c(c2)CN(C2CCC(=O)NC2=O)C3=O)c1-c1ccncc1,CSNK1A1,,25.0,<,1,HEK293,Innovo Therapeutics,EP4584259A1,PGDB_AS001103,% Degradation,,standardized
PGDB_C003786,Cn1c(C2CC2)nc(-c2ccc3c(c2)CN(C2CCC(=O)NC2=O)C3=O)c1-c1cnc(C2CC2)nc1,CSNK1A1,,25.0,<,1,HEK293,Innovo Therapeutics,EP4584259A1,PGDB_AS001103,% Degradation,,standardized
PGDB_C003634,Cn1c(C2CC2)nc(-c2ccc3c(c2)CN(C2CCC(=O)NC2=O)C3=O)c1-c1cncnc1,CSNK1A1,,25.0,<,1,HEK293,Innovo Therapeutics,EP4584259A1,PGDB_AS001103,% Degradation,,standardized
PGDB_C002238,Cn1c(C2CC3(CC(NC(=O)c4cccc(CNc5cccc6c5C(=O)N(C5CCC(=O)NC5=O)C6=O)c4)C3)C2)nc2ccncc21,GSPT1,,100.0,<,1,HEK293,Zhuhai Woo Biological Science And Technology,WO2023237116A1,PGDB_AS002200,% Degradation,luminescence,standardized
PGDB_C002208,Cn1c(C2CCC(NC(=O)C3CC(CNc4cccc5c4C(=O)N(C4CCC(=O)NC4=O)C5=O)C3)CC2)nc2ccncc21,GSPT1,,100.0,<,1,HEK293,Zhuhai Woo Biological Science And Technology,WO2023237116A1,PGDB_AS002200,% Degradation,luminescence,standardized
PGDB_C002265,Cn1c(C2CCC(NC(=O)CCCCNc3cccc4c3C(=O)N(C3CCC(=O)NC3=O)C4=O)CC2)nc2c3c(C4CCCCC4)c[nH]c3ncc21,GSPT1,,100.0,<,1,HEK293,Zhuhai Woo Biological Science And Technology,WO2023237116A1,PGDB_AS002200,% Degradation,luminescence,standardized
PGDB_C002223,Cn1c(C2CCC(NC(=O)CCCCNc3cccc4c3C(=O)N(C3CCC(=O)NC3=O)C4=O)CC2)nc2c3c(C4CCOCC4)c[nH]c3ncc21,GSPT1,,100.0,<,1,HEK293,Zhuhai Woo Biological Science And Technology,WO2023237116A1,PGDB_AS002200,% Degradation,luminescence,standardized
PGDB_C002249,Cn1c(C2CCC(NC(=O)CCCCNc3cccc4c3C(=O)N(C3CCC(=O)NC3=O)C4=O)CC2)nc2ccncc21,GSPT1,,100.0,<,1,HEK293,Zhuhai Woo Biological Science And Technology,WO2023237116A1,PGDB_AS002200,% Degradation,luminescence,standardized
PGDB_C002239,Cn1c(C2CCC(NC(=O)c3cc(CNc4cccc5c4C(=O)N(C4CCC(=O)NC4=O)C5=O)ccc3F)CC2)nc2ccncc21,GSPT1,,100.0,<,1,HEK293,Zhuhai Woo Biological Science And Technology,WO2023237116A1,PGDB_AS002200,% Degradation,luminescence,standardized
PGDB_C002210,Cn1c(C2CCC(NC(=O)c3cc(CNc4cccc5c4CN(C4CCC(=O)NC4=O)C5=O)ccn3)CC2)nc2ccncc21,GSPT1,,100.0,<,1,HEK293,Zhuhai Woo Biological Science And Technology,WO2023237116A1,PGDB_AS002200,% Degradation,luminescence,standardized
PGDB_C002213,Cn1c(C2CCC(NC(=O)c3cc(COc4cccc5c4C(=O)N(C4CCC(=O)NC4=O)C5=O)ccn3)CC2)nc2ccncc21,GSPT1,,100.0,<,1,HEK293,Zhuhai Woo Biological Science And Technology,WO2023237116A1,PGDB_AS002200,% Degradation,luminescence,standardized
PGDB_C002243,Cn1c(C2CCC(NC(=O)c3cccc(CNc4cccc5c4C(=O)N(C4CCC(=O)NC4=O)C5=O)c3)CC2)nc2c3cc[nH]c3ncc21,GSPT1,,100.0,<,1,HEK293,Zhuhai Woo Biological Science And Technology,WO2023237116A1,PGDB_AS002200,% Degradation,luminescence,standardized
PGDB_C002211,Cn1c(C2CCC(NC(=O)c3cccc(CNc4cccc5c4C(=O)N(C4CCC(=O)NC4=O)C5=O)c3)CC2)nc2ccccc21,GSPT1,,100.0,<,1,HEK293,Zhuhai Woo Biological Science And Technology,WO2023237116A1,PGDB_AS002200,% Degradation,luminescence,standardized
PGDB_C002230,Cn1c(C2CCC(NC(=O)c3cccc(CNc4cccc5c4CN(C4CCC(=O)NC4=O)C5=O)c3)CC2)nc2ccncc21,GSPT1,,100.0,<,1,HEK293,Zhuhai Woo Biological Science And Technology,WO2023237116A1,PGDB_AS002200,% Degradation,luminescence,standardized
PGDB_C004142,Cn1c(C2CCC2)nc(-c2ccc3c(c2)CN(C2CCC(=O)NC2=O)C3=O)c1-c1ccccc1,CSNK1A1,,25.0,<,1,HEK293,Innovo Therapeutics,EP4584259A1,PGDB_AS001103,% Degradation,,standardized
PGDB_C003507,Cn1c(C2CCCCC2)nc(-c2ccc3c(c2)CN(C2CCC(=O)NC2=O)C3=O)c1-c1ccccc1,CSNK1A1,,25.0,<,1,HEK293,Innovo Therapeutics,EP4584259A1,PGDB_AS001103,% Degradation,,standardized
PGDB_C003507,Cn1c(C2CCCCC2)nc(-c2ccc3c(c2)CN(C2CCC(=O)NC2=O)C3=O)c1-c1ccccc1,GSPT1,,25.0,<,1,HEK293,Innovo Therapeutics,EP4584259A1,PGDB_AS001862,% Degradation,luminescence,standardized
PGDB_C003508,Cn1c(C2CCOCC2)nc(-c2ccc3c(c2)CN(C2CCC(=O)NC2=O)C3=O)c1-c1ccccc1,CSNK1A1,,25.0,<,1,HEK293,Innovo Therapeutics,EP4584259A1,PGDB_AS001103,% Degradation,,standardized
PGDB_C003540,Cn1c(C2CCOCC2)nc(-c2ccc3c(c2)CN(C2CCC(=O)NC2=O)C3=O)c1-c1cccnc1,CSNK1A1,,25.0,<,1,HEK293,Innovo Therapeutics,EP4584259A1,PGDB_AS001103,% Degradation,,standardized
PGDB_C003901,Cn1c(C2CCOCC2)nc(-c2ccc3c(c2)CN(C2CCC(=O)NC2=O)C3=O)c1C1CC1,CSNK1A1,,25.0,<,1,HEK293,Innovo Therapeutics,EP4584259A1,PGDB_AS001103,% Degradation,,standardized
PGDB_C003539,Cn1c(C2OCCCO2)nc(-c2ccc3c(c2)CN(C2CCC(=O)NC2=O)C3=O)c1-c1ccccc1,CSNK1A1,,25.0,<,1,HEK293,Innovo Therapeutics,EP4584259A1,PGDB_AS001103,% Degradation,,standardized
PGDB_C006098,Cn1c(CN2CCC(O)(c3ccc4c(c3)C(=O)N(C3CCC(=O)NC3=O)C4=O)CC2)cc2ccccc21,IKZF2,,13.0,=,1,MOLT-4,Neomorph;Dana Farber Cancer Institute,CA3215907A1,PGDB_AS000536,% Degradation,luminescence,standardized
PGDB_C002212,Cn1c(N2CCC(NC(=O)c3cc(CNc4cccc5c4C(=O)N(C4CCC(=O)NC4=O)C5=O)ccn3)CC2)nc2ccccc21,GSPT1,,1000.0,>=,0,HEK293,Zhuhai Woo Biological Science And Technology,WO2023237116A1,PGDB_AS002200,% Degradation,luminescence,standardized
PGDB_C023828,Cn1c2cc(CNc3cccc4c3C(=O)N(C3CCC(=O)NC3=O)C4=O)ccc2nc1[C@H]1CC[C@H](c2nc3cccnc3s2)CC1,IKZF1,,10.0,<,1,Jurkat,Zhuhai Woo Biological Science And Technology,CN120097964A,PGDB_AS000284,% Degradation,luminescence,standardized
PGDB_C002224,Cn1c2cc(N)ccc2nc1[C@H]1CC[C@H](NC(=O)c2cc(CNc3cccc4c3C(=O)N(C3CCC(=O)NC3=O)C4=O)ccn2)CC1,GSPT1,,100.0,<,1,HEK293,Zhuhai Woo Biological Science And Technology,WO2023237116A1,PGDB_AS002200,% Degradation,luminescence,standardized
PGDB_C002246,Cn1c2cc(N)ccc2nc1[C@H]1CC[C@H](NC(=O)c2cc(COc3cccc4c3CN(C3CCC(=O)NC3=O)C4=O)ccn2)CC1,GSPT1,,100.0,<,1,HEK293,Zhuhai Woo Biological Science And Technology,WO2023237116A1,PGDB_AS002200,% Degradation,luminescence,standardized
PGDB_C002253,Cn1c2ccccc2nc1[C@H]1CC[C@H](NC(=O)c2cc(CNc3cccc4c3C(=O)N(C3CCC(=O)NC3=O)C4=O)ccn2)CC1,GSPT1,,100.0,<,1,HEK293,Zhuhai Woo Biological Science And Technology,WO2023237116A1,PGDB_AS002200,% Degradation,luminescence,standardized
PGDB_C002234,Cn1c2cccnc2nc1[C@H]1CC[C@H](NC(=O)c2cc(CNc3cccc4c3C(=O)N(C3CCC(=O)NC3=O)C4=O)ccn2)CC1,GSPT1,,100.0,<,1,HEK293,Zhuhai Woo Biological Science And Technology,WO2023237116A1,PGDB_AS002200,% Degradation,luminescence,standardized
PGDB_C002275,Cn1c2ccncc2nc1[C@H]1CC[C@H](C(=O)Nc2cccc(CNc3cccc4c3C(=O)N(C3CCC(=O)NC3=O)C4=O)c2)CC1,GSPT1,,100.0,<,1,HEK293,Zhuhai Woo Biological Science And Technology,WO2023237116A1,PGDB_AS002200,% Degradation,luminescence,standardized
PGDB_C021176,Cn1c2cnccc2nc1[C@H]1CC[C@H](C(=O)Nc2cccc(CNc3cccc4c3C(=O)N(C3CCC(=O)NC3=O)C4=O)c2)CC1,GSPT1,,100.0,<,1,HEK293,Zhuhai Woo Biological Science And Technology,WO2023237116A1,PGDB_AS002200,% Degradation,luminescence,standardized
PGDB_C002259,Cn1c2cnccc2nc1[C@H]1CC[C@H](N2Cc3ccc(CNc4cccc5c4C(=O)N(C4CCC(=O)NC4=O)C5=O)cc3C2=O)CC1,GSPT1,,100.0,<,1,HEK293,Zhuhai Woo Biological Science And Technology,WO2023237116A1,PGDB_AS002200,% Degradation,luminescence,standardized
PGDB_C002254,Cn1c2cnccc2nc1[C@H]1CC[C@H](NC(=O)c2cc(CNc3cccc4c3C(=O)N(C3CCC(=O)NC3=O)C4=O)ccn2)CC1,GSPT1,,100.0,<,1,HEK293,Zhuhai Woo Biological Science And Technology,WO2023237116A1,PGDB_AS002200,% Degradation,luminescence,standardized
PGDB_C002231,Cn1c2cnccc2nc1[C@H]1CC[C@H](NC(=O)c2cc(COc3cccc4c3CN(C3CCC(=O)NC3=O)C4=O)ccn2)CC1,GSPT1,,100.0,<,1,HEK293,Zhuhai Woo Biological Science And Technology,WO2023237116A1,PGDB_AS002200,% Degradation,luminescence,standardized
PGDB_C002232,Cn1c2cnccc2nc1[C@H]1CC[C@H](NC(=O)c2cccc(CNc3cccc4c3C(=O)N(C3CCC(=O)NC3=O)C4=O)c2)CC1,GSPT1,,100.0,<,1,HEK293,Zhuhai Woo Biological Science And Technology,WO2023237116A1,PGDB_AS002200,% Degradation,luminescence,standardized
PGDB_C002255,Cn1c2ncccc2nc1[C@H]1CC[C@H](NC(=O)c2cc(CNc3cccc4c3C(=O)N(C3CCC(=O)NC3=O)C4=O)ccn2)CC1,GSPT1,,100.0,<,1,HEK293,Zhuhai Woo Biological Science And Technology,WO2023237116A1,PGDB_AS002200,% Degradation,luminescence,standardized
PGDB_C003435,Cn1cc(-c2c(-c3ccc4c(c3)CN(C3CCC(=O)NC3=O)C4=O)cnn2C)cc1C#N,CSNK1A1,,25.0,<,1,HEK293,Innovo Therapeutics,EP4584259A1,PGDB_AS001103,% Degradation,,standardized
PGDB_C004120,Cn1cc(-c2c(-c3ccc4c(c3)CN(C3CCC(=O)NC3=O)C4=O)cnn2C)cn1,CSNK1A1,,25.0,<,1,HEK293,Innovo Therapeutics,EP4584259A1,PGDB_AS001103,% Degradation,,standardized
PGDB_C003504,Cn1cc(-c2c(-c3ccc4c(c3)CN(C3CCC(=O)NC3=O)C4=O)nc(C3CC3)n2C)cn1,CSNK1A1,,25.0,<,1,HEK293,Innovo Therapeutics,EP4584259A1,PGDB_AS001103,% Degradation,,standardized
PGDB_C004044,Cn1cc(-c2c(-c3ccc4c(c3)CN(C3CCC(=O)NC3=O)C4=O)ncn2C)cn1,CSNK1A1,,25.0,<,1,HEK293,Innovo Therapeutics,EP4584259A1,PGDB_AS001103,% Degradation,,standardized
PGDB_C032911,Cn1cc(-c2cc(C(F)(F)F)cc(=O)n2-c2cccc(-n3ncc4c(C5CCC(=O)NC5=O)cccc43)c2)cn1,VAV1,,10.0,<,1,Jurkat,,WO2026145172A1,PGDB_AS002614,% Degradation,luminescence,standardized
PGDB_C033004,Cn1cc(-c2cc(C(F)F)cc(=O)n2-c2cccc(-n3ncc4c(C5CCC(=O)NC5=O)cccc43)c2)cn1,VAV1,,50.0,<=,1,Jurkat,,WO2026145172A1,PGDB_AS002614,% Degradation,luminescence,standardized
PGDB_C003422,Cn1cc(-c2ccc3c(c2)CN(C2CCC(=O)NC2=O)C3=O)c(-c2ccccc2)n1,CSNK1A1,,25.0,<,1,HEK293,Innovo Therapeutics,EP4584259A1,PGDB_AS001103,% Degradation,,standardized
PGDB_C004019,Cn1cc(-c2ccc3c(c2)CN(C2CCC(=O)NC2=O)C3=O)nc1-c1c[nH]c2ncccc12,CSNK1A1,,25.0,<,1,HEK293,Innovo Therapeutics,EP4584259A1,PGDB_AS001103,% Degradation,,standardized
PGDB_C003854,Cn1cc(-c2ccc3c(c2)CN(C2CCC(=O)NC2=O)C3=O)nc1-c1cc(F)cc(Cl)c1,CSNK1A1,,25.0,<,1,HEK293,Innovo Therapeutics,EP4584259A1,PGDB_AS001103,% Degradation,,standardized
PGDB_C003793,Cn1cc(-c2ccc3c(c2)CN(C2CCC(=O)NC2=O)C3=O)nc1-c1cc(F)cc(F)c1,CSNK1A1,,25.0,<,1,HEK293,Innovo Therapeutics,EP4584259A1,PGDB_AS001103,% Degradation,,standardized
PGDB_C004140,Cn1cc(-c2ccc3c(c2)CN(C2CCC(=O)NC2=O)C3=O)nc1-c1cc(F)ccc1Cl,CSNK1A1,,25.0,<,1,HEK293,Innovo Therapeutics,EP4584259A1,PGDB_AS001103,% Degradation,,standardized
PGDB_C004022,Cn1cc(-c2ccc3c(c2)CN(C2CCC(=O)NC2=O)C3=O)nc1-c1ccc(-n2cccn2)cc1,CSNK1A1,,25.0,<,1,HEK293,Innovo Therapeutics,EP4584259A1,PGDB_AS001103,% Degradation,,standardized
PGDB_C004012,Cn1cc(-c2ccc3c(c2)CN(C2CCC(=O)NC2=O)C3=O)nc1-c1ccc(C#N)c(F)c1,CSNK1A1,,25.0,<,1,HEK293,Innovo Therapeutics,EP4584259A1,PGDB_AS001103,% Degradation,,standardized
PGDB_C003960,Cn1cc(-c2ccc3c(c2)CN(C2CCC(=O)NC2=O)C3=O)nc1-c1ccc(C#N)cc1,CSNK1A1,,25.0,<,1,HEK293,Innovo Therapeutics,EP4584259A1,PGDB_AS001103,% Degradation,,standardized
PGDB_C003960,Cn1cc(-c2ccc3c(c2)CN(C2CCC(=O)NC2=O)C3=O)nc1-c1ccc(C#N)cc1,GSPT1,,25.0,<,1,HEK293,Innovo Therapeutics,EP4584259A1,PGDB_AS001862,% Degradation,luminescence,standardized
PGDB_C004011,Cn1cc(-c2ccc3c(c2)CN(C2CCC(=O)NC2=O)C3=O)nc1-c1ccc(C#N)cc1F,CSNK1A1,,25.0,<,1,HEK293,Innovo Therapeutics,EP4584259A1,PGDB_AS001103,% Degradation,,standardized
PGDB_C004011,Cn1cc(-c2ccc3c(c2)CN(C2CCC(=O)NC2=O)C3=O)nc1-c1ccc(C#N)cc1F,GSPT1,,25.0,<,1,HEK293,Innovo Therapeutics,EP4584259A1,PGDB_AS001862,% Degradation,luminescence,standardized
PGDB_C003840,Cn1cc(-c2ccc3c(c2)CN(C2CCC(=O)NC2=O)C3=O)nc1-c1ccc(C#N)nc1,CSNK1A1,,25.0,<,1,HEK293,Innovo Therapeutics,EP4584259A1,PGDB_AS001103,% Degradation,,standardized
PGDB_C003840,Cn1cc(-c2ccc3c(c2)CN(C2CCC(=O)NC2=O)C3=O)nc1-c1ccc(C#N)nc1,GSPT1,,25.0,<,1,HEK293,Innovo Therapeutics,EP4584259A1,PGDB_AS001862,% Degradation,luminescence,standardized
PGDB_C003815,Cn1cc(-c2ccc3c(c2)CN(C2CCC(=O)NC2=O)C3=O)nc1-c1ccc(C(F)(F)F)cc1,CSNK1A1,,25.0,<,1,HEK293,Innovo Therapeutics,EP4584259A1,PGDB_AS001103,% Degradation,,standardized
PGDB_C003855,Cn1cc(-c2ccc3c(c2)CN(C2CCC(=O)NC2=O)C3=O)nc1-c1ccc(C(F)F)cc1,CSNK1A1,,25.0,<,1,HEK293,Innovo Therapeutics,EP4584259A1,PGDB_AS001103,% Degradation,,standardized
PGDB_C003850,Cn1cc(-c2ccc3c(c2)CN(C2CCC(=O)NC2=O)C3=O)nc1-c1ccc(C2CCCCC2)cc1,CSNK1A1,,25.0,<,1,HEK293,Innovo Therapeutics,EP4584259A1,PGDB_AS001103,% Degradation,,standardized
PGDB_C003850,Cn1cc(-c2ccc3c(c2)CN(C2CCC(=O)NC2=O)C3=O)nc1-c1ccc(C2CCCCC2)cc1,GSPT1,,25.0,<,1,HEK293,Innovo Therapeutics,EP4584259A1,PGDB_AS001862,% Degradation,luminescence,standardized
PGDB_C004025,Cn1cc(-c2ccc3c(c2)CN(C2CCC(=O)NC2=O)C3=O)nc1-c1ccc(CN2CCOCC2)cc1,CSNK1A1,,25.0,<,1,HEK293,Innovo Therapeutics,EP4584259A1,PGDB_AS001103,% Degradation,,standardized
PGDB_C004014,Cn1cc(-c2ccc3c(c2)CN(C2CCC(=O)NC2=O)C3=O)nc1-c1ccc(CO)cc1,CSNK1A1,,25.0,<,1,HEK293,Innovo Therapeutics,EP4584259A1,PGDB_AS001103,% Degradation,,standardized
PGDB_C004024,Cn1cc(-c2ccc3c(c2)CN(C2CCC(=O)NC2=O)C3=O)nc1-c1ccc(Cl)c(C(F)(F)F)c1,CSNK1A1,,25.0,<,1,HEK293,Innovo Therapeutics,EP4584259A1,PGDB_AS001103,% Degradation,,standardized
PGDB_C004024,Cn1cc(-c2ccc3c(c2)CN(C2CCC(=O)NC2=O)C3=O)nc1-c1ccc(Cl)c(C(F)(F)F)c1,GSPT1,,25.0,<,1,HEK293,Innovo Therapeutics,EP4584259A1,PGDB_AS001862,% Degradation,luminescence,standardized
PGDB_C004018,Cn1cc(-c2ccc3c(c2)CN(C2CCC(=O)NC2=O)C3=O)nc1-c1ccc(Cl)c(F)c1,CSNK1A1,,25.0,<,1,HEK293,Innovo Therapeutics,EP4584259A1,PGDB_AS001103,% Degradation,,standardized
PGDB_C003956,Cn1cc(-c2ccc3c(c2)CN(C2CCC(=O)NC2=O)C3=O)nc1-c1ccc(Cl)cc1,CSNK1A1,,25.0,<,1,HEK293,Innovo Therapeutics,EP4584259A1,PGDB_AS001103,% Degradation,,standardized
PGDB_C003971,Cn1cc(-c2ccc3c(c2)CN(C2CCC(=O)NC2=O)C3=O)nc1-c1ccc(Cl)cc1F,CSNK1A1,,25.0,<,1,HEK293,Innovo Therapeutics,EP4584259A1,PGDB_AS001103,% Degradation,,standardized
PGDB_C004034,Cn1cc(-c2ccc3c(c2)CN(C2CCC(=O)NC2=O)C3=O)nc1-c1ccc(F)c(C#N)c1,CSNK1A1,,25.0,<,1,HEK293,Innovo Therapeutics,EP4584259A1,PGDB_AS001103,% Degradation,,standardized
PGDB_C003972,Cn1cc(-c2ccc3c(c2)CN(C2CCC(=O)NC2=O)C3=O)nc1-c1ccc(F)c(Cl)c1,CSNK1A1,,25.0,<,1,HEK293,Innovo Therapeutics,EP4584259A1,PGDB_AS001103,% Degradation,,standardized
PGDB_C003955,Cn1cc(-c2ccc3c(c2)CN(C2CCC(=O)NC2=O)C3=O)nc1-c1ccc(F)c(F)c1,CSNK1A1,,25.0,<,1,HEK293,Innovo Therapeutics,EP4584259A1,PGDB_AS001103,% Degradation,,standardized
PGDB_C003794,Cn1cc(-c2ccc3c(c2)CN(C2CCC(=O)NC2=O)C3=O)nc1-c1ccc(F)cc1,CSNK1A1,,25.0,<,1,HEK293,Innovo Therapeutics,EP4584259A1,PGDB_AS001103,% Degradation,,standardized
PGDB_C003974,Cn1cc(-c2ccc3c(c2)CN(C2CCC(=O)NC2=O)C3=O)nc1-c1ccc(F)cc1Cl,CSNK1A1,,25.0,<,1,HEK293,Innovo Therapeutics,EP4584259A1,PGDB_AS001103,% Degradation,,standardized
PGDB_C004010,Cn1cc(-c2ccc3c(c2)CN(C2CCC(=O)NC2=O)C3=O)nc1-c1ccc(F)cc1F,CSNK1A1,,25.0,<,1,HEK293,Innovo Therapeutics,EP4584259A1,PGDB_AS001103,% Degradation,,standardized
PGDB_C004023,Cn1cc(-c2ccc3c(c2)CN(C2CCC(=O)NC2=O)C3=O)nc1-c1ccc(N2CCOCC2)cc1,CSNK1A1,,25.0,<,1,HEK293,Innovo Therapeutics,EP4584259A1,PGDB_AS001103,% Degradation,,standardized
PGDB_C003954,Cn1cc(-c2ccc3c(c2)CN(C2CCC(=O)NC2=O)C3=O)nc1-c1ccc(O)cc1,CSNK1A1,,25.0,<,1,HEK293,Innovo Therapeutics,EP4584259A1,PGDB_AS001103,% Degradation,,standardized
PGDB_C003837,Cn1cc(-c2ccc3c(c2)CN(C2CCC(=O)NC2=O)C3=O)nc1-c1ccc(OC(F)F)cc1,CSNK1A1,,25.0,<,1,HEK293,Innovo Therapeutics,EP4584259A1,PGDB_AS001103,% Degradation,,standardized
PGDB_C003837,Cn1cc(-c2ccc3c(c2)CN(C2CCC(=O)NC2=O)C3=O)nc1-c1ccc(OC(F)F)cc1,GSPT1,,25.0,<,1,HEK293,Innovo Therapeutics,EP4584259A1,PGDB_AS001862,% Degradation,luminescence,standardized
PGDB_C003849,Cn1cc(-c2ccc3c(c2)CN(C2CCC(=O)NC2=O)C3=O)nc1-c1ccc(OC2CC2)cc1,CSNK1A1,,25.0,<,1,HEK293,Innovo Therapeutics,EP4584259A1,PGDB_AS001103,% Degradation,,standardized
PGDB_C003849,Cn1cc(-c2ccc3c(c2)CN(C2CCC(=O)NC2=O)C3=O)nc1-c1ccc(OC2CC2)cc1,GSPT1,,25.0,<,1,HEK293,Innovo Therapeutics,EP4584259A1,PGDB_AS001862,% Degradation,luminescence,standardized
PGDB_C004137,Cn1cc(-c2ccc3c(c2)CN(C2CCC(=O)NC2=O)C3=O)nc1-c1ccc2c(c1)CC(=O)N2,GSPT1,,25.0,<,1,HEK293,Innovo Therapeutics,EP4584259A1,PGDB_AS001862,% Degradation,luminescence,standardized
PGDB_C004064,Cn1cc(-c2ccc3c(c2)CN(C2CCC(=O)NC2=O)C3=O)nc1-c1ccc2c(c1)CCC(=O)N2,GSPT1,,25.0,<,1,HEK293,Innovo Therapeutics,EP4584259A1,PGDB_AS001862,% Degradation,luminescence,standardized
PGDB_C004028,Cn1cc(-c2ccc3c(c2)CN(C2CCC(=O)NC2=O)C3=O)nc1-c1ccc2c(c1)CCCO2,CSNK1A1,,25.0,<,1,HEK293,Innovo Therapeutics,EP4584259A1,PGDB_AS001103,% Degradation,,standardized
PGDB_C004066,Cn1cc(-c2ccc3c(c2)CN(C2CCC(=O)NC2=O)C3=O)nc1-c1ccc2c(c1)OCO2,CSNK1A1,,25.0,<,1,HEK293,Innovo Therapeutics,EP4584259A1,PGDB_AS001103,% Degradation,,standardized
PGDB_C004009,Cn1cc(-c2ccc3c(c2)CN(C2CCC(=O)NC2=O)C3=O)nc1-c1ccc2ccccc2c1,CSNK1A1,,25.0,<,1,HEK293,Innovo Therapeutics,EP4584259A1,PGDB_AS001103,% Degradation,,standardized
PGDB_C004009,Cn1cc(-c2ccc3c(c2)CN(C2CCC(=O)NC2=O)C3=O)nc1-c1ccc2ccccc2c1,GSPT1,,25.0,<,1,HEK293,Innovo Therapeutics,EP4584259A1,PGDB_AS001862,% Degradation,luminescence,standardized
PGDB_C004017,Cn1cc(-c2ccc3c(c2)CN(C2CCC(=O)NC2=O)C3=O)nc1-c1ccc2ncccc2c1,CSNK1A1,,25.0,<,1,HEK293,Innovo Therapeutics,EP4584259A1,PGDB_AS001103,% Degradation,,standardized
PGDB_C004017,Cn1cc(-c2ccc3c(c2)CN(C2CCC(=O)NC2=O)C3=O)nc1-c1ccc2ncccc2c1,GSPT1,,25.0,<,1,HEK293,Innovo Therapeutics,EP4584259A1,PGDB_AS001862,% Degradation,luminescence,standardized
PGDB_C004071,Cn1cc(-c2ccc3c(c2)CN(C2CCC(=O)NC2=O)C3=O)nc1-c1cccc(-c2ccccc2)c1,CSNK1A1,,25.0,<,1,HEK293,Innovo Therapeutics,EP4584259A1,PGDB_AS001103,% Degradation,,standardized
PGDB_C004071,Cn1cc(-c2ccc3c(c2)CN(C2CCC(=O)NC2=O)C3=O)nc1-c1cccc(-c2ccccc2)c1,GSPT1,,25.0,<,1,HEK293,Innovo Therapeutics,EP4584259A1,PGDB_AS001862,% Degradation,luminescence,standardized
PGDB_C003959,Cn1cc(-c2ccc3c(c2)CN(C2CCC(=O)NC2=O)C3=O)nc1-c1cccc(C#N)c1,CSNK1A1,,25.0,<,1,HEK293,Innovo Therapeutics,EP4584259A1,PGDB_AS001103,% Degradation,,standardized
PGDB_C003835,Cn1cc(-c2ccc3c(c2)CN(C2CCC(=O)NC2=O)C3=O)nc1-c1cccc(C(F)(F)F)c1,CSNK1A1,,25.0,<,1,HEK293,Innovo Therapeutics,EP4584259A1,PGDB_AS001103,% Degradation,,standardized
PGDB_C003953,Cn1cc(-c2ccc3c(c2)CN(C2CCC(=O)NC2=O)C3=O)nc1-c1cccc(C(F)F)c1,CSNK1A1,,25.0,<,1,HEK293,Innovo Therapeutics,EP4584259A1,PGDB_AS001103,% Degradation,,standardized
PGDB_C003962,Cn1cc(-c2ccc3c(c2)CN(C2CCC(=O)NC2=O)C3=O)nc1-c1cccc(Cl)c1,CSNK1A1,,25.0,<,1,HEK293,Innovo Therapeutics,EP4584259A1,PGDB_AS001103,% Degradation,,standardized
PGDB_C003958,Cn1cc(-c2ccc3c(c2)CN(C2CCC(=O)NC2=O)C3=O)nc1-c1cccc(F)c1,CSNK1A1,,25.0,<,1,HEK293,Innovo Therapeutics,EP4584259A1,PGDB_AS001103,% Degradation,,standardized
PGDB_C003968,Cn1cc(-c2ccc3c(c2)CN(C2CCC(=O)NC2=O)C3=O)nc1-c1cccc(F)c1C#N,CSNK1A1,,25.0,<,1,HEK293,Innovo Therapeutics,EP4584259A1,PGDB_AS001103,% Degradation,,standardized
PGDB_C004139,Cn1cc(-c2ccc3c(c2)CN(C2CCC(=O)NC2=O)C3=O)nc1-c1cccc(F)c1F,CSNK1A1,,25.0,<,1,HEK293,Innovo Therapeutics,EP4584259A1,PGDB_AS001103,% Degradation,,standardized
PGDB_C003969,Cn1cc(-c2ccc3c(c2)CN(C2CCC(=O)NC2=O)C3=O)nc1-c1cccc(O)c1,GSPT1,,25.0,<,1,HEK293,Innovo Therapeutics,EP4584259A1,PGDB_AS001862,% Degradation,luminescence,standardized
PGDB_C003964,Cn1cc(-c2ccc3c(c2)CN(C2CCC(=O)NC2=O)C3=O)nc1-c1cccc(OC(F)(F)F)c1,CSNK1A1,,25.0,<,1,HEK293,Innovo Therapeutics,EP4584259A1,PGDB_AS001103,% Degradation,,standardized
PGDB_C003964,Cn1cc(-c2ccc3c(c2)CN(C2CCC(=O)NC2=O)C3=O)nc1-c1cccc(OC(F)(F)F)c1,GSPT1,,25.0,<,1,HEK293,Innovo Therapeutics,EP4584259A1,PGDB_AS001862,% Degradation,luminescence,standardized
PGDB_C003848,Cn1cc(-c2ccc3c(c2)CN(C2CCC(=O)NC2=O)C3=O)nc1-c1cccc(OC2CC2)c1,CSNK1A1,,25.0,<,1,HEK293,Innovo Therapeutics,EP4584259A1,PGDB_AS001103,% Degradation,,standardized
PGDB_C004067,Cn1cc(-c2ccc3c(c2)CN(C2CCC(=O)NC2=O)C3=O)nc1-c1cccc(OCc2ccccc2)c1,CSNK1A1,,25.0,<,1,HEK293,Innovo Therapeutics,EP4584259A1,PGDB_AS001103,% Degradation,,standardized
PGDB_C004067,Cn1cc(-c2ccc3c(c2)CN(C2CCC(=O)NC2=O)C3=O)nc1-c1cccc(OCc2ccccc2)c1,GSPT1,,25.0,<,1,HEK293,Innovo Therapeutics,EP4584259A1,PGDB_AS001862,% Degradation,luminescence,standardized
PGDB_C004075,Cn1cc(-c2ccc3c(c2)CN(C2CCC(=O)NC2=O)C3=O)nc1-c1cccc2c1CCC2,CSNK1A1,,25.0,<,1,HEK293,Innovo Therapeutics,EP4584259A1,PGDB_AS001103,% Degradation,,standardized
PGDB_C004033,Cn1cc(-c2ccc3c(c2)CN(C2CCC(=O)NC2=O)C3=O)nc1-c1cccc2ccccc12,CSNK1A1,,25.0,<,1,HEK293,Innovo Therapeutics,EP4584259A1,PGDB_AS001103,% Degradation,,standardized
PGDB_C004029,Cn1cc(-c2ccc3c(c2)CN(C2CCC(=O)NC2=O)C3=O)nc1-c1cccc2cnccc12,CSNK1A1,,25.0,<,1,HEK293,Innovo Therapeutics,EP4584259A1,PGDB_AS001103,% Degradation,,standardized
PGDB_C004029,Cn1cc(-c2ccc3c(c2)CN(C2CCC(=O)NC2=O)C3=O)nc1-c1cccc2cnccc12,GSPT1,,25.0,<,1,HEK293,Innovo Therapeutics,EP4584259A1,PGDB_AS001862,% Degradation,luminescence,standardized
PGDB_C003453,Cn1cc(-c2ccc3c(c2)CN(C2CCC(=O)NC2=O)C3=O)nc1-c1ccccc1,CSNK1A1,,25.0,<,1,HEK293,Innovo Therapeutics,EP4584259A1,PGDB_AS001103,% Degradation,,standardized
PGDB_C004006,Cn1cc(-c2ccc3c(c2)CN(C2CCC(=O)NC2=O)C3=O)nc1-c1ccccc1C(F)(F)F,CSNK1A1,,25.0,<,1,HEK293,Innovo Therapeutics,EP4584259A1,PGDB_AS001103,% Degradation,,standardized
PGDB_C004006,Cn1cc(-c2ccc3c(c2)CN(C2CCC(=O)NC2=O)C3=O)nc1-c1ccccc1C(F)(F)F,GSPT1,,25.0,<,1,HEK293,Innovo Therapeutics,EP4584259A1,PGDB_AS001862,% Degradation,luminescence,standardized
PGDB_C003966,Cn1cc(-c2ccc3c(c2)CN(C2CCC(=O)NC2=O)C3=O)nc1-c1ccccc1Cl,CSNK1A1,,25.0,<,1,HEK293,Innovo Therapeutics,EP4584259A1,PGDB_AS001103,% Degradation,,standardized
PGDB_C004013,Cn1cc(-c2ccc3c(c2)CN(C2CCC(=O)NC2=O)C3=O)nc1-c1ccccc1F,CSNK1A1,,25.0,<,1,HEK293,Innovo Therapeutics,EP4584259A1,PGDB_AS001103,% Degradation,,standardized
PGDB_C003961,Cn1cc(-c2ccc3c(c2)CN(C2CCC(=O)NC2=O)C3=O)nc1-c1ccccc1N,CSNK1A1,,25.0,<,1,HEK293,Innovo Therapeutics,EP4584259A1,PGDB_AS001103,% Degradation,,standardized
PGDB_C003951,Cn1cc(-c2ccc3c(c2)CN(C2CCC(=O)NC2=O)C3=O)nc1-c1ccccc1O,CSNK1A1,,25.0,<,1,HEK293,Innovo Therapeutics,EP4584259A1,PGDB_AS001103,% Degradation,,standardized
PGDB_C003951,Cn1cc(-c2ccc3c(c2)CN(C2CCC(=O)NC2=O)C3=O)nc1-c1ccccc1O,GSPT1,,25.0,<,1,HEK293,Innovo Therapeutics,EP4584259A1,PGDB_AS001862,% Degradation,luminescence,standardized
PGDB_C004069,Cn1cc(-c2ccc3c(c2)CN(C2CCC(=O)NC2=O)C3=O)nc1-c1ccccc1OC1CC1,CSNK1A1,,25.0,<,1,HEK293,Innovo Therapeutics,EP4584259A1,PGDB_AS001103,% Degradation,,standardized
PGDB_C003973,Cn1cc(-c2ccc3c(c2)CN(C2CCC(=O)NC2=O)C3=O)nc1-c1cccs1,CSNK1A1,,25.0,<,1,HEK293,Innovo Therapeutics,EP4584259A1,PGDB_AS001103,% Degradation,,standardized
PGDB_C003853,Cn1cc(-c2ccc3c(c2)CN(C2CCC(=O)NC2=O)C3=O)nc1-c1ccn2ccnc2c1,GSPT1,,25.0,<,1,HEK293,Innovo Therapeutics,EP4584259A1,PGDB_AS001862,% Degradation,luminescence,standardized
PGDB_C004072,Cn1cc(-c2ccc3c(c2)CN(C2CCC(=O)NC2=O)C3=O)nc1-c1ccnc2ccccc12,CSNK1A1,,25.0,<,1,HEK293,Innovo Therapeutics,EP4584259A1,PGDB_AS001103,% Degradation,,standardized
PGDB_C004072,Cn1cc(-c2ccc3c(c2)CN(C2CCC(=O)NC2=O)C3=O)nc1-c1ccnc2ccccc12,GSPT1,,25.0,<,1,HEK293,Innovo Therapeutics,EP4584259A1,PGDB_AS001862,% Degradation,luminescence,standardized
PGDB_C003827,Cn1cc(-c2ccc3c(c2)CN(C2CCC(=O)NC2=O)C3=O)nc1-c1ccoc1,CSNK1A1,,25.0,<,1,HEK293,Innovo Therapeutics,EP4584259A1,PGDB_AS001103,% Degradation,,standardized
PGDB_C003827,Cn1cc(-c2ccc3c(c2)CN(C2CCC(=O)NC2=O)C3=O)nc1-c1ccoc1,GSPT1,,25.0,<,1,HEK293,Innovo Therapeutics,EP4584259A1,PGDB_AS001862,% Degradation,luminescence,standardized
PGDB_C004021,Cn1cc(-c2ccc3c(c2)CN(C2CCC(=O)NC2=O)C3=O)nc1-c1ccsc1,CSNK1A1,,25.0,<,1,HEK293,Innovo Therapeutics,EP4584259A1,PGDB_AS001103,% Degradation,,standardized
PGDB_C004016,Cn1cc(-c2ccc3c(c2)CN(C2CCC(=O)NC2=O)C3=O)nc1-c1cncc2ccccc12,CSNK1A1,,25.0,<,1,HEK293,Innovo Therapeutics,EP4584259A1,PGDB_AS001103,% Degradation,,standardized
PGDB_C004065,Cn1cc(-c2ccc3c(c2)CN(C2CCC(=O)NC2=O)C3=O)nc1-c1nn(C)c2ccccc12,CSNK1A1,,25.0,<,1,HEK293,Innovo Therapeutics,EP4584259A1,PGDB_AS001103,% Degradation,,standardized
PGDB_C004129,Cn1cc(-c2ccc3c(c2)CN(C2CCC(=O)NC2=O)C3=O)nc1C1(C)CCCCC1,CSNK1A1,,25.0,<,1,HEK293,Innovo Therapeutics,EP4584259A1,PGDB_AS001103,% Degradation,,standardized
PGDB_C004129,Cn1cc(-c2ccc3c(c2)CN(C2CCC(=O)NC2=O)C3=O)nc1C1(C)CCCCC1,GSPT1,,25.0,<,1,HEK293,Innovo Therapeutics,EP4584259A1,PGDB_AS001862,% Degradation,luminescence,standardized
PGDB_C004126,Cn1cc(-c2ccc3c(c2)CN(C2CCC(=O)NC2=O)C3=O)nc1C12CC3CC(CC(C3)C1)C2,CSNK1A1,,25.0,<,1,HEK293,Innovo Therapeutics,EP4584259A1,PGDB_AS001103,% Degradation,,standardized
PGDB_C004133,Cn1cc(-c2ccc3c(c2)CN(C2CCC(=O)NC2=O)C3=O)nc1C12CCC(CC1)CC2,CSNK1A1,,25.0,<,1,HEK293,Innovo Therapeutics,EP4584259A1,PGDB_AS001103,% Degradation,,standardized
PGDB_C003778,Cn1cc(-c2ccc3c(c2)CN(C2CCC(=O)NC2=O)C3=O)nc1C1CCC(C)(C)CC1,CSNK1A1,,25.0,<,1,HEK293,Innovo Therapeutics,EP4584259A1,PGDB_AS001103,% Degradation,,standardized
PGDB_C003783,Cn1cc(-c2ccc3c(c2)CN(C2CCC(=O)NC2=O)C3=O)nc1C1CCC(F)(F)CC1,CSNK1A1,,25.0,<,1,HEK293,Innovo Therapeutics,EP4584259A1,PGDB_AS001103,% Degradation,,standardized
PGDB_C003773,Cn1cc(-c2ccc3c(c2)CN(C2CCC(=O)NC2=O)C3=O)nc1C1CCC2(CC1)CC2,CSNK1A1,,25.0,<,1,HEK293,Innovo Therapeutics,EP4584259A1,PGDB_AS001103,% Degradation,,standardized
PGDB_C004059,Cn1cc(-c2ccc3c(c2)CN(C2CCC(=O)NC2=O)C3=O)nc1C1CCCCC1,CSNK1A1,,25.0,<,1,HEK293,Innovo Therapeutics,EP4584259A1,PGDB_AS001103,% Degradation,,standardized
PGDB_C004059,Cn1cc(-c2ccc3c(c2)CN(C2CCC(=O)NC2=O)C3=O)nc1C1CCCCC1,GSPT1,,25.0,<,1,HEK293,Innovo Therapeutics,EP4584259A1,PGDB_AS001862,% Degradation,luminescence,standardized
PGDB_C003771,Cn1cc(-c2ccc3c(c2)CN(C2CCC(=O)NC2=O)C3=O)nc1C1CCOCC1,CSNK1A1,,25.0,<,1,HEK293,Innovo Therapeutics,EP4584259A1,PGDB_AS001103,% Degradation,,standardized
PGDB_C003535,Cn1cc(-c2ccc3c(c2)CN(C2CCC(=O)NC2=O)C3=O)nc1C1OCCCO1,CSNK1A1,,25.0,<,1,HEK293,Innovo Therapeutics,EP4584259A1,PGDB_AS001103,% Degradation,,standardized
PGDB_C004130,Cn1cc(-c2ccc3c(c2)CN(C2CCC(=O)NC2=O)C3=O)nc1[C@H]1CC[C@H](C)CC1,CSNK1A1,,25.0,<,1,HEK293,Innovo Therapeutics,EP4584259A1,PGDB_AS001103,% Degradation,,standardized
PGDB_C004130,Cn1cc(-c2ccc3c(c2)CN(C2CCC(=O)NC2=O)C3=O)nc1[C@H]1CC[C@H](C)CC1,GSPT1,,25.0,<,1,HEK293,Innovo Therapeutics,EP4584259A1,PGDB_AS001862,% Degradation,luminescence,standardized
PGDB_C004131,Cn1cc(-c2ccc3c(c2)CN(C2CCC(=O)NC2=O)C3=O)nc1[C@H]1[C@@H]2COC[C@@H]21,CSNK1A1,,25.0,<,1,HEK293,Innovo Therapeutics,EP4584259A1,PGDB_AS001103,% Degradation,,standardized
PGDB_C003499,Cn1cc(-c2ccccc2)nc1-c1ccc2c(c1)CN(C1CCC(=O)NC1=O)C2=O,CSNK1A1,,25.0,<,1,HEK293,Innovo Therapeutics,EP4584259A1,PGDB_AS001103,% Degradation,,standardized
PGDB_C001859,Cn1cc(-c2cccnc2[C@@H](NC(=O)c2ccc3c(c2)CN([C@H]2CCC(=O)NC2=O)C3=O)C2CCC2)cn1,CSNK1A1,CRBN,74.1,=,1,HT-1080,Hangzhou Glubio Pharmaceutical,WO2022257897A1,PGDB_AS001868,% Degradation,luminescence,standardized
PGDB_C029208,Cn1cc(-c2cn(C3CCN(CC4(F)CCN(C(=O)c5ccc(N6C7CCC6CN(c6cc(-c8ccccc8O)nnc6N)C7)cc5)CC4)CC3)c3ccc(N4CCC(=O)NC4=O)cc23)cn1,SMARCA2,,473.6,=,0,,AstraZeneca,WO2026120044,PGDB_AS001809,% Degradation,,standardized
PGDB_C029208,Cn1cc(-c2cn(C3CCN(CC4(F)CCN(C(=O)c5ccc(N6C7CCC6CN(c6cc(-c8ccccc8O)nnc6N)C7)cc5)CC4)CC3)c3ccc(N4CCC(=O)NC4=O)cc23)cn1,SMARCA4,,1008.9999999999999,>,0,,AstraZeneca,WO2026120044,PGDB_AS001309,% Degradation,,standardized
PGDB_C011904,Cn1cc(-c2cnc3c(NCc4nc5c(F)c(F)ccc5[nH]4)nc(C4=CCNCC4)cn23)cn1,CCNK,,10000.0,=,0,,H Lee Moffitt Cancer Center And Research Institute,WO2025226846A1,PGDB_AS002539,% Degradation,fluorescence,standardized
PGDB_C011903,Cn1cc(-c2cnc3c(NCc4nc5c(F)c(F)ccc5[nH]4)nc(C4=CCOCC4)cn23)cn1,CCNK,,4300.0,=,0,,H Lee Moffitt Cancer Center And Research Institute,WO2025226846A1,PGDB_AS002539,% Degradation,fluorescence,standardized
PGDB_C011901,Cn1cc(-c2cnc3c(NCc4nc5cc(Cl)c(Cl)cc5[nH]4)nc(C4=CCNCC4)cn23)cn1,CCNK,,3000.0,=,0,,H Lee Moffitt Cancer Center And Research Institute,WO2025226846A1,PGDB_AS002539,% Degradation,fluorescence,standardized
PGDB_C011900,Cn1cc(-c2cnc3c(NCc4nc5cc(Cl)c(Cl)cc5[nH]4)nc(C4=CCOCC4)cn23)cn1,CCNK,,3800.0,=,0,,H Lee Moffitt Cancer Center And Research Institute,WO2025226846A1,PGDB_AS002539,% Degradation,fluorescence,standardized
PGDB_C027218,Cn1cc(C#Cc2nccc(N3CCCN(c4cc(-c5ccccc5O)nnc4N)CC3)n2)cn1,SMARCA2,,500.0,>=,0,HeLa,Plexium,WO2023244806A1,PGDB_AS002237,% Degradation,luminescence,standardized
PGDB_C027218,Cn1cc(C#Cc2nccc(N3CCCN(c4cc(-c5ccccc5O)nnc4N)CC3)n2)cn1,SMARCA4,,500.0,>=,0,HeLa,Plexium,WO2023244806A1,PGDB_AS000073,% Degradation,luminescence,standardized
PGDB_C029297,Cn1cc(C2CCN(CC3(F)CCN(C(=O)c4ccc(N5C6CCC5CN(c5cc(-c7ccccc7O)nnc5N)C6)cc4)CC3)CC2)c2cccc(N3CCC(=O)NC3=O)c21,SMARCA2,,13.100000000000001,=,1,,AstraZeneca,WO2026120044,PGDB_AS001809,% Degradation,,standardized
PGDB_C029231,Cn1cc(C2CCN(CC3(F)CCN(C(=O)c4ccc(NC5CCN(c6cc(-c7ccccc7Cl)nnc6N)C5)cc4)CC3)CC2)c2ccc(N3CCC(=O)NC3=O)cc21,SMARCA2,,52.400000000000006,=,1,,AstraZeneca,WO2026120044,PGDB_AS001809,% Degradation,,standardized
PGDB_C029231,Cn1cc(C2CCN(CC3(F)CCN(C(=O)c4ccc(NC5CCN(c6cc(-c7ccccc7Cl)nnc6N)C5)cc4)CC3)CC2)c2ccc(N3CCC(=O)NC3=O)cc21,SMARCA4,,1008.9999999999999,>,0,,AstraZeneca,WO2026120044,PGDB_AS001309,% Degradation,,standardized
PGDB_C002286,Cn1cc(C2CCOCC2)c2c3nc(C4CCC(NC(=O)CCCCNc5cccc6c5C(=O)N(C5CCC(=O)NC5=O)C6=O)CC4)[nH]c3cnc21,GSPT1,,100.0,<,1,HEK293,Zhuhai Woo Biological Science And Technology,WO2023237116A1,PGDB_AS002200,% Degradation,luminescence,standardized
PGDB_C029217,Cn1cc(N2CCN(CC3CCN(C(=O)c4ccc(N5C6CCC5CN(c5cc(-c7ccccc7O)nnc5N)C6)cc4)CC3)CC2)c2ccc(N3CCC(=O)NC3=O)cc21,SMARCA2,,1002.0,=,0,,AstraZeneca,WO2026120044,PGDB_AS001809,% Degradation,,standardized
PGDB_C029603,Cn1cc(OC(F)F)c(=O)n1-c1ccc(-c2cccc(C3CCC(=O)NC3=O)c2Cl)cc1,VAV1,,4.1,=,1,,Shanghai Qilu Pharmaceutical Research And Development Centre,WO2026051943A1,PGDB_AS001440,% Degradation,luminescence,standardized
PGDB_C024762,Cn1cc2c(n1)-c1ccc(-c3cccc(C4CCC(=O)NC4=O)c3Cl)cc1CC2,VAV1,,50.0,<=,1,Jurkat,Shanghai Meiyue Biotech Development Co Ltd,WO2026061428A1,PGDB_AS001390,% Degradation,fluorescence,standardized
PGDB_C024734,Cn1cc2c(n1)CCc1cc(-c3cccc(C4CCC(=O)NC4=O)c3Cl)ccc1-2,VAV1,,50.0,<=,1,Jurkat,Shanghai Meiyue Biotech Development Co Ltd,WO2026061428A1,PGDB_AS001390,% Degradation,fluorescence,standardized
PGDB_C004068,Cn1cc2cc(-c3nc(-c4ccc5c(c4)CN(C4CCC(=O)NC4=O)C5=O)cn3C)ccc2n1,CSNK1A1,,25.0,<,1,HEK293,Innovo Therapeutics,EP4584259A1,PGDB_AS001103,% Degradation,,standardized
PGDB_C004068,Cn1cc2cc(-c3nc(-c4ccc5c(c4)CN(C4CCC(=O)NC4=O)C5=O)cn3C)ccc2n1,GSPT1,,25.0,<,1,HEK293,Innovo Therapeutics,EP4584259A1,PGDB_AS001862,% Degradation,luminescence,standardized
PGDB_C012247,Cn1cc2cccc(N3CCN(c4cccc(C5CCC(=O)NC5=O)c4Cl)CC3)c2n1,VAV1,,127.993,=,0,Jurkat,Monte Rosa Therapeutics,WO2026013577A1,PGDB_AS001744,% Degradation,luminescence,standardized
PGDB_C004117,Cn1ccc(-c2c(-c3ccc4c(c3)CN(C3CCC(=O)NC3=O)C4=O)cnn2C)c1,CSNK1A1,,25.0,<,1,HEK293,Innovo Therapeutics,EP4584259A1,PGDB_AS001103,% Degradation,,standardized
PGDB_C004117,Cn1ccc(-c2c(-c3ccc4c(c3)CN(C3CCC(=O)NC3=O)C4=O)cnn2C)c1,GSPT1,,25.0,<,1,HEK293,Innovo Therapeutics,EP4584259A1,PGDB_AS001862,% Degradation,luminescence,standardized
PGDB_C003730,Cn1ccc(-c2c(-c3ccc4c(c3)CN(C3CCC(=O)NC3=O)C4=O)ncn2C)c1,CSNK1A1,,25.0,<,1,HEK293,Innovo Therapeutics,EP4584259A1,PGDB_AS001103,% Degradation,,standardized
PGDB_C003730,Cn1ccc(-c2c(-c3ccc4c(c3)CN(C3CCC(=O)NC3=O)C4=O)ncn2C)c1,GSPT1,,25.0,<,1,HEK293,Innovo Therapeutics,EP4584259A1,PGDB_AS001862,% Degradation,luminescence,standardized
PGDB_C003714,Cn1ccc(-c2c(-c3ccc4c(c3)CN(C3CCC(=O)NC3=O)C4=O)ncn2C)n1,CSNK1A1,,25.0,<,1,HEK293,Innovo Therapeutics,EP4584259A1,PGDB_AS001103,% Degradation,,standardized
PGDB_C003714,Cn1ccc(-c2c(-c3ccc4c(c3)CN(C3CCC(=O)NC3=O)C4=O)ncn2C)n1,GSPT1,,25.0,<,1,HEK293,Innovo Therapeutics,EP4584259A1,PGDB_AS001862,% Degradation,luminescence,standardized
PGDB_C032946,Cn1ccc(-c2cc(C(F)(F)F)cc(=O)n2-c2cccc(-n3ncc4c(C5CCC(=O)NC5=O)cccc43)c2)n1,VAV1,,10.0,<,1,Jurkat,,WO2026145172A1,PGDB_AS002614,% Degradation,luminescence,standardized
PGDB_C033005,Cn1ccc(-c2cc(C(F)F)cc(=O)n2-c2cccc(-n3ncc4c(C5CCC(=O)NC5=O)cccc43)c2)n1,VAV1,,50.0,<=,1,Jurkat,,WO2026145172A1,PGDB_AS002614,% Degradation,luminescence,standardized
PGDB_C029443,Cn1ccc(C(=O)N2CCCOc3cc(-c4cccc(C5CCC(=O)NC5=O)c4Cl)ccc32)n1,VAV1,,7.49,=,1,,Shanghai Qilu Pharmaceutical Research And Development Centre,WO2026051943A1,PGDB_AS001440,% Degradation,luminescence,standardized
PGDB_C026883,Cn1ccc(C(=O)NCC#Cc2nccc(N3CCN(c4cc(-c5ccccc5O)nnc4N)CC3)n2)n1,SMARCA4,,50.0,<,1,HeLa,Plexium,WO2023244806A1,PGDB_AS000073,% Degradation,luminescence,standardized
PGDB_C012215,Cn1ccc(C(F)(F)F)c(N2CC3(CN(c4cccc(C5CCC(=O)NC5=O)c4Cl)C3)C2)c1=O,VAV1,,10000.0,=,0,Jurkat,Monte Rosa Therapeutics,WO2026013577A1,PGDB_AS001744,% Degradation,luminescence,standardized
PGDB_C029470,Cn1ccc(CN2C(=O)C3(CC3)Oc3cc(-c4cccc(C5CCC(=O)NC5=O)c4Cl)ccc32)n1,VAV1,,3.46,=,1,,Shanghai Qilu Pharmaceutical Research And Development Centre,WO2026051943A1,PGDB_AS001440,% Degradation,luminescence,standardized
PGDB_C029426,Cn1ccc(CN2C(=O)CCOc3cc(-c4cccc(C5CCC(=O)NC5=O)c4Cl)ccc32)n1,VAV1,,3.6,=,1,,Shanghai Qilu Pharmaceutical Research And Development Centre,WO2026051943A1,PGDB_AS001440,% Degradation,luminescence,standardized
PGDB_C029462,Cn1ccc(CN2C(=O)COCc3cc(-c4cccc(C5CCC(=O)NC5=O)c4Cl)ccc32)n1,VAV1,,5.0,=,1,,Shanghai Qilu Pharmaceutical Research And Development Centre,WO2026051943A1,PGDB_AS001440,% Degradation,luminescence,standardized
PGDB_C029459,Cn1ccc(CN2C(=O)CSc3cc(-c4cccc(C5CCC(=O)NC5=O)c4Cl)ccc32)n1,VAV1,,2.3,=,1,,Shanghai Qilu Pharmaceutical Research And Development Centre,WO2026051943A1,PGDB_AS001440,% Degradation,luminescence,standardized
PGDB_C029437,Cn1ccc(CN2C(=O)NCCc3cc(-c4cccc(C5CCC(=O)NC5=O)c4Cl)ccc32)n1,VAV1,,5.88,=,1,,Shanghai Qilu Pharmaceutical Research And Development Centre,WO2026051943A1,PGDB_AS001440,% Degradation,luminescence,standardized
PGDB_C029434,Cn1ccc(CN2CC3(CC3)Oc3cc(-c4cccc(C5CCC(=O)NC5=O)c4Cl)ccc32)n1,VAV1,,1.25,=,1,,Shanghai Qilu Pharmaceutical Research And Development Centre,WO2026051943A1,PGDB_AS001440,% Degradation,luminescence,standardized
PGDB_C029428,Cn1ccc(CN2CC3(CC3)c3cc(-c4cccc(C5CCC(=O)NC5=O)c4Cl)ccc32)n1,VAV1,,2.95,=,1,,Shanghai Qilu Pharmaceutical Research And Development Centre,WO2026051943A1,PGDB_AS001440,% Degradation,luminescence,standardized
PGDB_C029429,Cn1ccc(Cn2c(=O)sc3cc(-c4cccc(C5CCC(=O)NC5=O)c4Cl)ccc32)n1,VAV1,,5.7,=,1,,Shanghai Qilu Pharmaceutical Research And Development Centre,WO2026051943A1,PGDB_AS001440,% Degradation,luminescence,standardized
PGDB_C012200,Cn1ccc(F)c(N2CCC(c3cccc(C4CCC(=O)NC4=O)c3Cl)CC2)c1=O,VAV1,,276.784,=,0,Jurkat,Monte Rosa Therapeutics,WO2026013577A1,PGDB_AS001744,% Degradation,luminescence,standardized
PGDB_C012196,Cn1ccc(F)c(N2CCN(c3cccc(C4CCC(=O)NC4=O)c3Cl)CC2)c1=O,VAV1,,78.093,=,1,Jurkat,Monte Rosa Therapeutics,WO2026013577A1,PGDB_AS001744,% Degradation,luminescence,standardized
PGDB_C032956,Cn1ccc(N2CC3CC3C2)c(-c2cccc(-n3ncc4c(C5CCC(=O)NC5=O)cccc43)c2)c1=O,VAV1,,10.0,<,1,Jurkat,,WO2026145172A1,PGDB_AS002614,% Degradation,luminescence,standardized
PGDB_C012212,Cn1ccc(N2CCCC(c3cccc(C4CCC(=O)NC4=O)c3Cl)C2)cc1=O,VAV1,,5535.83,=,0,Jurkat,Monte Rosa Therapeutics,WO2026013577A1,PGDB_AS001744,% Degradation,luminescence,standardized
PGDB_C033037,Cn1ccc(OCC(F)(F)F)c(-c2ccc(-c3cccc(C4CCC(=O)NC4=O)c3Cl)cc2)c1=O,VAV1,,10.0,<,1,Jurkat,,WO2026145172A1,PGDB_AS002602,% Degradation,luminescence,standardized
PGDB_C032991,Cn1ccc(OCC(F)(F)F)c(-c2cccc(-n3ncc4c(C5CCC(=O)NC5=O)cccc43)c2)c1=O,VAV1,,10.0,<,1,Jurkat,,WO2026145172A1,PGDB_AS002602,% Degradation,luminescence,standardized
PGDB_C033041,Cn1ccc(OCCC(F)(F)F)c(-c2cccc(-n3ncc4c(C5CCC(=O)NC5=O)cccc43)c2)c1=O,VAV1,,10.0,<,1,Jurkat,,WO2026145172A1,PGDB_AS002602,% Degradation,luminescence,standardized
PGDB_C006097,Cn1ccc2cc(CN3CCC(O)(c4ccc5c(c4)C(=O)N(C4CCC(=O)NC4=O)C5=O)CC3)ccc21,IKZF2,,11.0,=,1,MOLT-4,Neomorph;Dana Farber Cancer Institute,CA3215907A1,PGDB_AS000536,% Degradation,luminescence,standardized
PGDB_C032839,Cn1ccc2nc(Nc3ccc(F)c(-n4ncc5c(C6CCC(=O)NC6=O)cccc54)c3)ccc21,VAV1,,10.0,<,1,Jurkat,,WO2026145172A1,PGDB_AS002605,% Degradation,luminescence,standardized
PGDB_C012209,Cn1cccc(C2CCN(c3cccc(C4CCC(=O)NC4=O)c3Cl)C2)c1=O,VAV1,,9166.036,=,0,Jurkat,Monte Rosa Therapeutics,WO2026013577A1,PGDB_AS001744,% Degradation,luminescence,standardized
PGDB_C012222,Cn1cccc(CN2CCN(c3cccc(C4CCC(=O)NC4=O)c3Cl)CC2)c1=O,VAV1,,10000.0,=,0,Jurkat,Monte Rosa Therapeutics,WO2026013577A1,PGDB_AS001744,% Degradation,luminescence,standardized
PGDB_C012201,Cn1cccc(N2CCC(c3cccc(C4CCC(=O)NC4=O)c3Cl)CC2)c1=O,VAV1,,253.172,=,0,Jurkat,Monte Rosa Therapeutics,WO2026013577A1,PGDB_AS001744,% Degradation,luminescence,standardized
PGDB_C029452,Cn1cccc(N2CCCOc3cc(-c4cccc(C5CCC(=O)NC5=O)c4Cl)ccc32)c1=O,VAV1,,2.57,=,1,,Shanghai Qilu Pharmaceutical Research And Development Centre,WO2026051943A1,PGDB_AS001440,% Degradation,luminescence,standardized
PGDB_C012205,Cn1cccc(N2CCN(c3cccc(C4CCC(=O)NC4=O)c3Cl)CC2)c1=O,VAV1,,218.941,=,0,Jurkat,Monte Rosa Therapeutics,WO2026013577A1,PGDB_AS001744,% Degradation,luminescence,standardized
PGDB_C027226,Cn1ccnc1C#Cc1nccc(N2CCCN(c3cc(-c4ccccc4O)nnc3N)CC2)n1,SMARCA2,,500.0,>=,0,HeLa,Plexium,WO2023244806A1,PGDB_AS002237,% Degradation,luminescence,standardized
PGDB_C027226,Cn1ccnc1C#Cc1nccc(N2CCCN(c3cc(-c4ccccc4O)nnc3N)CC2)n1,SMARCA4,,500.0,>=,0,HeLa,Plexium,WO2023244806A1,PGDB_AS000073,% Degradation,luminescence,standardized
PGDB_C003718,Cn1cnc(-c2ccc3c(c2)CN(C2CCC(=O)NC2=O)C3=O)c1-c1c[nH]c2ccccc12,CSNK1A1,,25.0,<,1,HEK293,Innovo Therapeutics,EP4584259A1,PGDB_AS001103,% Degradation,,standardized
PGDB_C003718,Cn1cnc(-c2ccc3c(c2)CN(C2CCC(=O)NC2=O)C3=O)c1-c1c[nH]c2ccccc12,GSPT1,,25.0,<,1,HEK293,Innovo Therapeutics,EP4584259A1,PGDB_AS001862,% Degradation,luminescence,standardized
PGDB_C003936,Cn1cnc(-c2ccc3c(c2)CN(C2CCC(=O)NC2=O)C3=O)c1-c1cc(Cl)cc(C#N)c1,GSPT1,,25.0,<,1,HEK293,Innovo Therapeutics,EP4584259A1,PGDB_AS001862,% Degradation,luminescence,standardized
PGDB_C003937,Cn1cnc(-c2ccc3c(c2)CN(C2CCC(=O)NC2=O)C3=O)c1-c1cc(Cl)ccc1C#N,CSNK1A1,,25.0,<,1,HEK293,Innovo Therapeutics,EP4584259A1,PGDB_AS001103,% Degradation,,standardized
PGDB_C003937,Cn1cnc(-c2ccc3c(c2)CN(C2CCC(=O)NC2=O)C3=O)c1-c1cc(Cl)ccc1C#N,GSPT1,,25.0,<,1,HEK293,Innovo Therapeutics,EP4584259A1,PGDB_AS001862,% Degradation,luminescence,standardized
PGDB_C003980,Cn1cnc(-c2ccc3c(c2)CN(C2CCC(=O)NC2=O)C3=O)c1-c1cc(Cl)ccc1Cl,CSNK1A1,,25.0,<,1,HEK293,Innovo Therapeutics,EP4584259A1,PGDB_AS001103,% Degradation,,standardized
PGDB_C003980,Cn1cnc(-c2ccc3c(c2)CN(C2CCC(=O)NC2=O)C3=O)c1-c1cc(Cl)ccc1Cl,GSPT1,,25.0,<,1,HEK293,Innovo Therapeutics,EP4584259A1,PGDB_AS001862,% Degradation,luminescence,standardized
PGDB_C003926,Cn1cnc(-c2ccc3c(c2)CN(C2CCC(=O)NC2=O)C3=O)c1-c1cc(Cl)ccc1F,CSNK1A1,,25.0,<,1,HEK293,Innovo Therapeutics,EP4584259A1,PGDB_AS001103,% Degradation,,standardized
PGDB_C003762,Cn1cnc(-c2ccc3c(c2)CN(C2CCC(=O)NC2=O)C3=O)c1-c1cc(F)cc(C#N)c1,CSNK1A1,,25.0,<,1,HEK293,Innovo Therapeutics,EP4584259A1,PGDB_AS001103,% Degradation,,standardized
PGDB_C003810,Cn1cnc(-c2ccc3c(c2)CN(C2CCC(=O)NC2=O)C3=O)c1-c1cc(F)cc(Cl)c1,CSNK1A1,,25.0,<,1,HEK293,Innovo Therapeutics,EP4584259A1,PGDB_AS001103,% Degradation,,standardized
PGDB_C003755,Cn1cnc(-c2ccc3c(c2)CN(C2CCC(=O)NC2=O)C3=O)c1-c1cc(F)cc(F)c1,CSNK1A1,,25.0,<,1,HEK293,Innovo Therapeutics,EP4584259A1,PGDB_AS001103,% Degradation,,standardized
PGDB_C003755,Cn1cnc(-c2ccc3c(c2)CN(C2CCC(=O)NC2=O)C3=O)c1-c1cc(F)cc(F)c1,GSPT1,,25.0,<,1,HEK293,Innovo Therapeutics,EP4584259A1,PGDB_AS001862,% Degradation,luminescence,standardized
PGDB_C003756,Cn1cnc(-c2ccc3c(c2)CN(C2CCC(=O)NC2=O)C3=O)c1-c1cc(F)ccc1F,CSNK1A1,,25.0,<,1,HEK293,Innovo Therapeutics,EP4584259A1,PGDB_AS001103,% Degradation,,standardized
PGDB_C003756,Cn1cnc(-c2ccc3c(c2)CN(C2CCC(=O)NC2=O)C3=O)c1-c1cc(F)ccc1F,GSPT1,,25.0,<,1,HEK293,Innovo Therapeutics,EP4584259A1,PGDB_AS001862,% Degradation,luminescence,standardized
PGDB_C003736,Cn1cnc(-c2ccc3c(c2)CN(C2CCC(=O)NC2=O)C3=O)c1-c1cc2ccccc2[nH]1,CSNK1A1,,25.0,<,1,HEK293,Innovo Therapeutics,EP4584259A1,PGDB_AS001103,% Degradation,,standardized
PGDB_C003736,Cn1cnc(-c2ccc3c(c2)CN(C2CCC(=O)NC2=O)C3=O)c1-c1cc2ccccc2[nH]1,GSPT1,,25.0,<,1,HEK293,Innovo Therapeutics,EP4584259A1,PGDB_AS001862,% Degradation,luminescence,standardized
PGDB_C003994,Cn1cnc(-c2ccc3c(c2)CN(C2CCC(=O)NC2=O)C3=O)c1-c1ccc(-c2ccc(C#N)cc2)cc1,CSNK1A1,,25.0,<,1,HEK293,Innovo Therapeutics,EP4584259A1,PGDB_AS001103,% Degradation,,standardized
PGDB_C003993,Cn1cnc(-c2ccc3c(c2)CN(C2CCC(=O)NC2=O)C3=O)c1-c1ccc(-c2ccc(O)cc2)cc1,CSNK1A1,,25.0,<,1,HEK293,Innovo Therapeutics,EP4584259A1,PGDB_AS001103,% Degradation,,standardized
PGDB_C003989,Cn1cnc(-c2ccc3c(c2)CN(C2CCC(=O)NC2=O)C3=O)c1-c1ccc(-c2ccccc2)cc1,CSNK1A1,,25.0,<,1,HEK293,Innovo Therapeutics,EP4584259A1,PGDB_AS001103,% Degradation,,standardized
PGDB_C003989,Cn1cnc(-c2ccc3c(c2)CN(C2CCC(=O)NC2=O)C3=O)c1-c1ccc(-c2ccccc2)cc1,GSPT1,,25.0,<,1,HEK293,Innovo Therapeutics,EP4584259A1,PGDB_AS001862,% Degradation,luminescence,standardized
PGDB_C004000,Cn1cnc(-c2ccc3c(c2)CN(C2CCC(=O)NC2=O)C3=O)c1-c1ccc(-c2ccncc2)cc1,CSNK1A1,,25.0,<,1,HEK293,Innovo Therapeutics,EP4584259A1,PGDB_AS001103,% Degradation,,standardized
PGDB_C004000,Cn1cnc(-c2ccc3c(c2)CN(C2CCC(=O)NC2=O)C3=O)c1-c1ccc(-c2ccncc2)cc1,GSPT1,,25.0,<,1,HEK293,Innovo Therapeutics,EP4584259A1,PGDB_AS001862,% Degradation,luminescence,standardized
PGDB_C003593,Cn1cnc(-c2ccc3c(c2)CN(C2CCC(=O)NC2=O)C3=O)c1-c1ccc(-n2cccn2)cc1,CSNK1A1,,25.0,<,1,HEK293,Innovo Therapeutics,EP4584259A1,PGDB_AS001103,% Degradation,,standardized
PGDB_C003593,Cn1cnc(-c2ccc3c(c2)CN(C2CCC(=O)NC2=O)C3=O)c1-c1ccc(-n2cccn2)cc1,GSPT1,,25.0,<,1,HEK293,Innovo Therapeutics,EP4584259A1,PGDB_AS001862,% Degradation,luminescence,standardized
PGDB_C003742,Cn1cnc(-c2ccc3c(c2)CN(C2CCC(=O)NC2=O)C3=O)c1-c1ccc(C#N)cc1,CSNK1A1,,25.0,<,1,HEK293,Innovo Therapeutics,EP4584259A1,PGDB_AS001103,% Degradation,,standardized
PGDB_C003764,Cn1cnc(-c2ccc3c(c2)CN(C2CCC(=O)NC2=O)C3=O)c1-c1ccc(C#N)cc1F,CSNK1A1,,25.0,<,1,HEK293,Innovo Therapeutics,EP4584259A1,PGDB_AS001103,% Degradation,,standardized
PGDB_C004002,Cn1cnc(-c2ccc3c(c2)CN(C2CCC(=O)NC2=O)C3=O)c1-c1ccc(C(=O)NCc2ccccc2)c(Cl)c1,GSPT1,,25.0,<,1,HEK293,Innovo Therapeutics,EP4584259A1,PGDB_AS001862,% Degradation,luminescence,standardized
PGDB_C003809,Cn1cnc(-c2ccc3c(c2)CN(C2CCC(=O)NC2=O)C3=O)c1-c1ccc(C(F)F)cc1,CSNK1A1,,25.0,<,1,HEK293,Innovo Therapeutics,EP4584259A1,PGDB_AS001103,% Degradation,,standardized
PGDB_C003944,Cn1cnc(-c2ccc3c(c2)CN(C2CCC(=O)NC2=O)C3=O)c1-c1ccc(C2(C#N)CC2)cc1,CSNK1A1,,25.0,<,1,HEK293,Innovo Therapeutics,EP4584259A1,PGDB_AS001103,% Degradation,,standardized
PGDB_C004004,Cn1cnc(-c2ccc3c(c2)CN(C2CCC(=O)NC2=O)C3=O)c1-c1ccc(CN2CCOCC2)cc1,CSNK1A1,,25.0,<,1,HEK293,Innovo Therapeutics,EP4584259A1,PGDB_AS001103,% Degradation,,standardized
PGDB_C004004,Cn1cnc(-c2ccc3c(c2)CN(C2CCC(=O)NC2=O)C3=O)c1-c1ccc(CN2CCOCC2)cc1,GSPT1,,25.0,<,1,HEK293,Innovo Therapeutics,EP4584259A1,PGDB_AS001862,% Degradation,luminescence,standardized
PGDB_C003871,Cn1cnc(-c2ccc3c(c2)CN(C2CCC(=O)NC2=O)C3=O)c1-c1ccc(CO)cc1,CSNK1A1,,25.0,<,1,HEK293,Innovo Therapeutics,EP4584259A1,PGDB_AS001103,% Degradation,,standardized
PGDB_C004036,Cn1cnc(-c2ccc3c(c2)CN(C2CCC(=O)NC2=O)C3=O)c1-c1ccc(COc2ccccc2)cc1,CSNK1A1,,25.0,<,1,HEK293,Innovo Therapeutics,EP4584259A1,PGDB_AS001103,% Degradation,,standardized
PGDB_C004036,Cn1cnc(-c2ccc3c(c2)CN(C2CCC(=O)NC2=O)C3=O)c1-c1ccc(COc2ccccc2)cc1,GSPT1,,25.0,<,1,HEK293,Innovo Therapeutics,EP4584259A1,PGDB_AS001862,% Degradation,luminescence,standardized
PGDB_C003935,Cn1cnc(-c2ccc3c(c2)CN(C2CCC(=O)NC2=O)C3=O)c1-c1ccc(Cl)c(C#N)c1,CSNK1A1,,25.0,<,1,HEK293,Innovo Therapeutics,EP4584259A1,PGDB_AS001103,% Degradation,,standardized
PGDB_C003978,Cn1cnc(-c2ccc3c(c2)CN(C2CCC(=O)NC2=O)C3=O)c1-c1ccc(Cl)c(Cl)c1,CSNK1A1,,25.0,<,1,HEK293,Innovo Therapeutics,EP4584259A1,PGDB_AS001103,% Degradation,,standardized
PGDB_C003925,Cn1cnc(-c2ccc3c(c2)CN(C2CCC(=O)NC2=O)C3=O)c1-c1ccc(Cl)c(F)c1,CSNK1A1,,25.0,<,1,HEK293,Innovo Therapeutics,EP4584259A1,PGDB_AS001103,% Degradation,,standardized
PGDB_C003925,Cn1cnc(-c2ccc3c(c2)CN(C2CCC(=O)NC2=O)C3=O)c1-c1ccc(Cl)c(F)c1,GSPT1,,25.0,<,1,HEK293,Innovo Therapeutics,EP4584259A1,PGDB_AS001862,% Degradation,luminescence,standardized
PGDB_C003751,Cn1cnc(-c2ccc3c(c2)CN(C2CCC(=O)NC2=O)C3=O)c1-c1ccc(Cl)cc1,CSNK1A1,,25.0,<,1,HEK293,Innovo Therapeutics,EP4584259A1,PGDB_AS001103,% Degradation,,standardized
PGDB_C003751,Cn1cnc(-c2ccc3c(c2)CN(C2CCC(=O)NC2=O)C3=O)c1-c1ccc(Cl)cc1,GSPT1,,25.0,<,1,HEK293,Innovo Therapeutics,EP4584259A1,PGDB_AS001862,% Degradation,luminescence,standardized
PGDB_C003981,Cn1cnc(-c2ccc3c(c2)CN(C2CCC(=O)NC2=O)C3=O)c1-c1ccc(Cl)cc1Cl,CSNK1A1,,25.0,<,1,HEK293,Innovo Therapeutics,EP4584259A1,PGDB_AS001103,% Degradation,,standardized
PGDB_C003981,Cn1cnc(-c2ccc3c(c2)CN(C2CCC(=O)NC2=O)C3=O)c1-c1ccc(Cl)cc1Cl,GSPT1,,25.0,<,1,HEK293,Innovo Therapeutics,EP4584259A1,PGDB_AS001862,% Degradation,luminescence,standardized
PGDB_C003923,Cn1cnc(-c2ccc3c(c2)CN(C2CCC(=O)NC2=O)C3=O)c1-c1ccc(Cl)cc1F,CSNK1A1,,25.0,<,1,HEK293,Innovo Therapeutics,EP4584259A1,PGDB_AS001103,% Degradation,,standardized
PGDB_C003758,Cn1cnc(-c2ccc3c(c2)CN(C2CCC(=O)NC2=O)C3=O)c1-c1ccc(Cl)s1,CSNK1A1,,25.0,<,1,HEK293,Innovo Therapeutics,EP4584259A1,PGDB_AS001103,% Degradation,,standardized
PGDB_C003761,Cn1cnc(-c2ccc3c(c2)CN(C2CCC(=O)NC2=O)C3=O)c1-c1ccc(F)c(C#N)c1,CSNK1A1,,25.0,<,1,HEK293,Innovo Therapeutics,EP4584259A1,PGDB_AS001103,% Degradation,,standardized
PGDB_C003988,Cn1cnc(-c2ccc3c(c2)CN(C2CCC(=O)NC2=O)C3=O)c1-c1ccc(F)c(C(F)(F)F)c1,GSPT1,,25.0,<,1,HEK293,Innovo Therapeutics,EP4584259A1,PGDB_AS001862,% Degradation,luminescence,standardized
PGDB_C003922,Cn1cnc(-c2ccc3c(c2)CN(C2CCC(=O)NC2=O)C3=O)c1-c1ccc(F)c(Cl)c1,CSNK1A1,,25.0,<,1,HEK293,Innovo Therapeutics,EP4584259A1,PGDB_AS001103,% Degradation,,standardized
PGDB_C003754,Cn1cnc(-c2ccc3c(c2)CN(C2CCC(=O)NC2=O)C3=O)c1-c1ccc(F)c(F)c1,CSNK1A1,,25.0,<,1,HEK293,Innovo Therapeutics,EP4584259A1,PGDB_AS001103,% Degradation,,standardized
PGDB_C003754,Cn1cnc(-c2ccc3c(c2)CN(C2CCC(=O)NC2=O)C3=O)c1-c1ccc(F)c(F)c1,GSPT1,,25.0,<,1,HEK293,Innovo Therapeutics,EP4584259A1,PGDB_AS001862,% Degradation,luminescence,standardized
PGDB_C003438,Cn1cnc(-c2ccc3c(c2)CN(C2CCC(=O)NC2=O)C3=O)c1-c1ccc(F)cc1,CSNK1A1,,25.0,<,1,HEK293,Innovo Therapeutics,EP4584259A1,PGDB_AS001103,% Degradation,,standardized
PGDB_C003594,Cn1cnc(-c2ccc3c(c2)CN(C2CCC(=O)NC2=O)C3=O)c1-c1ccc(F)cc1C(F)(F)F,CSNK1A1,,25.0,<,1,HEK293,Innovo Therapeutics,EP4584259A1,PGDB_AS001103,% Degradation,,standardized
PGDB_C003924,Cn1cnc(-c2ccc3c(c2)CN(C2CCC(=O)NC2=O)C3=O)c1-c1ccc(F)cc1Cl,CSNK1A1,,25.0,<,1,HEK293,Innovo Therapeutics,EP4584259A1,PGDB_AS001103,% Degradation,,standardized
PGDB_C003924,Cn1cnc(-c2ccc3c(c2)CN(C2CCC(=O)NC2=O)C3=O)c1-c1ccc(F)cc1Cl,GSPT1,,25.0,<,1,HEK293,Innovo Therapeutics,EP4584259A1,PGDB_AS001862,% Degradation,luminescence,standardized
PGDB_C003753,Cn1cnc(-c2ccc3c(c2)CN(C2CCC(=O)NC2=O)C3=O)c1-c1ccc(F)cc1F,CSNK1A1,,25.0,<,1,HEK293,Innovo Therapeutics,EP4584259A1,PGDB_AS001103,% Degradation,,standardized
PGDB_C003753,Cn1cnc(-c2ccc3c(c2)CN(C2CCC(=O)NC2=O)C3=O)c1-c1ccc(F)cc1F,GSPT1,,25.0,<,1,HEK293,Innovo Therapeutics,EP4584259A1,PGDB_AS001862,% Degradation,luminescence,standardized
PGDB_C003588,Cn1cnc(-c2ccc3c(c2)CN(C2CCC(=O)NC2=O)C3=O)c1-c1ccc(N)cc1,CSNK1A1,,25.0,<,1,HEK293,Innovo Therapeutics,EP4584259A1,PGDB_AS001103,% Degradation,,standardized
PGDB_C003588,Cn1cnc(-c2ccc3c(c2)CN(C2CCC(=O)NC2=O)C3=O)c1-c1ccc(N)cc1,GSPT1,,25.0,<,1,HEK293,Innovo Therapeutics,EP4584259A1,PGDB_AS001862,% Degradation,luminescence,standardized
PGDB_C003983,Cn1cnc(-c2ccc3c(c2)CN(C2CCC(=O)NC2=O)C3=O)c1-c1ccc(N2CCCC2)cc1,CSNK1A1,,25.0,<,1,HEK293,Innovo Therapeutics,EP4584259A1,PGDB_AS001103,% Degradation,,standardized
PGDB_C003983,Cn1cnc(-c2ccc3c(c2)CN(C2CCC(=O)NC2=O)C3=O)c1-c1ccc(N2CCCC2)cc1,GSPT1,,25.0,<,1,HEK293,Innovo Therapeutics,EP4584259A1,PGDB_AS001862,% Degradation,luminescence,standardized
PGDB_C003493,Cn1cnc(-c2ccc3c(c2)CN(C2CCC(=O)NC2=O)C3=O)c1-c1ccc(N2CCCCC2)nc1,CSNK1A1,,25.0,<,1,HEK293,Innovo Therapeutics,EP4584259A1,PGDB_AS001103,% Degradation,,standardized
PGDB_C004040,Cn1cnc(-c2ccc3c(c2)CN(C2CCC(=O)NC2=O)C3=O)c1-c1ccc(N2CCOCC2)c(Cl)c1,CSNK1A1,,25.0,<,1,HEK293,Innovo Therapeutics,EP4584259A1,PGDB_AS001103,% Degradation,,standardized
PGDB_C004107,Cn1cnc(-c2ccc3c(c2)CN(C2CCC(=O)NC2=O)C3=O)c1-c1ccc(N2CCOCC2)cc1,CSNK1A1,,25.0,<,1,HEK293,Innovo Therapeutics,EP4584259A1,PGDB_AS001103,% Degradation,,standardized
PGDB_C004107,Cn1cnc(-c2ccc3c(c2)CN(C2CCC(=O)NC2=O)C3=O)c1-c1ccc(N2CCOCC2)cc1,GSPT1,,25.0,<,1,HEK293,Innovo Therapeutics,EP4584259A1,PGDB_AS001862,% Degradation,luminescence,standardized
PGDB_C003740,Cn1cnc(-c2ccc3c(c2)CN(C2CCC(=O)NC2=O)C3=O)c1-c1ccc(O)cc1,CSNK1A1,,25.0,<,1,HEK293,Innovo Therapeutics,EP4584259A1,PGDB_AS001103,% Degradation,,standardized
PGDB_C004113,Cn1cnc(-c2ccc3c(c2)CN(C2CCC(=O)NC2=O)C3=O)c1-c1ccc(OCCCN2CCOCC2)cc1,CSNK1A1,,25.0,<,1,HEK293,Innovo Therapeutics,EP4584259A1,PGDB_AS001103,% Degradation,,standardized
PGDB_C003999,Cn1cnc(-c2ccc3c(c2)CN(C2CCC(=O)NC2=O)C3=O)c1-c1ccc(OCc2ccccc2)c(Cl)c1,CSNK1A1,,25.0,<,1,HEK293,Innovo Therapeutics,EP4584259A1,PGDB_AS001103,% Degradation,,standardized
PGDB_C003999,Cn1cnc(-c2ccc3c(c2)CN(C2CCC(=O)NC2=O)C3=O)c1-c1ccc(OCc2ccccc2)c(Cl)c1,GSPT1,,25.0,<,1,HEK293,Innovo Therapeutics,EP4584259A1,PGDB_AS001862,% Degradation,luminescence,standardized
PGDB_C004035,Cn1cnc(-c2ccc3c(c2)CN(C2CCC(=O)NC2=O)C3=O)c1-c1ccc(OCc2ccccc2)cc1,CSNK1A1,,25.0,<,1,HEK293,Innovo Therapeutics,EP4584259A1,PGDB_AS001103,% Degradation,,standardized
PGDB_C004003,Cn1cnc(-c2ccc3c(c2)CN(C2CCC(=O)NC2=O)C3=O)c1-c1ccc(Oc2cccnc2)cc1,CSNK1A1,,25.0,<,1,HEK293,Innovo Therapeutics,EP4584259A1,PGDB_AS001103,% Degradation,,standardized
PGDB_C004108,Cn1cnc(-c2ccc3c(c2)CN(C2CCC(=O)NC2=O)C3=O)c1-c1ccc(S(=O)(=O)N2CCCC2)cc1,CSNK1A1,,25.0,<,1,HEK293,Innovo Therapeutics,EP4584259A1,PGDB_AS001103,% Degradation,,standardized
PGDB_C004108,Cn1cnc(-c2ccc3c(c2)CN(C2CCC(=O)NC2=O)C3=O)c1-c1ccc(S(=O)(=O)N2CCCC2)cc1,GSPT1,,25.0,<,1,HEK293,Innovo Therapeutics,EP4584259A1,PGDB_AS001862,% Degradation,luminescence,standardized
PGDB_C004100,Cn1cnc(-c2ccc3c(c2)CN(C2CCC(=O)NC2=O)C3=O)c1-c1ccc2[nH]ccc2c1,CSNK1A1,,25.0,<,1,HEK293,Innovo Therapeutics,EP4584259A1,PGDB_AS001103,% Degradation,,standardized
PGDB_C003719,Cn1cnc(-c2ccc3c(c2)CN(C2CCC(=O)NC2=O)C3=O)c1-c1ccc2[nH]ncc2c1,CSNK1A1,,25.0,<,1,HEK293,Innovo Therapeutics,EP4584259A1,PGDB_AS001103,% Degradation,,standardized
PGDB_C003723,Cn1cnc(-c2ccc3c(c2)CN(C2CCC(=O)NC2=O)C3=O)c1-c1ccc2c(c1)CCCO2,CSNK1A1,,25.0,<,1,HEK293,Innovo Therapeutics,EP4584259A1,PGDB_AS001103,% Degradation,,standardized
PGDB_C003592,Cn1cnc(-c2ccc3c(c2)CN(C2CCC(=O)NC2=O)C3=O)c1-c1ccc2c(c1)CCO2,CSNK1A1,,25.0,<,1,HEK293,Innovo Therapeutics,EP4584259A1,PGDB_AS001103,% Degradation,,standardized
PGDB_C003592,Cn1cnc(-c2ccc3c(c2)CN(C2CCC(=O)NC2=O)C3=O)c1-c1ccc2c(c1)CCO2,GSPT1,,25.0,<,1,HEK293,Innovo Therapeutics,EP4584259A1,PGDB_AS001862,% Degradation,luminescence,standardized
PGDB_C003880,Cn1cnc(-c2ccc3c(c2)CN(C2CCC(=O)NC2=O)C3=O)c1-c1ccc2c(c1)OCC2,CSNK1A1,,25.0,<,1,HEK293,Innovo Therapeutics,EP4584259A1,PGDB_AS001103,% Degradation,,standardized
PGDB_C003722,Cn1cnc(-c2ccc3c(c2)CN(C2CCC(=O)NC2=O)C3=O)c1-c1ccc2c(c1)ncn2C,CSNK1A1,,25.0,<,1,HEK293,Innovo Therapeutics,EP4584259A1,PGDB_AS001103,% Degradation,,standardized
PGDB_C003675,Cn1cnc(-c2ccc3c(c2)CN(C2CCC(=O)NC2=O)C3=O)c1-c1ccc2c(ccn2C)c1,CSNK1A1,,25.0,<,1,HEK293,Innovo Therapeutics,EP4584259A1,PGDB_AS001103,% Degradation,,standardized
PGDB_C003675,Cn1cnc(-c2ccc3c(c2)CN(C2CCC(=O)NC2=O)C3=O)c1-c1ccc2c(ccn2C)c1,GSPT1,,25.0,<,1,HEK293,Innovo Therapeutics,EP4584259A1,PGDB_AS001862,% Degradation,luminescence,standardized
PGDB_C003734,Cn1cnc(-c2ccc3c(c2)CN(C2CCC(=O)NC2=O)C3=O)c1-c1ccc2cc[nH]c2c1,CSNK1A1,,25.0,<,1,HEK293,Innovo Therapeutics,EP4584259A1,PGDB_AS001103,% Degradation,,standardized
PGDB_C003734,Cn1cnc(-c2ccc3c(c2)CN(C2CCC(=O)NC2=O)C3=O)c1-c1ccc2cc[nH]c2c1,GSPT1,,25.0,<,1,HEK293,Innovo Therapeutics,EP4584259A1,PGDB_AS001862,% Degradation,luminescence,standardized
PGDB_C003921,Cn1cnc(-c2ccc3c(c2)CN(C2CCC(=O)NC2=O)C3=O)c1-c1ccc2ccccc2c1,CSNK1A1,,25.0,<,1,HEK293,Innovo Therapeutics,EP4584259A1,PGDB_AS001103,% Degradation,,standardized
PGDB_C003921,Cn1cnc(-c2ccc3c(c2)CN(C2CCC(=O)NC2=O)C3=O)c1-c1ccc2ccccc2c1,GSPT1,,25.0,<,1,HEK293,Innovo Therapeutics,EP4584259A1,PGDB_AS001862,% Degradation,luminescence,standardized
PGDB_C003672,Cn1cnc(-c2ccc3c(c2)CN(C2CCC(=O)NC2=O)C3=O)c1-c1ccc2cccnc2c1,CSNK1A1,,25.0,<,1,HEK293,Innovo Therapeutics,EP4584259A1,PGDB_AS001103,% Degradation,,standardized
PGDB_C003768,Cn1cnc(-c2ccc3c(c2)CN(C2CCC(=O)NC2=O)C3=O)c1-c1ccc2ccn(C)c2c1,CSNK1A1,,25.0,<,1,HEK293,Innovo Therapeutics,EP4584259A1,PGDB_AS001103,% Degradation,,standardized
PGDB_C003768,Cn1cnc(-c2ccc3c(c2)CN(C2CCC(=O)NC2=O)C3=O)c1-c1ccc2ccn(C)c2c1,GSPT1,,25.0,<,1,HEK293,Innovo Therapeutics,EP4584259A1,PGDB_AS001862,% Degradation,luminescence,standardized
PGDB_C003707,Cn1cnc(-c2ccc3c(c2)CN(C2CCC(=O)NC2=O)C3=O)c1-c1ccc2cnn(C)c2c1,CSNK1A1,,25.0,<,1,HEK293,Innovo Therapeutics,EP4584259A1,PGDB_AS001103,% Degradation,,standardized
PGDB_C003707,Cn1cnc(-c2ccc3c(c2)CN(C2CCC(=O)NC2=O)C3=O)c1-c1ccc2cnn(C)c2c1,GSPT1,,25.0,<,1,HEK293,Innovo Therapeutics,EP4584259A1,PGDB_AS001862,% Degradation,luminescence,standardized
PGDB_C003491,Cn1cnc(-c2ccc3c(c2)CN(C2CCC(=O)NC2=O)C3=O)c1-c1ccc2nc[nH]c2c1,CSNK1A1,,25.0,<,1,HEK293,Innovo Therapeutics,EP4584259A1,PGDB_AS001103,% Degradation,,standardized
PGDB_C003709,Cn1cnc(-c2ccc3c(c2)CN(C2CCC(=O)NC2=O)C3=O)c1-c1ccc2ncn(C)c2c1,CSNK1A1,,25.0,<,1,HEK293,Innovo Therapeutics,EP4584259A1,PGDB_AS001103,% Degradation,,standardized
PGDB_C003711,Cn1cnc(-c2ccc3c(c2)CN(C2CCC(=O)NC2=O)C3=O)c1-c1ccc2ncsc2c1,CSNK1A1,,25.0,<,1,HEK293,Innovo Therapeutics,EP4584259A1,PGDB_AS001103,% Degradation,,standardized
PGDB_C003711,Cn1cnc(-c2ccc3c(c2)CN(C2CCC(=O)NC2=O)C3=O)c1-c1ccc2ncsc2c1,GSPT1,,25.0,<,1,HEK293,Innovo Therapeutics,EP4584259A1,PGDB_AS001862,% Degradation,luminescence,standardized
PGDB_C003668,Cn1cnc(-c2ccc3c(c2)CN(C2CCC(=O)NC2=O)C3=O)c1-c1ccc2occc2c1,CSNK1A1,,25.0,<,1,HEK293,Innovo Therapeutics,EP4584259A1,PGDB_AS001103,% Degradation,,standardized
PGDB_C003668,Cn1cnc(-c2ccc3c(c2)CN(C2CCC(=O)NC2=O)C3=O)c1-c1ccc2occc2c1,GSPT1,,25.0,<,1,HEK293,Innovo Therapeutics,EP4584259A1,PGDB_AS001862,% Degradation,luminescence,standardized
PGDB_C003724,Cn1cnc(-c2ccc3c(c2)CN(C2CCC(=O)NC2=O)C3=O)c1-c1ccc2sccc2c1,CSNK1A1,,25.0,<,1,HEK293,Innovo Therapeutics,EP4584259A1,PGDB_AS001103,% Degradation,,standardized
PGDB_C003724,Cn1cnc(-c2ccc3c(c2)CN(C2CCC(=O)NC2=O)C3=O)c1-c1ccc2sccc2c1,GSPT1,,25.0,<,1,HEK293,Innovo Therapeutics,EP4584259A1,PGDB_AS001862,% Degradation,luminescence,standardized
PGDB_C003492,Cn1cnc(-c2ccc3c(c2)CN(C2CCC(=O)NC2=O)C3=O)c1-c1ccc2scnc2c1,CSNK1A1,,25.0,<,1,HEK293,Innovo Therapeutics,EP4584259A1,PGDB_AS001103,% Degradation,,standardized
PGDB_C003986,Cn1cnc(-c2ccc3c(c2)CN(C2CCC(=O)NC2=O)C3=O)c1-c1cccc(-c2ccccc2)c1,CSNK1A1,,25.0,<,1,HEK293,Innovo Therapeutics,EP4584259A1,PGDB_AS001103,% Degradation,,standardized
PGDB_C004106,Cn1cnc(-c2ccc3c(c2)CN(C2CCC(=O)NC2=O)C3=O)c1-c1cccc(-c2cccnc2)c1,CSNK1A1,,25.0,<,1,HEK293,Innovo Therapeutics,EP4584259A1,PGDB_AS001103,% Degradation,,standardized
PGDB_C003725,Cn1cnc(-c2ccc3c(c2)CN(C2CCC(=O)NC2=O)C3=O)c1-c1cccc(-n2cccn2)c1,CSNK1A1,,25.0,<,1,HEK293,Innovo Therapeutics,EP4584259A1,PGDB_AS001103,% Degradation,,standardized
PGDB_C003725,Cn1cnc(-c2ccc3c(c2)CN(C2CCC(=O)NC2=O)C3=O)c1-c1cccc(-n2cccn2)c1,GSPT1,,25.0,<,1,HEK293,Innovo Therapeutics,EP4584259A1,PGDB_AS001862,% Degradation,luminescence,standardized
PGDB_C003867,Cn1cnc(-c2ccc3c(c2)CN(C2CCC(=O)NC2=O)C3=O)c1-c1cccc(C#N)c1,CSNK1A1,,25.0,<,1,HEK293,Innovo Therapeutics,EP4584259A1,PGDB_AS001103,% Degradation,,standardized
PGDB_C003882,Cn1cnc(-c2ccc3c(c2)CN(C2CCC(=O)NC2=O)C3=O)c1-c1cccc(C#N)c1F,CSNK1A1,,25.0,<,1,HEK293,Innovo Therapeutics,EP4584259A1,PGDB_AS001103,% Degradation,,standardized
PGDB_C003489,Cn1cnc(-c2ccc3c(c2)CN(C2CCC(=O)NC2=O)C3=O)c1-c1cccc(C#N)n1,CSNK1A1,,25.0,<,1,HEK293,Innovo Therapeutics,EP4584259A1,PGDB_AS001103,% Degradation,,standardized
PGDB_C003931,Cn1cnc(-c2ccc3c(c2)CN(C2CCC(=O)NC2=O)C3=O)c1-c1cccc(C(C)(C)C)c1,GSPT1,,25.0,<,1,HEK293,Innovo Therapeutics,EP4584259A1,PGDB_AS001862,% Degradation,luminescence,standardized
PGDB_C003975,Cn1cnc(-c2ccc3c(c2)CN(C2CCC(=O)NC2=O)C3=O)c1-c1cccc(C(F)(F)F)c1,CSNK1A1,,25.0,<,1,HEK293,Innovo Therapeutics,EP4584259A1,PGDB_AS001103,% Degradation,,standardized
PGDB_C003808,Cn1cnc(-c2ccc3c(c2)CN(C2CCC(=O)NC2=O)C3=O)c1-c1cccc(C(F)F)c1,CSNK1A1,,25.0,<,1,HEK293,Innovo Therapeutics,EP4584259A1,PGDB_AS001103,% Degradation,,standardized
PGDB_C003750,Cn1cnc(-c2ccc3c(c2)CN(C2CCC(=O)NC2=O)C3=O)c1-c1cccc(Cl)c1,CSNK1A1,,25.0,<,1,HEK293,Innovo Therapeutics,EP4584259A1,PGDB_AS001103,% Degradation,,standardized
PGDB_C003979,Cn1cnc(-c2ccc3c(c2)CN(C2CCC(=O)NC2=O)C3=O)c1-c1cccc(Cl)c1Cl,CSNK1A1,,25.0,<,1,HEK293,Innovo Therapeutics,EP4584259A1,PGDB_AS001103,% Degradation,,standardized
PGDB_C003590,Cn1cnc(-c2ccc3c(c2)CN(C2CCC(=O)NC2=O)C3=O)c1-c1cccc(F)c1,CSNK1A1,,25.0,<,1,HEK293,Innovo Therapeutics,EP4584259A1,PGDB_AS001103,% Degradation,,standardized
PGDB_C003590,Cn1cnc(-c2ccc3c(c2)CN(C2CCC(=O)NC2=O)C3=O)c1-c1cccc(F)c1,GSPT1,,25.0,<,1,HEK293,Innovo Therapeutics,EP4584259A1,PGDB_AS001862,% Degradation,luminescence,standardized
PGDB_C003927,Cn1cnc(-c2ccc3c(c2)CN(C2CCC(=O)NC2=O)C3=O)c1-c1cccc(F)c1Cl,CSNK1A1,,25.0,<,1,HEK293,Innovo Therapeutics,EP4584259A1,PGDB_AS001103,% Degradation,,standardized
PGDB_C003877,Cn1cnc(-c2ccc3c(c2)CN(C2CCC(=O)NC2=O)C3=O)c1-c1cccc(F)c1F,CSNK1A1,,25.0,<,1,HEK293,Innovo Therapeutics,EP4584259A1,PGDB_AS001103,% Degradation,,standardized
PGDB_C003877,Cn1cnc(-c2ccc3c(c2)CN(C2CCC(=O)NC2=O)C3=O)c1-c1cccc(F)c1F,GSPT1,,25.0,<,1,HEK293,Innovo Therapeutics,EP4584259A1,PGDB_AS001862,% Degradation,luminescence,standardized
PGDB_C004097,Cn1cnc(-c2ccc3c(c2)CN(C2CCC(=O)NC2=O)C3=O)c1-c1cccc(N)c1,CSNK1A1,,25.0,<,1,HEK293,Innovo Therapeutics,EP4584259A1,PGDB_AS001103,% Degradation,,standardized
PGDB_C003982,Cn1cnc(-c2ccc3c(c2)CN(C2CCC(=O)NC2=O)C3=O)c1-c1cccc(N2CCCC2)c1,CSNK1A1,,25.0,<,1,HEK293,Innovo Therapeutics,EP4584259A1,PGDB_AS001103,% Degradation,,standardized
PGDB_C003982,Cn1cnc(-c2ccc3c(c2)CN(C2CCC(=O)NC2=O)C3=O)c1-c1cccc(N2CCCC2)c1,GSPT1,,25.0,<,1,HEK293,Innovo Therapeutics,EP4584259A1,PGDB_AS001862,% Degradation,luminescence,standardized
PGDB_C003991,Cn1cnc(-c2ccc3c(c2)CN(C2CCC(=O)NC2=O)C3=O)c1-c1cccc(N2CCCCC2)c1,CSNK1A1,,25.0,<,1,HEK293,Innovo Therapeutics,EP4584259A1,PGDB_AS001103,% Degradation,,standardized
PGDB_C003992,Cn1cnc(-c2ccc3c(c2)CN(C2CCC(=O)NC2=O)C3=O)c1-c1cccc(N2CCOCC2)c1,CSNK1A1,,25.0,<,1,HEK293,Innovo Therapeutics,EP4584259A1,PGDB_AS001103,% Degradation,,standardized
PGDB_C003863,Cn1cnc(-c2ccc3c(c2)CN(C2CCC(=O)NC2=O)C3=O)c1-c1cccc(O)c1,CSNK1A1,,25.0,<,1,HEK293,Innovo Therapeutics,EP4584259A1,PGDB_AS001103,% Degradation,,standardized
PGDB_C003996,Cn1cnc(-c2ccc3c(c2)CN(C2CCC(=O)NC2=O)C3=O)c1-c1cccc2c1CCC2,CSNK1A1,,25.0,<,1,HEK293,Innovo Therapeutics,EP4584259A1,PGDB_AS001103,% Degradation,,standardized
PGDB_C004103,Cn1cnc(-c2ccc3c(c2)CN(C2CCC(=O)NC2=O)C3=O)c1-c1cccc2c1OCC2,CSNK1A1,,25.0,<,1,HEK293,Innovo Therapeutics,EP4584259A1,PGDB_AS001103,% Degradation,,standardized
PGDB_C004103,Cn1cnc(-c2ccc3c(c2)CN(C2CCC(=O)NC2=O)C3=O)c1-c1cccc2c1OCC2,GSPT1,,25.0,<,1,HEK293,Innovo Therapeutics,EP4584259A1,PGDB_AS001862,% Degradation,luminescence,standardized
PGDB_C003735,Cn1cnc(-c2ccc3c(c2)CN(C2CCC(=O)NC2=O)C3=O)c1-c1cccc2cc[nH]c12,CSNK1A1,,25.0,<,1,HEK293,Innovo Therapeutics,EP4584259A1,PGDB_AS001103,% Degradation,,standardized
PGDB_C003735,Cn1cnc(-c2ccc3c(c2)CN(C2CCC(=O)NC2=O)C3=O)c1-c1cccc2cc[nH]c12,GSPT1,,25.0,<,1,HEK293,Innovo Therapeutics,EP4584259A1,PGDB_AS001862,% Degradation,luminescence,standardized
PGDB_C003920,Cn1cnc(-c2ccc3c(c2)CN(C2CCC(=O)NC2=O)C3=O)c1-c1cccc2ccccc12,CSNK1A1,,25.0,<,1,HEK293,Innovo Therapeutics,EP4584259A1,PGDB_AS001103,% Degradation,,standardized
PGDB_C003920,Cn1cnc(-c2ccc3c(c2)CN(C2CCC(=O)NC2=O)C3=O)c1-c1cccc2ccccc12,GSPT1,,25.0,<,1,HEK293,Innovo Therapeutics,EP4584259A1,PGDB_AS001862,% Degradation,luminescence,standardized
PGDB_C003421,Cn1cnc(-c2ccc3c(c2)CN(C2CCC(=O)NC2=O)C3=O)c1-c1ccccc1,CSNK1A1,,25.0,<,1,HEK293,Innovo Therapeutics,EP4584259A1,PGDB_AS001103,% Degradation,,standardized
PGDB_C003421,Cn1cnc(-c2ccc3c(c2)CN(C2CCC(=O)NC2=O)C3=O)c1-c1ccccc1,GSPT1,,25.0,<,1,HEK293,Innovo Therapeutics,EP4584259A1,PGDB_AS001862,% Degradation,luminescence,standardized
PGDB_C003868,Cn1cnc(-c2ccc3c(c2)CN(C2CCC(=O)NC2=O)C3=O)c1-c1ccccc1C#N,CSNK1A1,,25.0,<,1,HEK293,Innovo Therapeutics,EP4584259A1,PGDB_AS001103,% Degradation,,standardized
PGDB_C003977,Cn1cnc(-c2ccc3c(c2)CN(C2CCC(=O)NC2=O)C3=O)c1-c1ccccc1C(F)(F)F,CSNK1A1,,25.0,<,1,HEK293,Innovo Therapeutics,EP4584259A1,PGDB_AS001103,% Degradation,,standardized
PGDB_C004101,Cn1cnc(-c2ccc3c(c2)CN(C2CCC(=O)NC2=O)C3=O)c1-c1ccccc1C1CC1,CSNK1A1,,25.0,<,1,HEK293,Innovo Therapeutics,EP4584259A1,PGDB_AS001103,% Degradation,,standardized
PGDB_C003752,Cn1cnc(-c2ccc3c(c2)CN(C2CCC(=O)NC2=O)C3=O)c1-c1ccccc1Cl,CSNK1A1,,25.0,<,1,HEK293,Innovo Therapeutics,EP4584259A1,PGDB_AS001103,% Degradation,,standardized
PGDB_C003741,Cn1cnc(-c2ccc3c(c2)CN(C2CCC(=O)NC2=O)C3=O)c1-c1ccccc1F,CSNK1A1,,25.0,<,1,HEK293,Innovo Therapeutics,EP4584259A1,PGDB_AS001103,% Degradation,,standardized
PGDB_C003741,Cn1cnc(-c2ccc3c(c2)CN(C2CCC(=O)NC2=O)C3=O)c1-c1ccccc1F,GSPT1,,25.0,<,1,HEK293,Innovo Therapeutics,EP4584259A1,PGDB_AS001862,% Degradation,luminescence,standardized
PGDB_C003661,Cn1cnc(-c2ccc3c(c2)CN(C2CCC(=O)NC2=O)C3=O)c1-c1cccnc1,CSNK1A1,,25.0,<,1,HEK293,Innovo Therapeutics,EP4584259A1,PGDB_AS001103,% Degradation,,standardized
PGDB_C003661,Cn1cnc(-c2ccc3c(c2)CN(C2CCC(=O)NC2=O)C3=O)c1-c1cccnc1,GSPT1,,25.0,<,1,HEK293,Innovo Therapeutics,EP4584259A1,PGDB_AS001862,% Degradation,luminescence,standardized
PGDB_C003715,Cn1cnc(-c2ccc3c(c2)CN(C2CCC(=O)NC2=O)C3=O)c1-c1cccs1,CSNK1A1,,25.0,<,1,HEK293,Innovo Therapeutics,EP4584259A1,PGDB_AS001103,% Degradation,,standardized
PGDB_C003715,Cn1cnc(-c2ccc3c(c2)CN(C2CCC(=O)NC2=O)C3=O)c1-c1cccs1,GSPT1,,25.0,<,1,HEK293,Innovo Therapeutics,EP4584259A1,PGDB_AS001862,% Degradation,luminescence,standardized
PGDB_C003769,Cn1cnc(-c2ccc3c(c2)CN(C2CCC(=O)NC2=O)C3=O)c1-c1ccn(-c2ccc(F)cc2)n1,CSNK1A1,,25.0,<,1,HEK293,Innovo Therapeutics,EP4584259A1,PGDB_AS001103,% Degradation,,standardized
PGDB_C003769,Cn1cnc(-c2ccc3c(c2)CN(C2CCC(=O)NC2=O)C3=O)c1-c1ccn(-c2ccc(F)cc2)n1,GSPT1,,25.0,<,1,HEK293,Innovo Therapeutics,EP4584259A1,PGDB_AS001862,% Degradation,luminescence,standardized
PGDB_C004042,Cn1cnc(-c2ccc3c(c2)CN(C2CCC(=O)NC2=O)C3=O)c1-c1ccncc1,CSNK1A1,,25.0,<,1,HEK293,Innovo Therapeutics,EP4584259A1,PGDB_AS001103,% Degradation,,standardized
PGDB_C004043,Cn1cnc(-c2ccc3c(c2)CN(C2CCC(=O)NC2=O)C3=O)c1-c1ccnn1C,CSNK1A1,,25.0,<,1,HEK293,Innovo Therapeutics,EP4584259A1,PGDB_AS001103,% Degradation,,standardized
PGDB_C004043,Cn1cnc(-c2ccc3c(c2)CN(C2CCC(=O)NC2=O)C3=O)c1-c1ccnn1C,GSPT1,,25.0,<,1,HEK293,Innovo Therapeutics,EP4584259A1,PGDB_AS001862,% Degradation,luminescence,standardized
PGDB_C003861,Cn1cnc(-c2ccc3c(c2)CN(C2CCC(=O)NC2=O)C3=O)c1-c1ccsc1,CSNK1A1,,25.0,<,1,HEK293,Innovo Therapeutics,EP4584259A1,PGDB_AS001103,% Degradation,,standardized
PGDB_C003861,Cn1cnc(-c2ccc3c(c2)CN(C2CCC(=O)NC2=O)C3=O)c1-c1ccsc1,GSPT1,,25.0,<,1,HEK293,Innovo Therapeutics,EP4584259A1,PGDB_AS001862,% Degradation,luminescence,standardized
PGDB_C004102,Cn1cnc(-c2ccc3c(c2)CN(C2CCC(=O)NC2=O)C3=O)c1-c1ccsc1Cl,CSNK1A1,,25.0,<,1,HEK293,Innovo Therapeutics,EP4584259A1,PGDB_AS001103,% Degradation,,standardized
PGDB_C003708,Cn1cnc(-c2ccc3c(c2)CN(C2CCC(=O)NC2=O)C3=O)c1-c1cnc2c(ccn2C)c1,CSNK1A1,,25.0,<,1,HEK293,Innovo Therapeutics,EP4584259A1,PGDB_AS001103,% Degradation,,standardized
PGDB_C003495,Cn1cnc(-c2ccc3c(c2)CN(C2CCC(=O)NC2=O)C3=O)c1-c1cncc(OCc2ccccc2)c1,CSNK1A1,,25.0,<,1,HEK293,Innovo Therapeutics,EP4584259A1,PGDB_AS001103,% Degradation,,standardized
PGDB_C003495,Cn1cnc(-c2ccc3c(c2)CN(C2CCC(=O)NC2=O)C3=O)c1-c1cncc(OCc2ccccc2)c1,GSPT1,,25.0,<,1,HEK293,Innovo Therapeutics,EP4584259A1,PGDB_AS001862,% Degradation,luminescence,standardized
PGDB_C004057,Cn1cnc(-c2ccc3c(c2)CN(C2CCC(=O)NC2=O)C3=O)c1-c1cnn(-c2ccccc2)c1,CSNK1A1,,25.0,<,1,HEK293,Innovo Therapeutics,EP4584259A1,PGDB_AS001103,% Degradation,,standardized
PGDB_C004051,Cn1cnc(-c2ccc3c(c2)CN(C2CCC(=O)NC2=O)C3=O)c1-c1cnn(C2CC2)c1,CSNK1A1,,25.0,<,1,HEK293,Innovo Therapeutics,EP4584259A1,PGDB_AS001103,% Degradation,,standardized
PGDB_C004051,Cn1cnc(-c2ccc3c(c2)CN(C2CCC(=O)NC2=O)C3=O)c1-c1cnn(C2CC2)c1,GSPT1,,25.0,<,1,HEK293,Innovo Therapeutics,EP4584259A1,PGDB_AS001862,% Degradation,luminescence,standardized
PGDB_C003720,Cn1cnc(-c2ccc3c(c2)CN(C2CCC(=O)NC2=O)C3=O)c1-c1cnn(C2CCC2)c1,CSNK1A1,,25.0,<,1,HEK293,Innovo Therapeutics,EP4584259A1,PGDB_AS001103,% Degradation,,standardized
PGDB_C003726,Cn1cnc(-c2ccc3c(c2)CN(C2CCC(=O)NC2=O)C3=O)c1-c1cnn(C2CCCCC2)c1,GSPT1,,25.0,<,1,HEK293,Innovo Therapeutics,EP4584259A1,PGDB_AS001862,% Degradation,luminescence,standardized
PGDB_C003496,Cn1cnc(-c2ccc3c(c2)CN(C2CCC(=O)NC2=O)C3=O)c1-c1cnn(Cc2ccccc2)c1,GSPT1,,25.0,<,1,HEK293,Innovo Therapeutics,EP4584259A1,PGDB_AS001862,% Degradation,luminescence,standardized
PGDB_C004056,Cn1cnc(-c2ccc3c(c2)CN(C2CCC(=O)NC2=O)C3=O)c1-c1cnn2ccccc12,CSNK1A1,,25.0,<,1,HEK293,Innovo Therapeutics,EP4584259A1,PGDB_AS001103,% Degradation,,standardized
PGDB_C003892,Cn1cnc(-c2ccc3c(c2)CN(C2CCC(=O)NC2=O)C3=O)c1C1=CCCCC1,CSNK1A1,,25.0,<,1,HEK293,Innovo Therapeutics,EP4584259A1,PGDB_AS001103,% Degradation,,standardized
PGDB_C003895,Cn1cnc(-c2ccc3c(c2)CN(C2CCC(=O)NC2=O)C3=O)c1C1=CCOC1,CSNK1A1,,25.0,<,1,HEK293,Innovo Therapeutics,EP4584259A1,PGDB_AS001103,% Degradation,,standardized
PGDB_C004041,Cn1cnc(-c2ccc3c(c2)CN(C2CCC(=O)NC2=O)C3=O)c1C1CC1,CSNK1A1,,25.0,<,1,HEK293,Innovo Therapeutics,EP4584259A1,PGDB_AS001103,% Degradation,,standardized
PGDB_C004041,Cn1cnc(-c2ccc3c(c2)CN(C2CCC(=O)NC2=O)C3=O)c1C1CC1,GSPT1,,25.0,<,1,HEK293,Innovo Therapeutics,EP4584259A1,PGDB_AS001862,% Degradation,luminescence,standardized
PGDB_C003891,Cn1cnc(-c2ccc3c(c2)CN(C2CCC(=O)NC2=O)C3=O)c1C1CCCCC1,CSNK1A1,,25.0,<,1,HEK293,Innovo Therapeutics,EP4584259A1,PGDB_AS001103,% Degradation,,standardized
PGDB_C003891,Cn1cnc(-c2ccc3c(c2)CN(C2CCC(=O)NC2=O)C3=O)c1C1CCCCC1,GSPT1,,25.0,<,1,HEK293,Innovo Therapeutics,EP4584259A1,PGDB_AS001862,% Degradation,luminescence,standardized
PGDB_C003452,Cn1cnc(-c2ccc3c(c2)CN([C@@H]2CCC(=O)NC2=O)C3=O)c1-c1ccc(F)cc1,CSNK1A1,,25.0,<,1,HEK293,Innovo Therapeutics,EP4584259A1,PGDB_AS001103,% Degradation,,standardized
PGDB_C029430,Cn1cnc(CN2C(=O)CCOc3cc(-c4cccc(C5CCC(=O)NC5=O)c4Cl)ccc32)c1,VAV1,,3.0,=,1,,Shanghai Qilu Pharmaceutical Research And Development Centre,WO2026051943A1,PGDB_AS001440,% Degradation,luminescence,standardized
PGDB_C003674,Cn1nc(-c2ccc3c(c2)CN(C2CCC(=O)NC2=O)C3=O)cc1-c1ccc(C(F)(F)F)cc1,CSNK1A1,,25.0,<,1,HEK293,Innovo Therapeutics,EP4584259A1,PGDB_AS001103,% Degradation,,standardized
PGDB_C004132,Cn1nc(-c2ccc3c(c2)CN(C2CCC(=O)NC2=O)C3=O)cc1-c1ccc(Cl)cc1,CSNK1A1,,25.0,<,1,HEK293,Innovo Therapeutics,EP4584259A1,PGDB_AS001103,% Degradation,,standardized
PGDB_C003667,Cn1nc(-c2ccc3c(c2)CN(C2CCC(=O)NC2=O)C3=O)cc1-c1ccc(F)cc1,CSNK1A1,,25.0,<,1,HEK293,Innovo Therapeutics,EP4584259A1,PGDB_AS001103,% Degradation,,standardized
PGDB_C003464,Cn1nc(-c2ccc3c(c2)CN(C2CCC(=O)NC2=O)C3=O)cc1-c1ccccc1,CSNK1A1,,25.0,<,1,HEK293,Innovo Therapeutics,EP4584259A1,PGDB_AS001103,% Degradation,,standardized
PGDB_C003784,Cn1nc(-c2ccc3c(c2)CN(C2CCC(=O)NC2=O)C3=O)cc1C1CCC(F)(F)CC1,CSNK1A1,,25.0,<,1,HEK293,Innovo Therapeutics,EP4584259A1,PGDB_AS001103,% Degradation,,standardized
PGDB_C003777,Cn1nc(-c2ccc3c(c2)CN(C2CCC(=O)NC2=O)C3=O)cc1C1CCOCC1,CSNK1A1,,25.0,<,1,HEK293,Innovo Therapeutics,EP4584259A1,PGDB_AS001103,% Degradation,,standardized
PGDB_C003946,Cn1nc(-c2ccc3c(c2)CN(C2CCC(=O)NC2=O)C3=O)nc1-c1ccc(C(F)(F)F)cc1,CSNK1A1,,25.0,<,1,HEK293,Innovo Therapeutics,EP4584259A1,PGDB_AS001103,% Degradation,,standardized
PGDB_C003949,Cn1nc(-c2ccc3c(c2)CN(C2CCC(=O)NC2=O)C3=O)nc1-c1ccc(Cl)cc1,CSNK1A1,,25.0,<,1,HEK293,Innovo Therapeutics,EP4584259A1,PGDB_AS001103,% Degradation,,standardized
PGDB_C003950,Cn1nc(-c2ccc3c(c2)CN(C2CCC(=O)NC2=O)C3=O)nc1-c1ccc(F)cc1,CSNK1A1,,25.0,<,1,HEK293,Innovo Therapeutics,EP4584259A1,PGDB_AS001103,% Degradation,,standardized
PGDB_C003950,Cn1nc(-c2ccc3c(c2)CN(C2CCC(=O)NC2=O)C3=O)nc1-c1ccc(F)cc1,GSPT1,,25.0,<,1,HEK293,Innovo Therapeutics,EP4584259A1,PGDB_AS001862,% Degradation,luminescence,standardized
PGDB_C003728,Cn1nc(-c2ccc3c(c2)CN(C2CCC(=O)NC2=O)C3=O)nc1-c1ccccc1,CSNK1A1,,25.0,<,1,HEK293,Innovo Therapeutics,EP4584259A1,PGDB_AS001103,% Degradation,,standardized
PGDB_C003902,Cn1nc(-c2ccc3c(c2)CN(C2CCC(=O)NC2=O)C3=O)nc1C1CCC(C)(C)CC1,CSNK1A1,,25.0,<,1,HEK293,Innovo Therapeutics,EP4584259A1,PGDB_AS001103,% Degradation,,standardized
PGDB_C003896,Cn1nc(-c2ccc3c(c2)CN(C2CCC(=O)NC2=O)C3=O)nc1C1CCOCC1,CSNK1A1,,25.0,<,1,HEK293,Innovo Therapeutics,EP4584259A1,PGDB_AS001103,% Degradation,,standardized
PGDB_C004093,Cn1nc(-c2ccc3c(c2)CN(C2CCC(=O)NC2=O)C3=O)nc1N1CCC(C(F)(F)F)CC1,CSNK1A1,,25.0,<,1,HEK293,Innovo Therapeutics,EP4584259A1,PGDB_AS001103,% Degradation,,standardized
PGDB_C003909,Cn1nc(-c2ccc3c(c2)CN(C2CCC(=O)NC2=O)C3=O)nc1N1CCC(C)(C)CC1,CSNK1A1,,25.0,<,1,HEK293,Innovo Therapeutics,EP4584259A1,PGDB_AS001103,% Degradation,,standardized
PGDB_C003910,Cn1nc(-c2ccc3c(c2)CN(C2CCC(=O)NC2=O)C3=O)nc1N1CCC(F)(F)CC1,CSNK1A1,,25.0,<,1,HEK293,Innovo Therapeutics,EP4584259A1,PGDB_AS001103,% Degradation,,standardized
PGDB_C003905,Cn1nc(-c2ccc3c(c2)CN(C2CCC(=O)NC2=O)C3=O)nc1N1CCC2(CC1)CC2,CSNK1A1,,25.0,<,1,HEK293,Innovo Therapeutics,EP4584259A1,PGDB_AS001103,% Degradation,,standardized
PGDB_C004128,Cn1nc(-c2ccc3c(c2)CN(C2CCC(=O)NC2=O)C3=O)nc1N1CCCC1,CSNK1A1,,25.0,<,1,HEK293,Innovo Therapeutics,EP4584259A1,PGDB_AS001103,% Degradation,,standardized
PGDB_C004128,Cn1nc(-c2ccc3c(c2)CN(C2CCC(=O)NC2=O)C3=O)nc1N1CCCC1,GSPT1,,25.0,<,1,HEK293,Innovo Therapeutics,EP4584259A1,PGDB_AS001862,% Degradation,luminescence,standardized
PGDB_C003792,Cn1nc(-c2ccc3c(c2)CN(C2CCC(=O)NC2=O)C3=O)nc1N1CCCCC1,CSNK1A1,,25.0,<,1,HEK293,Innovo Therapeutics,EP4584259A1,PGDB_AS001103,% Degradation,,standardized
PGDB_C003908,Cn1nc(-c2ccc3c(c2)CN(C2CCC(=O)NC2=O)C3=O)nc1N1CCCCCC1,CSNK1A1,,25.0,<,1,HEK293,Innovo Therapeutics,EP4584259A1,PGDB_AS001103,% Degradation,,standardized
PGDB_C003899,Cn1nc(-c2ccc3c(c2)CN(C2CCC(=O)NC2=O)C3=O)nc1N1CCOCC1,CSNK1A1,,25.0,<,1,HEK293,Innovo Therapeutics,EP4584259A1,PGDB_AS001103,% Degradation,,standardized
PGDB_C003900,Cn1nc(-c2ccc3c(c2)CN(C2CCC(=O)NC2=O)C3=O)nc1N1CCc2ccccc2C1,CSNK1A1,,25.0,<,1,HEK293,Innovo Therapeutics,EP4584259A1,PGDB_AS001103,% Degradation,,standardized
PGDB_C003906,Cn1nc(-c2ccc3c(c2)CN(C2CCC(=O)NC2=O)C3=O)nc1N1Cc2ccccc2C1,CSNK1A1,,25.0,<,1,HEK293,Innovo Therapeutics,EP4584259A1,PGDB_AS001103,% Degradation,,standardized
PGDB_C004092,Cn1nc(-c2ccc3c(c2)CN(C2CCC(=O)NC2=O)C3=O)nc1N1[C@@H]2CCC[C@H]1C2,CSNK1A1,,25.0,<,1,HEK293,Innovo Therapeutics,EP4584259A1,PGDB_AS001103,% Degradation,,standardized
PGDB_C003914,Cn1nc(-c2ccc3c(c2)CN(C2CCC(=O)NC2=O)C3=O)nc1[C@H]1CC[C@@H](C)CC1,CSNK1A1,,25.0,<,1,HEK293,Innovo Therapeutics,EP4584259A1,PGDB_AS001103,% Degradation,,standardized
PGDB_C003914,Cn1nc(-c2ccc3c(c2)CN(C2CCC(=O)NC2=O)C3=O)nc1[C@H]1CC[C@@H](C)CC1,GSPT1,,25.0,<,1,HEK293,Innovo Therapeutics,EP4584259A1,PGDB_AS001862,% Degradation,luminescence,standardized
PGDB_C026882,Cn1nc(C(=O)NCC#Cc2nccc(N3CCN(c4cc(-c5ccccc5O)nnc4N)CC3)n2)cc1C1CC1,SMARCA4,,50.0,<,1,HeLa,Plexium,WO2023244806A1,PGDB_AS000073,% Degradation,luminescence,standardized
PGDB_C005818,Cn1nc(C2CCC(=O)NC2=O)c2ccc(C3CCN(CC(=O)N4CCC5(CC4)C[C@@H](n4cnc6ccc(Oc7c(F)ccc(NS(=O)(=O)C8CCCC8)c7C#N)cc6c4=O)CO5)CC3)cc21,BRAF,,42.57,=,1,A375.10,C4 Therapeutics,AU2022290851A1,PGDB_AS001308,% Degradation,luminescence,standardized
PGDB_C005816,Cn1nc(C2CCC(=O)NC2=O)c2ccc(C3CCN(CC(=O)N4CCC5(CC4)C[C@@H](n4cnc6ccc(Oc7c(F)ccc(NS(=O)(=O)N8CC[C@@H](F)C8)c7C#N)cc6c4=O)CO5)CC3)cc21,BRAF,,100.2,=,0,A375.10,C4 Therapeutics,AU2022290851A1,PGDB_AS001308,% Degradation,luminescence,standardized
PGDB_C005843,Cn1nc(N2CCC(=O)NC2=O)c2cc(F)c(N3CCC(O)(CC(=O)N4CCC5(CC4)C[C@@H](n4cnc6ccc(Oc7c(F)ccc(NS(=O)(=O)C8CC8)c7C#N)cc6c4=O)CO5)CC3)cc21,BRAF,,31.72,=,1,A375.10,C4 Therapeutics,AU2022290851A1,PGDB_AS001308,% Degradation,luminescence,standardized
PGDB_C005849,Cn1nc(N2CCC(=O)NC2=O)c2cc(F)c(N3CCC(O)(CC(=O)N4CCC5(CC4)C[C@@H](n4cnc6ccc(Oc7c(F)ccc(NS(=O)(=O)C8CCC8)c7C#N)cc6c4=O)CO5)CC3)cc21,BRAF,,28.69,=,1,A375.10,C4 Therapeutics,AU2022290851A1,PGDB_AS001308,% Degradation,luminescence,standardized
PGDB_C005842,Cn1nc(N2CCC(=O)NC2=O)c2cc(F)c(N3CCC(O)(CC(=O)N4CCC5(CC4)C[C@@H](n4cnc6ccc(Oc7c(F)ccc(NS(=O)(=O)C8CCCC8)c7C#N)cc6c4=O)O5)CC3)cc21,BRAF,,27.07,=,1,A375.10,C4 Therapeutics,AU2022290851A1,PGDB_AS001308,% Degradation,luminescence,standardized
PGDB_C005839,Cn1nc(N2CCC(=O)NC2=O)c2cc(F)c(N3CCC(O)(CC(=O)N4CCC5(CC4)C[C@@H](n4cnc6ccc(Oc7c(F)ccc(NS(=O)(=O)C8CCCCC8)c7C#N)cc6c4=O)O5)CC3)cc21,BRAF,,40.61,=,1,A375.10,C4 Therapeutics,AU2022290851A1,PGDB_AS001308,% Degradation,luminescence,standardized
PGDB_C005845,Cn1nc(N2CCC(=O)NC2=O)c2cc(F)c(N3CCC(O)(CC(=O)N4CCC5(CC4)C[C@@H](n4cnc6ccc(Oc7c(F)ccc(NS(=O)(=O)N8CC9CC9C8)c7C#N)cc6c4=O)CO5)CC3)cc21,BRAF,,42.77,=,1,A375.10,C4 Therapeutics,AU2022290851A1,PGDB_AS001308,% Degradation,luminescence,standardized
PGDB_C005847,Cn1nc(N2CCC(=O)NC2=O)c2cc(F)c(N3CCC(O)(CC(=O)N4CCC5(CC4)C[C@@H](n4cnc6ccc(Oc7c(F)ccc(NS(=O)(=O)N8CCC8)c7C#N)cc6c4=O)CO5)CC3)cc21,BRAF,,9990.0,=,0,A375.10,C4 Therapeutics,AU2022290851A1,PGDB_AS001308,% Degradation,luminescence,standardized
PGDB_C005846,Cn1nc(N2CCC(=O)NC2=O)c2cc(F)c(N3CCC(O)(CC(=O)N4CCC5(CC4)C[C@@H](n4cnc6ccc(Oc7c(F)ccc(NS(=O)(=O)N8CCCC8)c7C#N)cc6c4=O)CO5)CC3)cc21,BRAF,,16.03,=,1,A375.10,C4 Therapeutics,AU2022290851A1,PGDB_AS001308,% Degradation,luminescence,standardized
PGDB_C005838,Cn1nc(N2CCC(=O)NC2=O)c2cc(F)c(N3CCC(O)(CC(=O)N4CCC5(CC4)C[C@@H](n4cnc6ccc(Oc7c(F)ccc(NS(=O)(=O)N8CCCCC8)c7C#N)cc6c4=O)CO5)CC3)cc21,BRAF,,38.75,=,1,A375.10,C4 Therapeutics,AU2022290851A1,PGDB_AS001308,% Degradation,luminescence,standardized
PGDB_C005841,Cn1nc(N2CCC(=O)NC2=O)c2cc(F)c(N3CCC(O)(CC(=O)N4CCC5(CC4)C[C@@H](n4cnc6ccc(Oc7c(F)ccc(NS(=O)(=O)N8CC[C@@H](F)C8)c7C#N)cc6c4=O)CO5)CC3)cc21,BRAF,,39.3,=,1,A375.10,C4 Therapeutics,AU2022290851A1,PGDB_AS001308,% Degradation,luminescence,standardized
PGDB_C003653,Cn1ncc(-c2ccc3c(c2)CN(C2CCC(=O)NC2=O)C3=O)c1-c1c[nH]c2ccccc12,CSNK1A1,,25.0,<,1,HEK293,Innovo Therapeutics,EP4584259A1,PGDB_AS001103,% Degradation,,standardized
PGDB_C003686,Cn1ncc(-c2ccc3c(c2)CN(C2CCC(=O)NC2=O)C3=O)c1-c1cc(F)cc(F)c1,GSPT1,,25.0,<,1,HEK293,Innovo Therapeutics,EP4584259A1,PGDB_AS001862,% Degradation,luminescence,standardized
PGDB_C003564,Cn1ncc(-c2ccc3c(c2)CN(C2CCC(=O)NC2=O)C3=O)c1-c1cc(F)ccc1F,CSNK1A1,,25.0,<,1,HEK293,Innovo Therapeutics,EP4584259A1,PGDB_AS001103,% Degradation,,standardized
PGDB_C003470,Cn1ncc(-c2ccc3c(c2)CN(C2CCC(=O)NC2=O)C3=O)c1-c1cc2ccccc2[nH]1,CSNK1A1,,25.0,<,1,HEK293,Innovo Therapeutics,EP4584259A1,PGDB_AS001103,% Degradation,,standardized
PGDB_C003618,Cn1ncc(-c2ccc3c(c2)CN(C2CCC(=O)NC2=O)C3=O)c1-c1ccc(-c2ccc(C#N)cc2)cc1,CSNK1A1,,25.0,<,1,HEK293,Innovo Therapeutics,EP4584259A1,PGDB_AS001103,% Degradation,,standardized
PGDB_C003691,Cn1ncc(-c2ccc3c(c2)CN(C2CCC(=O)NC2=O)C3=O)c1-c1ccc(-c2ccccc2)cc1,CSNK1A1,,25.0,<,1,HEK293,Innovo Therapeutics,EP4584259A1,PGDB_AS001103,% Degradation,,standardized
PGDB_C003620,Cn1ncc(-c2ccc3c(c2)CN(C2CCC(=O)NC2=O)C3=O)c1-c1ccc(-c2cccnc2)cc1,CSNK1A1,,25.0,<,1,HEK293,Innovo Therapeutics,EP4584259A1,PGDB_AS001103,% Degradation,,standardized
PGDB_C003700,Cn1ncc(-c2ccc3c(c2)CN(C2CCC(=O)NC2=O)C3=O)c1-c1ccc(-c2ccncc2)cc1,CSNK1A1,,25.0,<,1,HEK293,Innovo Therapeutics,EP4584259A1,PGDB_AS001103,% Degradation,,standardized
PGDB_C003697,Cn1ncc(-c2ccc3c(c2)CN(C2CCC(=O)NC2=O)C3=O)c1-c1ccc(-n2cccn2)cc1,CSNK1A1,,25.0,<,1,HEK293,Innovo Therapeutics,EP4584259A1,PGDB_AS001103,% Degradation,,standardized
PGDB_C003608,Cn1ncc(-c2ccc3c(c2)CN(C2CCC(=O)NC2=O)C3=O)c1-c1ccc(=O)n(C)c1,CSNK1A1,,25.0,<,1,HEK293,Innovo Therapeutics,EP4584259A1,PGDB_AS001103,% Degradation,,standardized
PGDB_C003780,Cn1ncc(-c2ccc3c(c2)CN(C2CCC(=O)NC2=O)C3=O)c1-c1ccc(C(C)(F)F)cc1,CSNK1A1,,25.0,<,1,HEK293,Innovo Therapeutics,EP4584259A1,PGDB_AS001103,% Degradation,,standardized
PGDB_C003780,Cn1ncc(-c2ccc3c(c2)CN(C2CCC(=O)NC2=O)C3=O)c1-c1ccc(C(C)(F)F)cc1,GSPT1,,25.0,<,1,HEK293,Innovo Therapeutics,EP4584259A1,PGDB_AS001862,% Degradation,luminescence,standardized
PGDB_C003521,Cn1ncc(-c2ccc3c(c2)CN(C2CCC(=O)NC2=O)C3=O)c1-c1ccc(C(F)(F)F)cc1,CSNK1A1,,25.0,<,1,HEK293,Innovo Therapeutics,EP4584259A1,PGDB_AS001103,% Degradation,,standardized
PGDB_C003627,Cn1ncc(-c2ccc3c(c2)CN(C2CCC(=O)NC2=O)C3=O)c1-c1ccc(C2(C#N)CC2)cc1,CSNK1A1,,25.0,<,1,HEK293,Innovo Therapeutics,EP4584259A1,PGDB_AS001103,% Degradation,,standardized
PGDB_C003820,Cn1ncc(-c2ccc3c(c2)CN(C2CCC(=O)NC2=O)C3=O)c1-c1ccc(CN2CCOCC2)cc1,CSNK1A1,,25.0,<,1,HEK293,Innovo Therapeutics,EP4584259A1,PGDB_AS001103,% Degradation,,standardized
PGDB_C003629,Cn1ncc(-c2ccc3c(c2)CN(C2CCC(=O)NC2=O)C3=O)c1-c1ccc(COc2ccccc2)cc1,CSNK1A1,,25.0,<,1,HEK293,Innovo Therapeutics,EP4584259A1,PGDB_AS001103,% Degradation,,standardized
PGDB_C003577,Cn1ncc(-c2ccc3c(c2)CN(C2CCC(=O)NC2=O)C3=O)c1-c1ccc(Cl)c(F)c1,CSNK1A1,,25.0,<,1,HEK293,Innovo Therapeutics,EP4584259A1,PGDB_AS001103,% Degradation,,standardized
PGDB_C003822,Cn1ncc(-c2ccc3c(c2)CN(C2CCC(=O)NC2=O)C3=O)c1-c1ccc(Cl)cc1,CSNK1A1,,25.0,<,1,HEK293,Innovo Therapeutics,EP4584259A1,PGDB_AS001103,% Degradation,,standardized
PGDB_C003695,Cn1ncc(-c2ccc3c(c2)CN(C2CCC(=O)NC2=O)C3=O)c1-c1ccc(Cl)cc1Cl,CSNK1A1,,25.0,<,1,HEK293,Innovo Therapeutics,EP4584259A1,PGDB_AS001103,% Degradation,,standardized
PGDB_C003695,Cn1ncc(-c2ccc3c(c2)CN(C2CCC(=O)NC2=O)C3=O)c1-c1ccc(Cl)cc1Cl,GSPT1,,25.0,<,1,HEK293,Innovo Therapeutics,EP4584259A1,PGDB_AS001862,% Degradation,luminescence,standardized
PGDB_C003566,Cn1ncc(-c2ccc3c(c2)CN(C2CCC(=O)NC2=O)C3=O)c1-c1ccc(Cl)cc1F,CSNK1A1,,25.0,<,1,HEK293,Innovo Therapeutics,EP4584259A1,PGDB_AS001103,% Degradation,,standardized
PGDB_C003526,Cn1ncc(-c2ccc3c(c2)CN(C2CCC(=O)NC2=O)C3=O)c1-c1ccc(Cl)s1,CSNK1A1,,25.0,<,1,HEK293,Innovo Therapeutics,EP4584259A1,PGDB_AS001103,% Degradation,,standardized
PGDB_C003681,Cn1ncc(-c2ccc3c(c2)CN(C2CCC(=O)NC2=O)C3=O)c1-c1ccc(F)c(F)c1,CSNK1A1,,25.0,<,1,HEK293,Innovo Therapeutics,EP4584259A1,PGDB_AS001103,% Degradation,,standardized
PGDB_C003427,Cn1ncc(-c2ccc3c(c2)CN(C2CCC(=O)NC2=O)C3=O)c1-c1ccc(F)cc1,CSNK1A1,,25.0,<,1,HEK293,Innovo Therapeutics,EP4584259A1,PGDB_AS001103,% Degradation,,standardized
PGDB_C003575,Cn1ncc(-c2ccc3c(c2)CN(C2CCC(=O)NC2=O)C3=O)c1-c1ccc(F)cc1Cl,CSNK1A1,,25.0,<,1,HEK293,Innovo Therapeutics,EP4584259A1,PGDB_AS001103,% Degradation,,standardized
PGDB_C003677,Cn1ncc(-c2ccc3c(c2)CN(C2CCC(=O)NC2=O)C3=O)c1-c1ccc(F)cc1F,CSNK1A1,,25.0,<,1,HEK293,Innovo Therapeutics,EP4584259A1,PGDB_AS001103,% Degradation,,standardized
PGDB_C003641,Cn1ncc(-c2ccc3c(c2)CN(C2CCC(=O)NC2=O)C3=O)c1-c1ccc(N)cc1,CSNK1A1,,25.0,<,1,HEK293,Innovo Therapeutics,EP4584259A1,PGDB_AS001103,% Degradation,,standardized
PGDB_C003706,Cn1ncc(-c2ccc3c(c2)CN(C2CCC(=O)NC2=O)C3=O)c1-c1ccc(N2CCCC2)cc1,CSNK1A1,,25.0,<,1,HEK293,Innovo Therapeutics,EP4584259A1,PGDB_AS001103,% Degradation,,standardized
PGDB_C003520,Cn1ncc(-c2ccc3c(c2)CN(C2CCC(=O)NC2=O)C3=O)c1-c1ccc(N2CCOCC2)cc1,CSNK1A1,,25.0,<,1,HEK293,Innovo Therapeutics,EP4584259A1,PGDB_AS001103,% Degradation,,standardized
PGDB_C003615,Cn1ncc(-c2ccc3c(c2)CN(C2CCC(=O)NC2=O)C3=O)c1-c1ccc(N2CCOCC2)nc1,CSNK1A1,,25.0,<,1,HEK293,Innovo Therapeutics,EP4584259A1,PGDB_AS001103,% Degradation,,standardized
PGDB_C003689,Cn1ncc(-c2ccc3c(c2)CN(C2CCC(=O)NC2=O)C3=O)c1-c1ccc(O)cc1,CSNK1A1,,25.0,<,1,HEK293,Innovo Therapeutics,EP4584259A1,PGDB_AS001103,% Degradation,,standardized
PGDB_C004094,Cn1ncc(-c2ccc3c(c2)CN(C2CCC(=O)NC2=O)C3=O)c1-c1ccc(OC(F)(F)F)cc1,CSNK1A1,,25.0,<,1,HEK293,Innovo Therapeutics,EP4584259A1,PGDB_AS001103,% Degradation,,standardized
PGDB_C004094,Cn1ncc(-c2ccc3c(c2)CN(C2CCC(=O)NC2=O)C3=O)c1-c1ccc(OC(F)(F)F)cc1,GSPT1,,25.0,<,1,HEK293,Innovo Therapeutics,EP4584259A1,PGDB_AS001862,% Degradation,luminescence,standardized
PGDB_C003536,Cn1ncc(-c2ccc3c(c2)CN(C2CCC(=O)NC2=O)C3=O)c1-c1ccc(OC(F)F)cc1,CSNK1A1,,25.0,<,1,HEK293,Innovo Therapeutics,EP4584259A1,PGDB_AS001103,% Degradation,,standardized
PGDB_C003856,Cn1ncc(-c2ccc3c(c2)CN(C2CCC(=O)NC2=O)C3=O)c1-c1ccc(OCCCN2CCOCC2)cc1,CSNK1A1,,25.0,<,1,HEK293,Innovo Therapeutics,EP4584259A1,PGDB_AS001103,% Degradation,,standardized
PGDB_C003519,Cn1ncc(-c2ccc3c(c2)CN(C2CCC(=O)NC2=O)C3=O)c1-c1ccc(OCc2ccccc2)cc1,CSNK1A1,,25.0,<,1,HEK293,Innovo Therapeutics,EP4584259A1,PGDB_AS001103,% Degradation,,standardized
PGDB_C003656,Cn1ncc(-c2ccc3c(c2)CN(C2CCC(=O)NC2=O)C3=O)c1-c1ccc2c(c1)CCCO2,CSNK1A1,,25.0,<,1,HEK293,Innovo Therapeutics,EP4584259A1,PGDB_AS001103,% Degradation,,standardized
PGDB_C003584,Cn1ncc(-c2ccc3c(c2)CN(C2CCC(=O)NC2=O)C3=O)c1-c1ccc2c(c1)CCO2,CSNK1A1,,25.0,<,1,HEK293,Innovo Therapeutics,EP4584259A1,PGDB_AS001103,% Degradation,,standardized
PGDB_C003547,Cn1ncc(-c2ccc3c(c2)CN(C2CCC(=O)NC2=O)C3=O)c1-c1ccc2c(c1)OC(F)(F)O2,CSNK1A1,,25.0,<,1,HEK293,Innovo Therapeutics,EP4584259A1,PGDB_AS001103,% Degradation,,standardized
PGDB_C003547,Cn1ncc(-c2ccc3c(c2)CN(C2CCC(=O)NC2=O)C3=O)c1-c1ccc2c(c1)OC(F)(F)O2,GSPT1,,25.0,<,1,HEK293,Innovo Therapeutics,EP4584259A1,PGDB_AS001862,% Degradation,luminescence,standardized
PGDB_C003702,Cn1ncc(-c2ccc3c(c2)CN(C2CCC(=O)NC2=O)C3=O)c1-c1ccc2c(c1)OCC2,CSNK1A1,,25.0,<,1,HEK293,Innovo Therapeutics,EP4584259A1,PGDB_AS001103,% Degradation,,standardized
PGDB_C003477,Cn1ncc(-c2ccc3c(c2)CN(C2CCC(=O)NC2=O)C3=O)c1-c1ccc2c(ccn2C)c1,CSNK1A1,,25.0,<,1,HEK293,Innovo Therapeutics,EP4584259A1,PGDB_AS001103,% Degradation,,standardized
PGDB_C003469,Cn1ncc(-c2ccc3c(c2)CN(C2CCC(=O)NC2=O)C3=O)c1-c1ccc2cc[nH]c2c1,CSNK1A1,,25.0,<,1,HEK293,Innovo Therapeutics,EP4584259A1,PGDB_AS001103,% Degradation,,standardized
PGDB_C003683,Cn1ncc(-c2ccc3c(c2)CN(C2CCC(=O)NC2=O)C3=O)c1-c1ccc2ccccc2c1,CSNK1A1,,25.0,<,1,HEK293,Innovo Therapeutics,EP4584259A1,PGDB_AS001103,% Degradation,,standardized
PGDB_C003475,Cn1ncc(-c2ccc3c(c2)CN(C2CCC(=O)NC2=O)C3=O)c1-c1ccc2cccnc2c1,CSNK1A1,,25.0,<,1,HEK293,Innovo Therapeutics,EP4584259A1,PGDB_AS001103,% Degradation,,standardized
PGDB_C003476,Cn1ncc(-c2ccc3c(c2)CN(C2CCC(=O)NC2=O)C3=O)c1-c1ccc2ccn(C)c2c1,CSNK1A1,,25.0,<,1,HEK293,Innovo Therapeutics,EP4584259A1,PGDB_AS001103,% Degradation,,standardized
PGDB_C003479,Cn1ncc(-c2ccc3c(c2)CN(C2CCC(=O)NC2=O)C3=O)c1-c1ccc2cnn(C)c2c1,CSNK1A1,,25.0,<,1,HEK293,Innovo Therapeutics,EP4584259A1,PGDB_AS001103,% Degradation,,standardized
PGDB_C003483,Cn1ncc(-c2ccc3c(c2)CN(C2CCC(=O)NC2=O)C3=O)c1-c1ccc2ncsc2c1,CSNK1A1,,25.0,<,1,HEK293,Innovo Therapeutics,EP4584259A1,PGDB_AS001103,% Degradation,,standardized
PGDB_C003471,Cn1ncc(-c2ccc3c(c2)CN(C2CCC(=O)NC2=O)C3=O)c1-c1ccc2occc2c1,CSNK1A1,,25.0,<,1,HEK293,Innovo Therapeutics,EP4584259A1,PGDB_AS001103,% Degradation,,standardized
PGDB_C003657,Cn1ncc(-c2ccc3c(c2)CN(C2CCC(=O)NC2=O)C3=O)c1-c1ccc2sccc2c1,CSNK1A1,,25.0,<,1,HEK293,Innovo Therapeutics,EP4584259A1,PGDB_AS001103,% Degradation,,standardized
PGDB_C003482,Cn1ncc(-c2ccc3c(c2)CN(C2CCC(=O)NC2=O)C3=O)c1-c1ccc2scnc2c1,CSNK1A1,,25.0,<,1,HEK293,Innovo Therapeutics,EP4584259A1,PGDB_AS001103,% Degradation,,standardized
PGDB_C003658,Cn1ncc(-c2ccc3c(c2)CN(C2CCC(=O)NC2=O)C3=O)c1-c1cccc(-n2cccn2)c1,CSNK1A1,,25.0,<,1,HEK293,Innovo Therapeutics,EP4584259A1,PGDB_AS001103,% Degradation,,standardized
PGDB_C003640,Cn1ncc(-c2ccc3c(c2)CN(C2CCC(=O)NC2=O)C3=O)c1-c1cccc(C#N)c1,CSNK1A1,,25.0,<,1,HEK293,Innovo Therapeutics,EP4584259A1,PGDB_AS001103,% Degradation,,standardized
PGDB_C003517,Cn1ncc(-c2ccc3c(c2)CN(C2CCC(=O)NC2=O)C3=O)c1-c1cccc(C(F)F)c1,CSNK1A1,,25.0,<,1,HEK293,Innovo Therapeutics,EP4584259A1,PGDB_AS001103,% Degradation,,standardized
PGDB_C003685,Cn1ncc(-c2ccc3c(c2)CN(C2CCC(=O)NC2=O)C3=O)c1-c1cccc(C(N)=O)c1,GSPT1,,25.0,<,1,HEK293,Innovo Therapeutics,EP4584259A1,PGDB_AS001862,% Degradation,luminescence,standardized
PGDB_C003646,Cn1ncc(-c2ccc3c(c2)CN(C2CCC(=O)NC2=O)C3=O)c1-c1cccc(Cl)c1,CSNK1A1,,25.0,<,1,HEK293,Innovo Therapeutics,EP4584259A1,PGDB_AS001103,% Degradation,,standardized
PGDB_C003682,Cn1ncc(-c2ccc3c(c2)CN(C2CCC(=O)NC2=O)C3=O)c1-c1cccc(F)c1,CSNK1A1,,25.0,<,1,HEK293,Innovo Therapeutics,EP4584259A1,PGDB_AS001103,% Degradation,,standardized
PGDB_C003625,Cn1ncc(-c2ccc3c(c2)CN(C2CCC(=O)NC2=O)C3=O)c1-c1cccc(F)c1Cl,CSNK1A1,,25.0,<,1,HEK293,Innovo Therapeutics,EP4584259A1,PGDB_AS001103,% Degradation,,standardized
PGDB_C003560,Cn1ncc(-c2ccc3c(c2)CN(C2CCC(=O)NC2=O)C3=O)c1-c1cccc(F)c1F,CSNK1A1,,25.0,<,1,HEK293,Innovo Therapeutics,EP4584259A1,PGDB_AS001103,% Degradation,,standardized
PGDB_C003694,Cn1ncc(-c2ccc3c(c2)CN(C2CCC(=O)NC2=O)C3=O)c1-c1cccc(N)c1,CSNK1A1,,25.0,<,1,HEK293,Innovo Therapeutics,EP4584259A1,PGDB_AS001103,% Degradation,,standardized
PGDB_C003513,Cn1ncc(-c2ccc3c(c2)CN(C2CCC(=O)NC2=O)C3=O)c1-c1cccc(N2CCCC2)c1,CSNK1A1,,25.0,<,1,HEK293,Innovo Therapeutics,EP4584259A1,PGDB_AS001103,% Degradation,,standardized
PGDB_C003825,Cn1ncc(-c2ccc3c(c2)CN(C2CCC(=O)NC2=O)C3=O)c1-c1cccc(O)c1,CSNK1A1,,25.0,<,1,HEK293,Innovo Therapeutics,EP4584259A1,PGDB_AS001103,% Degradation,,standardized
PGDB_C003631,Cn1ncc(-c2ccc3c(c2)CN(C2CCC(=O)NC2=O)C3=O)c1-c1cccc2c1CCC2,CSNK1A1,,25.0,<,1,HEK293,Innovo Therapeutics,EP4584259A1,PGDB_AS001103,% Degradation,,standardized
PGDB_C003622,Cn1ncc(-c2ccc3c(c2)CN(C2CCC(=O)NC2=O)C3=O)c1-c1cccc2c1OCC2,CSNK1A1,,25.0,<,1,HEK293,Innovo Therapeutics,EP4584259A1,PGDB_AS001103,% Degradation,,standardized
PGDB_C003420,Cn1ncc(-c2ccc3c(c2)CN(C2CCC(=O)NC2=O)C3=O)c1-c1ccccc1,CSNK1A1,,25.0,<,1,HEK293,Innovo Therapeutics,EP4584259A1,PGDB_AS001103,% Degradation,,standardized
PGDB_C003692,Cn1ncc(-c2ccc3c(c2)CN(C2CCC(=O)NC2=O)C3=O)c1-c1ccccc1-c1ccccc1,CSNK1A1,,25.0,<,1,HEK293,Innovo Therapeutics,EP4584259A1,PGDB_AS001103,% Degradation,,standardized
PGDB_C003692,Cn1ncc(-c2ccc3c(c2)CN(C2CCC(=O)NC2=O)C3=O)c1-c1ccccc1-c1ccccc1,GSPT1,,25.0,<,1,HEK293,Innovo Therapeutics,EP4584259A1,PGDB_AS001862,% Degradation,luminescence,standardized
PGDB_C003558,Cn1ncc(-c2ccc3c(c2)CN(C2CCC(=O)NC2=O)C3=O)c1-c1ccccc1C(F)(F)F,CSNK1A1,,25.0,<,1,HEK293,Innovo Therapeutics,EP4584259A1,PGDB_AS001103,% Degradation,,standardized
PGDB_C003632,Cn1ncc(-c2ccc3c(c2)CN(C2CCC(=O)NC2=O)C3=O)c1-c1ccccc1C1CC1,CSNK1A1,,25.0,<,1,HEK293,Innovo Therapeutics,EP4584259A1,PGDB_AS001103,% Degradation,,standardized
PGDB_C003679,Cn1ncc(-c2ccc3c(c2)CN(C2CCC(=O)NC2=O)C3=O)c1-c1ccccc1Cl,CSNK1A1,,25.0,<,1,HEK293,Innovo Therapeutics,EP4584259A1,PGDB_AS001103,% Degradation,,standardized
PGDB_C003525,Cn1ncc(-c2ccc3c(c2)CN(C2CCC(=O)NC2=O)C3=O)c1-c1ccccc1F,CSNK1A1,,25.0,<,1,HEK293,Innovo Therapeutics,EP4584259A1,PGDB_AS001103,% Degradation,,standardized
PGDB_C003644,Cn1ncc(-c2ccc3c(c2)CN(C2CCC(=O)NC2=O)C3=O)c1-c1ccccc1N,CSNK1A1,,25.0,<,1,HEK293,Innovo Therapeutics,EP4584259A1,PGDB_AS001103,% Degradation,,standardized
PGDB_C004114,Cn1ncc(-c2ccc3c(c2)CN(C2CCC(=O)NC2=O)C3=O)c1-c1cccnc1,CSNK1A1,,25.0,<,1,HEK293,Innovo Therapeutics,EP4584259A1,PGDB_AS001103,% Degradation,,standardized
PGDB_C003602,Cn1ncc(-c2ccc3c(c2)CN(C2CCC(=O)NC2=O)C3=O)c1-c1cccnc1N,CSNK1A1,,25.0,<,1,HEK293,Innovo Therapeutics,EP4584259A1,PGDB_AS001103,% Degradation,,standardized
PGDB_C003650,Cn1ncc(-c2ccc3c(c2)CN(C2CCC(=O)NC2=O)C3=O)c1-c1cccs1,CSNK1A1,,25.0,<,1,HEK293,Innovo Therapeutics,EP4584259A1,PGDB_AS001103,% Degradation,,standardized
PGDB_C003486,Cn1ncc(-c2ccc3c(c2)CN(C2CCC(=O)NC2=O)C3=O)c1-c1ccn(-c2ccc(F)cc2)n1,CSNK1A1,,25.0,<,1,HEK293,Innovo Therapeutics,EP4584259A1,PGDB_AS001103,% Degradation,,standardized
PGDB_C004115,Cn1ncc(-c2ccc3c(c2)CN(C2CCC(=O)NC2=O)C3=O)c1-c1ccncc1,CSNK1A1,,25.0,<,1,HEK293,Innovo Therapeutics,EP4584259A1,PGDB_AS001103,% Degradation,,standardized
PGDB_C003582,Cn1ncc(-c2ccc3c(c2)CN(C2CCC(=O)NC2=O)C3=O)c1-c1ccsc1,CSNK1A1,,25.0,<,1,HEK293,Innovo Therapeutics,EP4584259A1,PGDB_AS001103,% Degradation,,standardized
PGDB_C003678,Cn1ncc(-c2ccc3c(c2)CN(C2CCC(=O)NC2=O)C3=O)c1-c1ccsc1Cl,CSNK1A1,,25.0,<,1,HEK293,Innovo Therapeutics,EP4584259A1,PGDB_AS001103,% Degradation,,standardized
PGDB_C003480,Cn1ncc(-c2ccc3c(c2)CN(C2CCC(=O)NC2=O)C3=O)c1-c1cnc2c(ccn2C)c1,CSNK1A1,,25.0,<,1,HEK293,Innovo Therapeutics,EP4584259A1,PGDB_AS001103,% Degradation,,standardized
PGDB_C004116,Cn1ncc(-c2ccc3c(c2)CN(C2CCC(=O)NC2=O)C3=O)c1-c1cncnc1,CSNK1A1,,25.0,<,1,HEK293,Innovo Therapeutics,EP4584259A1,PGDB_AS001103,% Degradation,,standardized
PGDB_C003485,Cn1ncc(-c2ccc3c(c2)CN(C2CCC(=O)NC2=O)C3=O)c1-c1cnn(-c2ccccc2)c1,CSNK1A1,,25.0,<,1,HEK293,Innovo Therapeutics,EP4584259A1,PGDB_AS001103,% Degradation,,standardized
PGDB_C003485,Cn1ncc(-c2ccc3c(c2)CN(C2CCC(=O)NC2=O)C3=O)c1-c1cnn(-c2ccccc2)c1,GSPT1,,25.0,<,1,HEK293,Innovo Therapeutics,EP4584259A1,PGDB_AS001862,% Degradation,luminescence,standardized
PGDB_C003654,Cn1ncc(-c2ccc3c(c2)CN(C2CCC(=O)NC2=O)C3=O)c1-c1cnn(C2CCC2)c1,GSPT1,,25.0,<,1,HEK293,Innovo Therapeutics,EP4584259A1,PGDB_AS001862,% Degradation,luminescence,standardized
PGDB_C003473,Cn1ncc(-c2ccc3c(c2)CN(C2CCC(=O)NC2=O)C3=O)c1-c1cnn2ccccc12,CSNK1A1,,25.0,<,1,HEK293,Innovo Therapeutics,EP4584259A1,PGDB_AS001103,% Degradation,,standardized
PGDB_C004084,Cn1ncc(-c2ccc3c(c2)CN(C2CCC(=O)NC2=O)C3=O)c1C1=CCC(F)(F)CC1,CSNK1A1,,25.0,<,1,HEK293,Innovo Therapeutics,EP4584259A1,PGDB_AS001103,% Degradation,,standardized
PGDB_C004082,Cn1ncc(-c2ccc3c(c2)CN(C2CCC(=O)NC2=O)C3=O)c1C1=CCC(c2ccccc2)CC1,CSNK1A1,,25.0,<,1,HEK293,Innovo Therapeutics,EP4584259A1,PGDB_AS001103,% Degradation,,standardized
PGDB_C004077,Cn1ncc(-c2ccc3c(c2)CN(C2CCC(=O)NC2=O)C3=O)c1C1=CCCC1,CSNK1A1,,25.0,<,1,HEK293,Innovo Therapeutics,EP4584259A1,PGDB_AS001103,% Degradation,,standardized
PGDB_C003886,Cn1ncc(-c2ccc3c(c2)CN(C2CCC(=O)NC2=O)C3=O)c1C1=CCCCC1,CSNK1A1,,25.0,<,1,HEK293,Innovo Therapeutics,EP4584259A1,PGDB_AS001103,% Degradation,,standardized
PGDB_C004083,Cn1ncc(-c2ccc3c(c2)CN(C2CCC(=O)NC2=O)C3=O)c1C1=CCCCCC1,CSNK1A1,,25.0,<,1,HEK293,Innovo Therapeutics,EP4584259A1,PGDB_AS001103,% Degradation,,standardized
PGDB_C004079,Cn1ncc(-c2ccc3c(c2)CN(C2CCC(=O)NC2=O)C3=O)c1C1=CCOCC1,CSNK1A1,,25.0,<,1,HEK293,Innovo Therapeutics,EP4584259A1,PGDB_AS001103,% Degradation,,standardized
PGDB_C004081,Cn1ncc(-c2ccc3c(c2)CN(C2CCC(=O)NC2=O)C3=O)c1C1=COCCC1,CSNK1A1,,25.0,<,1,HEK293,Innovo Therapeutics,EP4584259A1,PGDB_AS001103,% Degradation,,standardized
PGDB_C004081,Cn1ncc(-c2ccc3c(c2)CN(C2CCC(=O)NC2=O)C3=O)c1C1=COCCC1,GSPT1,,25.0,<,1,HEK293,Innovo Therapeutics,EP4584259A1,PGDB_AS001862,% Degradation,luminescence,standardized
PGDB_C004086,Cn1ncc(-c2ccc3c(c2)CN(C2CCC(=O)NC2=O)C3=O)c1C1=Cc2ccccc2C1,CSNK1A1,,25.0,<,1,HEK293,Innovo Therapeutics,EP4584259A1,PGDB_AS001103,% Degradation,,standardized
PGDB_C004086,Cn1ncc(-c2ccc3c(c2)CN(C2CCC(=O)NC2=O)C3=O)c1C1=Cc2ccccc2C1,GSPT1,,25.0,<,1,HEK293,Innovo Therapeutics,EP4584259A1,PGDB_AS001862,% Degradation,luminescence,standardized
PGDB_C003885,Cn1ncc(-c2ccc3c(c2)CN(C2CCC(=O)NC2=O)C3=O)c1C1CCCCC1,CSNK1A1,,25.0,<,1,HEK293,Innovo Therapeutics,EP4584259A1,PGDB_AS001103,% Degradation,,standardized
PGDB_C031199,Cn1ncc2c1CC1(CC1)N(c1ccc(-c3cccc(C4CCC(=O)NC4=O)c3Cl)cc1)C2=O,VAV1,,2.9,=,1,Jurkat,Jiangsu Hengrui Pharmaceuticals Co Ltd;Shanghai Hengrui Pharmaceutical,WO2026098637A1,PGDB_AS000531,% Degradation,luminescence,standardized
PGDB_C006101,Cn1ncc2cc(CN3CCC(O)(c4ccc5c(c4)C(=O)N(C4CCC(=O)NC4=O)C5=O)CC3)ccc21,IKZF2,,4.0,=,1,MOLT-4,Neomorph;Dana Farber Cancer Institute,CA3215907A1,PGDB_AS000536,% Degradation,luminescence,standardized
PGDB_C006096,Cn1ncc2ccc(CN3CCC(O)(c4ccc5c(c4)C(=O)N(C4CCC(=O)NC4=O)C5=O)CC3)cc21,IKZF2,,3.0,=,1,MOLT-4,Neomorph;Dana Farber Cancer Institute,CA3215907A1,PGDB_AS000536,% Degradation,luminescence,standardized
PGDB_C012221,Cn1nccc(N2CCC(c3cccc(C4CCC(=O)NC4=O)c3Cl)CC2)c1=O,VAV1,,10000.0,=,0,Jurkat,Monte Rosa Therapeutics,WO2026013577A1,PGDB_AS001744,% Degradation,luminescence,standardized
PGDB_C011908,FC(F)n1cc(-c2cnc3c(NCc4nc5cc(Cl)c(Cl)cc5[nH]4)nc(C4=CCNCC4)cn23)cn1,CCNK,,720.0,=,0,,H Lee Moffitt Cancer Center And Research Institute,WO2025226846A1,PGDB_AS002539,% Degradation,fluorescence,standardized
PGDB_C011906,FC(F)n1cc(-c2cnc3c(NCc4nc5cc(Cl)c(Cl)cc5[nH]4)nc(C4=CCOCC4)cn23)cn1,CCNK,,10000.0,=,0,,H Lee Moffitt Cancer Center And Research Institute,WO2025226846A1,PGDB_AS002539,% Degradation,fluorescence,standardized
PGDB_C011909,FC(F)n1cc(-c2cnc3c(NCc4nc5cc(Cl)c(Cl)cc5[nH]4)nc(C4CCNCC4)cn23)cn1,CCNK,,10000.0,=,0,,H Lee Moffitt Cancer Center And Research Institute,WO2025226846A1,PGDB_AS002539,% Degradation,fluorescence,standardized
PGDB_C010420,N#C/C=C/C(=O)N1CC(c2cc3cc(-c4ccccc4O)nnc3[nH]2)C1,SMARCA2,,500.0,>=,0,HeLa,Plexium,WO2025101944,PGDB_AS000900,% Degradation,luminescence,standardized
PGDB_C010420,N#C/C=C/C(=O)N1CC(c2cc3cc(-c4ccccc4O)nnc3[nH]2)C1,SMARCA4,,500.0,>=,0,HeLa,Plexium,WO2025101944,PGDB_AS000431,% Degradation,luminescence,standardized
PGDB_C026785,N#CC1(C(=O)N2CCC(n3cc(Cc4ccc5c6c(cccc46)C(=O)N5C4CCC(=O)NC4=O)cn3)CC2)CCC1,GSPT1,,10000.0,>,0,293T.114,C4 Therapeutics,WO2022081927A1,PGDB_AS001223,% Degradation,luminescence,standardized
PGDB_C026785,N#CC1(C(=O)N2CCC(n3cc(Cc4ccc5c6c(cccc46)C(=O)N5C4CCC(=O)NC4=O)cn3)CC2)CCC1,SALL4,,100.0,<,1,KELLY.2,C4 Therapeutics,WO2022081927A1,PGDB_AS001296,% Degradation,luminescence,standardized
PGDB_C002462,N#CC1(C2CN([C@H]3CCCC[C@@H]3Oc3ccc4c(c3)CN(C3CCC(=O)NC3=O)C4=O)C2)CCC1,GSPT1,,30000.0,>,0,HEK293,Plexium,WO2023283430A1,PGDB_AS002498,% Degradation,,standardized
PGDB_C029193,N#CC1(CN2CCN(c3ccc(N4CCC(=O)NC4=O)cc3)CC2)CCN(C(=O)c2ccc(N3C4CCC3CN(c3cc(-c5ccccc5O)nnc3N)C4)cc2)CC1,SMARCA2,,15.9,=,1,,AstraZeneca,WO2026120044,PGDB_AS001809,% Degradation,,standardized
PGDB_C027229,N#CC1CCN(CC#Cc2nccc(N3CCCN(c4cc(-c5ccccc5O)nnc4N)CC3)n2)CC1,SMARCA4,,500.0,>=,0,HeLa,Plexium,WO2023244806A1,PGDB_AS000073,% Degradation,luminescence,standardized
PGDB_C005468,N#CCNCCOCCc1ccc(NC(=O)NCc2ccc3c(c2)CN(C2CCC(=O)NC2=O)C3=O)cc1Cl,GSPT1,,4.9,=,1,HEK293,Shanghai Qilu Pharmaceutical Research And Development Centre,WO2025252247A1,PGDB_AS000196,% Degradation,,standardized
PGDB_C005709,N#Cc1c(NS(=O)(=O)C2CCCC2)ccc(F)c1Oc1ccc2ncn([C@H]3COC4(CCN(C(=O)CN5CCC(c6ccc(NC7CCC(=O)NC7=O)cc6F)CC5)CC4)C3)c(=O)c2c1,BRAF,,31.56,=,1,A375.10,C4 Therapeutics,AU2022290851A1,PGDB_AS001091,% Degradation,luminescence,standardized
PGDB_C005702,N#Cc1c(NS(=O)(=O)N2CC[C@@H](F)C2)ccc(F)c1Oc1ccc2ncn([C@H]3COC4(CCN(C(=O)CN5CCC(c6ccc(NC7CCC(=O)NC7=O)cc6F)CC5)CC4)C3)c(=O)c2c1,BRAF,,147.73,=,0,A375.10,C4 Therapeutics,AU2022290851A1,PGDB_AS001091,% Degradation,luminescence,standardized
PGDB_C032015,N#Cc1cc(-c2cccc(C3CCC(=O)NC3=O)c2Cl)sc1-n1ccccc1=O,VAV1,,28.1,=,1,,Changchun Genescience Pharmaceutical Co Ltd,WO2026119120A1,PGDB_AS001984,% Degradation,luminescence,standardized
PGDB_C000392,N#Cc1cc(Cl)ccc1C1CN([C@@H]2CCCC[C@@H]2Oc2ccc3c(c2)CN(C2CCC(=O)NC2=O)C3=O)C1,GSPT1,,30000.0,>,0,HEK293T,Plexium,CN117836288A,PGDB_AS001378,% Degradation,,standardized
PGDB_C029250,N#Cc1cc(N2C3CCC2CN(c2cc(-c4ccccc4O)nnc2N)C3)cc(F)c1C(=O)N1CCC(F)(CN2CCN(C3CCN4C(C5CC5)=CC(N5CCC(=O)NC5=O)=CN=C34)CC2)CC1,SMARCA2,,75.89999999999999,=,1,,AstraZeneca,WO2026120044,PGDB_AS001809,% Degradation,,standardized
PGDB_C029250,N#Cc1cc(N2C3CCC2CN(c2cc(-c4ccccc4O)nnc2N)C3)cc(F)c1C(=O)N1CCC(F)(CN2CCN(C3CCN4C(C5CC5)=CC(N5CCC(=O)NC5=O)=CN=C34)CC2)CC1,SMARCA4,,1008.9999999999999,>,0,,AstraZeneca,WO2026120044,PGDB_AS001309,% Degradation,,standardized
PGDB_C029224,N#Cc1cc2c(N3CCC(=O)NC3=O)cccc2n1C1CCN(CC2(F)CCN(C(=O)c3ccc(N4C5CCC4CN(c4cc(-c6ccccc6O)nnc4N)C5)cc3)CC2)CC1,SMARCA2,,225.39999999999998,=,0,,AstraZeneca,WO2026120044,PGDB_AS001809,% Degradation,,standardized
PGDB_C033091,N#Cc1cc2c(c3c1C(=O)N([C@H]1CCC(=O)NC1=O)C3)OCC21CCN(CC2CCN(c3ccc(C(=O)N[C@H]4CC[C@H](Oc5ccccc5Cl)CC4)cc3F)CC2)CC1,CSNK1A1,,100.0,<=,1,HEK293,,WO2026139085A1,PGDB_AS002601,% Degradation,luminescence,standardized
PGDB_C000494,N#Cc1ccc(-c2ccc(NC(=O)CCc3ccc4c(c3)C(=O)N(C3CCC(=O)NC3=O)C4)cc2CN2CCOCC2)cc1,GSPT1,,283.4,=,0,U937,Livzon Pharmaceutical Group;Jinan University,CN117917402A,PGDB_AS002566,% Degradation,Western_blot,standardized
PGDB_C006078,N#Cc1ccc(CN2CCC(O)(c3ccc4c(c3)C(=O)N(C3CCC(=O)NC3=O)C4=O)CC2)cc1,IKZF2,,6.0,=,1,MOLT-4,Neomorph;Dana Farber Cancer Institute,CA3215907A1,PGDB_AS000536,% Degradation,luminescence,standardized
PGDB_C010157,N#Cc1ccc(CN2CCC(O)(c3ccc4c(n3)CN(C3CCC(=O)NC3=O)C4=O)CC2)cc1,ARNT,,200.0,>=,0,7860-O,Neomorph,WO2025097092,PGDB_AS002177,% Degradation,luminescence,manual_curated
PGDB_C016637,N#Cc1ccc(Cc2ccc3c4c(cccc24)N(C2CCC(=O)NC2=O)C3=O)cc1,GSPT1,CRBN,10000.0,>,0,293T.114,C4 Therapeutics,WO2022081927A1,PGDB_AS001662,% Degradation,luminescence,standardized
PGDB_C016637,N#Cc1ccc(Cc2ccc3c4c(cccc24)N(C2CCC(=O)NC2=O)C3=O)cc1,IKZF1,,10000.0,>,0,NCI-H929.11,C4 Therapeutics,WO2022081927A1,PGDB_AS000877,% Degradation,luminescence,standardized
PGDB_C003187,N#Cc1ccc(Cc2cn(Cc3ccc4c(c3)CN(C3CCC(=O)NC3=O)C4=O)nn2)cc1,GSPT1,,1000.0,>,0,NB4,Beijing Innocare Pharma Tech,WO2024222614A1,PGDB_AS001663,% Degradation,luminescence,standardized
PGDB_C027274,N#Cc1ccc(N2C3CCC2CN(c2cnnc(-c4ccccc4O)c2)C3)nc1C#CCN1CC(F)(F)C1,SMARCA2,,500.0,>=,0,HeLa,Plexium,WO2023244806A1,PGDB_AS002237,% Degradation,luminescence,standardized
PGDB_C027274,N#Cc1ccc(N2C3CCC2CN(c2cnnc(-c4ccccc4O)c2)C3)nc1C#CCN1CC(F)(F)C1,SMARCA4,,5000.0,>,0,HeLa,Plexium,WO2023244806A1,PGDB_AS000073,% Degradation,luminescence,standardized
PGDB_C011537,N#Cc1ccc(N2CCC(C(CN)c3ccc(COc4cccc5c4CN([C@H]4CCC(=O)NC4=O)C5=O)c(F)c3)CC2)nc1,IKZF3,CRBN,0.1,<=,1,,Shanghai Gdac Biotechnology,WO2025195464A1,PGDB_AS002421,% Degradation,luminescence,standardized
PGDB_C011465,N#Cc1ccc(N2CCC(C(CO)c3ccc(COc4cccc5c4CN([C@H]4CCC(=O)NC4=O)C5=O)c(F)c3)CC2)cn1,IKZF3,CRBN,0.1,<=,1,,Shanghai Gdac Biotechnology,WO2025195464A1,PGDB_AS002421,% Degradation,luminescence,standardized
PGDB_C011464,N#Cc1ccc(N2CCC(C(CO)c3ccc(COc4cccc5c4CN([C@H]4CCC(=O)NC4=O)C5=O)c(F)c3)CC2)nc1,IKZF3,CRBN,0.1,<=,1,,Shanghai Gdac Biotechnology,WO2025195464A1,PGDB_AS002421,% Degradation,luminescence,standardized
PGDB_C011514,N#Cc1ccc(N2CCC(C(N)c3ccc(CNc4cccc5c4C(=O)N([C@H]4CCC(=O)NC4=O)C5=O)c(F)c3)CC2)nc1,IKZF3,CRBN,0.1,<=,1,,Shanghai Gdac Biotechnology,WO2025195464A1,PGDB_AS002421,% Degradation,luminescence,standardized
PGDB_C011512,N#Cc1ccc(N2CCC(C(N)c3ccc(CNc4cccc5c4CN([C@H]4CCC(=O)NC4=O)C5=O)c(F)c3)CC2)nc1,IKZF3,CRBN,1.0,<=,1,,Shanghai Gdac Biotechnology,WO2025195464A1,PGDB_AS002421,% Degradation,luminescence,standardized
PGDB_C011513,N#Cc1ccc(N2CCC(C(N)c3ccc(COc4cccc5c4C(=O)N([C@H]4CCC(=O)NC4=O)C5=O)c(F)c3)CC2)nc1,IKZF3,CRBN,10.0,<=,1,,Shanghai Gdac Biotechnology,WO2025195464A1,PGDB_AS002421,% Degradation,luminescence,standardized
PGDB_C011506,N#Cc1ccc(N2CCC(C(N)c3ccc(COc4cccc5c4CN([C@H]4CCC(=O)NC4=O)C5=O)c(F)c3)CC2)cn1,IKZF3,CRBN,0.1,<=,1,,Shanghai Gdac Biotechnology,WO2025195464A1,PGDB_AS002421,% Degradation,luminescence,standardized
PGDB_C011544,N#Cc1ccc(N2CCC(C(O)c3ccc(COc4cccc5c4CN([C@H]4CCC(=O)NC4=O)C5=O)c(F)c3)CC2)cn1,IKZF3,CRBN,0.1,<=,1,,Shanghai Gdac Biotechnology,WO2025195464A1,PGDB_AS002421,% Degradation,luminescence,standardized
PGDB_C011459,N#Cc1ccc(N2CCC(C(O)c3ccc(COc4cccc5c4CN([C@H]4CCC(=O)NC4=O)C5=O)cc3)CC2)c(F)c1,IKZF3,CRBN,0.1,<=,1,,Shanghai Gdac Biotechnology,WO2025195464A1,PGDB_AS002421,% Degradation,luminescence,standardized
PGDB_C011550,N#Cc1ccc(N2CCC([C@@H](N)c3ccc(Cc4ccc5c6c(cccc46)C(=O)N5[C@H]4CCC(=O)NC4=O)c(F)c3)CC2)c(F)c1,IKZF3,CRBN,0.1,<=,1,,Shanghai Gdac Biotechnology,WO2025195464A1,PGDB_AS002421,% Degradation,luminescence,standardized
PGDB_C011554,N#Cc1ccc(N2CCC([C@@H](O)c3ccc(Cc4ccc5c6c(cccc46)C(=O)N5[C@@H]4CCC(=O)NC4=O)c(F)c3)CC2)c(F)c1,IKZF3,CRBN,0.1,<=,1,,Shanghai Gdac Biotechnology,WO2025195464A1,PGDB_AS002421,% Degradation,luminescence,standardized
PGDB_C011562,N#Cc1ccc(N2CCC([C@@H]3NCCc4cc(COc5cccc6c5CN([C@H]5CCC(=O)NC5=O)C6=O)ccc43)CC2)c(F)c1,IKZF3,CRBN,0.1,<=,1,,Shanghai Gdac Biotechnology,WO2025195464A1,PGDB_AS002421,% Degradation,luminescence,standardized
PGDB_C011486,N#Cc1ccc(N2CCC([C@H](N)c3ccc(COc4cccc5c4CN([C@H]4CCC(=O)NC4=O)C5=O)c(F)c3)CC2)c(F)c1,IKZF3,CRBN,0.1,<=,1,,Shanghai Gdac Biotechnology,WO2025195464A1,PGDB_AS002421,% Degradation,luminescence,standardized
PGDB_C011504,N#Cc1ccc(N2CCC([C@H](N)c3ccc(COc4cccc5c4CN([C@H]4CCC(=O)NC4=O)C5=O)c(F)c3)CC2)nc1,IKZF3,CRBN,0.1,<=,1,,Shanghai Gdac Biotechnology,WO2025195464A1,PGDB_AS002421,% Degradation,luminescence,standardized
PGDB_C011483,N#Cc1ccc(N2CCC([C@H](O)c3ccc(COc4cccc5c4CN([C@H]4CCC(=O)NC4=O)C5=O)c(F)c3)CC2)c(F)c1,IKZF3,CRBN,0.1,<=,1,,Shanghai Gdac Biotechnology,WO2025195464A1,PGDB_AS002421,% Degradation,luminescence,standardized
PGDB_C011561,N#Cc1ccc(N2CCC([C@H]3NCCc4cc(COc5cccc6c5CN([C@H]5CCC(=O)NC5=O)C6=O)ccc43)CC2)c(F)c1,IKZF3,CRBN,10.0,<=,1,,Shanghai Gdac Biotechnology,WO2025195464A1,PGDB_AS002421,% Degradation,luminescence,standardized
PGDB_C011540,N#Cc1ccc(N2CCN(C(CN)c3ccc(COc4cccc5c4CN([C@H]4CCC(=O)NC4=O)C5=O)c(F)c3)CC2)cn1,IKZF3,CRBN,10.0,<=,1,,Shanghai Gdac Biotechnology,WO2025195464A1,PGDB_AS002421,% Degradation,luminescence,standardized
PGDB_C011559,N#Cc1ccc(N2CCN(C(CN)c3ccc(COc4cccc5c4CN([C@H]4CCC(=O)NC4=O)C5=O)cc3)CC2)c(F)c1,IKZF3,CRBN,10.0,<=,1,,Shanghai Gdac Biotechnology,WO2025195464A1,PGDB_AS002421,% Degradation,luminescence,standardized
PGDB_C011470,N#Cc1ccc(N2CCN(C(CO)c3ccc(COc4cccc5c4CN([C@H]4CCC(=O)NC4=O)C5=O)c(F)c3)CC2)cn1,IKZF3,CRBN,0.1,<=,1,,Shanghai Gdac Biotechnology,WO2025195464A1,PGDB_AS002421,% Degradation,luminescence,standardized
PGDB_C011460,N#Cc1ccc(N2CCN(C(CO)c3ccc(COc4cccc5c4CN([C@H]4CCC(=O)NC4=O)C5=O)cc3)CC2)c(F)c1,IKZF3,CRBN,0.1,<=,1,,Shanghai Gdac Biotechnology,WO2025195464A1,PGDB_AS002421,% Degradation,luminescence,standardized
PGDB_C011564,N#Cc1ccc(N2CCN(C(CO)c3ccc(Cc4ccc5c6c(cccc46)C(=O)N5[C@H]4CCC(=O)NC4=O)c(F)c3)CC2)c(C(=O)O)c1,IKZF3,CRBN,100.0,<=,1,,Shanghai Gdac Biotechnology,WO2025195464A1,PGDB_AS002421,% Degradation,luminescence,standardized
PGDB_C011475,N#Cc1ccc(N2CCN(C3c4ccc(COc5cccc6c5CN([C@H]5CCC(=O)NC5=O)C6=O)cc4CC3O)CC2)c(F)c1,IKZF3,CRBN,0.1,<=,1,,Shanghai Gdac Biotechnology,WO2025195464A1,PGDB_AS002421,% Degradation,luminescence,standardized
PGDB_C005650,N#Cc1ccc(N2CCN(Cc3ccc(COc4cccc5c4CN([C@H]4CCC(=O)NC4=O)C5=O)cc3)CC2)c(F)c1,IKZF1,,0.105,=,1,HT-1080,Hangzhou Glubio Pharmaceutical,EP4393915A1,PGDB_AS002064,% Degradation,luminescence,standardized
PGDB_C005650,N#Cc1ccc(N2CCN(Cc3ccc(COc4cccc5c4CN([C@H]4CCC(=O)NC4=O)C5=O)cc3)CC2)c(F)c1,SALL4,,3.4,=,1,HT-1080,Hangzhou Glubio Pharmaceutical,EP4393915A1,PGDB_AS002491,% Degradation,luminescence,standardized
PGDB_C007559,N#Cc1ccc(N2CCN(Cc3ccc(Cc4ccc5c6c(c(F)ccc46)C(=O)N5C4CCC(=O)NC4=O)cc3)CC2)c(F)c1,IKZF1,,39.1,=,1,HT-1080,Hangzhou Glubio Pharmaceutical,EP4393915A1,PGDB_AS002064,% Degradation,luminescence,standardized
PGDB_C007559,N#Cc1ccc(N2CCN(Cc3ccc(Cc4ccc5c6c(c(F)ccc46)C(=O)N5C4CCC(=O)NC4=O)cc3)CC2)c(F)c1,SALL4,,10000.0,>,0,HT-1080,Hangzhou Glubio Pharmaceutical,EP4393915A1,PGDB_AS002491,% Degradation,luminescence,standardized
PGDB_C007560,N#Cc1ccc(N2CCN(Cc3ccc(Cc4ccc5c6c(cc(Br)cc46)C(=O)N5C4CCC(=O)NC4=O)cc3)CC2)c(F)c1,IKZF1,,1.23,=,1,HT-1080,Hangzhou Glubio Pharmaceutical,EP4393915A1,PGDB_AS002064,% Degradation,luminescence,standardized
PGDB_C007560,N#Cc1ccc(N2CCN(Cc3ccc(Cc4ccc5c6c(cc(Br)cc46)C(=O)N5C4CCC(=O)NC4=O)cc3)CC2)c(F)c1,SALL4,,772.0,=,0,HT-1080,Hangzhou Glubio Pharmaceutical,EP4393915A1,PGDB_AS002491,% Degradation,luminescence,standardized
PGDB_C007561,N#Cc1ccc(N2CCN(Cc3ccc(Cc4ccc5c6c(cc(Cl)cc46)C(=O)N5C4CCC(=O)NC4=O)cc3)CC2)c(F)c1,SALL4,,10000.0,>,0,HT-1080,Hangzhou Glubio Pharmaceutical,EP4393915A1,PGDB_AS002491,% Degradation,luminescence,standardized
PGDB_C007551,N#Cc1ccc(N2CCN(Cc3ccc(Cc4ccc5c6c(cc(F)cc46)C(=O)N5C4CCC(=O)NC4=O)cc3)CC2)c(F)c1,IKZF1,,0.074,=,1,HT-1080,Hangzhou Glubio Pharmaceutical,EP4393915A1,PGDB_AS001653,% Degradation,luminescence,standardized
PGDB_C007551,N#Cc1ccc(N2CCN(Cc3ccc(Cc4ccc5c6c(cc(F)cc46)C(=O)N5C4CCC(=O)NC4=O)cc3)CC2)c(F)c1,SALL4,,32.0,=,1,HT-1080,Hangzhou Glubio Pharmaceutical,EP4393915A1,PGDB_AS000384,% Degradation,luminescence,standardized
PGDB_C007552,N#Cc1ccc(N2CCN(Cc3ccc(Cc4ccc5c6c(cc(F)cc46)C(=O)N5[C@@H]4CCC(=O)NC4=O)cc3)CC2)c(F)c1,IKZF1,,0.185,=,1,HT-1080,Hangzhou Glubio Pharmaceutical,EP4393915A1,PGDB_AS001343,% Degradation,luminescence,standardized
PGDB_C007552,N#Cc1ccc(N2CCN(Cc3ccc(Cc4ccc5c6c(cc(F)cc46)C(=O)N5[C@@H]4CCC(=O)NC4=O)cc3)CC2)c(F)c1,SALL4,,328.0,=,0,HT-1080,Hangzhou Glubio Pharmaceutical,EP4393915A1,PGDB_AS000384,% Degradation,luminescence,standardized
PGDB_C007553,N#Cc1ccc(N2CCN(Cc3ccc(Cc4ccc5c6c(cc(F)cc46)C(=O)N5[C@H]4CCC(=O)NC4=O)cc3)CC2)c(F)c1,IKZF1,,0.102,=,1,HT-1080,Hangzhou Glubio Pharmaceutical,EP4393915A1,PGDB_AS001343,% Degradation,luminescence,standardized
PGDB_C007553,N#Cc1ccc(N2CCN(Cc3ccc(Cc4ccc5c6c(cc(F)cc46)C(=O)N5[C@H]4CCC(=O)NC4=O)cc3)CC2)c(F)c1,SALL4,,104.0,=,0,HT-1080,Hangzhou Glubio Pharmaceutical,EP4393915A1,PGDB_AS000384,% Degradation,luminescence,standardized
PGDB_C007558,N#Cc1ccc(N2CCN(Cc3ccc(Cc4ccc5c6c(ccc(F)c46)C(=O)N5C4CCC(=O)NC4=O)cc3)CC2)c(F)c1,IKZF1,,1.0,=,1,HT-1080,Hangzhou Glubio Pharmaceutical,EP4393915A1,PGDB_AS002064,% Degradation,luminescence,standardized
PGDB_C007558,N#Cc1ccc(N2CCN(Cc3ccc(Cc4ccc5c6c(ccc(F)c46)C(=O)N5C4CCC(=O)NC4=O)cc3)CC2)c(F)c1,SALL4,,2.0,=,1,HT-1080,Hangzhou Glubio Pharmaceutical,EP4393915A1,PGDB_AS002491,% Degradation,luminescence,standardized
PGDB_C007562,N#Cc1ccc(N2CCN(Cc3ccc(Cc4ccc5c6c(cccc46)C(=O)N5C4CCC(=O)NC4=O)c(F)c3)CC2)c(F)c1,IKZF1,,0.014,=,1,HT-1080,Hangzhou Glubio Pharmaceutical,EP4393915A1,PGDB_AS002064,% Degradation,luminescence,standardized
PGDB_C007562,N#Cc1ccc(N2CCN(Cc3ccc(Cc4ccc5c6c(cccc46)C(=O)N5C4CCC(=O)NC4=O)c(F)c3)CC2)c(F)c1,SALL4,,0.3,<,1,HT-1080,Hangzhou Glubio Pharmaceutical,EP4393915A1,PGDB_AS002491,% Degradation,luminescence,standardized
PGDB_C007564,N#Cc1ccc(N2CCN(Cc3ccc(Cc4ccc5c6c(cccc46)C(=O)N5C4CCC(=O)NC4=O)cc3)CC2)c(F)c1,IKZF1,,0.014,=,1,HT-1080,Hangzhou Glubio Pharmaceutical,EP4393915A1,PGDB_AS002064,% Degradation,luminescence,standardized
PGDB_C007564,N#Cc1ccc(N2CCN(Cc3ccc(Cc4ccc5c6c(cccc46)C(=O)N5C4CCC(=O)NC4=O)cc3)CC2)c(F)c1,SALL4,,0.3,<,1,HT-1080,Hangzhou Glubio Pharmaceutical,EP4393915A1,PGDB_AS002491,% Degradation,luminescence,standardized
PGDB_C015421,N#Cc1ccc(N2CCN(Cc3ccc(Cc4ccc5c6c(cccc46)C(=O)N5[C@H]4CCC(=O)NC4=O)cc3)CC2)c(F)c1,GSPT1,,10000.0,>,0,293T.114,C4 Therapeutics,WO2022081927A1,PGDB_AS001223,% Degradation,luminescence,standardized
PGDB_C015421,N#Cc1ccc(N2CCN(Cc3ccc(Cc4ccc5c6c(cccc46)C(=O)N5[C@H]4CCC(=O)NC4=O)cc3)CC2)c(F)c1,IKZF1,,100.0,<,1,NCI-H929.11,C4 Therapeutics,WO2022081927A1,PGDB_AS000877,% Degradation,luminescence,standardized
PGDB_C015421,N#Cc1ccc(N2CCN(Cc3ccc(Cc4ccc5c6c(cccc46)C(=O)N5[C@H]4CCC(=O)NC4=O)cc3)CC2)c(F)c1,SALL4,,100.0,<,1,KELLY.2,C4 Therapeutics,WO2022081927A1,PGDB_AS001296,% Degradation,luminescence,standardized
PGDB_C011560,N#Cc1ccc(N2CCN([C@@H](CO)c3ccc(COc4cccc5c4CN([C@H]4CCC(=O)NC4=O)C5=O)c(F)c3)CC2)c(F)c1,IKZF3,CRBN,1.0,<=,1,,Shanghai Gdac Biotechnology,WO2025195464A1,PGDB_AS002421,% Degradation,luminescence,standardized
PGDB_C011496,N#Cc1ccc(N2CCN([C@@H](CO)c3ccc(COc4cccc5c4CN([C@H]4CCC(=O)NC4=O)C5=O)c(F)c3)CC2)cc1F,IKZF3,CRBN,0.1,<=,1,,Shanghai Gdac Biotechnology,WO2025195464A1,PGDB_AS002421,% Degradation,luminescence,standardized
PGDB_C011497,N#Cc1ccc(N2CCN([C@H](CO)c3ccc(COc4cccc5c4CN([C@H]4CCC(=O)NC4=O)C5=O)c(F)c3)CC2)cc1F,IKZF3,CRBN,0.1,<=,1,,Shanghai Gdac Biotechnology,WO2025195464A1,PGDB_AS002421,% Degradation,luminescence,standardized
PGDB_C011549,N#Cc1ccc(N2CCN([C@H](CO)c3ccc(Cc4ccc5c6c(cccc46)C(=O)N5[C@H]4CCC(=O)NC4=O)c(F)c3)CC2)c(F)c1,IKZF3,CRBN,0.1,<=,1,,Shanghai Gdac Biotechnology,WO2025195464A1,PGDB_AS002421,% Degradation,luminescence,standardized
PGDB_C011558,N#Cc1ccc(N2CCN([C@H]3CNCc4cc(COc5cccc6c5CN([C@H]5CCC(=O)NC5=O)C6=O)ccc43)CC2)c(F)c1,IKZF3,,0.04,<=,1,,Shanghai Gdac Biotechnology,WO2025195464A1,PGDB_AS000905,% Degradation,luminescence,standardized
PGDB_C032751,N#Cc1ccc(O[C@H]2CC[C@H](NC(=O)c3ccc(N4CCC(CN5CCC6(CC5)OCc5c6cc(Cl)c6c5CN([C@H]5CCC(=O)NC5=O)C6=O)CC4)c(F)c3)CC2)cc1,CSNK1A1,,10.0,<=,1,HEK293,,WO2026139085A1,PGDB_AS002601,% Degradation,luminescence,standardized
PGDB_C004622,N#Cc1ccc(Oc2cccc(CN3CCC(O)(c4ccc5c(c4)C(=O)N(C4CCC(=O)NC4=O)C5=O)CC3)c2)cc1,IKZF2,,4.3,=,1,MOLT-4,Dana Farber Cancer Institute,US20240217970A1,PGDB_AS001527,% Degradation,,standardized
PGDB_C003215,N#Cc1ccc(Oc2cn(Cc3ccc4c(c3)CN(C3CCC(=O)NC3=O)C4=O)nn2)cc1,GSPT1,,1000.0,>,0,NB4,Beijing Innocare Pharma Tech,WO2024222614A1,PGDB_AS001663,% Degradation,luminescence,standardized
PGDB_C009997,N#Cc1ccc2c(c1)CCC1CN(Cc3ccc(COc4cccc5c4CN(C4CCC(=O)NC4=O)C5=O)cc3)CCN21,IKZF1,CRBN,0.44,=,1,HT-1080,Hangzhou Glubio Pharmaceutical,WO2023025136A1,PGDB_AS001276,% Degradation,luminescence,standardized
PGDB_C009997,N#Cc1ccc2c(c1)CCC1CN(Cc3ccc(COc4cccc5c4CN(C4CCC(=O)NC4=O)C5=O)cc3)CCN21,SALL4,,5.8999999999999995,=,1,HT-1080,Hangzhou Glubio Pharmaceutical,WO2023025136A1,PGDB_AS001426,% Degradation,luminescence,standardized
PGDB_C009994,N#Cc1ccc2c(c1)OCC1CN(Cc3ccc(COc4cccc5c4CN([C@H]4CCC(=O)NC4=O)C5=O)c(F)c3)CCN21,IKZF1,CRBN,0.18,<,1,HT-1080,Hangzhou Glubio Pharmaceutical,WO2023025136A1,PGDB_AS001276,% Degradation,luminescence,standardized
PGDB_C009994,N#Cc1ccc2c(c1)OCC1CN(Cc3ccc(COc4cccc5c4CN([C@H]4CCC(=O)NC4=O)C5=O)c(F)c3)CCN21,SALL4,,2.0,=,1,HT-1080,Hangzhou Glubio Pharmaceutical,WO2023025136A1,PGDB_AS001426,% Degradation,luminescence,standardized
PGDB_C009985,N#Cc1ccc2c(c1)OCC1CN(Cc3ccc(COc4cccc5c4CN([C@H]4CCC(=O)NC4=O)C5=O)cc3)CCN21,IKZF1,CRBN,0.047,=,1,HT-1080,Hangzhou Glubio Pharmaceutical,WO2023025136A1,PGDB_AS001276,% Degradation,luminescence,standardized
PGDB_C009985,N#Cc1ccc2c(c1)OCC1CN(Cc3ccc(COc4cccc5c4CN([C@H]4CCC(=O)NC4=O)C5=O)cc3)CCN21,SALL4,,3.6,=,1,HT-1080,Hangzhou Glubio Pharmaceutical,WO2023025136A1,PGDB_AS001426,% Degradation,luminescence,standardized
PGDB_C009987,N#Cc1ccc2c(c1)OC[C@@H]1CN(Cc3ccc(COc4cccc5c4CN([C@H]4CCC(=O)NC4=O)C5=O)cc3)CCN21,IKZF1,CRBN,0.17,=,1,HT-1080,Hangzhou Glubio Pharmaceutical,WO2023025136A1,PGDB_AS001276,% Degradation,luminescence,standardized
PGDB_C009987,N#Cc1ccc2c(c1)OC[C@@H]1CN(Cc3ccc(COc4cccc5c4CN([C@H]4CCC(=O)NC4=O)C5=O)cc3)CCN21,SALL4,,4.7,=,1,HT-1080,Hangzhou Glubio Pharmaceutical,WO2023025136A1,PGDB_AS001426,% Degradation,luminescence,standardized
PGDB_C009993,N#Cc1ccc2c(c1)OC[C@H]1CN(Cc3ccc(COc4cc(F)cc5c4CN([C@H]4CCC(=O)NC4=O)C5=O)c(F)c3)CCN21,IKZF1,CRBN,0.14,=,1,HT-1080,Hangzhou Glubio Pharmaceutical,WO2023025136A1,PGDB_AS001276,% Degradation,luminescence,standardized
PGDB_C009993,N#Cc1ccc2c(c1)OC[C@H]1CN(Cc3ccc(COc4cc(F)cc5c4CN([C@H]4CCC(=O)NC4=O)C5=O)c(F)c3)CCN21,SALL4,,10000.0,>,0,HT-1080,Hangzhou Glubio Pharmaceutical,WO2023025136A1,PGDB_AS001426,% Degradation,luminescence,standardized
PGDB_C009989,N#Cc1ccc2c(c1)OC[C@H]1CN(Cc3ccc(COc4cc(F)cc5c4CN([C@H]4CCC(=O)NC4=O)C5=O)cc3)CCN21,IKZF1,CRBN,0.071,=,1,HT-1080,Hangzhou Glubio Pharmaceutical,WO2023025136A1,PGDB_AS001276,% Degradation,luminescence,standardized
PGDB_C009989,N#Cc1ccc2c(c1)OC[C@H]1CN(Cc3ccc(COc4cc(F)cc5c4CN([C@H]4CCC(=O)NC4=O)C5=O)cc3)CCN21,SALL4,,760.0,=,0,HT-1080,Hangzhou Glubio Pharmaceutical,WO2023025136A1,PGDB_AS001426,% Degradation,luminescence,standardized
PGDB_C009996,N#Cc1ccc2c(c1)OC[C@H]1CN(Cc3ccc(COc4cc(F)cc5c4CN([C@H]4CCC(=O)NC4=O)C5=O)cn3)CCN21,IKZF1,CRBN,1.28,=,1,HT-1080,Hangzhou Glubio Pharmaceutical,WO2023025136A1,PGDB_AS001276,% Degradation,luminescence,standardized
PGDB_C009996,N#Cc1ccc2c(c1)OC[C@H]1CN(Cc3ccc(COc4cc(F)cc5c4CN([C@H]4CCC(=O)NC4=O)C5=O)cn3)CCN21,SALL4,,10000.0,>,0,HT-1080,Hangzhou Glubio Pharmaceutical,WO2023025136A1,PGDB_AS001426,% Degradation,luminescence,standardized
PGDB_C009995,N#Cc1ccc2c(c1)OC[C@H]1CN(Cc3ccc(COc4cccc5c4CN([C@H]4CCC(=O)NC4=O)C5=O)c(F)c3)CCN21,IKZF1,CRBN,0.052,=,1,HT-1080,Hangzhou Glubio Pharmaceutical,WO2023025136A1,PGDB_AS001276,% Degradation,luminescence,standardized
PGDB_C009995,N#Cc1ccc2c(c1)OC[C@H]1CN(Cc3ccc(COc4cccc5c4CN([C@H]4CCC(=O)NC4=O)C5=O)c(F)c3)CCN21,SALL4,,3.3,=,1,HT-1080,Hangzhou Glubio Pharmaceutical,WO2023025136A1,PGDB_AS001426,% Degradation,luminescence,standardized
PGDB_C009992,N#Cc1ccc2c(c1)OC[C@H]1CN(Cc3ccc(COc4cccc5c4CN([C@H]4CCC(=O)NC4=O)C5=O)cn3)CCN21,IKZF1,CRBN,0.068,=,1,HT-1080,Hangzhou Glubio Pharmaceutical,WO2023025136A1,PGDB_AS001276,% Degradation,luminescence,standardized
PGDB_C009992,N#Cc1ccc2c(c1)OC[C@H]1CN(Cc3ccc(COc4cccc5c4CN([C@H]4CCC(=O)NC4=O)C5=O)cn3)CCN21,SALL4,,10.0,=,1,HT-1080,Hangzhou Glubio Pharmaceutical,WO2023025136A1,PGDB_AS001426,% Degradation,luminescence,standardized
PGDB_C007543,N#Cc1ccc2c(c1)OC[C@H]1CN(Cc3ccc(Cc4ccc5c6c(cc(F)cc46)C(=O)N5C4CCC(=O)NC4=O)cc3)CCN21,IKZF1,,0.025,=,1,HT-1080,Hangzhou Glubio Pharmaceutical,EP4393915A1,PGDB_AS001653,% Degradation,luminescence,standardized
PGDB_C007543,N#Cc1ccc2c(c1)OC[C@H]1CN(Cc3ccc(Cc4ccc5c6c(cc(F)cc46)C(=O)N5C4CCC(=O)NC4=O)cc3)CCN21,SALL4,,117.0,=,0,HT-1080,Hangzhou Glubio Pharmaceutical,EP4393915A1,PGDB_AS000384,% Degradation,luminescence,standardized
PGDB_C007544,N#Cc1ccc2c(c1)OC[C@H]1CN(Cc3ccc(Cc4ccc5c6c(cc(F)cc46)C(=O)N5C4CCC(=O)NC4=O)cn3)CCN21,IKZF1,,0.022,=,1,HT-1080,Hangzhou Glubio Pharmaceutical,EP4393915A1,PGDB_AS001653,% Degradation,luminescence,standardized
PGDB_C007544,N#Cc1ccc2c(c1)OC[C@H]1CN(Cc3ccc(Cc4ccc5c6c(cc(F)cc46)C(=O)N5C4CCC(=O)NC4=O)cn3)CCN21,SALL4,,400.0,=,0,HT-1080,Hangzhou Glubio Pharmaceutical,EP4393915A1,PGDB_AS000384,% Degradation,luminescence,standardized
PGDB_C007547,N#Cc1ccc2c(c1)OC[C@H]1CN(Cc3ccc(Cc4ccc5c6c(cccc46)C(=O)N5C4CCC(=O)NC4=O)cc3)CCN21,IKZF1,,0.017,=,1,HT-1080,Hangzhou Glubio Pharmaceutical,EP4393915A1,PGDB_AS001653,% Degradation,luminescence,standardized
PGDB_C007547,N#Cc1ccc2c(c1)OC[C@H]1CN(Cc3ccc(Cc4ccc5c6c(cccc46)C(=O)N5C4CCC(=O)NC4=O)cc3)CCN21,SALL4,,2.0,=,1,HT-1080,Hangzhou Glubio Pharmaceutical,EP4393915A1,PGDB_AS000384,% Degradation,luminescence,standardized
PGDB_C006077,N#Cc1cccc(CN2CCC(O)(c3ccc4c(c3)C(=O)N(C3CCC(=O)NC3=O)C4=O)CC2)c1,IKZF2,,9.0,=,1,MOLT-4,Neomorph;Dana Farber Cancer Institute,CA3215907A1,PGDB_AS000536,% Degradation,luminescence,standardized
PGDB_C003185,N#Cc1cccc(Cc2cn(Cc3ccc4c(c3)CN(C3CCC(=O)NC3=O)C4=O)nn2)c1,GSPT1,,1.5,=,1,NB4,Beijing Innocare Pharma Tech,WO2024222614A1,PGDB_AS001663,% Degradation,luminescence,standardized
PGDB_C001846,N#Cc1ccccc1[C@@H](NC(=O)c1ccc2c(c1)CN(C1CCC(=O)NC1=O)C2=O)C1CC1,CSNK1A1,CRBN,162.0,=,0,HT-1080,Hangzhou Glubio Pharmaceutical,WO2022257897A1,PGDB_AS001868,% Degradation,luminescence,standardized
PGDB_C032028,N#Cc1cccn(-c2ccc(-c3cccc(C4CCC(=O)NC4=O)c3Cl)s2)c1=O,VAV1,,22.6,=,1,,Changchun Genescience Pharmaceutical Co Ltd,WO2026119120A1,PGDB_AS001984,% Degradation,luminescence,standardized
PGDB_C029233,N#Cc1cn(C2CCN(CC3(F)CCN(C(=O)c4ccc(N5C6CCC5CN(c5cc(-c7ccccc7O)nnc5N)C6)cc4)CC3)CC2)c2ccc(N3CCC(=O)NC3=O)c(F)c12,SMARCA2,,69.5,=,1,,AstraZeneca,WO2026120044,PGDB_AS001809,% Degradation,,standardized
PGDB_C029233,N#Cc1cn(C2CCN(CC3(F)CCN(C(=O)c4ccc(N5C6CCC5CN(c5cc(-c7ccccc7O)nnc5N)C6)cc4)CC3)CC2)c2ccc(N3CCC(=O)NC3=O)c(F)c12,SMARCA4,,31670.0,>,0,,AstraZeneca,WO2026120044,PGDB_AS001309,% Degradation,,standardized
PGDB_C029201,N#Cc1cn(C2CCN(CC3(F)CCN(C(=O)c4ccc(N5C6CCC5CN(c5cc(-c7ccccc7O)nnc5N)C6)cc4F)CC3)CC2)c2ccc(N3CCC(=O)NC3=O)cc12,SMARCA2,,104.4,=,0,,AstraZeneca,WO2026120044,PGDB_AS001809,% Degradation,,standardized
PGDB_C029201,N#Cc1cn(C2CCN(CC3(F)CCN(C(=O)c4ccc(N5C6CCC5CN(c5cc(-c7ccccc7O)nnc5N)C6)cc4F)CC3)CC2)c2ccc(N3CCC(=O)NC3=O)cc12,SMARCA4,,1008.9999999999999,>,0,,AstraZeneca,WO2026120044,PGDB_AS001309,% Degradation,,standardized
PGDB_C029211,N#Cc1cn(C2CCN(CC3CCN(C(=O)c4ccc(N5C6CCC5CN(c5cc(-c7ccccc7O)nnc5N)C6)cc4)CC3)CC2)c2ccc(N3CCC(=O)NC3=O)cc12,SMARCA2,,39.4,=,1,,AstraZeneca,WO2026120044,PGDB_AS001809,% Degradation,,standardized
PGDB_C029211,N#Cc1cn(C2CCN(CC3CCN(C(=O)c4ccc(N5C6CCC5CN(c5cc(-c7ccccc7O)nnc5N)C6)cc4)CC3)CC2)c2ccc(N3CCC(=O)NC3=O)cc12,SMARCA4,,319.0,>,0,,AstraZeneca,WO2026120044,PGDB_AS001309,% Degradation,,standardized
PGDB_C011538,N#Cc1cnc(N2CCC(C(CN)c3ccc(COc4cccc5c4CN([C@H]4CCC(=O)NC4=O)C5=O)c(F)c3)CC2)c(F)c1,IKZF3,CRBN,0.1,<=,1,,Shanghai Gdac Biotechnology,WO2025195464A1,PGDB_AS002421,% Degradation,luminescence,standardized
PGDB_C011468,N#Cc1cnc(N2CCC(C(CO)c3ccc(COc4cccc5c4CN([C@H]4CCC(=O)NC4=O)C5=O)c(F)c3)CC2)c(F)c1,IKZF3,CRBN,0.1,<=,1,,Shanghai Gdac Biotechnology,WO2025195464A1,PGDB_AS002421,% Degradation,luminescence,standardized
PGDB_C011536,N#Cc1cnc(N2CCC(C(N)c3ccc(COc4cccc5c4CN([C@H]4CCC(=O)NC4=O)C5=O)c(F)c3)CC2)c(F)c1,IKZF3,CRBN,0.1,<=,1,,Shanghai Gdac Biotechnology,WO2025195464A1,PGDB_AS002421,% Degradation,luminescence,standardized
PGDB_C011463,N#Cc1cnc(N2CCC(C(O)c3ccc(COc4cccc5c4CN([C@H]4CCC(=O)NC4=O)C5=O)c(F)c3)CC2)c(F)c1,IKZF3,CRBN,1.0,<=,1,,Shanghai Gdac Biotechnology,WO2025195464A1,PGDB_AS002421,% Degradation,luminescence,standardized
PGDB_C011541,N#Cc1cnc(N2CCN(C(CN)c3ccc(COc4cccc5c4CN([C@H]4CCC(=O)NC4=O)C5=O)c(F)c3)CC2)c(F)c1,IKZF3,CRBN,0.1,<=,1,,Shanghai Gdac Biotechnology,WO2025195464A1,PGDB_AS002421,% Degradation,luminescence,standardized
PGDB_C011471,N#Cc1cnc(N2CCN(C(CO)c3ccc(COc4cccc5c4CN([C@H]4CCC(=O)NC4=O)C5=O)c(F)c3)CC2)c(F)c1,IKZF3,CRBN,1.0,<=,1,,Shanghai Gdac Biotechnology,WO2025195464A1,PGDB_AS002421,% Degradation,luminescence,standardized
PGDB_C010002,N#Cc1cnc2c(c1)OC[C@H]1CN(Cc3ccc(COc4cc(F)cc5c4CN([C@H]4CCC(=O)NC4=O)C5=O)cc3)CCN21,IKZF1,CRBN,1.22,=,1,HT-1080,Hangzhou Glubio Pharmaceutical,WO2023025136A1,PGDB_AS001276,% Degradation,luminescence,standardized
PGDB_C010002,N#Cc1cnc2c(c1)OC[C@H]1CN(Cc3ccc(COc4cc(F)cc5c4CN([C@H]4CCC(=O)NC4=O)C5=O)cc3)CCN21,SALL4,,10000.0,>,0,HT-1080,Hangzhou Glubio Pharmaceutical,WO2023025136A1,PGDB_AS001426,% Degradation,luminescence,standardized
PGDB_C010000,N#Cc1cnc2c(c1)OC[C@H]1CN(Cc3ccc(COc4cccc5c4CN([C@@H]4CCC(=O)NC4=O)C5=O)c(F)c3)CCN21,IKZF1,CRBN,0.18,=,1,HT-1080,Hangzhou Glubio Pharmaceutical,WO2023025136A1,PGDB_AS001276,% Degradation,luminescence,standardized
PGDB_C010000,N#Cc1cnc2c(c1)OC[C@H]1CN(Cc3ccc(COc4cccc5c4CN([C@@H]4CCC(=O)NC4=O)C5=O)c(F)c3)CCN21,SALL4,,10000.0,>,0,HT-1080,Hangzhou Glubio Pharmaceutical,WO2023025136A1,PGDB_AS001426,% Degradation,luminescence,standardized
PGDB_C009998,N#Cc1cnc2c(c1)OC[C@H]1CN(Cc3ccc(COc4cccc5c4CN([C@@H]4CCC(=O)NC4=O)C5=O)cc3)CCN21,IKZF1,CRBN,0.36,=,1,HT-1080,Hangzhou Glubio Pharmaceutical,WO2023025136A1,PGDB_AS001276,% Degradation,luminescence,standardized
PGDB_C009998,N#Cc1cnc2c(c1)OC[C@H]1CN(Cc3ccc(COc4cccc5c4CN([C@@H]4CCC(=O)NC4=O)C5=O)cc3)CCN21,SALL4,,10000.0,>,0,HT-1080,Hangzhou Glubio Pharmaceutical,WO2023025136A1,PGDB_AS001426,% Degradation,luminescence,standardized
PGDB_C010001,N#Cc1cnc2c(c1)OC[C@H]1CN(Cc3ccc(COc4cccc5c4CN([C@H]4CCC(=O)NC4=O)C5=O)c(F)c3)CCN21,IKZF1,CRBN,0.12,=,1,HT-1080,Hangzhou Glubio Pharmaceutical,WO2023025136A1,PGDB_AS001276,% Degradation,luminescence,standardized
PGDB_C010001,N#Cc1cnc2c(c1)OC[C@H]1CN(Cc3ccc(COc4cccc5c4CN([C@H]4CCC(=O)NC4=O)C5=O)c(F)c3)CCN21,SALL4,,10000.0,>,0,HT-1080,Hangzhou Glubio Pharmaceutical,WO2023025136A1,PGDB_AS001426,% Degradation,luminescence,standardized
PGDB_C009999,N#Cc1cnc2c(c1)OC[C@H]1CN(Cc3ccc(COc4cccc5c4CN([C@H]4CCC(=O)NC4=O)C5=O)cc3)CCN21,IKZF1,CRBN,0.21,=,1,HT-1080,Hangzhou Glubio Pharmaceutical,WO2023025136A1,PGDB_AS001276,% Degradation,luminescence,standardized
PGDB_C009999,N#Cc1cnc2c(c1)OC[C@H]1CN(Cc3ccc(COc4cccc5c4CN([C@H]4CCC(=O)NC4=O)C5=O)cc3)CCN21,SALL4,,10000.0,>,0,HT-1080,Hangzhou Glubio Pharmaceutical,WO2023025136A1,PGDB_AS001426,% Degradation,luminescence,standardized
PGDB_C007554,N#Cc1cnc2c(c1)OC[C@H]1CN(Cc3ccc(Cc4ccc5c6c(cc(F)cc46)C(=O)N5C4CCC(=O)NC4=O)c(F)c3)CCN21,IKZF1,,0.065,=,1,HT-1080,Hangzhou Glubio Pharmaceutical,EP4393915A1,PGDB_AS001653,% Degradation,luminescence,standardized
PGDB_C007554,N#Cc1cnc2c(c1)OC[C@H]1CN(Cc3ccc(Cc4ccc5c6c(cc(F)cc46)C(=O)N5C4CCC(=O)NC4=O)c(F)c3)CCN21,SALL4,,10000.0,>,0,HT-1080,Hangzhou Glubio Pharmaceutical,EP4393915A1,PGDB_AS000384,% Degradation,luminescence,standardized
PGDB_C007546,N#Cc1cnc2c(c1)OC[C@H]1CN(Cc3ccc(Cc4ccc5c6c(cccc46)C(=O)N5C4CCC(=O)NC4=O)c(F)c3)CCN21,IKZF1,,0.026,=,1,HT-1080,Hangzhou Glubio Pharmaceutical,EP4393915A1,PGDB_AS001653,% Degradation,luminescence,standardized
PGDB_C007546,N#Cc1cnc2c(c1)OC[C@H]1CN(Cc3ccc(Cc4ccc5c6c(cccc46)C(=O)N5C4CCC(=O)NC4=O)c(F)c3)CCN21,SALL4,,1.0,=,1,HT-1080,Hangzhou Glubio Pharmaceutical,EP4393915A1,PGDB_AS000384,% Degradation,luminescence,standardized
PGDB_C007545,N#Cc1cnc2c(c1)OC[C@H]1CN(Cc3ccc(Cc4ccc5c6c(cccc46)C(=O)N5C4CCC(=O)NC4=O)cc3)CCN21,IKZF1,,0.038,=,1,HT-1080,Hangzhou Glubio Pharmaceutical,EP4393915A1,PGDB_AS001653,% Degradation,luminescence,standardized
PGDB_C007545,N#Cc1cnc2c(c1)OC[C@H]1CN(Cc3ccc(Cc4ccc5c6c(cccc46)C(=O)N5C4CCC(=O)NC4=O)cc3)CCN21,SALL4,,2.4,=,1,HT-1080,Hangzhou Glubio Pharmaceutical,EP4393915A1,PGDB_AS000384,% Degradation,luminescence,standardized
PGDB_C005472,N=C(N)NCCOCCc1ccc(NC(=O)NCc2ccc3c(c2)CN(C2CCC(=O)NC2=O)C3=O)cc1Cl,GSPT1,,1.32,=,1,HEK293,Shanghai Qilu Pharmaceutical Research And Development Centre,WO2025252247A1,PGDB_AS000196,% Degradation,,standardized
PGDB_C011568,NC(c1ccc(COc2cccc3c2CN([C@H]2CCC(=O)NC2=O)C3=O)cc1)C1CCOCC1,IKZF3,CRBN,10.0,<=,1,,Shanghai Gdac Biotechnology,WO2025195464A1,PGDB_AS002421,% Degradation,luminescence,standardized
PGDB_C026985,NC/C=C/c1nccc(N2CCCN(c3cc(-c4ccccc4O)nnc3N)CC2)n1,SMARCA4,,500.0,>=,0,HeLa,Plexium,WO2023244806A1,PGDB_AS000073,% Degradation,luminescence,standardized
PGDB_C026963,NCC#Cc1nccc(N2C3CC2CN(c2cc(-c4ccccc4O)nnc2N)C3)n1,SMARCA2,,500.0,>=,0,HeLa,Plexium,WO2023244806A1,PGDB_AS002237,% Degradation,luminescence,standardized
PGDB_C026963,NCC#Cc1nccc(N2C3CC2CN(c2cc(-c4ccccc4O)nnc2N)C3)n1,SMARCA4,,500.0,>=,0,HeLa,Plexium,WO2023244806A1,PGDB_AS000073,% Degradation,luminescence,standardized
PGDB_C026958,NCC#Cc1nccc(N2CC3CN(c4cc(-c5ccccc5O)nnc4N)C3C2)n1,SMARCA2,,500.0,>=,0,HeLa,Plexium,WO2023244806A1,PGDB_AS002237,% Degradation,luminescence,standardized
PGDB_C026958,NCC#Cc1nccc(N2CC3CN(c4cc(-c5ccccc5O)nnc4N)C3C2)n1,SMARCA4,,5000.0,>,0,HeLa,Plexium,WO2023244806A1,PGDB_AS000073,% Degradation,luminescence,standardized
PGDB_C026962,NCC#Cc1nccc(N2CCC3(CC2)CCN(c2cc(-c4ccccc4O)nnc2N)CC3)n1,SMARCA2,,500.0,>=,0,HeLa,Plexium,WO2023244806A1,PGDB_AS002237,% Degradation,luminescence,standardized
PGDB_C026962,NCC#Cc1nccc(N2CCC3(CC2)CCN(c2cc(-c4ccccc4O)nnc2N)CC3)n1,SMARCA4,,500.0,>=,0,HeLa,Plexium,WO2023244806A1,PGDB_AS000073,% Degradation,luminescence,standardized
PGDB_C026961,NCC#Cc1nccc(N2CCC3(CCCN(c4cc(-c5ccccc5O)nnc4N)C3)CC2)n1,SMARCA2,,500.0,>=,0,HeLa,Plexium,WO2023244806A1,PGDB_AS002237,% Degradation,luminescence,standardized
PGDB_C026961,NCC#Cc1nccc(N2CCC3(CCCN(c4cc(-c5ccccc5O)nnc4N)C3)CC2)n1,SMARCA4,,500.0,>=,0,HeLa,Plexium,WO2023244806A1,PGDB_AS000073,% Degradation,luminescence,standardized
PGDB_C011569,NCC(c1ccc(COc2cccc3c2CN([C@H]2CCC(=O)NC2=O)C3=O)cc1)N1CCOCC1,IKZF3,CRBN,100.0,<=,1,,Shanghai Gdac Biotechnology,WO2025195464A1,PGDB_AS002421,% Degradation,luminescence,standardized
PGDB_C033056,NCCNC(=O)c1ccc2cc(-c3cccc(C4CCC(=O)NC4=O)c3Cl)ccc2c1,VAV1,,50.0,<=,1,Jurkat,,WO2026145172A1,PGDB_AS002602,% Degradation,luminescence,standardized
PGDB_C033073,NCCNC(=O)c1cccc2cc(-c3cccc(C4CCC(=O)NC4=O)c3Cl)ccc12,VAV1,,50.0,<=,1,Jurkat,,WO2026145172A1,PGDB_AS002602,% Degradation,luminescence,standardized
PGDB_C011530,N[C@@H](c1ccc(Cc2ccc3c4c(cccc24)C(=O)N3[C@H]2CCC(=O)NC2=O)c(F)c1)C1CCOCC1,IKZF3,CRBN,0.1,<=,1,,Shanghai Gdac Biotechnology,WO2025195464A1,PGDB_AS002421,% Degradation,luminescence,standardized
PGDB_C011533,N[C@H](c1ccc(Cc2ccc3c4c(cccc24)C(=O)N3[C@@H]2CCC(=O)NC2=O)cc1)C1CCOCC1,IKZF3,CRBN,0.1,<=,1,,Shanghai Gdac Biotechnology,WO2025195464A1,PGDB_AS002421,% Degradation,luminescence,standardized
PGDB_C027639,Nc1ccc(-c2cccc(C3CCC(=O)NC3=O)c2Cl)cc1Cl,VAV1,,18.07,=,1,Jurkat,Monte Rosa Therapeutics,WO2024151547A1,PGDB_AS001582,% Degradation,luminescence,standardized
PGDB_C000492,Nc1ccc(-c2ccncc2)c(CN2CCOCC2)c1,GSPT1,,32.39,=,1,U937,Livzon Pharmaceutical Group;Jinan University,CN117917402A,PGDB_AS002566,% Degradation,Western_blot,standardized
PGDB_C003208,Nc1ccc(Cl)cc1-c1cn(Cc2ccc3c(c2)CN(C2CCC(=O)NC2=O)C3=O)nn1,GSPT1,,10.0,=,1,NB4,Beijing Innocare Pharma Tech,WO2024222614A1,PGDB_AS001663,% Degradation,luminescence,standardized
PGDB_C009601,Nc1cccc2c1C(=O)N(C1CCC(=O)NC1=O)C2=O,IKZF1,,0.266,=,1,HT-1080,Hangzhou Glubio Pharmaceutical,EP4393915A1,PGDB_AS001653,% Degradation,luminescence,standardized
PGDB_C009601,Nc1cccc2c1C(=O)N(C1CCC(=O)NC1=O)C2=O,SALL4,,332.0,=,0,HT-1080,Hangzhou Glubio Pharmaceutical,WO2023025136A1,PGDB_AS001426,% Degradation,luminescence,standardized
PGDB_C007382,Nc1nc(-c2ccc3c(c2)CN(C2CCC(=O)NC2=O)C3=O)ccc1CN1CC2(CCC2)C1,IKZF1,,10000.0,>,0,,Bristol Myers Squibb,CN121646585A,PGDB_AS001153,% Degradation,flow_cytometry,standardized
PGDB_C007382,Nc1nc(-c2ccc3c(c2)CN(C2CCC(=O)NC2=O)C3=O)ccc1CN1CC2(CCC2)C1,IKZF2,,11.0,=,1,,Bristol Myers Squibb,CN121646585A,PGDB_AS001421,% Degradation,flow_cytometry,standardized
PGDB_C007382,Nc1nc(-c2ccc3c(c2)CN(C2CCC(=O)NC2=O)C3=O)ccc1CN1CC2(CCC2)C1,IKZF3,,1000.0,>,0,,Bristol Myers Squibb,CN121646585A,PGDB_AS001088,% Degradation,flow_cytometry,standardized
PGDB_C007382,Nc1nc(-c2ccc3c(c2)CN(C2CCC(=O)NC2=O)C3=O)ccc1CN1CC2(CCC2)C1,IKZF4,,1.0,=,1,,Bristol Myers Squibb,CN121646585A,PGDB_AS000563,% Degradation,flow_cytometry,standardized
PGDB_C008148,Nc1nc(-c2ccc3c(c2F)CN(C2CCC(=O)NC2=O)C3=O)ccc1CN1CC(C2CCC(F)(F)CC2)C1,IKZF2,,0.1,=,1,,Bristol Myers Squibb,CN121646585A,PGDB_AS001421,% Degradation,flow_cytometry,standardized
PGDB_C008148,Nc1nc(-c2ccc3c(c2F)CN(C2CCC(=O)NC2=O)C3=O)ccc1CN1CC(C2CCC(F)(F)CC2)C1,IKZF4,,1.6,<=,1,,Bristol Myers Squibb,CN121646585A,PGDB_AS000563,% Degradation,flow_cytometry,standardized
PGDB_C026981,Nc1ncc(-c2ccccc2O)cc1N1CCCN(c2ccnc(C#CCn3ccn4nccc4c3=O)n2)CC1,SMARCA2,,50.0,<,1,HeLa,Plexium,WO2023244806A1,PGDB_AS002237,% Degradation,luminescence,standardized
PGDB_C027636,Nc1nccn1Cc1ccc(-c2cccc(C3CCC(=O)NC3=O)c2Cl)cc1,VAV1,,239.72,=,0,Jurkat,Monte Rosa Therapeutics,WO2024151547A1,PGDB_AS001582,% Degradation,luminescence,standardized
PGDB_C029206,Nc1nnc(-c2cc(F)ccc2O)cc1N1CC2CCC(C1)N2c1ccc(C(=O)N2CCC(F)(CN3CCC(n4ccc5cc(N6CCC(=O)NC6=O)ccc54)CC3)CC2)cc1,SMARCA2,,94.7,=,1,,AstraZeneca,WO2026120044,PGDB_AS001809,% Degradation,,standardized
PGDB_C027239,Nc1nnc(-c2cc(F)ccc2O)cc1N1CCCN(c2ccnc(C#CCNC(=O)c3cc4ncccn4n3)n2)CC1,SMARCA2,,500.0,>=,0,HeLa,Plexium,WO2023244806A1,PGDB_AS002237,% Degradation,luminescence,standardized
PGDB_C027239,Nc1nnc(-c2cc(F)ccc2O)cc1N1CCCN(c2ccnc(C#CCNC(=O)c3cc4ncccn4n3)n2)CC1,SMARCA4,,500.0,>=,0,HeLa,Plexium,WO2023244806A1,PGDB_AS000073,% Degradation,luminescence,standardized
PGDB_C026954,Nc1nnc(-c2ccccc2O)cc1N1C2CC1CN(c1ccnc(C#CCNC(=O)c3cc4ncccn4n3)n1)C2,SMARCA2,,500.0,>=,0,HeLa,Plexium,WO2023244806A1,PGDB_AS002237,% Degradation,luminescence,standardized
PGDB_C026954,Nc1nnc(-c2ccccc2O)cc1N1C2CC1CN(c1ccnc(C#CCNC(=O)c3cc4ncccn4n3)n1)C2,SMARCA4,,5000.0,>,0,HeLa,Plexium,WO2023244806A1,PGDB_AS000073,% Degradation,luminescence,standardized
PGDB_C026897,Nc1nnc(-c2ccccc2O)cc1N1C2CCC1CN(c1ccnc(C#CCCNC(=O)c3cc4ncccn4n3)n1)C2,SMARCA2,,500.0,>=,0,HeLa,Plexium,WO2023244806A1,PGDB_AS002237,% Degradation,luminescence,standardized
PGDB_C026897,Nc1nnc(-c2ccccc2O)cc1N1C2CCC1CN(c1ccnc(C#CCCNC(=O)c3cc4ncccn4n3)n1)C2,SMARCA4,,500.0,>=,0,HeLa,Plexium,WO2023244806A1,PGDB_AS000073,% Degradation,luminescence,standardized
PGDB_C027156,Nc1nnc(-c2ccccc2O)cc1N1C2CCC1CN(c1ccnc(C#CCn3ccnc3)n1)C2,SMARCA4,,500.0,>=,0,HeLa,Plexium,WO2023244806A1,PGDB_AS000073,% Degradation,luminescence,standardized
PGDB_C026893,Nc1nnc(-c2ccccc2O)cc1N1CC2C1CCN2c1ccnc(C#CCNC(=O)c2cc3ncccn3n2)n1,SMARCA2,,500.0,>=,0,HeLa,Plexium,WO2023244806A1,PGDB_AS002237,% Degradation,luminescence,standardized
PGDB_C029298,Nc1nnc(-c2ccccc2O)cc1N1CC2CC(C1)N2c1ccc(C(=O)N2CCC(CN3CCC(c4cn(C5CCC5)c5cc(N6CCC(=O)NC6=O)ccc45)CC3)CC2)c(Cl)c1,SMARCA2,,90.2,=,1,,AstraZeneca,WO2026120044,PGDB_AS001809,% Degradation,,standardized
PGDB_C029298,Nc1nnc(-c2ccccc2O)cc1N1CC2CC(C1)N2c1ccc(C(=O)N2CCC(CN3CCC(c4cn(C5CCC5)c5cc(N6CCC(=O)NC6=O)ccc45)CC3)CC2)c(Cl)c1,SMARCA4,,1008.9999999999999,>,0,,AstraZeneca,WO2026120044,PGDB_AS001309,% Degradation,,standardized
PGDB_C029301,Nc1nnc(-c2ccccc2O)cc1N1CC2CC(C1)N2c1ccc(C(=O)N2CCC(F)(CN3CCC(c4cn(C5CCC5)c5cc(N6CCC(=O)NC6=O)ccc45)CC3)CC2)c(C(F)(F)F)c1,SMARCA4,,3333.0,>,0,,AstraZeneca,WO2026120044,PGDB_AS001309,% Degradation,,standardized
PGDB_C029304,Nc1nnc(-c2ccccc2O)cc1N1CC2CC(C1)N2c1ccc(C(=O)N2CCC(F)(CN3CCC(c4cn(C5CCC5)c5cc(N6CCC(=O)NC6=O)ccc45)CC3)CC2)c(Cl)c1,SMARCA4,,31670.0,>,0,,AstraZeneca,WO2026120044,PGDB_AS001309,% Degradation,,standardized
PGDB_C029299,Nc1nnc(-c2ccccc2O)cc1N1CC2CC(C1)N2c1ccc(C(=O)N2CCC(F)(CN3CCC(c4cn(C5CCC5)c5cc(N6CCC(=O)NC6=O)ccc45)CC3)CC2)c(F)c1,SMARCA2,,147.2,=,0,,AstraZeneca,WO2026120044,PGDB_AS001809,% Degradation,,standardized
PGDB_C029292,Nc1nnc(-c2ccccc2O)cc1N1CC2CC(C1)N2c1ccc(C(=O)N2CCC(F)(CN3CCN(C4=C(C5CC5)c5cc(N6CCC(=O)NC6=O)cnc54)CC3)CC2)c(C(F)(F)F)c1,SMARCA2,,76.2,=,1,,AstraZeneca,WO2026120044,PGDB_AS001809,% Degradation,,standardized
PGDB_C029241,Nc1nnc(-c2ccccc2O)cc1N1CC2CC(C1)N2c1ccc(C(=O)N2CCC(F)(CN3CCN(c4ccc5c(c4)c(-c4ccccc4)cn5C4CCC(=O)NC4=O)CC3)CC2)cc1,SMARCA2,,175.7,=,0,,AstraZeneca,WO2026120044,PGDB_AS001809,% Degradation,,standardized
PGDB_C029241,Nc1nnc(-c2ccccc2O)cc1N1CC2CC(C1)N2c1ccc(C(=O)N2CCC(F)(CN3CCN(c4ccc5c(c4)c(-c4ccccc4)cn5C4CCC(=O)NC4=O)CC3)CC2)cc1,SMARCA4,,3333.0,>,0,,AstraZeneca,WO2026120044,PGDB_AS001309,% Degradation,,standardized
PGDB_C026971,Nc1nnc(-c2ccccc2O)cc1N1CC2CC(C1)N2c1ccnc(C#CCCCNC(=O)c2cc3ncccn3n2)n1,SMARCA2,,500.0,>=,0,HeLa,Plexium,WO2023244806A1,PGDB_AS002237,% Degradation,luminescence,standardized
PGDB_C026971,Nc1nnc(-c2ccccc2O)cc1N1CC2CC(C1)N2c1ccnc(C#CCCCNC(=O)c2cc3ncccn3n2)n1,SMARCA4,,500.0,>=,0,HeLa,Plexium,WO2023244806A1,PGDB_AS000073,% Degradation,luminescence,standardized
PGDB_C026968,Nc1nnc(-c2ccccc2O)cc1N1CC2CC(C1)N2c1ccnc(C#CCCNC(=O)c2cc3ncccn3n2)n1,SMARCA2,,500.0,>=,0,HeLa,Plexium,WO2023244806A1,PGDB_AS002237,% Degradation,luminescence,standardized
PGDB_C027076,Nc1nnc(-c2ccccc2O)cc1N1CC2CC(C1)N2c1ccnc(C#CCN2CC(F)(F)C2)n1,SMARCA4,,500.0,>=,0,HeLa,Plexium,WO2023244806A1,PGDB_AS000073,% Degradation,luminescence,standardized
PGDB_C027077,Nc1nnc(-c2ccccc2O)cc1N1CC2CC(C1)N2c1ccnc(C#CCn2cncn2)n1,SMARCA2,,5000.0,>,0,HeLa,Plexium,WO2023244806A1,PGDB_AS002237,% Degradation,luminescence,standardized
PGDB_C027077,Nc1nnc(-c2ccccc2O)cc1N1CC2CC(C1)N2c1ccnc(C#CCn2cncn2)n1,SMARCA4,,500.0,>=,0,HeLa,Plexium,WO2023244806A1,PGDB_AS000073,% Degradation,luminescence,standardized
PGDB_C026892,Nc1nnc(-c2ccccc2O)cc1N1CC2CC1CN(c1ccnc(C#CCNC(=O)c3cc4ncccn4n3)n1)C2,SMARCA2,,500.0,>=,0,HeLa,Plexium,WO2023244806A1,PGDB_AS002237,% Degradation,luminescence,standardized
PGDB_C026892,Nc1nnc(-c2ccccc2O)cc1N1CC2CC1CN(c1ccnc(C#CCNC(=O)c3cc4ncccn4n3)n1)C2,SMARCA4,,500.0,>=,0,HeLa,Plexium,WO2023244806A1,PGDB_AS000073,% Degradation,luminescence,standardized
PGDB_C029249,Nc1nnc(-c2ccccc2O)cc1N1CC2CCC(C1)N2c1cc(F)c(C(=O)N2CCC(F)(CN3CCC(c4cn(C5CCC5)c5cc(N6CCC(=O)NC6=O)ccc45)CC3)CC2)c(F)c1,SMARCA2,,891.9,=,0,,AstraZeneca,WO2026120044,PGDB_AS001809,% Degradation,,standardized
PGDB_C029249,Nc1nnc(-c2ccccc2O)cc1N1CC2CCC(C1)N2c1cc(F)c(C(=O)N2CCC(F)(CN3CCC(c4cn(C5CCC5)c5cc(N6CCC(=O)NC6=O)ccc45)CC3)CC2)c(F)c1,SMARCA4,,31670.0,>,0,,AstraZeneca,WO2026120044,PGDB_AS001309,% Degradation,,standardized
PGDB_C029184,Nc1nnc(-c2ccccc2O)cc1N1CC2CCC(C1)N2c1ccc(C(=O)N2CC3(CC(CN4CCC(n5ccc6c(N7CCC(=O)NC7=O)cccc65)CC4)C3)C2)cc1,SMARCA2,,5.3,=,1,,AstraZeneca,WO2026120044,PGDB_AS001809,% Degradation,,standardized
PGDB_C029216,Nc1nnc(-c2ccccc2O)cc1N1CC2CCC(C1)N2c1ccc(C(=O)N2CCC(CCCN3CCC(n4ccc5cc(N6CCC(=O)NC6=O)ccc54)CC3)CC2)cc1,SMARCA2,,176.1,=,0,,AstraZeneca,WO2026120044,PGDB_AS001809,% Degradation,,standardized
PGDB_C029183,Nc1nnc(-c2ccccc2O)cc1N1CC2CCC(C1)N2c1ccc(C(=O)N2CCC(CCN3CCC(n4ccc5c(N6CCC(=O)NC6=O)cccc54)CC3)CC2)cc1,SMARCA2,,8.200000000000001,=,1,,AstraZeneca,WO2026120044,PGDB_AS001809,% Degradation,,standardized
PGDB_C029203,Nc1nnc(-c2ccccc2O)cc1N1CC2CCC(C1)N2c1ccc(C(=O)N2CCC(CCN3CCC(n4ccc5cc(N6CCC(=O)NC6=O)ccc54)CC3)CC2)cc1,SMARCA2,,86.5,=,1,,AstraZeneca,WO2026120044,PGDB_AS001809,% Degradation,,standardized
PGDB_C029179,Nc1nnc(-c2ccccc2O)cc1N1CC2CCC(C1)N2c1ccc(C(=O)N2CCC(CN3CCC(c4c[nH]c5cc(N6CCC(=O)NC6=O)ccc45)CC3)CC2)cc1,SMARCA2,,13.299999999999999,=,1,,AstraZeneca,WO2026120044,PGDB_AS001809,% Degradation,,standardized
PGDB_C029179,Nc1nnc(-c2ccccc2O)cc1N1CC2CCC(C1)N2c1ccc(C(=O)N2CCC(CN3CCC(c4c[nH]c5cc(N6CCC(=O)NC6=O)ccc45)CC3)CC2)cc1,SMARCA4,,1008.9999999999999,>,0,,AstraZeneca,WO2026120044,PGDB_AS001309,% Degradation,,standardized
PGDB_C029256,Nc1nnc(-c2ccccc2O)cc1N1CC2CCC(C1)N2c1ccc(C(=O)N2CCC(CN3CCC(c4cn(C5CCC5)c5c(F)c(N6CCC(=O)NC6=O)ccc45)CC3)CC2)c(F)c1,SMARCA2,,144.0,=,0,,AstraZeneca,WO2026120044,PGDB_AS001809,% Degradation,,standardized
PGDB_C029188,Nc1nnc(-c2ccccc2O)cc1N1CC2CCC(C1)N2c1ccc(C(=O)N2CCC(CN3CCC(n4cc(C5CC5)c5cc(N6CCC(=O)NC6=O)ccc54)CC3)CC2)cc1,SMARCA2,,25.1,=,1,,AstraZeneca,WO2026120044,PGDB_AS001809,% Degradation,,standardized
PGDB_C029176,Nc1nnc(-c2ccccc2O)cc1N1CC2CCC(C1)N2c1ccc(C(=O)N2CCC(CN3CCC(n4ccc5c(N6CCC(=O)NC6=O)ccc(F)c54)CC3)CC2)cc1,SMARCA2,,12.3,=,1,,AstraZeneca,WO2026120044,PGDB_AS001809,% Degradation,,standardized
PGDB_C029175,Nc1nnc(-c2ccccc2O)cc1N1CC2CCC(C1)N2c1ccc(C(=O)N2CCC(CN3CCC(n4ccc5c(N6CCC(=O)NC6=O)cccc54)CC3)CC2)cc1,SMARCA2,,1.2,=,1,,AstraZeneca,WO2026120044,PGDB_AS001809,% Degradation,,standardized
PGDB_C029218,Nc1nnc(-c2ccccc2O)cc1N1CC2CCC(C1)N2c1ccc(C(=O)N2CCC(CN3CCC(n4ccc5cc(N6CCC(=O)NC6=O)ccc54)CC3)(C(F)F)CC2)cc1,SMARCA2,,905.1,=,0,,AstraZeneca,WO2026120044,PGDB_AS001809,% Degradation,,standardized
PGDB_C029181,Nc1nnc(-c2ccccc2O)cc1N1CC2CCC(C1)N2c1ccc(C(=O)N2CCC(CN3CCC(n4ccc5cc(N6CCC(=O)NC6=O)ccc54)CC3)CC2)c(Cl)c1,SMARCA2,,6.4,=,1,,AstraZeneca,WO2026120044,PGDB_AS001809,% Degradation,,standardized
PGDB_C029180,Nc1nnc(-c2ccccc2O)cc1N1CC2CCC(C1)N2c1ccc(C(=O)N2CCC(CN3CCC(n4ccc5cc(N6CCC(=O)NC6=O)ccc54)CC3)CC2)c(F)c1,SMARCA2,,6.0,=,1,,AstraZeneca,WO2026120044,PGDB_AS001809,% Degradation,,standardized
PGDB_C029170,Nc1nnc(-c2ccccc2O)cc1N1CC2CCC(C1)N2c1ccc(C(=O)N2CCC(CN3CCN(C4C=Cc5c4cncc5N4CCC(=O)NC4=O)CC3)CC2)cc1,SMARCA2,,2.4,=,1,,AstraZeneca,WO2026120044,PGDB_AS001809,% Degradation,,standardized
PGDB_C029198,Nc1nnc(-c2ccccc2O)cc1N1CC2CCC(C1)N2c1ccc(C(=O)N2CCC(CN3CCN(C4C=Cc5cc(N6CCC(=O)NC6=O)ccc54)CC3)CC2)cc1,SMARCA2,,13.100000000000001,=,1,,AstraZeneca,WO2026120044,PGDB_AS001809,% Degradation,,standardized
PGDB_C029213,Nc1nnc(-c2ccccc2O)cc1N1CC2CCC(C1)N2c1ccc(C(=O)N2CCC(CN3CCN(c4c[nH]c5cc(N6CCC(=O)NC6=O)ccc45)CC3)CC2)cc1,SMARCA2,,36.3,=,1,,AstraZeneca,WO2026120044,PGDB_AS001809,% Degradation,,standardized
PGDB_C029213,Nc1nnc(-c2ccccc2O)cc1N1CC2CCC(C1)N2c1ccc(C(=O)N2CCC(CN3CCN(c4c[nH]c5cc(N6CCC(=O)NC6=O)ccc45)CC3)CC2)cc1,SMARCA4,,1002.0,>,0,,AstraZeneca,WO2026120044,PGDB_AS001309,% Degradation,,standardized
PGDB_C029306,Nc1nnc(-c2ccccc2O)cc1N1CC2CCC(C1)N2c1ccc(C(=O)N2CCC(CN3CCN(c4ccc5c(c4)c(C4CC4)cn5C4CCC(=O)NC4=O)CC3)CC2)cc1,SMARCA4,,319.0,>,0,,AstraZeneca,WO2026120044,PGDB_AS001309,% Degradation,,standardized
PGDB_C029225,Nc1nnc(-c2ccccc2O)cc1N1CC2CCC(C1)N2c1ccc(C(=O)N2CCC(CN3CC[C@@H](n4ccc5cc(N6CCC(=O)NC6=O)ccc54)[C@H](F)C3)CC2)cc1,SMARCA2,,14.9,=,1,,AstraZeneca,WO2026120044,PGDB_AS001809,% Degradation,,standardized
PGDB_C029226,Nc1nnc(-c2ccccc2O)cc1N1CC2CCC(C1)N2c1ccc(C(=O)N2CCC(CN3CC[C@H](n4ccc5cc(N6CCC(=O)NC6=O)ccc54)[C@@H](F)C3)CC2)cc1,SMARCA2,,9.9,=,1,,AstraZeneca,WO2026120044,PGDB_AS001809,% Degradation,,standardized
PGDB_C029278,Nc1nnc(-c2ccccc2O)cc1N1CC2CCC(C1)N2c1ccc(C(=O)N2CCC(F)(CCN3CCC(n4ccc5c(N6CCC(=O)NC6=O)cccc54)CC3)CC2)cc1,SMARCA2,,2.4,=,1,,AstraZeneca,WO2026120044,PGDB_AS001809,% Degradation,,standardized
PGDB_C029268,Nc1nnc(-c2ccccc2O)cc1N1CC2CCC(C1)N2c1ccc(C(=O)N2CCC(F)(CN3C4CCC3CC(n3cc(C5CC5)c5cc(N6CCC(=O)NC6=O)cnc53)C4)CC2)cc1,SMARCA2,,362.4,=,0,,AstraZeneca,WO2026120044,PGDB_AS001809,% Degradation,,standardized
PGDB_C029268,Nc1nnc(-c2ccccc2O)cc1N1CC2CCC(C1)N2c1ccc(C(=O)N2CCC(F)(CN3C4CCC3CC(n3cc(C5CC5)c5cc(N6CCC(=O)NC6=O)cnc53)C4)CC2)cc1,SMARCA4,,1008.9999999999999,>,0,,AstraZeneca,WO2026120044,PGDB_AS001309,% Degradation,,standardized
PGDB_C029221,Nc1nnc(-c2ccccc2O)cc1N1CC2CCC(C1)N2c1ccc(C(=O)N2CCC(F)(CN3C4CC[C@@H]3C[C@@H](n3ccc5cc(N6CCC(=O)NC6=O)ccc53)C4)CC2)cc1,SMARCA2,,266.7,=,0,,AstraZeneca,WO2026120044,PGDB_AS001809,% Degradation,,standardized
PGDB_C029232,Nc1nnc(-c2ccccc2O)cc1N1CC2CCC(C1)N2c1ccc(C(=O)N2CCC(F)(CN3CCC(N4CCc5cc(N6CCC(=O)NC6=O)ccc54)CC3)CC2)cc1,SMARCA2,,203.6,=,0,,AstraZeneca,WO2026120044,PGDB_AS001809,% Degradation,,standardized
PGDB_C029266,Nc1nnc(-c2ccccc2O)cc1N1CC2CCC(C1)N2c1ccc(C(=O)N2CCC(F)(CN3CCC(c4cn(C5CC5)c5cc(N6CCC(=O)NC6=O)ccc45)CC3)CC2)cc1,SMARCA2,,32.4,=,1,,AstraZeneca,WO2026120044,PGDB_AS001809,% Degradation,,standardized
PGDB_C029266,Nc1nnc(-c2ccccc2O)cc1N1CC2CCC(C1)N2c1ccc(C(=O)N2CCC(F)(CN3CCC(c4cn(C5CC5)c5cc(N6CCC(=O)NC6=O)ccc45)CC3)CC2)cc1,SMARCA4,,31670.0,>,0,,AstraZeneca,WO2026120044,PGDB_AS001309,% Degradation,,standardized
PGDB_C029283,Nc1nnc(-c2ccccc2O)cc1N1CC2CCC(C1)N2c1ccc(C(=O)N2CCC(F)(CN3CCC(c4cn(C5CCC5)c5c(F)c(N6CCC(=O)NC6=O)ccc45)CC3)CC2)c(Cl)c1,SMARCA2,,57.1,=,1,,AstraZeneca,WO2026120044,PGDB_AS001809,% Degradation,,standardized
PGDB_C029280,Nc1nnc(-c2ccccc2O)cc1N1CC2CCC(C1)N2c1ccc(C(=O)N2CCC(F)(CN3CCC(c4cn(C5CCC5)c5c(F)c(N6CCC(=O)NC6=O)ccc45)CC3)CC2)c(F)c1,SMARCA2,,156.29999999999998,=,0,,AstraZeneca,WO2026120044,PGDB_AS001809,% Degradation,,standardized
PGDB_C029296,Nc1nnc(-c2ccccc2O)cc1N1CC2CCC(C1)N2c1ccc(C(=O)N2CCC(F)(CN3CCC(c4cn(C5CCC5)c5cc(N6CCC(=O)NC6=O)ccc45)CC3)CC2)c(C2CC2)c1,SMARCA2,,80.5,=,1,,AstraZeneca,WO2026120044,PGDB_AS001809,% Degradation,,standardized
PGDB_C029242,Nc1nnc(-c2ccccc2O)cc1N1CC2CCC(C1)N2c1ccc(C(=O)N2CCC(F)(CN3CCC(c4cn(C5CCC5)c5cc(N6CCC(=O)NC6=O)ccc45)CC3)CC2)cc1,SMARCA2,,90.39999999999999,=,1,,AstraZeneca,WO2026120044,PGDB_AS001809,% Degradation,,standardized
PGDB_C029242,Nc1nnc(-c2ccccc2O)cc1N1CC2CCC(C1)N2c1ccc(C(=O)N2CCC(F)(CN3CCC(c4cn(C5CCC5)c5cc(N6CCC(=O)NC6=O)ccc45)CC3)CC2)cc1,SMARCA4,,31670.0,>,0,,AstraZeneca,WO2026120044,PGDB_AS001309,% Degradation,,standardized
PGDB_C029261,Nc1nnc(-c2ccccc2O)cc1N1CC2CCC(C1)N2c1ccc(C(=O)N2CCC(F)(CN3CCC(c4cn(C5CCC5)c5cc(N6CCC(=O)NC6=O)cnc45)CC3)CC2)c(Cl)c1,SMARCA2,,78.10000000000001,=,1,,AstraZeneca,WO2026120044,PGDB_AS001809,% Degradation,,standardized
PGDB_C029261,Nc1nnc(-c2ccccc2O)cc1N1CC2CCC(C1)N2c1ccc(C(=O)N2CCC(F)(CN3CCC(c4cn(C5CCC5)c5cc(N6CCC(=O)NC6=O)cnc45)CC3)CC2)c(Cl)c1,SMARCA4,,1008.9999999999999,>,0,,AstraZeneca,WO2026120044,PGDB_AS001309,% Degradation,,standardized
PGDB_C029260,Nc1nnc(-c2ccccc2O)cc1N1CC2CCC(C1)N2c1ccc(C(=O)N2CCC(F)(CN3CCC(c4cn(C5CCC5)c5cc(N6CCC(=O)NC6=O)cnc45)CC3)CC2)c(F)c1,SMARCA2,,75.5,=,1,,AstraZeneca,WO2026120044,PGDB_AS001809,% Degradation,,standardized
PGDB_C029260,Nc1nnc(-c2ccccc2O)cc1N1CC2CCC(C1)N2c1ccc(C(=O)N2CCC(F)(CN3CCC(c4cn(C5CCC5)c5cc(N6CCC(=O)NC6=O)cnc45)CC3)CC2)c(F)c1,SMARCA4,,31670.0,>,0,,AstraZeneca,WO2026120044,PGDB_AS001309,% Degradation,,standardized
PGDB_C029284,Nc1nnc(-c2ccccc2O)cc1N1CC2CCC(C1)N2c1ccc(C(=O)N2CCC(F)(CN3CCC(c4cn(C5CCC5)c5cc(N6CCC(=O)NC6=O)cnc45)CC3)CC2)cc1,SMARCA2,,53.199999999999996,=,1,,AstraZeneca,WO2026120044,PGDB_AS001809,% Degradation,,standardized
PGDB_C029284,Nc1nnc(-c2ccccc2O)cc1N1CC2CCC(C1)N2c1ccc(C(=O)N2CCC(F)(CN3CCC(c4cn(C5CCC5)c5cc(N6CCC(=O)NC6=O)cnc45)CC3)CC2)cc1,SMARCA4,,31670.0,>,0,,AstraZeneca,WO2026120044,PGDB_AS001309,% Degradation,,standardized
PGDB_C029281,Nc1nnc(-c2ccccc2O)cc1N1CC2CCC(C1)N2c1ccc(C(=O)N2CCC(F)(CN3CCC(n4cc(-c5ccccc5)c5cc(N6CCC(=O)NC6=O)cnc54)CC3)CC2)cc1,SMARCA2,,76.5,=,1,,AstraZeneca,WO2026120044,PGDB_AS001809,% Degradation,,standardized
PGDB_C029281,Nc1nnc(-c2ccccc2O)cc1N1CC2CCC(C1)N2c1ccc(C(=O)N2CCC(F)(CN3CCC(n4cc(-c5ccccc5)c5cc(N6CCC(=O)NC6=O)cnc54)CC3)CC2)cc1,SMARCA4,,3333.0,>,0,,AstraZeneca,WO2026120044,PGDB_AS001309,% Degradation,,standardized
PGDB_C029194,Nc1nnc(-c2ccccc2O)cc1N1CC2CCC(C1)N2c1ccc(C(=O)N2CCC(F)(CN3CCC(n4cc(-c5ccccn5)c5cc(N6CCC(=O)NC6=O)ccc54)CC3)CC2)cc1,SMARCA2,,81.4,=,1,,AstraZeneca,WO2026120044,PGDB_AS001809,% Degradation,,standardized
PGDB_C029194,Nc1nnc(-c2ccccc2O)cc1N1CC2CCC(C1)N2c1ccc(C(=O)N2CCC(F)(CN3CCC(n4cc(-c5ccccn5)c5cc(N6CCC(=O)NC6=O)ccc54)CC3)CC2)cc1,SMARCA4,,1008.9999999999999,>,0,,AstraZeneca,WO2026120044,PGDB_AS001309,% Degradation,,standardized
PGDB_C029253,Nc1nnc(-c2ccccc2O)cc1N1CC2CCC(C1)N2c1ccc(C(=O)N2CCC(F)(CN3CCC(n4cc(C(F)(F)F)c5cc(N6CCC(=O)NC6=O)ccc54)CC3)CC2)cc1,SMARCA2,,202.5,=,0,,AstraZeneca,WO2026120044,PGDB_AS001809,% Degradation,,standardized
PGDB_C029269,Nc1nnc(-c2ccccc2O)cc1N1CC2CCC(C1)N2c1ccc(C(=O)N2CCC(F)(CN3CCC(n4cc(C5CC5)c5cc(N6CCC(=O)N(COP(=O)(O)O)C6=O)cnc54)CC3)CC2)cc1,SMARCA2,,50.1,=,1,,AstraZeneca,WO2026120044,PGDB_AS001809,% Degradation,,standardized
PGDB_C029269,Nc1nnc(-c2ccccc2O)cc1N1CC2CCC(C1)N2c1ccc(C(=O)N2CCC(F)(CN3CCC(n4cc(C5CC5)c5cc(N6CCC(=O)N(COP(=O)(O)O)C6=O)cnc54)CC3)CC2)cc1,SMARCA4,,1008.9999999999999,>,0,,AstraZeneca,WO2026120044,PGDB_AS001309,% Degradation,,standardized
PGDB_C029239,Nc1nnc(-c2ccccc2O)cc1N1CC2CCC(C1)N2c1ccc(C(=O)N2CCC(F)(CN3CCC(n4cc(C5CC5)c5cc(N6CCC(=O)NC6=O)cnc54)CC3)CC2)cc1,SMARCA2,,19.0,=,1,,AstraZeneca,WO2026120044,PGDB_AS001809,% Degradation,,standardized
PGDB_C029239,Nc1nnc(-c2ccccc2O)cc1N1CC2CCC(C1)N2c1ccc(C(=O)N2CCC(F)(CN3CCC(n4cc(C5CC5)c5cc(N6CCC(=O)NC6=O)cnc54)CC3)CC2)cc1,SMARCA4,,31670.0,>,0,,AstraZeneca,WO2026120044,PGDB_AS001309,% Degradation,,standardized
PGDB_C029238,Nc1nnc(-c2ccccc2O)cc1N1CC2CCC(C1)N2c1ccc(C(=O)N2CCC(F)(CN3CCC(n4cc(C5CCC5)c5cc(N6CCC(=O)NC6=O)ccc54)CC3)CC2)cc1,SMARCA2,,277.4,=,0,,AstraZeneca,WO2026120044,PGDB_AS001809,% Degradation,,standardized
PGDB_C029238,Nc1nnc(-c2ccccc2O)cc1N1CC2CCC(C1)N2c1ccc(C(=O)N2CCC(F)(CN3CCC(n4cc(C5CCC5)c5cc(N6CCC(=O)NC6=O)ccc54)CC3)CC2)cc1,SMARCA4,,31670.0,>,0,,AstraZeneca,WO2026120044,PGDB_AS001309,% Degradation,,standardized
PGDB_C029247,Nc1nnc(-c2ccccc2O)cc1N1CC2CCC(C1)N2c1ccc(C(=O)N2CCC(F)(CN3CCC(n4cc(C5CCC5)c5cc(N6CCC(=O)NC6=O)cnc54)CC3)CC2)cc1,SMARCA2,,368.59999999999997,=,0,,AstraZeneca,WO2026120044,PGDB_AS001809,% Degradation,,standardized
PGDB_C029247,Nc1nnc(-c2ccccc2O)cc1N1CC2CCC(C1)N2c1ccc(C(=O)N2CCC(F)(CN3CCC(n4cc(C5CCC5)c5cc(N6CCC(=O)NC6=O)cnc54)CC3)CC2)cc1,SMARCA4,,31670.0,>,0,,AstraZeneca,WO2026120044,PGDB_AS001309,% Degradation,,standardized
PGDB_C029227,Nc1nnc(-c2ccccc2O)cc1N1CC2CCC(C1)N2c1ccc(C(=O)N2CCC(F)(CN3CCC(n4cc(Cl)c5cc(N6CCC(=O)NC6=O)ccc54)CC3)CC2)cc1,SMARCA2,,85.3,=,1,,AstraZeneca,WO2026120044,PGDB_AS001809,% Degradation,,standardized
PGDB_C029227,Nc1nnc(-c2ccccc2O)cc1N1CC2CCC(C1)N2c1ccc(C(=O)N2CCC(F)(CN3CCC(n4cc(Cl)c5cc(N6CCC(=O)NC6=O)ccc54)CC3)CC2)cc1,SMARCA4,,1008.9999999999999,>,0,,AstraZeneca,WO2026120044,PGDB_AS001309,% Degradation,,standardized
PGDB_C029243,Nc1nnc(-c2ccccc2O)cc1N1CC2CCC(C1)N2c1ccc(C(=O)N2CCC(F)(CN3CCC(n4ccc5c(F)c(N6CCC(=O)NC6=O)ccc54)CC3)CC2)cc1F,SMARCA2,,44.8,=,1,,AstraZeneca,WO2026120044,PGDB_AS001809,% Degradation,,standardized
PGDB_C029236,Nc1nnc(-c2ccccc2O)cc1N1CC2CCC(C1)N2c1ccc(C(=O)N2CCC(F)(CN3CCC(n4ccc5c(F)c(N6CCC(=O)NC6=O)cnc54)CC3)CC2)cc1,SMARCA2,,14.6,=,1,,AstraZeneca,WO2026120044,PGDB_AS001809,% Degradation,,standardized
PGDB_C029236,Nc1nnc(-c2ccccc2O)cc1N1CC2CCC(C1)N2c1ccc(C(=O)N2CCC(F)(CN3CCC(n4ccc5c(F)c(N6CCC(=O)NC6=O)cnc54)CC3)CC2)cc1,SMARCA4,,319.0,>,0,,AstraZeneca,WO2026120044,PGDB_AS001309,% Degradation,,standardized
PGDB_C029286,Nc1nnc(-c2ccccc2O)cc1N1CC2CCC(C1)N2c1ccc(C(=O)N2CCC(F)(CN3CCC(n4ccc5c(N6CCC(=O)NC6=O)c(F)ccc54)CC3)CC2)cc1,SMARCA2,,9.9,=,1,,AstraZeneca,WO2026120044,PGDB_AS001809,% Degradation,,standardized
PGDB_C029192,Nc1nnc(-c2ccccc2O)cc1N1CC2CCC(C1)N2c1ccc(C(=O)N2CCC(F)(CN3CCC(n4ccc5c(N6CCC(=O)NC6=O)cccc54)CC3)CC2)cc1,SMARCA2,,14.9,=,1,,AstraZeneca,WO2026120044,PGDB_AS001809,% Degradation,,standardized
PGDB_C029289,Nc1nnc(-c2ccccc2O)cc1N1CC2CCC(C1)N2c1ccc(C(=O)N2CCC(F)(CN3CCC(n4ccc5c(N6CCC(=O)NC6=O)ccnc54)CC3)CC2)cc1,SMARCA2,,80.4,=,1,,AstraZeneca,WO2026120044,PGDB_AS001809,% Degradation,,standardized
PGDB_C029199,Nc1nnc(-c2ccccc2O)cc1N1CC2CCC(C1)N2c1ccc(C(=O)N2CCC(F)(CN3CCC(n4ccc5c(N6CCC(=O)NC6=O)cncc54)CC3)CC2)cc1,SMARCA2,,9.299999999999999,=,1,,AstraZeneca,WO2026120044,PGDB_AS001809,% Degradation,,standardized
PGDB_C029274,Nc1nnc(-c2ccccc2O)cc1N1CC2CCC(C1)N2c1ccc(C(=O)N2CCC(F)(CN3CCC(n4ccc5cc(N6CCC(=O)NC6=O)c(F)cc54)CC3)CC2)cc1,SMARCA2,,37.199999999999996,=,1,,AstraZeneca,WO2026120044,PGDB_AS001809,% Degradation,,standardized
PGDB_C029254,Nc1nnc(-c2ccccc2O)cc1N1CC2CCC(C1)N2c1ccc(C(=O)N2CCC(F)(CN3CCC(n4ccc5cc(N6CCC(=O)NC6=O)c(F)cc54)CC3)CC2)cc1F,SMARCA2,,154.70000000000002,=,0,,AstraZeneca,WO2026120044,PGDB_AS001809,% Degradation,,standardized
PGDB_C029212,Nc1nnc(-c2ccccc2O)cc1N1CC2CCC(C1)N2c1ccc(C(=O)N2CCC(F)(CN3CCC(n4ccc5cc(N6CCC(=O)NC6=O)cc(F)c54)CC3)CC2)cc1,SMARCA2,,532.6999999999999,=,0,,AstraZeneca,WO2026120044,PGDB_AS001809,% Degradation,,standardized
PGDB_C029220,Nc1nnc(-c2ccccc2O)cc1N1CC2CCC(C1)N2c1ccc(C(=O)N2CCC(F)(CN3CCC(n4ccc5cc(N6CCC(=O)NC6=O)ccc54)CC3)CC2)cc1,SMARCA2,,26.4,=,1,,AstraZeneca,WO2026120044,PGDB_AS001809,% Degradation,,standardized
PGDB_C029290,Nc1nnc(-c2ccccc2O)cc1N1CC2CCC(C1)N2c1ccc(C(=O)N2CCC(F)(CN3CCN(C4=C(C5CC5)c5cc(N6CCC(=O)NC6=O)cnc54)CC3)CC2)c(C2CC2)c1,SMARCA2,,31.4,=,1,,AstraZeneca,WO2026120044,PGDB_AS001809,% Degradation,,standardized
PGDB_C029291,Nc1nnc(-c2ccccc2O)cc1N1CC2CCC(C1)N2c1ccc(C(=O)N2CCC(F)(CN3CCN(C4=C(C5CC5)c5cc(N6CCC(=O)NC6=O)cnc54)CC3)CC2)c(F)c1,SMARCA2,,45.8,=,1,,AstraZeneca,WO2026120044,PGDB_AS001809,% Degradation,,standardized
PGDB_C029234,Nc1nnc(-c2ccccc2O)cc1N1CC2CCC(C1)N2c1ccc(C(=O)N2CCC(F)(CN3CCN(C4=Cc5c4ccc(N4CCC(=O)NC4=O)c5F)CC3)CC2)cc1,SMARCA2,,47.7,=,1,,AstraZeneca,WO2026120044,PGDB_AS001809,% Degradation,,standardized
PGDB_C029271,Nc1nnc(-c2ccccc2O)cc1N1CC2CCC(C1)N2c1ccc(C(=O)N2CCC(F)(CN3CCN(C4C=C(C5CC5)c5cc(N6CCC(=O)NC6=O)c(F)cc54)CC3)CC2)cc1,SMARCA2,,367.20000000000005,=,0,,AstraZeneca,WO2026120044,PGDB_AS001809,% Degradation,,standardized
PGDB_C029271,Nc1nnc(-c2ccccc2O)cc1N1CC2CCC(C1)N2c1ccc(C(=O)N2CCC(F)(CN3CCN(C4C=C(C5CC5)c5cc(N6CCC(=O)NC6=O)c(F)cc54)CC3)CC2)cc1,SMARCA4,,3333.0,>,0,,AstraZeneca,WO2026120044,PGDB_AS001309,% Degradation,,standardized
PGDB_C029273,Nc1nnc(-c2ccccc2O)cc1N1CC2CCC(C1)N2c1ccc(C(=O)N2CCC(F)(CN3CCN(C4C=C(C5CC5)c5cc(N6CCC(=O)NC6=O)ccc54)CC3)CC2)cc1F,SMARCA2,,307.2,=,0,,AstraZeneca,WO2026120044,PGDB_AS001809,% Degradation,,standardized
PGDB_C029248,Nc1nnc(-c2ccccc2O)cc1N1CC2CCC(C1)N2c1ccc(C(=O)N2CCC(F)(CN3CCN(c4cc(F)c5c(c4)C(F)N5C4CCC(=O)NC4=O)CC3)CC2)cc1,SMARCA2,,49.0,=,1,,AstraZeneca,WO2026120044,PGDB_AS001809,% Degradation,,standardized
PGDB_C029248,Nc1nnc(-c2ccccc2O)cc1N1CC2CCC(C1)N2c1ccc(C(=O)N2CCC(F)(CN3CCN(c4cc(F)c5c(c4)C(F)N5C4CCC(=O)NC4=O)CC3)CC2)cc1,SMARCA4,,1008.9999999999999,>,0,,AstraZeneca,WO2026120044,PGDB_AS001309,% Degradation,,standardized
PGDB_C029173,Nc1nnc(-c2ccccc2O)cc1N1CC2CCC(C1)N2c1ccc(C(=O)N2CCC(N3CCC(n4ccc5c(N6CCC(=O)NC6=O)cccc54)CC3)CC2)cc1,SMARCA2,,1.1,<,1,,AstraZeneca,WO2026120044,PGDB_AS001809,% Degradation,,standardized
PGDB_C029197,Nc1nnc(-c2ccccc2O)cc1N1CC2CCC(C1)N2c1ccc(C(=O)N2CCC(N3CCC(n4ccc5cc(N6CCC(=O)NC6=O)ccc54)CC3)CC2)cc1,SMARCA2,,83.7,=,1,,AstraZeneca,WO2026120044,PGDB_AS001809,% Degradation,,standardized
PGDB_C029267,Nc1nnc(-c2ccccc2O)cc1N1CC2CCC(C1)N2c1ccc(C(=O)N2CCN(CN3CCC(c4cn(C5CC5)c5cc(N6CCC(=O)NC6=O)ccc45)CC3)CC2)c(Cl)c1,SMARCA2,,139.9,=,0,,AstraZeneca,WO2026120044,PGDB_AS001809,% Degradation,,standardized
PGDB_C029267,Nc1nnc(-c2ccccc2O)cc1N1CC2CCC(C1)N2c1ccc(C(=O)N2CCN(CN3CCC(c4cn(C5CC5)c5cc(N6CCC(=O)NC6=O)ccc45)CC3)CC2)c(Cl)c1,SMARCA4,,1008.9999999999999,>,0,,AstraZeneca,WO2026120044,PGDB_AS001309,% Degradation,,standardized
PGDB_C029215,Nc1nnc(-c2ccccc2O)cc1N1CC2CCC(C1)N2c1ccc(C(=O)N2C[C@@H]3[C@@H](CN4CCC(n5ccc6c(N7CCC(=O)NC7=O)cccc65)CC4)[C@@H]3C2)cc1,SMARCA2,,318.7,=,0,,AstraZeneca,WO2026120044,PGDB_AS001809,% Degradation,,standardized
PGDB_C029210,Nc1nnc(-c2ccccc2O)cc1N1CC2CCC(C1)N2c1ccc(S(=O)(=O)N2CCC(CN3CCC(n4ccc5c(N6CCC(=O)NC6=O)cccc54)CC3)CC2)cc1,SMARCA2,,147.5,=,0,,AstraZeneca,WO2026120044,PGDB_AS001809,% Degradation,,standardized
PGDB_C027060,Nc1nnc(-c2ccccc2O)cc1N1CC2CCC(C1)N2c1ccnc(C#CCN2CC3CC2C3)n1,SMARCA2,,50.0,<,1,HeLa,Plexium,WO2023244806A1,PGDB_AS002237,% Degradation,luminescence,standardized
PGDB_C027060,Nc1nnc(-c2ccccc2O)cc1N1CC2CCC(C1)N2c1ccnc(C#CCN2CC3CC2C3)n1,SMARCA4,,50.0,<,1,HeLa,Plexium,WO2023244806A1,PGDB_AS000073,% Degradation,luminescence,standardized
PGDB_C026991,Nc1nnc(-c2ccccc2O)cc1N1CC2CCC(C1)N2c1ccnc(C#CCNC(=O)c2cc3ncccn3n2)n1,SMARCA2,,5000.0,>,0,HeLa,Plexium,WO2023244806A1,PGDB_AS002237,% Degradation,luminescence,standardized
PGDB_C026991,Nc1nnc(-c2ccccc2O)cc1N1CC2CCC(C1)N2c1ccnc(C#CCNC(=O)c2cc3ncccn3n2)n1,SMARCA4,,500.0,>=,0,HeLa,Plexium,WO2023244806A1,PGDB_AS000073,% Degradation,luminescence,standardized
PGDB_C026978,Nc1nnc(-c2ccccc2O)cc1N1CC2CCC(C1)N2c1ccnc(C#CCNc2ncco2)n1,SMARCA2,,500.0,>=,0,HeLa,Plexium,WO2023244806A1,PGDB_AS002237,% Degradation,luminescence,standardized
PGDB_C026978,Nc1nnc(-c2ccccc2O)cc1N1CC2CCC(C1)N2c1ccnc(C#CCNc2ncco2)n1,SMARCA4,,500.0,>=,0,HeLa,Plexium,WO2023244806A1,PGDB_AS000073,% Degradation,luminescence,standardized
PGDB_C027004,Nc1nnc(-c2ccccc2O)cc1N1CC2CCC(C1)N2c1ccnc(C#CCn2nnc3ccccc32)n1,SMARCA2,,500.0,>=,0,HeLa,Plexium,WO2023244806A1,PGDB_AS002237,% Degradation,luminescence,standardized
PGDB_C027004,Nc1nnc(-c2ccccc2O)cc1N1CC2CCC(C1)N2c1ccnc(C#CCn2nnc3ccccc32)n1,SMARCA4,,500.0,>=,0,HeLa,Plexium,WO2023244806A1,PGDB_AS000073,% Degradation,luminescence,standardized
PGDB_C026918,Nc1nnc(-c2ccccc2O)cc1N1CC2CN(c3ccnc(C#CCNC(=O)c4cc5ncccn5n4)n3)C2C1,SMARCA2,,500.0,>=,0,HeLa,Plexium,WO2023244806A1,PGDB_AS002237,% Degradation,luminescence,standardized
PGDB_C026920,Nc1nnc(-c2ccccc2O)cc1N1CC2CN(c3ccnc(C#CCNC(=O)c4cc5ncccn5n4)n3)CC21,SMARCA2,,500.0,>=,0,HeLa,Plexium,WO2023244806A1,PGDB_AS002237,% Degradation,luminescence,standardized
PGDB_C026920,Nc1nnc(-c2ccccc2O)cc1N1CC2CN(c3ccnc(C#CCNC(=O)c4cc5ncccn5n4)n3)CC21,SMARCA4,,500.0,>=,0,HeLa,Plexium,WO2023244806A1,PGDB_AS000073,% Degradation,luminescence,standardized
PGDB_C026995,Nc1nnc(-c2ccccc2O)cc1N1CCC2(CCCN(c3ccnc(C#CCO)n3)C2)CC1,SMARCA4,,50.0,<,1,HeLa,Plexium,WO2023244806A1,PGDB_AS000073,% Degradation,luminescence,standardized
PGDB_C026913,Nc1nnc(-c2ccccc2O)cc1N1CCC2C1CCCN2c1ccnc(C#CCNC(=O)c2cc3ncccn3n2)n1,SMARCA2,,500.0,>=,0,HeLa,Plexium,WO2023244806A1,PGDB_AS002237,% Degradation,luminescence,standardized
PGDB_C026913,Nc1nnc(-c2ccccc2O)cc1N1CCC2C1CCCN2c1ccnc(C#CCNC(=O)c2cc3ncccn3n2)n1,SMARCA4,,500.0,>=,0,HeLa,Plexium,WO2023244806A1,PGDB_AS000073,% Degradation,luminescence,standardized
PGDB_C026951,Nc1nnc(-c2ccccc2O)cc1N1CCC2C1CCN2c1ccnc(C#CCNC(=O)c2cc3ncccn3n2)n1,SMARCA2,,500.0,>=,0,HeLa,Plexium,WO2023244806A1,PGDB_AS002237,% Degradation,luminescence,standardized
PGDB_C029282,Nc1nnc(-c2ccccc2O)cc1N1CCC2CCC(C1)N2c1ccc(C(=O)N2CCC(F)(CN3CCC(c4cn(C5CCC5)c5c(F)c(N6CCC(=O)NC6=O)ccc45)CC3)CC2)cc1,SMARCA2,,61.5,=,1,,AstraZeneca,WO2026120044,PGDB_AS001809,% Degradation,,standardized
PGDB_C029282,Nc1nnc(-c2ccccc2O)cc1N1CCC2CCC(C1)N2c1ccc(C(=O)N2CCC(F)(CN3CCC(c4cn(C5CCC5)c5c(F)c(N6CCC(=O)NC6=O)ccc45)CC3)CC2)cc1,SMARCA4,,3333.0,>,0,,AstraZeneca,WO2026120044,PGDB_AS001309,% Degradation,,standardized
PGDB_C029270,Nc1nnc(-c2ccccc2O)cc1N1CCC2CCC(C1)N2c1ccc(C(=O)N2CCC(F)(CN3CCN(C4C=C(C5CC5)c5c4ccc(N4CCC(=O)NC4=O)c5F)CC3)CC2)cc1,SMARCA2,,42.9,=,1,,AstraZeneca,WO2026120044,PGDB_AS001809,% Degradation,,standardized
PGDB_C029270,Nc1nnc(-c2ccccc2O)cc1N1CCC2CCC(C1)N2c1ccc(C(=O)N2CCC(F)(CN3CCN(C4C=C(C5CC5)c5c4ccc(N4CCC(=O)NC4=O)c5F)CC3)CC2)cc1,SMARCA4,,1008.9999999999999,>,0,,AstraZeneca,WO2026120044,PGDB_AS001309,% Degradation,,standardized
PGDB_C026953,Nc1nnc(-c2ccccc2O)cc1N1CCCC2C1CCN2c1ccnc(C#CCNC(=O)c2cc3ncccn3n2)n1,SMARCA2,,500.0,>=,0,HeLa,Plexium,WO2023244806A1,PGDB_AS002237,% Degradation,luminescence,standardized
PGDB_C027236,Nc1nnc(-c2ccccc2O)cc1N1CCCN(c2ccnc(C#CCN3CC(=O)NC(=O)C3)n2)CC1,SMARCA2,,500.0,>=,0,HeLa,Plexium,WO2023244806A1,PGDB_AS002237,% Degradation,luminescence,standardized
PGDB_C027236,Nc1nnc(-c2ccccc2O)cc1N1CCCN(c2ccnc(C#CCN3CC(=O)NC(=O)C3)n2)CC1,SMARCA4,,500.0,>=,0,HeLa,Plexium,WO2023244806A1,PGDB_AS000073,% Degradation,luminescence,standardized
PGDB_C027187,Nc1nnc(-c2ccccc2O)cc1N1CCCN(c2ccnc(C#CCN3CC4CCC(C3)O4)n2)CC1,SMARCA4,,500.0,>=,0,HeLa,Plexium,WO2023244806A1,PGDB_AS000073,% Degradation,luminescence,standardized
PGDB_C027180,Nc1nnc(-c2ccccc2O)cc1N1CCCN(c2ccnc(C#CCN3CCC3)n2)CC1,SMARCA2,,500.0,>=,0,HeLa,Plexium,WO2023244806A1,PGDB_AS002237,% Degradation,luminescence,standardized
PGDB_C027180,Nc1nnc(-c2ccccc2O)cc1N1CCCN(c2ccnc(C#CCN3CCC3)n2)CC1,SMARCA4,,500.0,>=,0,HeLa,Plexium,WO2023244806A1,PGDB_AS000073,% Degradation,luminescence,standardized
PGDB_C027233,Nc1nnc(-c2ccccc2O)cc1N1CCCN(c2ccnc(C#CCN3CCCC(O)C3)n2)CC1,SMARCA2,,500.0,>=,0,HeLa,Plexium,WO2023244806A1,PGDB_AS002237,% Degradation,luminescence,standardized
PGDB_C027233,Nc1nnc(-c2ccccc2O)cc1N1CCCN(c2ccnc(C#CCN3CCCC(O)C3)n2)CC1,SMARCA4,,500.0,>=,0,HeLa,Plexium,WO2023244806A1,PGDB_AS000073,% Degradation,luminescence,standardized
PGDB_C027237,Nc1nnc(-c2ccccc2O)cc1N1CCCN(c2ccnc(C#CCN3CCN(C(=O)C4CC4)CC3)n2)CC1,SMARCA2,,500.0,>=,0,HeLa,Plexium,WO2023244806A1,PGDB_AS002237,% Degradation,luminescence,standardized
PGDB_C027237,Nc1nnc(-c2ccccc2O)cc1N1CCCN(c2ccnc(C#CCN3CCN(C(=O)C4CC4)CC3)n2)CC1,SMARCA4,,500.0,>=,0,HeLa,Plexium,WO2023244806A1,PGDB_AS000073,% Degradation,luminescence,standardized
PGDB_C027009,Nc1nnc(-c2ccccc2O)cc1N1CCCN(c2ccnc(C#CCN3CCS(=O)(=O)CC3)n2)CC1,SMARCA2,,500.0,>=,0,HeLa,Plexium,WO2023244806A1,PGDB_AS002237,% Degradation,luminescence,standardized
PGDB_C027009,Nc1nnc(-c2ccccc2O)cc1N1CCCN(c2ccnc(C#CCN3CCS(=O)(=O)CC3)n2)CC1,SMARCA4,,500.0,>=,0,HeLa,Plexium,WO2023244806A1,PGDB_AS000073,% Degradation,luminescence,standardized
PGDB_C027235,Nc1nnc(-c2ccccc2O)cc1N1CCCN(c2ccnc(C#CCN3CCn4c(nnc4C(F)(F)F)C3)n2)CC1,SMARCA2,,500.0,>=,0,HeLa,Plexium,WO2023244806A1,PGDB_AS002237,% Degradation,luminescence,standardized
PGDB_C027235,Nc1nnc(-c2ccccc2O)cc1N1CCCN(c2ccnc(C#CCN3CCn4c(nnc4C(F)(F)F)C3)n2)CC1,SMARCA4,,500.0,>=,0,HeLa,Plexium,WO2023244806A1,PGDB_AS000073,% Degradation,luminescence,standardized
PGDB_C027249,Nc1nnc(-c2ccccc2O)cc1N1CCCN(c2ccnc(C#CCN3C[C@@H]4C[C@H]3CO4)n2)CC1,SMARCA4,,500.0,>=,0,HeLa,Plexium,WO2023244806A1,PGDB_AS000073,% Degradation,luminescence,standardized
PGDB_C027248,Nc1nnc(-c2ccccc2O)cc1N1CCCN(c2ccnc(C#CCN3C[C@H]4C[C@@H]3CO4)n2)CC1,SMARCA4,,500.0,>=,0,HeLa,Plexium,WO2023244806A1,PGDB_AS000073,% Degradation,luminescence,standardized
PGDB_C027196,Nc1nnc(-c2ccccc2O)cc1N1CCCN(c2ccnc(C#CCNC(=O)NC3CC3)n2)CC1,SMARCA2,,500.0,>=,0,HeLa,Plexium,WO2023244806A1,PGDB_AS002237,% Degradation,luminescence,standardized
PGDB_C027196,Nc1nnc(-c2ccccc2O)cc1N1CCCN(c2ccnc(C#CCNC(=O)NC3CC3)n2)CC1,SMARCA4,,500.0,>=,0,HeLa,Plexium,WO2023244806A1,PGDB_AS000073,% Degradation,luminescence,standardized
PGDB_C027197,Nc1nnc(-c2ccccc2O)cc1N1CCCN(c2ccnc(C#CCNC(=O)NC3CCC3)n2)CC1,SMARCA2,,500.0,>=,0,HeLa,Plexium,WO2023244806A1,PGDB_AS002237,% Degradation,luminescence,standardized
PGDB_C027173,Nc1nnc(-c2ccccc2O)cc1N1CCCN(c2ccnc(C#CCNC3CC3)n2)CC1,SMARCA4,,500.0,>=,0,HeLa,Plexium,WO2023244806A1,PGDB_AS000073,% Degradation,luminescence,standardized
PGDB_C027130,Nc1nnc(-c2ccccc2O)cc1N1CCCN(c2ccnc(C#CCNCCF)n2)CC1,SMARCA2,,500.0,>=,0,HeLa,Plexium,WO2023244806A1,PGDB_AS002237,% Degradation,luminescence,standardized
PGDB_C027130,Nc1nnc(-c2ccccc2O)cc1N1CCCN(c2ccnc(C#CCNCCF)n2)CC1,SMARCA4,,500.0,>=,0,HeLa,Plexium,WO2023244806A1,PGDB_AS000073,% Degradation,luminescence,standardized
PGDB_C026992,Nc1nnc(-c2ccccc2O)cc1N1CCCN(c2ccnc(C#CCNc3cc4ncccn4n3)n2)CC1,SMARCA2,,500.0,>=,0,HeLa,Plexium,WO2023244806A1,PGDB_AS002237,% Degradation,luminescence,standardized
PGDB_C026992,Nc1nnc(-c2ccccc2O)cc1N1CCCN(c2ccnc(C#CCNc3cc4ncccn4n3)n2)CC1,SMARCA4,,500.0,>=,0,HeLa,Plexium,WO2023244806A1,PGDB_AS000073,% Degradation,luminescence,standardized
PGDB_C026890,Nc1nnc(-c2ccccc2O)cc1N1CCCN(c2ccnc(C#CCNc3ncco3)n2)CC1,SMARCA2,,500.0,>=,0,HeLa,Plexium,WO2023244806A1,PGDB_AS002237,% Degradation,luminescence,standardized
PGDB_C026890,Nc1nnc(-c2ccccc2O)cc1N1CCCN(c2ccnc(C#CCNc3ncco3)n2)CC1,SMARCA4,,500.0,>=,0,HeLa,Plexium,WO2023244806A1,PGDB_AS000073,% Degradation,luminescence,standardized
PGDB_C027000,Nc1nnc(-c2ccccc2O)cc1N1CCCN(c2ccnc(C#CCOc3ncco3)n2)CC1,SMARCA2,,50.0,<,1,HeLa,Plexium,WO2023244806A1,PGDB_AS002237,% Degradation,luminescence,standardized
PGDB_C027178,Nc1nnc(-c2ccccc2O)cc1N1CCCN(c2ccnc(C#Cc3cccc4nccn34)n2)CC1,SMARCA2,,500.0,>=,0,HeLa,Plexium,WO2023244806A1,PGDB_AS002237,% Degradation,luminescence,standardized
PGDB_C027178,Nc1nnc(-c2ccccc2O)cc1N1CCCN(c2ccnc(C#Cc3cccc4nccn34)n2)CC1,SMARCA4,,500.0,>=,0,HeLa,Plexium,WO2023244806A1,PGDB_AS000073,% Degradation,luminescence,standardized
PGDB_C029185,Nc1nnc(-c2ccccc2O)cc1N1CCN(c2ccc(C(=O)N3CCC(F)(CN4CCC(n5cc(C6CC6)c6cc(N7CCC(=O)NC7=O)ccc65)CC4)CC3)cc2)CC1,SMARCA2,,74.39999999999999,=,1,,AstraZeneca,WO2026120044,PGDB_AS001809,% Degradation,,standardized
PGDB_C029185,Nc1nnc(-c2ccccc2O)cc1N1CCN(c2ccc(C(=O)N3CCC(F)(CN4CCC(n5cc(C6CC6)c6cc(N7CCC(=O)NC7=O)ccc65)CC4)CC3)cc2)CC1,SMARCA4,,1008.9999999999999,>,0,,AstraZeneca,WO2026120044,PGDB_AS001309,% Degradation,,standardized
PGDB_C027152,Nc1nnc(-c2ccccc2O)cc1N1CCN(c2ccnc(C#CCN3CCCCC3)n2)CC1,SMARCA2,,50.0,<,1,HeLa,Plexium,WO2023244806A1,PGDB_AS002237,% Degradation,luminescence,standardized
PGDB_C027152,Nc1nnc(-c2ccccc2O)cc1N1CCN(c2ccnc(C#CCN3CCCCC3)n2)CC1,SMARCA4,,50.0,<,1,HeLa,Plexium,WO2023244806A1,PGDB_AS000073,% Degradation,luminescence,standardized
PGDB_C026949,Nc1nnc(-c2ccccc2O)cc1N1CCN(c2ccnc(C#CCNC(=O)c3cc4ccccc4o3)n2)CC1,SMARCA4,,50.0,<,1,HeLa,Plexium,WO2023244806A1,PGDB_AS000073,% Degradation,luminescence,standardized
PGDB_C026933,Nc1nnc(-c2ccccc2O)cc1N1CCN(c2ccnc(C#CCNC(=O)c3cc4n(n3)CCC4)n2)CC1,SMARCA4,,5000.0,>,0,HeLa,Plexium,WO2023244806A1,PGDB_AS000073,% Degradation,luminescence,standardized
PGDB_C026943,Nc1nnc(-c2ccccc2O)cc1N1CCN(c2ccnc(C#CCNC(=O)c3cc4n(n3)CCCC4)n2)CC1,SMARCA4,,50.0,<,1,HeLa,Plexium,WO2023244806A1,PGDB_AS000073,% Degradation,luminescence,standardized
PGDB_C026931,Nc1nnc(-c2ccccc2O)cc1N1CCN(c2ccnc(C#CCNC(=O)c3cc4n(n3)CCCO4)n2)CC1,SMARCA4,,50.0,<,1,HeLa,Plexium,WO2023244806A1,PGDB_AS000073,% Degradation,luminescence,standardized
PGDB_C026903,Nc1nnc(-c2ccccc2O)cc1N1CCN(c2ccnc(C#CCNC(=O)c3cc4ncccn4n3)n2)C2CC21,SMARCA4,,50.0,<,1,HeLa,Plexium,WO2023244806A1,PGDB_AS000073,% Degradation,luminescence,standardized
PGDB_C026919,Nc1nnc(-c2ccccc2O)cc1N1CCN(c2ccnc(C#CCNC(=O)c3cc4ncccn4n3)n2)CC(F)C1,SMARCA2,,500.0,>=,0,HeLa,Plexium,WO2023244806A1,PGDB_AS002237,% Degradation,luminescence,standardized
PGDB_C026919,Nc1nnc(-c2ccccc2O)cc1N1CCN(c2ccnc(C#CCNC(=O)c3cc4ncccn4n3)n2)CC(F)C1,SMARCA4,,500.0,>=,0,HeLa,Plexium,WO2023244806A1,PGDB_AS000073,% Degradation,luminescence,standardized
PGDB_C026965,Nc1nnc(-c2ccccc2O)cc1N1CCN(c2ccnc(C#CCNC(=O)c3cc4ncccn4n3)n2)CC1,SMARCA4,,50.0,<,1,HeLa,Plexium,WO2023244806A1,PGDB_AS000073,% Degradation,luminescence,standardized
PGDB_C026886,Nc1nnc(-c2ccccc2O)cc1N1CCN(c2ccnc(C#CCNC(=O)c3ccn(C(F)F)n3)n2)CC1,SMARCA4,,50.0,<,1,HeLa,Plexium,WO2023244806A1,PGDB_AS000073,% Degradation,luminescence,standardized
PGDB_C026887,Nc1nnc(-c2ccccc2O)cc1N1CCN(c2ccnc(C#CCNC(=O)c3ccn(C4CC4)n3)n2)CC1,SMARCA2,,50.0,<,1,HeLa,Plexium,WO2023244806A1,PGDB_AS002237,% Degradation,luminescence,standardized
PGDB_C026887,Nc1nnc(-c2ccccc2O)cc1N1CCN(c2ccnc(C#CCNC(=O)c3ccn(C4CC4)n3)n2)CC1,SMARCA4,,50.0,<,1,HeLa,Plexium,WO2023244806A1,PGDB_AS000073,% Degradation,luminescence,standardized
PGDB_C026885,Nc1nnc(-c2ccccc2O)cc1N1CCN(c2ccnc(C#CCNC(=O)c3ccn(CC(F)(F)F)n3)n2)CC1,SMARCA4,,50.0,<,1,HeLa,Plexium,WO2023244806A1,PGDB_AS000073,% Degradation,luminescence,standardized
PGDB_C026946,Nc1nnc(-c2ccccc2O)cc1N1CCN(c2ccnc(C#CCNC(=O)c3cnc4ccccc4n3)n2)CC1,SMARCA2,,50.0,<,1,HeLa,Plexium,WO2023244806A1,PGDB_AS002237,% Degradation,luminescence,standardized
PGDB_C026946,Nc1nnc(-c2ccccc2O)cc1N1CCN(c2ccnc(C#CCNC(=O)c3cnc4ccccc4n3)n2)CC1,SMARCA4,,50.0,<,1,HeLa,Plexium,WO2023244806A1,PGDB_AS000073,% Degradation,luminescence,standardized
PGDB_C026922,Nc1nnc(-c2ccccc2O)cc1N1CC[C@@H]2[C@H]1CN2c1ccnc(C#CCNC(=O)c2cc3ncccn3n2)n1,SMARCA2,,500.0,>=,0,HeLa,Plexium,WO2023244806A1,PGDB_AS002237,% Degradation,luminescence,standardized
PGDB_C026922,Nc1nnc(-c2ccccc2O)cc1N1CC[C@@H]2[C@H]1CN2c1ccnc(C#CCNC(=O)c2cc3ncccn3n2)n1,SMARCA4,,500.0,>=,0,HeLa,Plexium,WO2023244806A1,PGDB_AS000073,% Degradation,luminescence,standardized
PGDB_C026905,Nc1nnc(-c2ccccc2O)cc1N1C[C@@H]2C[C@H]1CN2c1ccnc(C#CCNC(=O)c2cc3ncccn3n2)n1,SMARCA2,,500.0,>=,0,HeLa,Plexium,WO2023244806A1,PGDB_AS002237,% Degradation,luminescence,standardized
PGDB_C026905,Nc1nnc(-c2ccccc2O)cc1N1C[C@@H]2C[C@H]1CN2c1ccnc(C#CCNC(=O)c2cc3ncccn3n2)n1,SMARCA4,,500.0,>=,0,HeLa,Plexium,WO2023244806A1,PGDB_AS000073,% Degradation,luminescence,standardized
PGDB_C027052,Nc1nnc(-c2ccccc2O)cc1N1C[C@H]2CN(c3ccnc(C#CCN4CC(F)(F)C4)n3)C[C@H]2C1,SMARCA2,,50.0,<,1,HeLa,Plexium,WO2023244806A1,PGDB_AS002237,% Degradation,luminescence,standardized
PGDB_C027052,Nc1nnc(-c2ccccc2O)cc1N1C[C@H]2CN(c3ccnc(C#CCN4CC(F)(F)C4)n3)C[C@H]2C1,SMARCA4,,50.0,<,1,HeLa,Plexium,WO2023244806A1,PGDB_AS000073,% Degradation,luminescence,standardized
PGDB_C027157,Nc1nnc(-c2ccccc2O)cc1N1C[C@H]2C[C@@H]1CN2c1ccnc(C#CCN2CCCCC2)n1,SMARCA2,,50.0,<,1,HeLa,Plexium,WO2023244806A1,PGDB_AS002237,% Degradation,luminescence,standardized
PGDB_C027157,Nc1nnc(-c2ccccc2O)cc1N1C[C@H]2C[C@@H]1CN2c1ccnc(C#CCN2CCCCC2)n1,SMARCA4,,50.0,<,1,HeLa,Plexium,WO2023244806A1,PGDB_AS000073,% Degradation,luminescence,standardized
PGDB_C027069,Nc1nnc(-c2ccccc2O)cc1OC1CC2CN(c3ccnc(C#CCN4CCC4)n3)CC2C1,SMARCA4,,500.0,>=,0,HeLa,Plexium,WO2023244806A1,PGDB_AS000073,% Degradation,luminescence,standardized
PGDB_C029251,Nc1nnc(-c2ccccc2O)cc1[C@@H]1C[C@H]2CC[C@@H](C1)N2c1ccc(C(=O)N2CCC(F)(CN3CCC(n4ccc5cc(N6CCC(=O)NC6=O)ccc54)CC3)CC2)cc1,SMARCA2,,16.400000000000002,=,1,,AstraZeneca,WO2026120044,PGDB_AS001809,% Degradation,,standardized
PGDB_C029251,Nc1nnc(-c2ccccc2O)cc1[C@@H]1C[C@H]2CC[C@@H](C1)N2c1ccc(C(=O)N2CCC(F)(CN3CCC(n4ccc5cc(N6CCC(=O)NC6=O)ccc54)CC3)CC2)cc1,SMARCA4,,319.0,>,0,,AstraZeneca,WO2026120044,PGDB_AS001309,% Degradation,,standardized
PGDB_C010419,O=C(/C=C/C(F)(F)F)N1CC(c2cc3cc(-c4ccccc4O)nnc3[nH]2)C1,SMARCA2,,500.0,>=,0,HeLa,Plexium,WO2025101944,PGDB_AS000900,% Degradation,luminescence,standardized
PGDB_C010419,O=C(/C=C/C(F)(F)F)N1CC(c2cc3cc(-c4ccccc4O)nnc3[nH]2)C1,SMARCA4,,500.0,>=,0,HeLa,Plexium,WO2025101944,PGDB_AS000431,% Degradation,luminescence,standardized
PGDB_C010426,O=C(/C=C/CN1CC2CC1C2)N1CC(c2cc3cc(-c4ccccc4O)nnc3[nH]2)C1,SMARCA4,,5000.0,>,0,HeLa,Plexium,WO2025101944,PGDB_AS000431,% Degradation,luminescence,standardized
PGDB_C010381,O=C(/C=C/CN1CC2CCC(C2)C1)N1CC(c2[nH]c3nnc(-c4ccccc4O)cc3c2-c2ccccc2)C1,SMARCA4,,500.0,>=,0,HeLa,Plexium,WO2025101944,PGDB_AS000431,% Degradation,luminescence,standardized
PGDB_C022553,O=C(/C=C/CN1CC2CCC(C2)C1)N1CCN2c3cc(-c4ccccc4O)nnc3NC[C@H]2C1,SMARCA4,,50.0,<,1,HeLa,Plexium,AU2024305544A1,PGDB_AS000020,% Degradation,luminescence,standardized
PGDB_C001953,O=C(Cc1ccc2c(c1)CN(C1CCC(=O)NC1=O)C2=O)NCCc1ccccc1,GSPT1,,1.0,<,1,,St Jude Childrens Research Hospital,WO2023096822A1,PGDB_AS001062,% Degradation,,standardized
PGDB_C001958,O=C(Cc1ccc2c(c1)CN(C1CCC(=O)NC1=O)C2=O)NCc1ccc(Cl)cc1,GSPT1,,1.0,<,1,,St Jude Childrens Research Hospital,WO2023096822A1,PGDB_AS001062,% Degradation,,standardized
PGDB_C001951,O=C(Cc1ccc2c(c1)CN(C1CCC(=O)NC1=O)C2=O)NCc1ccc(F)cc1,GSPT1,,1.0,<,1,,St Jude Childrens Research Hospital,WO2023096822A1,PGDB_AS001062,% Degradation,,standardized
PGDB_C001952,O=C(Cc1ccc2c(c1)CN(C1CCC(=O)NC1=O)C2=O)NCc1cccc(C(F)(F)F)c1,GSPT1,,1.0,<,1,,St Jude Childrens Research Hospital,WO2023096822A1,PGDB_AS001062,% Degradation,,standardized
PGDB_C001954,O=C(Cc1ccc2c(c1)CN(C1CCC(=O)NC1=O)C2=O)NCc1cccc2ccccc12,GSPT1,,1.0,<,1,,St Jude Childrens Research Hospital,WO2023096822A1,PGDB_AS001062,% Degradation,,standardized
PGDB_C001943,O=C(Cc1ccc2c(c1)CN(C1CCC(=O)NC1=O)C2=O)NCc1ccccc1,GSPT1,,1.0,<,1,,St Jude Childrens Research Hospital,WO2023096822A1,PGDB_AS001062,% Degradation,,standardized
PGDB_C001079,O=C(Cc1cccc(Br)c1)NCC1CCCN(c2cc(F)c(C3CCC(=O)NC3=O)c(F)c2)C1,GSPT1,,19.3,=,1,293A,Hangzhou Dituo Biopharmaceutical,CN121591645A,PGDB_AS001164,% Degradation,,standardized
PGDB_C001077,O=C(Cc1cccc(Br)c1)NCC1CCN(c2cc(F)c(C3CCC(=O)NC3=O)c(F)c2)CC1,GSPT1,,69.5,=,1,293A,Hangzhou Dituo Biopharmaceutical,CN121591645A,PGDB_AS001164,% Degradation,,standardized
PGDB_C000478,O=C(O)/C=C/c1ccc2c(c1)C(=O)N(C1CCC(=O)NC1=O)C2,GSPT1,,447.2,=,0,U937,Livzon Pharmaceutical Group;Jinan University,CN117917402A,PGDB_AS002566,% Degradation,Western_blot,standardized
PGDB_C000484,O=C(O)CCc1ccc2c(c1)C(=O)N(C1CCC(=O)NC1=O)C2,GSPT1,,2204.0,=,0,U937,Livzon Pharmaceutical Group;Jinan University,CN117917402A,PGDB_AS002566,% Degradation,Western_blot,standardized
PGDB_C000476,O=C(O)CCc1cccc2c1CN(C1CCC(=O)NC1=O)C2=O,GSPT1,,10000.0,>,0,U937,Livzon Pharmaceutical Group;Jinan University,CN117917402A,PGDB_AS002566,% Degradation,Western_blot,standardized
PGDB_C030650,O=C1CCC(N2C(=O)c3cc(Br)cc4cccc2c34)C(=O)N1,CDK2,,32.35936569296281,=,1,HEK293T,Plexium,WO2026064643A1,PGDB_AS001728,% Degradation,luminescence,standardized
PGDB_C030651,O=C1CCC(N2C(=O)c3cc(CNC(=O)OCC4CC5(CCCCC5)C4)cc4cccc2c34)C(=O)N1,CDK2,,21.87761623949552,=,1,HEK293T,Plexium,WO2026064643A1,PGDB_AS001728,% Degradation,luminescence,standardized
PGDB_C026778,O=C1CCC(N2C(=O)c3cc(CNCc4ccco4)cc4cccc2c34)C(=O)N1,GSPT1,,10000.0,>,0,293T.114,C4 Therapeutics,WO2022081927A1,PGDB_AS001223,% Degradation,luminescence,standardized
PGDB_C030652,O=C1CCC(N2C(=O)c3cc(CNc4nnc(-c5ccc(OC(F)(F)F)cc5)o4)cc4cccc2c34)C(=O)N1,CDK2,,3.019951720402019,=,1,HEK293T,Plexium,WO2026064643A1,PGDB_AS001728,% Degradation,luminescence,standardized
PGDB_C030653,O=C1CCC(N2C(=O)c3cc(CNc4nnc(C5CC6(CCC6)C5)o4)cc4cccc2c34)C(=O)N1,CDK2,,3.981071705534969,=,1,HEK293T,Plexium,WO2026064643A1,PGDB_AS001728,% Degradation,luminescence,standardized
PGDB_C007548,O=C1CCC(N2C(=O)c3cc(F)cc4c(Cc5ccc(CN6CC(N7CCOCC7)C6)cc5F)ccc2c34)C(=O)N1,IKZF1,,0.74,=,1,HT-1080,Hangzhou Glubio Pharmaceutical,EP4393915A1,PGDB_AS001653,% Degradation,luminescence,standardized
PGDB_C007548,O=C1CCC(N2C(=O)c3cc(F)cc4c(Cc5ccc(CN6CC(N7CCOCC7)C6)cc5F)ccc2c34)C(=O)N1,SALL4,,10000.0,>,0,HT-1080,Hangzhou Glubio Pharmaceutical,EP4393915A1,PGDB_AS000384,% Degradation,luminescence,standardized
PGDB_C007555,O=C1CCC(N2C(=O)c3cc(F)cc4c(Cc5ccc(CN6CCC(N7CCOCC7)CC6)cc5F)ccc2c34)C(=O)N1,IKZF1,,2.19,=,1,HT-1080,Hangzhou Glubio Pharmaceutical,EP4393915A1,PGDB_AS001653,% Degradation,luminescence,standardized
PGDB_C007555,O=C1CCC(N2C(=O)c3cc(F)cc4c(Cc5ccc(CN6CCC(N7CCOCC7)CC6)cc5F)ccc2c34)C(=O)N1,SALL4,,10000.0,>,0,HT-1080,Hangzhou Glubio Pharmaceutical,EP4393915A1,PGDB_AS000384,% Degradation,luminescence,standardized
PGDB_C007549,O=C1CCC(N2C(=O)c3cc(F)cc4c(Cc5ccc(CN6CCC7(CCCO7)CC6)cc5F)ccc2c34)C(=O)N1,IKZF1,,0.13,=,1,HT-1080,Hangzhou Glubio Pharmaceutical,EP4393915A1,PGDB_AS001653,% Degradation,luminescence,standardized
PGDB_C007549,O=C1CCC(N2C(=O)c3cc(F)cc4c(Cc5ccc(CN6CCC7(CCCO7)CC6)cc5F)ccc2c34)C(=O)N1,SALL4,,10000.0,>,0,HT-1080,Hangzhou Glubio Pharmaceutical,EP4393915A1,PGDB_AS000384,% Degradation,luminescence,standardized
PGDB_C007556,O=C1CCC(N2C(=O)c3cc(F)cc4c(Cc5ccc(CN6CCOCC6)cc5)ccc2c34)C(=O)N1,IKZF1,,5.89,=,1,HT-1080,Hangzhou Glubio Pharmaceutical,EP4393915A1,PGDB_AS001653,% Degradation,luminescence,standardized
PGDB_C007556,O=C1CCC(N2C(=O)c3cc(F)cc4c(Cc5ccc(CN6CCOCC6)cc5)ccc2c34)C(=O)N1,SALL4,,10000.0,>,0,HT-1080,Hangzhou Glubio Pharmaceutical,EP4393915A1,PGDB_AS000384,% Degradation,luminescence,standardized
PGDB_C007550,O=C1CCC(N2C(=O)c3cc(F)cc4c(Cc5ccc(CN6CCOCC6)cc5F)ccc2c34)C(=O)N1,IKZF1,,2.37,=,1,HT-1080,Hangzhou Glubio Pharmaceutical,EP4393915A1,PGDB_AS001653,% Degradation,luminescence,standardized
PGDB_C007550,O=C1CCC(N2C(=O)c3cc(F)cc4c(Cc5ccc(CN6CCOCC6)cc5F)ccc2c34)C(=O)N1,SALL4,,10000.0,>,0,HT-1080,Hangzhou Glubio Pharmaceutical,EP4393915A1,PGDB_AS000384,% Degradation,luminescence,standardized
PGDB_C016630,O=C1CCC(N2C(=O)c3ccc(Br)c4cccc2c34)C(=O)N1,GSPT1,,10000.0,>,0,293T.114,C4 Therapeutics,WO2022081927A1,PGDB_AS001223,% Degradation,luminescence,standardized
PGDB_C016630,O=C1CCC(N2C(=O)c3ccc(Br)c4cccc2c34)C(=O)N1,IKZF1,,10000.0,>,0,NCI-H929.11,C4 Therapeutics,WO2022081927A1,PGDB_AS000877,% Degradation,luminescence,standardized
PGDB_C016630,O=C1CCC(N2C(=O)c3ccc(Br)c4cccc2c34)C(=O)N1,SALL4,,100.0,<,1,KELLY.2,C4 Therapeutics,WO2022081927A1,PGDB_AS001296,% Degradation,luminescence,standardized
PGDB_C016641,O=C1CCC(N2C(=O)c3ccc(C4(F)CCN(Cc5ccccc5)CC4)c4nccc2c34)C(=O)N1,SALL4,,100.0,<,1,KELLY.2,C4 Therapeutics,WO2022081927A1,PGDB_AS001296,% Degradation,luminescence,standardized
PGDB_C006075,O=C1CCC(N2C(=O)c3ccc(C4(O)CCN(C(CF)c5ccccc5)CC4)cc3C2=O)C(=O)N1,IKZF2,,31.0,=,1,MOLT-4,Neomorph;Dana Farber Cancer Institute,CA3215907A1,PGDB_AS000536,% Degradation,luminescence,standardized
PGDB_C006073,O=C1CCC(N2C(=O)c3ccc(C4(O)CCN(C5CCc6ncccc65)CC4)cc3C2=O)C(=O)N1,IKZF2,,9.0,=,1,MOLT-4,Neomorph;Dana Farber Cancer Institute,CA3215907A1,PGDB_AS000536,% Degradation,luminescence,standardized
PGDB_C006105,O=C1CCC(N2C(=O)c3ccc(C4(O)CCN(CC(O)c5ccccc5)CC4)cc3C2=O)C(=O)N1,IKZF2,,22.0,=,1,MOLT-4,Neomorph;Dana Farber Cancer Institute,CA3215907A1,PGDB_AS000536,% Degradation,luminescence,standardized
PGDB_C004624,O=C1CCC(N2C(=O)c3ccc(C4(O)CCN(CC5CCOCC5)CC4)cc3C2=O)C(=O)N1,IKZF2,,55.0,=,1,MOLT-4,Dana Farber Cancer Institute,US20240217970A1,PGDB_AS001527,% Degradation,,standardized
PGDB_C004634,O=C1CCC(N2C(=O)c3ccc(C4(O)CCN(Cc5cc(F)cc(F)c5)CC4)cc3C2=O)C(=O)N1,IKZF2,,61.00000000000001,=,1,MOLT-4,Dana Farber Cancer Institute,US20240217970A1,PGDB_AS001527,% Degradation,,standardized
PGDB_C006103,O=C1CCC(N2C(=O)c3ccc(C4(O)CCN(Cc5ccc(-c6nccs6)cc5)CC4)cc3C2=O)C(=O)N1,IKZF2,,8.0,=,1,MOLT-4,Neomorph;Dana Farber Cancer Institute,CA3215907A1,PGDB_AS000536,% Degradation,luminescence,standardized
PGDB_C004636,O=C1CCC(N2C(=O)c3ccc(C4(O)CCN(Cc5ccc(C(F)(F)F)cc5)CC4)cc3C2=O)C(=O)N1,IKZF2,,56.0,=,1,MOLT-4,Dana Farber Cancer Institute,US20240217970A1,PGDB_AS001527,% Degradation,,standardized
PGDB_C006079,O=C1CCC(N2C(=O)c3ccc(C4(O)CCN(Cc5ccc(F)c(F)c5)CC4)cc3C2=O)C(=O)N1,IKZF2,,6.0,=,1,MOLT-4,Neomorph;Dana Farber Cancer Institute,CA3215907A1,PGDB_AS000536,% Degradation,luminescence,standardized
PGDB_C004621,O=C1CCC(N2C(=O)c3ccc(C4(O)CCN(Cc5ccc(F)c(Oc6ccccc6)c5)CC4)cc3C2=O)C(=O)N1,IKZF2,,23.0,=,1,MOLT-4,Dana Farber Cancer Institute,US20240217970A1,PGDB_AS001527,% Degradation,,standardized
PGDB_C006095,O=C1CCC(N2C(=O)c3ccc(C4(O)CCN(Cc5ccc(F)cc5)CC4)c(F)c3C2=O)C(=O)N1,IKZF2,,7.0,=,1,MOLT-4,Neomorph;Dana Farber Cancer Institute,CA3215907A1,PGDB_AS000536,% Degradation,luminescence,standardized
PGDB_C004635,O=C1CCC(N2C(=O)c3ccc(C4(O)CCN(Cc5ccc(OC(F)F)cc5)CC4)cc3C2=O)C(=O)N1,IKZF2,,19.0,=,1,MOLT-4,Dana Farber Cancer Institute,US20240217970A1,PGDB_AS001527,% Degradation,,standardized
PGDB_C006100,O=C1CCC(N2C(=O)c3ccc(C4(O)CCN(Cc5ccc6[nH]ccc6c5)CC4)cc3C2=O)C(=O)N1,IKZF2,,16.0,=,1,MOLT-4,Neomorph;Dana Farber Cancer Institute,CA3215907A1,PGDB_AS000536,% Degradation,luminescence,standardized
PGDB_C004618,O=C1CCC(N2C(=O)c3ccc(C4(O)CCN(Cc5ccc6cc(-c7ccccc7)nn6c5)CC4)cc3C2=O)C(=O)N1,IKZF2,,4.9,=,1,MOLT-4,Dana Farber Cancer Institute,US20240217970A1,PGDB_AS001527,% Degradation,,standardized
PGDB_C006072,O=C1CCC(N2C(=O)c3ccc(C4(O)CCN(Cc5ccc6cc[nH]c6n5)CC4)cc3C2=O)C(=O)N1,IKZF2,,160.0,=,0,MOLT-4,Neomorph;Dana Farber Cancer Institute,CA3215907A1,PGDB_AS000536,% Degradation,luminescence,standardized
PGDB_C004630,O=C1CCC(N2C(=O)c3ccc(C4(O)CCN(Cc5ccc6ccccc6c5)CC4)cc3C2=O)C(=O)N1,IKZF2,,13.0,=,1,MOLT-4,Dana Farber Cancer Institute,US20240217970A1,PGDB_AS001527,% Degradation,,standardized
PGDB_C006091,O=C1CCC(N2C(=O)c3ccc(C4(O)CCN(Cc5ccc6ncn(-c7ccccn7)c(=O)c6c5)CC4)cc3C2=O)C(=O)N1,IKZF2,,1.5,=,1,MOLT-4,Neomorph;Dana Farber Cancer Institute,CA3215907A1,PGDB_AS000536,% Degradation,luminescence,standardized
PGDB_C006092,O=C1CCC(N2C(=O)c3ccc(C4(O)CCN(Cc5ccc6ncn(-c7cccnc7)c(=O)c6c5)CC4)cc3C2=O)C(=O)N1,IKZF2,,1.0,=,1,MOLT-4,Neomorph;Dana Farber Cancer Institute,CA3215907A1,PGDB_AS000536,% Degradation,luminescence,standardized
PGDB_C006093,O=C1CCC(N2C(=O)c3ccc(C4(O)CCN(Cc5ccc6scnc6c5)CC4)cc3C2=O)C(=O)N1,IKZF2,,5.0,=,1,MOLT-4,Neomorph;Dana Farber Cancer Institute,CA3215907A1,PGDB_AS000536,% Degradation,luminescence,standardized
PGDB_C004625,O=C1CCC(N2C(=O)c3ccc(C4(O)CCN(Cc5cccc(Nc6ccccn6)n5)CC4)cc3C2=O)C(=O)N1,IKZF2,,24.0,=,1,MOLT-4,Dana Farber Cancer Institute,US20240217970A1,PGDB_AS001527,% Degradation,,standardized
PGDB_C004620,O=C1CCC(N2C(=O)c3ccc(C4(O)CCN(Cc5cccc(Oc6ccc(Cl)cc6)c5)CC4)cc3C2=O)C(=O)N1,IKZF2,,8.799999999999999,=,1,MOLT-4,Dana Farber Cancer Institute,US20240217970A1,PGDB_AS001527,% Degradation,,standardized
PGDB_C004623,O=C1CCC(N2C(=O)c3ccc(C4(O)CCN(Cc5cccc(Oc6ccc(F)cc6)c5)CC4)cc3C2=O)C(=O)N1,IKZF2,,7.3,=,1,MOLT-4,Dana Farber Cancer Institute,US20240217970A1,PGDB_AS001527,% Degradation,,standardized
PGDB_C004629,O=C1CCC(N2C(=O)c3ccc(C4(O)CCN(Cc5cccc(Oc6ccccc6)c5)CC4)cc3C2=O)C(=O)N1,IKZF2,,4.2,=,1,MOLT-4,Dana Farber Cancer Institute,US20240217970A1,PGDB_AS001527,% Degradation,,standardized
PGDB_C004626,O=C1CCC(N2C(=O)c3ccc(C4(O)CCN(Cc5cccc6ccccc56)CC4)cc3C2=O)C(=O)N1,IKZF2,,14.0,=,1,MOLT-4,Dana Farber Cancer Institute,US20240217970A1,PGDB_AS001527,% Degradation,,standardized
PGDB_C006094,O=C1CCC(N2C(=O)c3ccc(C4(O)CCN(Cc5ccccc5)CC4)c(F)c3C2=O)C(=O)N1,IKZF2,,2.0,=,1,MOLT-4,Neomorph;Dana Farber Cancer Institute,CA3215907A1,PGDB_AS000536,% Degradation,luminescence,standardized
PGDB_C004631,O=C1CCC(N2C(=O)c3ccc(C4(O)CCN(Cc5ccccc5)CC4)cc3C2=O)C(=O)N1,IKZF2,,22.0,=,1,MOLT-4,Dana Farber Cancer Institute,US20240217970A1,PGDB_AS001527,% Degradation,,standardized
PGDB_C004628,O=C1CCC(N2C(=O)c3ccc(C4(O)CCN(Cc5ccccc5C(F)(F)F)CC4)cc3C2=O)C(=O)N1,IKZF2,,20.0,=,1,MOLT-4,Dana Farber Cancer Institute,US20240217970A1,PGDB_AS001527,% Degradation,,standardized
PGDB_C006081,O=C1CCC(N2C(=O)c3ccc(C4(O)CCN(Cc5ccccn5)CC4)cc3C2=O)C(=O)N1,IKZF2,,21.0,=,1,MOLT-4,Neomorph;Dana Farber Cancer Institute,CA3215907A1,PGDB_AS000536,% Degradation,luminescence,standardized
PGDB_C006082,O=C1CCC(N2C(=O)c3ccc(C4(O)CCN(Cc5cccnc5)CC4)cc3C2=O)C(=O)N1,IKZF2,,39.0,=,1,MOLT-4,Neomorph;Dana Farber Cancer Institute,CA3215907A1,PGDB_AS000536,% Degradation,luminescence,standardized
PGDB_C006088,O=C1CCC(N2C(=O)c3ccc(C4(O)CCN(Cc5ccn(-c6ccccc6)n5)CC4)cc3C2=O)C(=O)N1,IKZF2,,8.0,=,1,MOLT-4,Neomorph;Dana Farber Cancer Institute,CA3215907A1,PGDB_AS000536,% Degradation,luminescence,standardized
PGDB_C006083,O=C1CCC(N2C(=O)c3ccc(C4(O)CCN(Cc5ccncc5)CC4)cc3C2=O)C(=O)N1,IKZF2,,20.0,=,1,MOLT-4,Neomorph;Dana Farber Cancer Institute,CA3215907A1,PGDB_AS000536,% Degradation,luminescence,standardized
PGDB_C006087,O=C1CCC(N2C(=O)c3ccc(C4(O)CCN(Cc5coc(-c6ccccc6)n5)CC4)cc3C2=O)C(=O)N1,IKZF2,,21.0,=,1,MOLT-4,Neomorph;Dana Farber Cancer Institute,CA3215907A1,PGDB_AS000536,% Degradation,luminescence,standardized
PGDB_C016640,O=C1CCC(N2C(=O)c3ccc(C4CCN(Cc5cccc(S(=O)(=O)N6CCOCC6)c5)CC4)c4nccc2c34)C(=O)N1,GSPT1,,10000.0,>,0,JURKAT.21,C4 Therapeutics,AU2021361043A9,PGDB_AS001042,% Degradation,,standardized
PGDB_C016640,O=C1CCC(N2C(=O)c3ccc(C4CCN(Cc5cccc(S(=O)(=O)N6CCOCC6)c5)CC4)c4nccc2c34)C(=O)N1,SALL4,,100.0,<,1,KELLY.2,C4 Therapeutics,WO2022081927A1,PGDB_AS001296,% Degradation,luminescence,standardized
PGDB_C026764,O=C1CCC(N2C(=O)c3ccc(CN4CC(Oc5ccccc5)C4)c4cccc2c34)C(=O)N1,GSPT1,,100.0,<,1,293T.114,C4 Therapeutics,WO2022081927A1,PGDB_AS001223,% Degradation,luminescence,standardized
PGDB_C026764,O=C1CCC(N2C(=O)c3ccc(CN4CC(Oc5ccccc5)C4)c4cccc2c34)C(=O)N1,IKZF1,,100.0,<,1,NCI-H929.11,C4 Therapeutics,WO2022081927A1,PGDB_AS000877,% Degradation,luminescence,standardized
PGDB_C026764,O=C1CCC(N2C(=O)c3ccc(CN4CC(Oc5ccccc5)C4)c4cccc2c34)C(=O)N1,SALL4,,100.0,<,1,KELLY.2,C4 Therapeutics,WO2022081927A1,PGDB_AS001296,% Degradation,luminescence,standardized
PGDB_C016636,O=C1CCC(N2C(=O)c3ccc(CNC(=O)C(F)(F)c4ccc(Cl)cc4)c4cccc2c34)C(=O)N1,GSPT1,,10000.0,>,0,293T.114,C4 Therapeutics,WO2022081927A1,PGDB_AS001223,% Degradation,luminescence,standardized
PGDB_C016636,O=C1CCC(N2C(=O)c3ccc(CNC(=O)C(F)(F)c4ccc(Cl)cc4)c4cccc2c34)C(=O)N1,IKZF1,,10000.0,>,0,NCI-H929.11,C4 Therapeutics,WO2022081927A1,PGDB_AS000877,% Degradation,luminescence,standardized
PGDB_C016636,O=C1CCC(N2C(=O)c3ccc(CNC(=O)C(F)(F)c4ccc(Cl)cc4)c4cccc2c34)C(=O)N1,SALL4,,100.0,<,1,KELLY.2,C4 Therapeutics,WO2022081927A1,PGDB_AS001296,% Degradation,luminescence,standardized
PGDB_C030654,O=C1CCC(N2C(=O)c3ccc(CNC(=O)OCC4CC5(CCC5)C4)c4cccc2c34)C(=O)N1,CDK2,,0.3235936569296281,=,1,HEK293T,Plexium,WO2026064643A1,PGDB_AS001728,% Degradation,luminescence,standardized
PGDB_C016646,O=C1CCC(N2C(=O)c3ccc(CNCCc4ccc(Cl)cc4)c4cccc2c34)C(=O)N1,GSPT1,,10000.0,>,0,293T.114,C4 Therapeutics,WO2022081927A1,PGDB_AS001201,% Degradation,luminescence,standardized
PGDB_C016646,O=C1CCC(N2C(=O)c3ccc(CNCCc4ccc(Cl)cc4)c4cccc2c34)C(=O)N1,SALL4,,100.0,<,1,KELLY.2,C4 Therapeutics,WO2022081927A1,PGDB_AS001296,% Degradation,luminescence,standardized
PGDB_C016644,O=C1CCC(N2C(=O)c3ccc(CNCc4cc(F)ccc4F)c4cccc2c34)C(=O)N1,GSPT1,CRBN,10000.0,>,0,293T.114,C4 Therapeutics,WO2022081927A1,PGDB_AS001662,% Degradation,luminescence,standardized
PGDB_C016644,O=C1CCC(N2C(=O)c3ccc(CNCc4cc(F)ccc4F)c4cccc2c34)C(=O)N1,IKZF1,,10000.0,>,0,NCI-H929.11,C4 Therapeutics,WO2022081927A1,PGDB_AS000877,% Degradation,luminescence,standardized
PGDB_C016644,O=C1CCC(N2C(=O)c3ccc(CNCc4cc(F)ccc4F)c4cccc2c34)C(=O)N1,SALL4,,100.0,<,1,KELLY.2,C4 Therapeutics,WO2022081927A1,PGDB_AS001296,% Degradation,luminescence,standardized
PGDB_C026791,O=C1CCC(N2C(=O)c3ccc(N4CCc5ccccc54)c4cccc2c34)C(=O)N1,GSPT1,,10000.0,>,0,293T.114,C4 Therapeutics,WO2022081927A1,PGDB_AS001223,% Degradation,luminescence,standardized
PGDB_C026791,O=C1CCC(N2C(=O)c3ccc(N4CCc5ccccc54)c4cccc2c34)C(=O)N1,IKZF1,,10000.0,>,0,NCI-H929.11,C4 Therapeutics,WO2022081927A1,PGDB_AS000877,% Degradation,luminescence,standardized
PGDB_C026791,O=C1CCC(N2C(=O)c3ccc(N4CCc5ccccc54)c4cccc2c34)C(=O)N1,SALL4,,100.0,<,1,KELLY.2,C4 Therapeutics,WO2022081927A1,PGDB_AS001296,% Degradation,luminescence,standardized
PGDB_C008160,O=C1CCC(N2C(=O)c3ccc(NS(=O)(=O)c4cccc(CO)c4Cl)cc3C2=O)C(=O)N1,GSPT1,,10000.0,>,0,HEK293,Cyrus Therapeutics;Wooseok Han;Joonwoo Nam;Min Sung Joo;Dong Hyuk Ki;Kim Eun Jung;Jaeyung Lee,IL323841A,PGDB_AS000381,% Degradation,luminescence,standardized
PGDB_C008159,O=C1CCC(N2C(=O)c3ccc(NS(=O)(=O)c4cccc(COC(F)(F)F)c4Cl)cc3C2=O)C(=O)N1,GSPT1,,3090.0,=,0,HEK293,Cyrus Therapeutics;Wooseok Han;Joonwoo Nam;Min Sung Joo;Dong Hyuk Ki;Kim Eun Jung;Jaeyung Lee,IL323841A,PGDB_AS000381,% Degradation,luminescence,standardized
PGDB_C001361,O=C1CCC(N2C(=O)c3ccc(NS(=O)(=O)c4ccccc4OC(F)(F)F)cc3C2=O)C(=O)N1,GSPT1,,454.5,=,0,HEK293,Cyrus Therapeutics;Wooseok Han;Joonwoo Nam;Min Sung Joo;Dong Hyuk Ki;Kim Eun Jung;Jaeyung Lee,IL323841A,PGDB_AS000381,% Degradation,luminescence,standardized
PGDB_C002244,O=C1CCC(N2C(=O)c3cccc(NCCCCC(=O)NC4CCC(c5nc6c(cnc7[nH]cc(C8CCOCC8)c76)[nH]5)CC4)c3C2=O)C(=O)N1,GSPT1,,100.0,<,1,HEK293,Zhuhai Woo Biological Science And Technology,WO2023237116A1,PGDB_AS002200,% Degradation,luminescence,standardized
PGDB_C002252,O=C1CCC(N2C(=O)c3cccc(NCCCCC(=O)NC4CCC(c5nc6c(cnc7[nH]ccc76)[nH]5)CC4)c3C2=O)C(=O)N1,GSPT1,,100.0,<,1,HEK293,Zhuhai Woo Biological Science And Technology,WO2023237116A1,PGDB_AS002200,% Degradation,luminescence,standardized
PGDB_C002207,O=C1CCC(N2C(=O)c3cccc(NCCCCC(=O)NC4CCC(c5nc6ccccc6[nH]5)CC4)c3C2=O)C(=O)N1,GSPT1,,100.0,<,1,HEK293,Zhuhai Woo Biological Science And Technology,WO2023237116A1,PGDB_AS002200,% Degradation,luminescence,standardized
PGDB_C002227,O=C1CCC(N2C(=O)c3cccc(NCCCCC(=O)NC4CCC(c5nc6ccncc6[nH]5)CC4)c3C2=O)C(=O)N1,GSPT1,,100.0,<,1,HEK293,Zhuhai Woo Biological Science And Technology,WO2023237116A1,PGDB_AS002200,% Degradation,luminescence,standardized
PGDB_C002287,O=C1CCC(N2C(=O)c3cccc(NCc4ccc(C(=O)NC5CCC(c6nc7c(cnc8[nH]cc(C9CCOCC9)c87)[nH]6)CC5)cc4)c3C2=O)C(=O)N1,GSPT1,,100.0,<,1,HEK293,Zhuhai Woo Biological Science And Technology,WO2023237116A1,PGDB_AS002200,% Degradation,luminescence,standardized
PGDB_C002281,O=C1CCC(N2C(=O)c3cccc(NCc4ccc(F)c(C(=O)N[C@H]5CC[C@H](c6nc7cccnc7s6)CC5)c4)c3C2=O)C(=O)N1,GSPT1,,100.0,<,1,HEK293,Zhuhai Woo Biological Science And Technology,WO2023237116A1,PGDB_AS002200,% Degradation,luminescence,standardized
PGDB_C002233,O=C1CCC(N2C(=O)c3cccc(NCc4ccc5cn([C@H]6CC[C@H](c7nc8cccnc8s7)CC6)nc5c4)c3C2=O)C(=O)N1,GSPT1,,100.0,<,1,HEK293,Zhuhai Woo Biological Science And Technology,WO2023237116A1,PGDB_AS002200,% Degradation,luminescence,standardized
PGDB_C023827,O=C1CCC(N2C(=O)c3cccc(NCc4ccc5nc(C6CCC(c7nc8cccnc8s7)CC6)sc5c4)c3C2=O)C(=O)N1,IKZF1,,10.0,<,1,Jurkat,Zhuhai Woo Biological Science And Technology,CN120097964A,PGDB_AS000284,% Degradation,luminescence,standardized
PGDB_C002228,O=C1CCC(N2C(=O)c3cccc(NCc4cccc(C(=O)NC5CCC(c6cc7ccccc7o6)CC5)c4)c3C2=O)C(=O)N1,GSPT1,,100.0,<,1,HEK293,Zhuhai Woo Biological Science And Technology,WO2023237116A1,PGDB_AS002200,% Degradation,luminescence,standardized
PGDB_C002277,O=C1CCC(N2C(=O)c3cccc(NCc4cccc(C(=O)NC5CCC(c6cc7ccccc7s6)CC5)c4)c3C2=O)C(=O)N1,GSPT1,,100.0,<,1,HEK293,Zhuhai Woo Biological Science And Technology,WO2023237116A1,PGDB_AS002200,% Degradation,luminescence,standardized
PGDB_C002256,O=C1CCC(N2C(=O)c3cccc(NCc4cccc(C(=O)NC5CCC(c6cc7ccncc7s6)CC5)c4)c3C2=O)C(=O)N1,GSPT1,,100.0,<,1,HEK293,Zhuhai Woo Biological Science And Technology,WO2023237116A1,PGDB_AS002200,% Degradation,luminescence,standardized
PGDB_C002278,O=C1CCC(N2C(=O)c3cccc(NCc4cccc(C(=O)NC5CCC(c6cc7cnccc7s6)CC5)c4)c3C2=O)C(=O)N1,GSPT1,,100.0,<,1,HEK293,Zhuhai Woo Biological Science And Technology,WO2023237116A1,PGDB_AS002200,% Degradation,luminescence,standardized
PGDB_C002216,O=C1CCC(N2C(=O)c3cccc(NCc4cccc(C(=O)NC5CCC(c6cc7sccc7s6)CC5)c4)c3C2=O)C(=O)N1,GSPT1,,100.0,<,1,HEK293,Zhuhai Woo Biological Science And Technology,WO2023237116A1,PGDB_AS002200,% Degradation,luminescence,standardized
PGDB_C002269,O=C1CCC(N2C(=O)c3cccc(NCc4cccc(C(=O)NC5CCC(c6ccccc6)CC5)c4)c3C2=O)C(=O)N1,GSPT1,,100.0,<,1,HEK293,Zhuhai Woo Biological Science And Technology,WO2023237116A1,PGDB_AS002200,% Degradation,luminescence,standardized
PGDB_C002250,O=C1CCC(N2C(=O)c3cccc(NCc4cccc(C(=O)NC5CCC(c6coc7ccccc67)CC5)c4)c3C2=O)C(=O)N1,GSPT1,,100.0,<,1,HEK293,Zhuhai Woo Biological Science And Technology,WO2023237116A1,PGDB_AS002200,% Degradation,luminescence,standardized
PGDB_C002257,O=C1CCC(N2C(=O)c3cccc(NCc4cccc(C(=O)NC5CCC(c6csc7ccncc67)CC5)c4)c3C2=O)C(=O)N1,GSPT1,,100.0,<,1,HEK293,Zhuhai Woo Biological Science And Technology,WO2023237116A1,PGDB_AS002200,% Degradation,luminescence,standardized
PGDB_C002237,O=C1CCC(N2C(=O)c3cccc(NCc4cccc(C(=O)NC5CCC(c6csc7cncnc67)CC5)c4)c3C2=O)C(=O)N1,GSPT1,,100.0,<,1,HEK293,Zhuhai Woo Biological Science And Technology,WO2023237116A1,PGDB_AS002200,% Degradation,luminescence,standardized
PGDB_C002271,O=C1CCC(N2C(=O)c3cccc(NCc4cccc(C(=O)NC5CCC(c6n[nH]c7ccccc67)CC5)c4)c3C2=O)C(=O)N1,GSPT1,,100.0,<,1,HEK293,Zhuhai Woo Biological Science And Technology,WO2023237116A1,PGDB_AS002200,% Degradation,luminescence,standardized
PGDB_C002266,O=C1CCC(N2C(=O)c3cccc(NCc4cccc(C(=O)NC5CCC(c6nc7c(cnc8[nH]cc(C9CCOCC9)c87)[nH]6)CC5)c4)c3C2=O)C(=O)N1,GSPT1,,100.0,<,1,HEK293,Zhuhai Woo Biological Science And Technology,WO2023237116A1,PGDB_AS002200,% Degradation,luminescence,standardized
PGDB_C002229,O=C1CCC(N2C(=O)c3cccc(NCc4cccc(C(=O)NC5CCC(c6nc7ccccc7o6)CC5)c4)c3C2=O)C(=O)N1,GSPT1,,100.0,<,1,HEK293,Zhuhai Woo Biological Science And Technology,WO2023237116A1,PGDB_AS002200,% Degradation,luminescence,standardized
PGDB_C002235,O=C1CCC(N2C(=O)c3cccc(NCc4cccc(C(=O)NC5CCC(c6nc7ccccc7s6)CC5)c4)c3C2=O)C(=O)N1,GSPT1,,100.0,<,1,HEK293,Zhuhai Woo Biological Science And Technology,WO2023237116A1,PGDB_AS002200,% Degradation,luminescence,standardized
PGDB_C002272,O=C1CCC(N2C(=O)c3cccc(NCc4cccc(C(=O)NC5CCC(c6nc7cccnc7[nH]6)CC5)c4)c3C2=O)C(=O)N1,GSPT1,,100.0,<,1,HEK293,Zhuhai Woo Biological Science And Technology,WO2023237116A1,PGDB_AS002200,% Degradation,luminescence,standardized
PGDB_C002236,O=C1CCC(N2C(=O)c3cccc(NCc4cccc(C(=O)NC5CCC(c6nc7cccnc7s6)CC5)c4)c3C2=O)C(=O)N1,GSPT1,,100.0,<,1,HEK293,Zhuhai Woo Biological Science And Technology,WO2023237116A1,PGDB_AS002200,% Degradation,luminescence,standardized
PGDB_C002240,O=C1CCC(N2C(=O)c3cccc(NCc4cccc(C(=O)NC5CCC(c6nc7ccncc7n6C6CC6)CC5)c4)c3C2=O)C(=O)N1,GSPT1,,100.0,<,1,HEK293,Zhuhai Woo Biological Science And Technology,WO2023237116A1,PGDB_AS002200,% Degradation,luminescence,standardized
PGDB_C002264,O=C1CCC(N2C(=O)c3cccc(NCc4cccc(C(=O)NC5CCC(c6nc7ccncc7n6C6COC6)CC5)c4)c3C2=O)C(=O)N1,GSPT1,,100.0,<,1,HEK293,Zhuhai Woo Biological Science And Technology,WO2023237116A1,PGDB_AS002200,% Degradation,luminescence,standardized
PGDB_C002214,O=C1CCC(N2C(=O)c3cccc(NCc4cccc(C(=O)NC5CCC(c6nsc7ccccc67)CC5)c4)c3C2=O)C(=O)N1,GSPT1,,100.0,<,1,HEK293,Zhuhai Woo Biological Science And Technology,WO2023237116A1,PGDB_AS002200,% Degradation,luminescence,standardized
PGDB_C002248,O=C1CCC(N2C(=O)c3cccc(NCc4cccc(C(=O)NC5CCCC(F)(F)C5)c4)c3C2=O)C(=O)N1,GSPT1,,100.0,<,1,HEK293,Zhuhai Woo Biological Science And Technology,WO2023237116A1,PGDB_AS002200,% Degradation,luminescence,standardized
PGDB_C002206,O=C1CCC(N2C(=O)c3cccc(NCc4cccc(C(=O)NC5CCCC(F)C5)c4)c3C2=O)C(=O)N1,GSPT1,,100.0,<,1,HEK293,Zhuhai Woo Biological Science And Technology,WO2023237116A1,PGDB_AS002200,% Degradation,luminescence,standardized
PGDB_C002258,O=C1CCC(N2C(=O)c3cccc(NCc4cccc(C(=O)N[C@H]5CC[C@H](c6nc7cccnc7s6)CC5)c4)c3C2=O)C(=O)N1,GSPT1,,100.0,<,1,HEK293,Zhuhai Woo Biological Science And Technology,WO2023237116A1,PGDB_AS002200,% Degradation,luminescence,standardized
PGDB_C002215,O=C1CCC(N2C(=O)c3cccc(NCc4cccc(NC(=O)[C@H]5CC[C@H](c6nc7cccnc7s6)CC5)c4)c3C2=O)C(=O)N1,GSPT1,,100.0,<,1,HEK293,Zhuhai Woo Biological Science And Technology,WO2023237116A1,PGDB_AS002200,% Degradation,luminescence,standardized
PGDB_C002218,O=C1CCC(N2C(=O)c3cccc(NCc4cccc(NC(=O)[C@H]5CC[C@H](c6nc7cccnc7s6)CC5)c4F)c3C2=O)C(=O)N1,GSPT1,,100.0,<,1,HEK293,Zhuhai Woo Biological Science And Technology,WO2023237116A1,PGDB_AS002200,% Degradation,luminescence,standardized
PGDB_C002279,O=C1CCC(N2C(=O)c3cccc(NCc4cccc(NC(=O)[C@H]5CC[C@H](c6nc7cccnc7s6)CC5)n4)c3C2=O)C(=O)N1,GSPT1,,100.0,<,1,HEK293,Zhuhai Woo Biological Science And Technology,WO2023237116A1,PGDB_AS002200,% Degradation,luminescence,standardized
PGDB_C002209,O=C1CCC(N2C(=O)c3cccc(NCc4ccnc(C(=O)NC5CCC(c6nc7ccccc7[nH]6)CC5)c4)c3C2=O)C(=O)N1,GSPT1,,100.0,<,1,HEK293,Zhuhai Woo Biological Science And Technology,WO2023237116A1,PGDB_AS002200,% Degradation,luminescence,standardized
PGDB_C002251,O=C1CCC(N2C(=O)c3cccc(NCc4ccnc(C(=O)NC5CCC(c6nc7ccccc7o6)CC5)c4)c3C2=O)C(=O)N1,GSPT1,,100.0,<,1,HEK293,Zhuhai Woo Biological Science And Technology,WO2023237116A1,PGDB_AS002200,% Degradation,luminescence,standardized
PGDB_C021177,O=C1CCC(N2C(=O)c3cccc(NCc4ccnc(C(=O)NC5CCC(c6nc7cccnc7s6)CC5)c4)c3C2=O)C(=O)N1,GSPT1,,100.0,<,1,HEK293,Zhuhai Woo Biological Science And Technology,WO2023237116A1,PGDB_AS002200,% Degradation,luminescence,standardized
PGDB_C002273,O=C1CCC(N2C(=O)c3cccc(NCc4ccnc(C(=O)N[C@H]5CC[C@H](c6nc7ccncc7[nH]6)CC5)c4)c3C2=O)C(=O)N1,GSPT1,,100.0,<,1,HEK293,Zhuhai Woo Biological Science And Technology,WO2023237116A1,PGDB_AS002200,% Degradation,luminescence,standardized
PGDB_C023822,O=C1CCC(N2C(=O)c3cccc(NCc4ccnc(NCC5CCCCC5)c4F)c3C2=O)C(=O)N1,IKZF1,,10.0,<,1,Jurkat,Zhuhai Woo Biological Science And Technology,CN120097964A,PGDB_AS000284,% Degradation,luminescence,standardized
PGDB_C023824,O=C1CCC(N2C(=O)c3cccc(NCc4ccnc(NC[C@H]5CC[C@H](c6nc7cccnc7s6)CC5)c4F)c3C2=O)C(=O)N1,IKZF1,,10.0,<,1,Jurkat,Zhuhai Woo Biological Science And Technology,CN120097964A,PGDB_AS000284,% Degradation,luminescence,standardized
PGDB_C025600,O=C1CCC(N2C(=O)c3cccc4c(Cc5ccc(CN6CCN(C(=O)c7cccc(-n8ccnc8)n7)CC6)cc5)ccc2c34)C(=O)N1,IKZF1,,0.38,=,1,NCI-H929,Shanghai Helioson Pharmaceutical,EP4685141A1,PGDB_AS001024,% Degradation,Western_blot,standardized
PGDB_C025601,O=C1CCC(N2C(=O)c3cccc4c(Cc5ccc(CN6CCN(C(=O)c7ccnc(-n8ccnc8)n7)CC6)cc5)ccc2c34)C(=O)N1,IKZF1,,0.23,=,1,NCI-H929,Shanghai Helioson Pharmaceutical,EP4685141A1,PGDB_AS001024,% Degradation,Western_blot,standardized
PGDB_C025599,O=C1CCC(N2C(=O)c3cccc4c(Cc5ccc(CN6CCN(c7ccnc(-n8ccnc8)n7)CC6)cc5)ccc2c34)C(=O)N1,IKZF1,,0.081,=,1,NCI-H929,Shanghai Helioson Pharmaceutical,EP4685141A1,PGDB_AS001024,% Degradation,Western_blot,standardized
PGDB_C025619,O=C1CCC(N2C(=O)c3cccc4c(Cc5ccc(CN6CCN(c7ccnc(-n8cnc(C(F)(F)F)c8)n7)CC6)cc5)ccc2c34)C(=O)N1,IKZF1,,0.98,=,1,NCI-H929,Shanghai Helioson Pharmaceutical,EP4685141A1,PGDB_AS001024,% Degradation,Western_blot,standardized
PGDB_C007563,O=C1CCC(N2C(=O)c3cccc4c(Cc5ccc(CN6CCOCC6)cc5)ccc2c34)C(=O)N1,IKZF1,,0.157,=,1,HT-1080,Hangzhou Glubio Pharmaceutical,EP4393915A1,PGDB_AS002064,% Degradation,luminescence,standardized
PGDB_C007563,O=C1CCC(N2C(=O)c3cccc4c(Cc5ccc(CN6CCOCC6)cc5)ccc2c34)C(=O)N1,SALL4,,5.2,=,1,HT-1080,Hangzhou Glubio Pharmaceutical,EP4393915A1,PGDB_AS002491,% Degradation,luminescence,standardized
PGDB_C015358,O=C1CCC(N2C(=O)c3cccc4c(Cc5cnn(C6CCN(C(=O)C7(C(F)(F)F)CCC7)CC6)c5)ccc2c34)C(=O)N1,GSPT1,,10000.0,>,0,293T.114,C4 Therapeutics,WO2022081927A1,PGDB_AS001223,% Degradation,luminescence,standardized
PGDB_C015358,O=C1CCC(N2C(=O)c3cccc4c(Cc5cnn(C6CCN(C(=O)C7(C(F)(F)F)CCC7)CC6)c5)ccc2c34)C(=O)N1,SALL4,,100.0,<,1,KELLY.2,C4 Therapeutics,WO2022081927A1,PGDB_AS001296,% Degradation,luminescence,standardized
PGDB_C000473,O=C1CCC(N2Cc3c(Br)cccc3C2=O)C(=O)N1,GSPT1,,3063.0,=,0,U937,Livzon Pharmaceutical Group;Jinan University,CN117917402A,PGDB_AS002566,% Degradation,Western_blot,standardized
PGDB_C001052,O=C1CCC(N2Cc3c(CCCCCN4CCC5(CC4)COc4c5cc(C(F)F)nc4Cl)cccc3C2=O)C(=O)N1,CSNK1A1,,10.0,<,1,MV-4-11,Guangdong Hongye Pharmaceutical Technology;Shanghai Institute Of Materia Medica Of Cas,CN121471230A,PGDB_AS001026,% Degradation,Western_blot,standardized
PGDB_C001052,O=C1CCC(N2Cc3c(CCCCCN4CCC5(CC4)COc4c5cc(C(F)F)nc4Cl)cccc3C2=O)C(=O)N1,IKZF1,,100.0,<=,1,MV-4-11,Guangdong Hongye Pharmaceutical Technology;Shanghai Institute Of Materia Medica Of Cas,CN121471230A,PGDB_AS000050,% Degradation,Western_blot,standardized
PGDB_C001051,O=C1CCC(N2Cc3c(CCCCCN4CCC5(CC4)COc4c5cc(CO)nc4Cl)cccc3C2=O)C(=O)N1,CSNK1A1,,10.0,<,1,MV-4-11,Guangdong Hongye Pharmaceutical Technology;Shanghai Institute Of Materia Medica Of Cas,CN121471230A,PGDB_AS001026,% Degradation,Western_blot,standardized
PGDB_C001051,O=C1CCC(N2Cc3c(CCCCCN4CCC5(CC4)COc4c5cc(CO)nc4Cl)cccc3C2=O)C(=O)N1,IKZF1,,100.0,<=,1,MV-4-11,Guangdong Hongye Pharmaceutical Technology;Shanghai Institute Of Materia Medica Of Cas,CN121471230A,PGDB_AS000050,% Degradation,Western_blot,standardized
PGDB_C001049,O=C1CCC(N2Cc3c(CCCCCN4CCC5(CC4)COc4ccc(C(F)(F)F)nc45)cccc3C2=O)C(=O)N1,CSNK1A1,,10.0,<,1,MV-4-11,Guangdong Hongye Pharmaceutical Technology;Shanghai Institute Of Materia Medica Of Cas,CN121471230A,PGDB_AS001026,% Degradation,Western_blot,standardized
PGDB_C001048,O=C1CCC(N2Cc3c(CCCCCN4CCC5(CC4)COc4ccc(Cl)nc45)cccc3C2=O)C(=O)N1,CSNK1A1,,10.0,<,1,MV-4-11,Guangdong Hongye Pharmaceutical Technology;Shanghai Institute Of Materia Medica Of Cas,CN121471230A,PGDB_AS001026,% Degradation,Western_blot,standardized
PGDB_C001048,O=C1CCC(N2Cc3c(CCCCCN4CCC5(CC4)COc4ccc(Cl)nc45)cccc3C2=O)C(=O)N1,IKZF1,,100.0,<=,1,MV-4-11,Guangdong Hongye Pharmaceutical Technology;Shanghai Institute Of Materia Medica Of Cas,CN121471230A,PGDB_AS000050,% Degradation,Western_blot,standardized
PGDB_C001061,O=C1CCC(N2Cc3c(CCCCCN4CCC5(CC4)COc4cnc(C(F)(F)F)cc45)cc(F)cc3C2=O)C(=O)N1,CSNK1A1,,10.0,<,1,MV-4-11,Guangdong Hongye Pharmaceutical Technology;Shanghai Institute Of Materia Medica Of Cas,CN121471230A,PGDB_AS001026,% Degradation,Western_blot,standardized
PGDB_C001058,O=C1CCC(N2Cc3c(CCCCCN4CCC5(CC4)COc4cnc(C(F)(F)F)cc45)cccc3C2=O)C(=O)N1,CSNK1A1,,10.0,<,1,MV-4-11,Guangdong Hongye Pharmaceutical Technology;Shanghai Institute Of Materia Medica Of Cas,CN121471230A,PGDB_AS001026,% Degradation,Western_blot,standardized
PGDB_C001058,O=C1CCC(N2Cc3c(CCCCCN4CCC5(CC4)COc4cnc(C(F)(F)F)cc45)cccc3C2=O)C(=O)N1,IKZF1,,100.0,<=,1,MV-4-11,Guangdong Hongye Pharmaceutical Technology;Shanghai Institute Of Materia Medica Of Cas,CN121471230A,PGDB_AS000050,% Degradation,Western_blot,standardized
PGDB_C001063,O=C1CCC(N2Cc3c(CCCCCN4CCC5(CC4)COc4cnc(C(F)F)cc45)cc(F)cc3C2=O)C(=O)N1,CSNK1A1,,10.0,<,1,MV-4-11,Guangdong Hongye Pharmaceutical Technology;Shanghai Institute Of Materia Medica Of Cas,CN121471230A,PGDB_AS001026,% Degradation,Western_blot,standardized
PGDB_C001054,O=C1CCC(N2Cc3c(CCCCCN4CCC5(CC4)COc4cnc(C(F)F)cc45)cccc3C2=O)C(=O)N1,CSNK1A1,,10.0,<,1,MV-4-11,Guangdong Hongye Pharmaceutical Technology;Shanghai Institute Of Materia Medica Of Cas,CN121471230A,PGDB_AS001026,% Degradation,Western_blot,standardized
PGDB_C001054,O=C1CCC(N2Cc3c(CCCCCN4CCC5(CC4)COc4cnc(C(F)F)cc45)cccc3C2=O)C(=O)N1,IKZF1,,100.0,<=,1,MV-4-11,Guangdong Hongye Pharmaceutical Technology;Shanghai Institute Of Materia Medica Of Cas,CN121471230A,PGDB_AS000050,% Degradation,Western_blot,standardized
PGDB_C001060,O=C1CCC(N2Cc3c(CCCCCN4CCC5(CC4)COc4cnc(Cl)cc45)cc(F)cc3C2=O)C(=O)N1,CSNK1A1,,10.0,<,1,MV-4-11,Guangdong Hongye Pharmaceutical Technology;Shanghai Institute Of Materia Medica Of Cas,CN121471230A,PGDB_AS001026,% Degradation,Western_blot,standardized
PGDB_C001056,O=C1CCC(N2Cc3c(CCCCCN4CCC5(CC4)COc4cnc(Cl)cc45)cccc3C2=O)C(=O)N1,CSNK1A1,,10.0,<,1,MV-4-11,Guangdong Hongye Pharmaceutical Technology;Shanghai Institute Of Materia Medica Of Cas,CN121471230A,PGDB_AS001026,% Degradation,Western_blot,standardized
PGDB_C001056,O=C1CCC(N2Cc3c(CCCCCN4CCC5(CC4)COc4cnc(Cl)cc45)cccc3C2=O)C(=O)N1,IKZF1,,100.0,<=,1,MV-4-11,Guangdong Hongye Pharmaceutical Technology;Shanghai Institute Of Materia Medica Of Cas,CN121471230A,PGDB_AS000050,% Degradation,Western_blot,standardized
PGDB_C001062,O=C1CCC(N2Cc3c(CCCCCN4CCC5(CC4)COc4cnc(F)cc45)cc(F)cc3C2=O)C(=O)N1,CSNK1A1,,10.0,<,1,MV-4-11,Guangdong Hongye Pharmaceutical Technology;Shanghai Institute Of Materia Medica Of Cas,CN121471230A,PGDB_AS001026,% Degradation,Western_blot,standardized
PGDB_C001062,O=C1CCC(N2Cc3c(CCCCCN4CCC5(CC4)COc4cnc(F)cc45)cc(F)cc3C2=O)C(=O)N1,IKZF1,,100.0,<=,1,MV-4-11,Guangdong Hongye Pharmaceutical Technology;Shanghai Institute Of Materia Medica Of Cas,CN121471230A,PGDB_AS000050,% Degradation,Western_blot,standardized
PGDB_C001053,O=C1CCC(N2Cc3c(CCCCCN4CCC5(CC4)COc4cnc(F)cc45)cccc3C2=O)C(=O)N1,CSNK1A1,,10.0,<,1,MV-4-11,Guangdong Hongye Pharmaceutical Technology;Shanghai Institute Of Materia Medica Of Cas,CN121471230A,PGDB_AS001026,% Degradation,Western_blot,standardized
PGDB_C001053,O=C1CCC(N2Cc3c(CCCCCN4CCC5(CC4)COc4cnc(F)cc45)cccc3C2=O)C(=O)N1,IKZF1,,100.0,<=,1,MV-4-11,Guangdong Hongye Pharmaceutical Technology;Shanghai Institute Of Materia Medica Of Cas,CN121471230A,PGDB_AS000050,% Degradation,Western_blot,standardized
PGDB_C001046,O=C1CCC(N2Cc3c(CCCCCN4CCC5(CC4)COc4cnccc45)cccc3C2=O)C(=O)N1,CSNK1A1,,10.0,<,1,MV-4-11,Guangdong Hongye Pharmaceutical Technology;Shanghai Institute Of Materia Medica Of Cas,CN121471230A,PGDB_AS001026,% Degradation,Western_blot,standardized
PGDB_C001050,O=C1CCC(N2Cc3c(CCCCCN4CCC5(CC4)COc4ncccc45)cccc3C2=O)C(=O)N1,CSNK1A1,,10.0,<,1,MV-4-11,Guangdong Hongye Pharmaceutical Technology;Shanghai Institute Of Materia Medica Of Cas,CN121471230A,PGDB_AS001026,% Degradation,Western_blot,standardized
PGDB_C001050,O=C1CCC(N2Cc3c(CCCCCN4CCC5(CC4)COc4ncccc45)cccc3C2=O)C(=O)N1,IKZF1,,1000.0,>,0,MV-4-11,Guangdong Hongye Pharmaceutical Technology;Shanghai Institute Of Materia Medica Of Cas,CN121471230A,PGDB_AS000050,% Degradation,Western_blot,standardized
PGDB_C001466,O=C1CCC(N2Cc3c(F)cc(COC(=O)Nc4ccc(Cl)c(C#CC5CC5)c4)cc3C2=O)C(=O)N1,GSPT1,,4.84,=,1,HEK293,Nanjing Sanhome Pharmaceutical,CN118852145A,PGDB_AS001853,% Degradation,,standardized
PGDB_C002274,O=C1CCC(N2Cc3c(OCc4ccnc(C(=O)N[C@H]5CC[C@H](c6nc7cccnc7s6)CC5)c4)cccc3C2=O)C(=O)N1,GSPT1,,100.0,<,1,HEK293,Zhuhai Woo Biological Science And Technology,WO2023237116A1,PGDB_AS002200,% Degradation,luminescence,standardized
PGDB_C002247,O=C1CCC(N2Cc3c(OCc4ccnc(NC[C@H]5CC[C@H](c6nc7cccnc7s6)CC5)c4)cccc3C2=O)C(=O)N1,GSPT1,,100.0,<,1,HEK293,Zhuhai Woo Biological Science And Technology,WO2023237116A1,PGDB_AS002200,% Degradation,luminescence,standardized
PGDB_C023823,O=C1CCC(N2Cc3c(OCc4ccnc(NC[C@H]5CC[C@H](c6nc7cccnc7s6)CC5)c4F)cccc3C2=O)C(=O)N1,IKZF1,,10.0,<,1,Jurkat,Zhuhai Woo Biological Science And Technology,CN120097964A,PGDB_AS000284,% Degradation,luminescence,standardized
PGDB_C001475,O=C1CCC(N2Cc3c(cc(COC(=O)Nc4ccc(Cl)c(C#CC5CC5)c4)cc3C3CC3)C2=O)C(=O)N1,GSPT1,,5.0,=,1,HEK293,Nanjing Sanhome Pharmaceutical,CN118852145A,PGDB_AS001853,% Degradation,,standardized
PGDB_C007381,O=C1CCC(N2Cc3c(ccc(-c4cc(CN5CC(c6ccccc6)C5)ccn4)c3F)C2=O)C(=O)N1,IKZF1,,10000.0,>,0,Jurkat,Bristol Myers Squibb,CN121646585A,PGDB_AS002085,% Degradation,flow_cytometry,standardized
PGDB_C007381,O=C1CCC(N2Cc3c(ccc(-c4cc(CN5CC(c6ccccc6)C5)ccn4)c3F)C2=O)C(=O)N1,IKZF2,,2.2,=,1,,Bristol Myers Squibb,CN121646585A,PGDB_AS001453,% Degradation,,standardized
PGDB_C007381,O=C1CCC(N2Cc3c(ccc(-c4cc(CN5CC(c6ccccc6)C5)ccn4)c3F)C2=O)C(=O)N1,IKZF3,,10000.0,>,0,Jurkat,Bristol Myers Squibb,CN121646585A,PGDB_AS001077,% Degradation,flow_cytometry,standardized
PGDB_C007381,O=C1CCC(N2Cc3c(ccc(-c4cc(CN5CC(c6ccccc6)C5)ccn4)c3F)C2=O)C(=O)N1,IKZF4,,0.1,=,1,,Bristol Myers Squibb,CN121646585A,PGDB_AS000563,% Degradation,flow_cytometry,standardized
PGDB_C010190,O=C1CCC(N2Cc3c(ccc(C4(O)CCN(Cc5ccc(C(F)(F)F)cc5)CC4)[n+]3[O-])C2=O)C(=O)N1,ARNT,,200.0,>=,0,7860-O,Neomorph,WO2025097092,PGDB_AS002177,% Degradation,luminescence,manual_curated
PGDB_C003414,O=C1CCC(N2Cc3c(ccc(CNc4nsnc4Nc4cc(OC(F)(F)F)ccc4F)c3F)C2=O)C(=O)N1,GSPT1,,10.0,<=,1,,Prospect Therapeutics Nanjing,CN120865187A,PGDB_AS000817,% Degradation,Western_blot,standardized
PGDB_C010456,O=C1CCC(N2Cc3c(ccc(C[C@H]4OCCC[C@@H]4NC4CCC(C(F)(F)F)CC4)c3F)C2=O)C(=O)N1,SMARCA4,,500.0,>=,0,HeLa,Plexium,WO2025101944,PGDB_AS000431,% Degradation,luminescence,standardized
PGDB_C003214,O=C1CCC(N2Cc3c(ccc(Cn4cc(Oc5ccc(Cl)cc5)nn4)c3F)C2=O)C(=O)N1,GSPT1,,3.1,=,1,NB4,Beijing Innocare Pharma Tech,WO2024222614A1,PGDB_AS001663,% Degradation,luminescence,standardized
PGDB_C003213,O=C1CCC(N2Cc3c(ccc(Cn4cc(Oc5ccc(F)cc5)nn4)c3F)C2=O)C(=O)N1,GSPT1,,4.7,=,1,NB4,Beijing Innocare Pharma Tech,WO2024222614A1,PGDB_AS001663,% Degradation,luminescence,standardized
PGDB_C002463,O=C1CCC(N2Cc3c(ccc(O[C@H]4CCCC[C@@H]4N4CC(C5C=C5)C4)c3F)C2=O)C(=O)N1,GSPT1,,30000.0,>,0,HEK293,Plexium,WO2023283430A1,PGDB_AS002498,% Degradation,,standardized
PGDB_C008986,O=C1CCC(N2Cc3c(ccc(O[C@H]4CCCC[C@@H]4N4CC(C5CC5)C4)c3F)C2=O)C(=O)N1,GSPT1,,30000.0,>,0,HEK293T,Plexium,TW202410889A,PGDB_AS000301,% Degradation,luminescence,standardized
PGDB_C002464,O=C1CCC(N2Cc3c(ccc(O[C@H]4CCCC[C@@H]4N4CC(C5CCC5)C4)c3F)C2=O)C(=O)N1,GSPT1,,30000.0,>,0,HEK293T,Plexium,TW202410889A,PGDB_AS000301,% Degradation,luminescence,standardized
PGDB_C000414,O=C1CCC(N2Cc3c(ccc(O[C@H]4CCCC[C@@H]4N4CC(c5ccccc5)C4)c3F)C2=O)C(=O)N1,GSPT1,,30000.0,>,0,HEK293T,Plexium,CN117836288A,PGDB_AS001378,% Degradation,,standardized
PGDB_C003512,O=C1CCC(N2Cc3cc(-c4c[nH]c(-c5ccccc5)n4)ccc3C2=O)C(=O)N1,CSNK1A1,,25.0,<,1,HEK293,Innovo Therapeutics,EP4584259A1,PGDB_AS001103,% Degradation,,standardized
PGDB_C003424,O=C1CCC(N2Cc3cc(-c4c[nH]nc4-c4ccccc4)ccc3C2=O)C(=O)N1,CSNK1A1,,25.0,<,1,HEK293,Innovo Therapeutics,EP4584259A1,PGDB_AS001103,% Degradation,,standardized
PGDB_C003816,O=C1CCC(N2Cc3cc(-c4cc(-c5ccccc5)[nH]n4)ccc3C2=O)C(=O)N1,CSNK1A1,,25.0,<,1,HEK293,Innovo Therapeutics,EP4584259A1,PGDB_AS001103,% Degradation,,standardized
PGDB_C003948,O=C1CCC(N2Cc3cc(-c4cc(-c5ccccc5)n(C5CC5)n4)ccc3C2=O)C(=O)N1,CSNK1A1,,25.0,<,1,HEK293,Innovo Therapeutics,EP4584259A1,PGDB_AS001103,% Degradation,,standardized
PGDB_C004125,O=C1CCC(N2Cc3cc(-c4cc(-c5ccccc5)n(CC(F)(F)F)n4)ccc3C2=O)C(=O)N1,CSNK1A1,,25.0,<,1,HEK293,Innovo Therapeutics,EP4584259A1,PGDB_AS001103,% Degradation,,standardized
PGDB_C004125,O=C1CCC(N2Cc3cc(-c4cc(-c5ccccc5)n(CC(F)(F)F)n4)ccc3C2=O)C(=O)N1,GSPT1,,25.0,<,1,HEK293,Innovo Therapeutics,EP4584259A1,PGDB_AS001862,% Degradation,luminescence,standardized
PGDB_C003501,O=C1CCC(N2Cc3cc(-c4cc(-c5ccccc5)no4)ccc3C2=O)C(=O)N1,CSNK1A1,,25.0,<,1,HEK293,Innovo Therapeutics,EP4584259A1,PGDB_AS001103,% Degradation,,standardized
PGDB_C003462,O=C1CCC(N2Cc3cc(-c4ccn(-c5ccccc5)n4)ccc3C2=O)C(=O)N1,CSNK1A1,,25.0,<,1,HEK293,Innovo Therapeutics,EP4584259A1,PGDB_AS001103,% Degradation,,standardized
PGDB_C003460,O=C1CCC(N2Cc3cc(-c4cn(-c5ccccc5)cn4)ccc3C2=O)C(=O)N1,CSNK1A1,,25.0,<,1,HEK293,Innovo Therapeutics,EP4584259A1,PGDB_AS001103,% Degradation,,standardized
PGDB_C003460,O=C1CCC(N2Cc3cc(-c4cn(-c5ccccc5)cn4)ccc3C2=O)C(=O)N1,GSPT1,,25.0,<,1,HEK293,Innovo Therapeutics,EP4584259A1,PGDB_AS001862,% Degradation,luminescence,standardized
PGDB_C003541,O=C1CCC(N2Cc3cc(-c4cn(C(F)F)c(-c5ccccc5)n4)ccc3C2=O)C(=O)N1,CSNK1A1,,25.0,<,1,HEK293,Innovo Therapeutics,EP4584259A1,PGDB_AS001103,% Degradation,,standardized
PGDB_C003542,O=C1CCC(N2Cc3cc(-c4cn(C(F)F)nc4-c4ccc5c(c4)CCO5)ccc3C2=O)C(=O)N1,CSNK1A1,,25.0,<,1,HEK293,Innovo Therapeutics,EP4584259A1,PGDB_AS001103,% Degradation,,standardized
PGDB_C004090,O=C1CCC(N2Cc3cc(-c4cn(C5CC5)c(-c5ccccc5)n4)ccc3C2=O)C(=O)N1,CSNK1A1,,25.0,<,1,HEK293,Innovo Therapeutics,EP4584259A1,PGDB_AS001103,% Degradation,,standardized
PGDB_C003546,O=C1CCC(N2Cc3cc(-c4cn(CC(F)(F)F)nc4-c4ccccc4)ccc3C2=O)C(=O)N1,CSNK1A1,,25.0,<,1,HEK293,Innovo Therapeutics,EP4584259A1,PGDB_AS001103,% Degradation,,standardized
PGDB_C003811,O=C1CCC(N2Cc3cc(-c4cncn4-c4ccccc4)ccc3C2=O)C(=O)N1,CSNK1A1,,25.0,<,1,HEK293,Innovo Therapeutics,EP4584259A1,PGDB_AS001103,% Degradation,,standardized
PGDB_C004058,O=C1CCC(N2Cc3cc(-c4cnn(C(F)(F)F)c4-c4ccccc4)ccc3C2=O)C(=O)N1,CSNK1A1,,25.0,<,1,HEK293,Innovo Therapeutics,EP4584259A1,PGDB_AS001103,% Degradation,,standardized
PGDB_C003543,O=C1CCC(N2Cc3cc(-c4cnn(C(F)F)c4-c4ccc5c(c4)CCO5)ccc3C2=O)C(=O)N1,CSNK1A1,,25.0,<,1,HEK293,Innovo Therapeutics,EP4584259A1,PGDB_AS001103,% Degradation,,standardized
PGDB_C003455,O=C1CCC(N2Cc3cc(-c4cnn(C(F)F)c4-c4ccccc4)ccc3C2=O)C(=O)N1,CSNK1A1,,25.0,<,1,HEK293,Innovo Therapeutics,EP4584259A1,PGDB_AS001103,% Degradation,,standardized
PGDB_C003455,O=C1CCC(N2Cc3cc(-c4cnn(C(F)F)c4-c4ccccc4)ccc3C2=O)C(=O)N1,GSPT1,,25.0,<,1,HEK293,Innovo Therapeutics,EP4584259A1,PGDB_AS001862,% Degradation,luminescence,standardized
PGDB_C003814,O=C1CCC(N2Cc3cc(-c4cnn(CC(F)(F)F)c4-c4ccccc4)ccc3C2=O)C(=O)N1,CSNK1A1,,25.0,<,1,HEK293,Innovo Therapeutics,EP4584259A1,PGDB_AS001103,% Degradation,,standardized
PGDB_C003549,O=C1CCC(N2Cc3cc(-c4cnn(CC(F)F)c4-c4ccccc4)ccc3C2=O)C(=O)N1,CSNK1A1,,25.0,<,1,HEK293,Innovo Therapeutics,EP4584259A1,PGDB_AS001103,% Degradation,,standardized
PGDB_C003818,O=C1CCC(N2Cc3cc(-c4cnn5c4-c4ccccc4C5)ccc3C2=O)C(=O)N1,CSNK1A1,,25.0,<,1,HEK293,Innovo Therapeutics,EP4584259A1,PGDB_AS001103,% Degradation,,standardized
PGDB_C003467,O=C1CCC(N2Cc3cc(-c4cnoc4-c4ccccc4)ccc3C2=O)C(=O)N1,CSNK1A1,,25.0,<,1,HEK293,Innovo Therapeutics,EP4584259A1,PGDB_AS001103,% Degradation,,standardized
PGDB_C003465,O=C1CCC(N2Cc3cc(-c4coc(-c5ccccc5)n4)ccc3C2=O)C(=O)N1,CSNK1A1,,25.0,<,1,HEK293,Innovo Therapeutics,EP4584259A1,PGDB_AS001103,% Degradation,,standardized
PGDB_C003500,O=C1CCC(N2Cc3cc(-c4nc(-c5ccccc5)co4)ccc3C2=O)C(=O)N1,CSNK1A1,,25.0,<,1,HEK293,Innovo Therapeutics,EP4584259A1,PGDB_AS001103,% Degradation,,standardized
PGDB_C004089,O=C1CCC(N2Cc3cc(-c4nc(-c5ccccc5)n(C(F)F)n4)ccc3C2=O)C(=O)N1,CSNK1A1,,25.0,<,1,HEK293,Innovo Therapeutics,EP4584259A1,PGDB_AS001103,% Degradation,,standardized
PGDB_C004091,O=C1CCC(N2Cc3cc(-c4nc(-c5ccccc5)n(C5CC5)n4)ccc3C2=O)C(=O)N1,CSNK1A1,,25.0,<,1,HEK293,Innovo Therapeutics,EP4584259A1,PGDB_AS001103,% Degradation,,standardized
PGDB_C004091,O=C1CCC(N2Cc3cc(-c4nc(-c5ccccc5)n(C5CC5)n4)ccc3C2=O)C(=O)N1,GSPT1,,25.0,<,1,HEK293,Innovo Therapeutics,EP4584259A1,PGDB_AS001862,% Degradation,luminescence,standardized
PGDB_C003511,O=C1CCC(N2Cc3cc(-c4nc(C(F)(F)F)[nH]c4-c4ccccc4)ccc3C2=O)C(=O)N1,CSNK1A1,,25.0,<,1,HEK293,Innovo Therapeutics,EP4584259A1,PGDB_AS001103,% Degradation,,standardized
PGDB_C004150,O=C1CCC(N2Cc3cc(-c4nc(C(F)F)oc4-c4ccccc4)ccc3C2=O)C(=O)N1,CSNK1A1,,25.0,<,1,HEK293,Innovo Therapeutics,EP4584259A1,PGDB_AS001103,% Degradation,,standardized
PGDB_C004150,O=C1CCC(N2Cc3cc(-c4nc(C(F)F)oc4-c4ccccc4)ccc3C2=O)C(=O)N1,GSPT1,,25.0,<,1,HEK293,Innovo Therapeutics,EP4584259A1,PGDB_AS001862,% Degradation,luminescence,standardized
PGDB_C004149,O=C1CCC(N2Cc3cc(-c4nc(C5CC5)oc4-c4ccccc4)ccc3C2=O)C(=O)N1,CSNK1A1,,25.0,<,1,HEK293,Innovo Therapeutics,EP4584259A1,PGDB_AS001103,% Degradation,,standardized
PGDB_C003441,O=C1CCC(N2Cc3cc(-c4nc[nH]c4-c4ccccc4)ccc3C2=O)C(=O)N1,CSNK1A1,,25.0,<,1,HEK293,Innovo Therapeutics,EP4584259A1,PGDB_AS001103,% Degradation,,standardized
PGDB_C003441,O=C1CCC(N2Cc3cc(-c4nc[nH]c4-c4ccccc4)ccc3C2=O)C(=O)N1,GSPT1,,25.0,<,1,HEK293,Innovo Therapeutics,EP4584259A1,PGDB_AS001862,% Degradation,luminescence,standardized
PGDB_C003426,O=C1CCC(N2Cc3cc(-c4nccn4-c4ccccc4)ccc3C2=O)C(=O)N1,CSNK1A1,,25.0,<,1,HEK293,Innovo Therapeutics,EP4584259A1,PGDB_AS001103,% Degradation,,standardized
PGDB_C003426,O=C1CCC(N2Cc3cc(-c4nccn4-c4ccccc4)ccc3C2=O)C(=O)N1,GSPT1,,25.0,<,1,HEK293,Innovo Therapeutics,EP4584259A1,PGDB_AS001862,% Degradation,luminescence,standardized
PGDB_C003506,O=C1CCC(N2Cc3cc(-c4nccn4C4CCCCC4)ccc3C2=O)C(=O)N1,CSNK1A1,,25.0,<,1,HEK293,Innovo Therapeutics,EP4584259A1,PGDB_AS001103,% Degradation,,standardized
PGDB_C003506,O=C1CCC(N2Cc3cc(-c4nccn4C4CCCCC4)ccc3C2=O)C(=O)N1,GSPT1,,25.0,<,1,HEK293,Innovo Therapeutics,EP4584259A1,PGDB_AS001862,% Degradation,luminescence,standardized
PGDB_C004063,O=C1CCC(N2Cc3cc(-c4ncn5c4-c4ccccc4C5)ccc3C2=O)C(=O)N1,CSNK1A1,,25.0,<,1,HEK293,Innovo Therapeutics,EP4584259A1,PGDB_AS001103,% Degradation,,standardized
PGDB_C004063,O=C1CCC(N2Cc3cc(-c4ncn5c4-c4ccccc4C5)ccc3C2=O)C(=O)N1,GSPT1,,25.0,<,1,HEK293,Innovo Therapeutics,EP4584259A1,PGDB_AS001862,% Degradation,luminescence,standardized
PGDB_C003443,O=C1CCC(N2Cc3cc(-c4ncoc4-c4ccccc4)ccc3C2=O)C(=O)N1,CSNK1A1,,25.0,<,1,HEK293,Innovo Therapeutics,EP4584259A1,PGDB_AS001103,% Degradation,,standardized
PGDB_C003443,O=C1CCC(N2Cc3cc(-c4ncoc4-c4ccccc4)ccc3C2=O)C(=O)N1,GSPT1,,25.0,<,1,HEK293,Innovo Therapeutics,EP4584259A1,PGDB_AS001862,% Degradation,luminescence,standardized
PGDB_C003451,O=C1CCC(N2Cc3cc(-c4ncsc4-c4ccccc4)ccc3C2=O)C(=O)N1,CSNK1A1,,25.0,<,1,HEK293,Innovo Therapeutics,EP4584259A1,PGDB_AS001103,% Degradation,,standardized
PGDB_C003789,O=C1CCC(N2Cc3cc(-n4ccc(-c5ccccc5)n4)ccc3C2=O)C(=O)N1,CSNK1A1,,25.0,<,1,HEK293,Innovo Therapeutics,EP4584259A1,PGDB_AS001103,% Degradation,,standardized
PGDB_C003461,O=C1CCC(N2Cc3cc(-n4nccc4-c4ccccc4)ccc3C2=O)C(=O)N1,CSNK1A1,,25.0,<,1,HEK293,Innovo Therapeutics,EP4584259A1,PGDB_AS001103,% Degradation,,standardized
PGDB_C026164,O=C1CCC(N2Cc3cc(C(=O)N4CC5(C4)CC(F)(c4cccc(F)c4)C5)ccc3C2=O)C(=O)N1,GSPT1,,1000000000.0,>,0,HEK293,PIN Therapeutics,KR20260005248A,PGDB_AS002545,% Degradation,luminescence,standardized
PGDB_C026157,O=C1CCC(N2Cc3cc(C(=O)N4CC5(C=C(c6ccc(F)cc6)C5)C4)ccc3C2=O)C(=O)N1,GSPT1,,1000000000.0,>,0,HEK293,PIN Therapeutics,KR20260005248A,PGDB_AS002545,% Degradation,luminescence,standardized
PGDB_C026153,O=C1CCC(N2Cc3cc(C(=O)N4CC5(CC(C(F)(F)F)C5)C4)ccc3C2=O)C(=O)N1,GSPT1,,1000000000.0,>,0,HEK293,PIN Therapeutics,KR20260005248A,PGDB_AS002545,% Degradation,luminescence,standardized
PGDB_C026160,O=C1CCC(N2Cc3cc(C(=O)N4CCC5(C4)CC(F)(F)C5)ccc3C2=O)C(=O)N1,GSPT1,,1000000000.0,>,0,HEK293,PIN Therapeutics,KR20260005248A,PGDB_AS002545,% Degradation,luminescence,standardized
PGDB_C026163,O=C1CCC(N2Cc3cc(C(=O)N4CCC5(CCC(F)(F)C5)C4)ccc3C2=O)C(=O)N1,GSPT1,,1000000000.0,>,0,HEK293,PIN Therapeutics,KR20260005248A,PGDB_AS002545,% Degradation,luminescence,standardized
PGDB_C026159,O=C1CCC(N2Cc3cc(C(=O)N4Cc5c(F)ccc(OC(F)(F)F)c5C4)ccc3C2=O)C(=O)N1,GSPT1,,1000000000.0,>,0,HEK293,PIN Therapeutics,KR20260005248A,PGDB_AS002545,% Degradation,luminescence,standardized
PGDB_C001811,O=C1CCC(N2Cc3cc(C(=O)NC(c4c(F)cccc4Cl)C4CC4)ccc3C2=O)C(=O)N1,CSNK1A1,CRBN,57.8,=,1,HT-1080,Hangzhou Glubio Pharmaceutical,WO2022257897A1,PGDB_AS001868,% Degradation,luminescence,standardized
PGDB_C001820,O=C1CCC(N2Cc3cc(C(=O)NC(c4c(F)cccc4F)C4CCC4)ccc3C2=O)C(=O)N1,CSNK1A1,CRBN,79.69999999999999,=,1,HT-1080,Hangzhou Glubio Pharmaceutical,WO2022257897A1,PGDB_AS001868,% Degradation,luminescence,standardized
PGDB_C001788,O=C1CCC(N2Cc3cc(C(=O)NC(c4ccc(Cl)cc4)C4CC4)ccc3C2=O)C(=O)N1,CSNK1A1,CRBN,180.0,=,0,HT-1080,Hangzhou Glubio Pharmaceutical,WO2022257897A1,PGDB_AS001868,% Degradation,luminescence,standardized
PGDB_C001798,O=C1CCC(N2Cc3cc(C(=O)NC(c4ccc(Cl)cc4F)C4CC4)ccc3C2=O)C(=O)N1,CSNK1A1,CRBN,284.0,=,0,HT-1080,Hangzhou Glubio Pharmaceutical,WO2022257897A1,PGDB_AS001868,% Degradation,luminescence,standardized
PGDB_C001804,O=C1CCC(N2Cc3cc(C(=O)NC(c4ccc(Cl)cc4F)C4CCC4)ccc3C2=O)C(=O)N1,CSNK1A1,CRBN,36.4,=,1,HT-1080,Hangzhou Glubio Pharmaceutical,WO2022257897A1,PGDB_AS001868,% Degradation,luminescence,standardized
PGDB_C001806,O=C1CCC(N2Cc3cc(C(=O)NC(c4ccc(F)c(F)c4)C4CCC4)ccc3C2=O)C(=O)N1,CSNK1A1,CRBN,416.0,=,0,HT-1080,Hangzhou Glubio Pharmaceutical,WO2022257897A1,PGDB_AS001868,% Degradation,luminescence,standardized
PGDB_C001785,O=C1CCC(N2Cc3cc(C(=O)NC(c4ccc(F)cc4)C4CC(F)(F)C4)ccc3C2=O)C(=O)N1,CSNK1A1,CRBN,183.0,=,0,HT-1080,Hangzhou Glubio Pharmaceutical,WO2022257897A1,PGDB_AS001868,% Degradation,luminescence,standardized
PGDB_C001834,O=C1CCC(N2Cc3cc(C(=O)NC(c4ccc(F)cc4)C4CCCC4)ccc3C2=O)C(=O)N1,CSNK1A1,CRBN,72.7,=,1,HT-1080,Hangzhou Glubio Pharmaceutical,WO2022257897A1,PGDB_AS001868,% Degradation,luminescence,standardized
PGDB_C001803,O=C1CCC(N2Cc3cc(C(=O)NC(c4ccc(F)cc4Cl)C4CCC4)ccc3C2=O)C(=O)N1,CSNK1A1,CRBN,65.9,=,1,HT-1080,Hangzhou Glubio Pharmaceutical,WO2022257897A1,PGDB_AS001868,% Degradation,luminescence,standardized
PGDB_C001850,O=C1CCC(N2Cc3cc(C(=O)NC(c4cccc(Cl)c4)C4CCC4)ccc3C2=O)C(=O)N1,CSNK1A1,CRBN,789.0,=,0,HT-1080,Hangzhou Glubio Pharmaceutical,WO2022257897A1,PGDB_AS001868,% Degradation,luminescence,standardized
PGDB_C001821,O=C1CCC(N2Cc3cc(C(=O)NC(c4cccc(F)c4)C4CCC4)ccc3C2=O)C(=O)N1,CSNK1A1,CRBN,198.0,=,0,HT-1080,Hangzhou Glubio Pharmaceutical,WO2022257897A1,PGDB_AS001868,% Degradation,luminescence,standardized
PGDB_C001809,O=C1CCC(N2Cc3cc(C(=O)NC(c4cccc(F)c4Cl)C4CC4)ccc3C2=O)C(=O)N1,CSNK1A1,CRBN,49.6,=,1,HT-1080,Hangzhou Glubio Pharmaceutical,WO2022257897A1,PGDB_AS001868,% Degradation,luminescence,standardized
PGDB_C001800,O=C1CCC(N2Cc3cc(C(=O)NC(c4ncccc4Cl)C4CC4)ccc3C2=O)C(=O)N1,CSNK1A1,CRBN,303.0,=,0,HT-1080,Hangzhou Glubio Pharmaceutical,WO2022257897A1,PGDB_AS001868,% Degradation,luminescence,standardized
PGDB_C001852,O=C1CCC(N2Cc3cc(C(=O)N[C@@H](c4c(F)cccc4Cl)C4CCC4)ccc3C2=O)C(=O)N1,CSNK1A1,CRBN,50.3,=,1,HT-1080,Hangzhou Glubio Pharmaceutical,WO2022257897A1,PGDB_AS001868,% Degradation,luminescence,standardized
PGDB_C001848,O=C1CCC(N2Cc3cc(C(=O)N[C@@H](c4c(F)cccc4F)C4CCC4)ccc3C2=O)C(=O)N1,CSNK1A1,CRBN,118.0,=,0,HT-1080,Hangzhou Glubio Pharmaceutical,WO2022257897A1,PGDB_AS001868,% Degradation,luminescence,standardized
PGDB_C001790,O=C1CCC(N2Cc3cc(C(=O)N[C@@H](c4ccc(F)cc4)C4CC(F)(F)C4)ccc3C2=O)C(=O)N1,CSNK1A1,CRBN,243.0,=,0,HT-1080,Hangzhou Glubio Pharmaceutical,WO2022257897A1,PGDB_AS001868,% Degradation,luminescence,standardized
PGDB_C001857,O=C1CCC(N2Cc3cc(C(=O)N[C@@H](c4ccc(F)cc4)C4CCC4)ccc3C2=O)C(=O)N1,CSNK1A1,CRBN,3880.0,=,0,HT-1080,Hangzhou Glubio Pharmaceutical,WO2022257897A1,PGDB_AS001868,% Degradation,luminescence,standardized
PGDB_C001856,O=C1CCC(N2Cc3cc(C(=O)N[C@@H](c4ccc(F)cc4Cl)C4CC4)ccc3C2=O)C(=O)N1,CSNK1A1,CRBN,233.0,=,0,HT-1080,Hangzhou Glubio Pharmaceutical,WO2022257897A1,PGDB_AS001868,% Degradation,luminescence,standardized
PGDB_C001854,O=C1CCC(N2Cc3cc(C(=O)N[C@@H](c4ccc(F)cc4Cl)C4CCC4)ccc3C2=O)C(=O)N1,CSNK1A1,CRBN,132.0,=,0,HT-1080,Hangzhou Glubio Pharmaceutical,WO2022257897A1,PGDB_AS001868,% Degradation,luminescence,standardized
PGDB_C001808,O=C1CCC(N2Cc3cc(C(=O)N[C@@H](c4ccc(F)cc4F)C4CCC4)ccc3C2=O)C(=O)N1,CSNK1A1,CRBN,1150.0,=,0,HT-1080,Hangzhou Glubio Pharmaceutical,WO2022257897A1,PGDB_AS001868,% Degradation,luminescence,standardized
PGDB_C001831,O=C1CCC(N2Cc3cc(C(=O)N[C@@H](c4cccc(C(F)(F)F)c4)C4CC4)ccc3C2=O)C(=O)N1,CSNK1A1,CRBN,1300.0,=,0,HT-1080,Hangzhou Glubio Pharmaceutical,WO2022257897A1,PGDB_AS001868,% Degradation,luminescence,standardized
PGDB_C001825,O=C1CCC(N2Cc3cc(C(=O)N[C@@H](c4cccc(Cl)c4)C4CC4)ccc3C2=O)C(=O)N1,CSNK1A1,CRBN,345.0,=,0,HT-1080,Hangzhou Glubio Pharmaceutical,WO2022257897A1,PGDB_AS001868,% Degradation,luminescence,standardized
PGDB_C001823,O=C1CCC(N2Cc3cc(C(=O)N[C@@H](c4cccc(F)c4)C4CC4)ccc3C2=O)C(=O)N1,CSNK1A1,CRBN,1580.0,=,0,HT-1080,Hangzhou Glubio Pharmaceutical,WO2022257897A1,PGDB_AS001868,% Degradation,luminescence,standardized
PGDB_C001851,O=C1CCC(N2Cc3cc(C(=O)N[C@H](c4c(F)cccc4Cl)C4CCC4)ccc3C2=O)C(=O)N1,CSNK1A1,CRBN,62.7,=,1,HT-1080,Hangzhou Glubio Pharmaceutical,WO2022257897A1,PGDB_AS001868,% Degradation,luminescence,standardized
PGDB_C001801,O=C1CCC(N2Cc3cc(C(=O)N[C@H](c4c(F)cccc4F)C4CC4)ccc3C2=O)C(=O)N1,CSNK1A1,CRBN,123.0,=,0,HT-1080,Hangzhou Glubio Pharmaceutical,WO2022257897A1,PGDB_AS001868,% Degradation,luminescence,standardized
PGDB_C001849,O=C1CCC(N2Cc3cc(C(=O)N[C@H](c4c(F)cccc4F)C4CCC4)ccc3C2=O)C(=O)N1,CSNK1A1,CRBN,40.0,=,1,HT-1080,Hangzhou Glubio Pharmaceutical,WO2022257897A1,PGDB_AS001868,% Degradation,luminescence,standardized
PGDB_C001786,O=C1CCC(N2Cc3cc(C(=O)N[C@H](c4ccc(Cl)cc4)C4CC(F)(F)C4)ccc3C2=O)C(=O)N1,CSNK1A1,CRBN,94.7,=,1,HT-1080,Hangzhou Glubio Pharmaceutical,WO2022257897A1,PGDB_AS001868,% Degradation,luminescence,standardized
PGDB_C001789,O=C1CCC(N2Cc3cc(C(=O)N[C@H](c4ccc(Cl)cc4)C4CC4)ccc3C2=O)C(=O)N1,CSNK1A1,CRBN,5190.0,=,0,HT-1080,Hangzhou Glubio Pharmaceutical,WO2022257897A1,PGDB_AS001868,% Degradation,luminescence,standardized
PGDB_C001833,O=C1CCC(N2Cc3cc(C(=O)N[C@H](c4ccc(Cl)cc4)C4CCC4)ccc3C2=O)C(=O)N1,CSNK1A1,CRBN,66.69999999999999,=,1,HT-1080,Hangzhou Glubio Pharmaceutical,WO2022257897A1,PGDB_AS001868,% Degradation,luminescence,standardized
PGDB_C001858,O=C1CCC(N2Cc3cc(C(=O)N[C@H](c4ccc(Cl)cn4)C4CCC4)ccc3C2=O)C(=O)N1,CSNK1A1,CRBN,219.0,=,0,HT-1080,Hangzhou Glubio Pharmaceutical,WO2022257897A1,PGDB_AS001868,% Degradation,luminescence,standardized
PGDB_C001813,O=C1CCC(N2Cc3cc(C(=O)N[C@H](c4ccc(F)c(F)c4)C4CCC4)ccc3C2=O)C(=O)N1,CSNK1A1,CRBN,2960.0,=,0,HT-1080,Hangzhou Glubio Pharmaceutical,WO2022257897A1,PGDB_AS001868,% Degradation,luminescence,standardized
PGDB_C001847,O=C1CCC(N2Cc3cc(C(=O)N[C@H](c4ccc(F)cc4)C4(O)CC4)ccc3C2=O)C(=O)N1,CSNK1A1,CRBN,721.0,=,0,HT-1080,Hangzhou Glubio Pharmaceutical,WO2022257897A1,PGDB_AS001868,% Degradation,luminescence,standardized
PGDB_C001791,O=C1CCC(N2Cc3cc(C(=O)N[C@H](c4ccc(F)cc4)C4CC(F)(F)C4)ccc3C2=O)C(=O)N1,CSNK1A1,CRBN,234.0,=,0,HT-1080,Hangzhou Glubio Pharmaceutical,WO2022257897A1,PGDB_AS001868,% Degradation,luminescence,standardized
PGDB_C001794,O=C1CCC(N2Cc3cc(C(=O)N[C@H](c4ccc(F)cc4)C4CC4)ccc3C2=O)C(=O)N1,CSNK1A1,CRBN,706.0,=,0,HT-1080,Hangzhou Glubio Pharmaceutical,WO2022257897A1,PGDB_AS001868,% Degradation,luminescence,standardized
PGDB_C001784,O=C1CCC(N2Cc3cc(C(=O)N[C@H](c4ccc(F)cc4)C4CCC4)ccc3C2=O)C(=O)N1,CSNK1A1,CRBN,81.69999999999999,=,1,HT-1080,Hangzhou Glubio Pharmaceutical,WO2022257897A1,PGDB_AS001868,% Degradation,luminescence,standardized
PGDB_C001845,O=C1CCC(N2Cc3cc(C(=O)N[C@H](c4ccc(F)cc4)C4CCCC4)ccc3C2=O)C(=O)N1,CSNK1A1,CRBN,77.7,=,1,HT-1080,Hangzhou Glubio Pharmaceutical,WO2022257897A1,PGDB_AS001868,% Degradation,luminescence,standardized
PGDB_C001835,O=C1CCC(N2Cc3cc(C(=O)N[C@H](c4ccc(F)cc4)C4CCOCC4)ccc3C2=O)C(=O)N1,CSNK1A1,CRBN,218.0,=,0,HT-1080,Hangzhou Glubio Pharmaceutical,WO2022257897A1,PGDB_AS001868,% Degradation,luminescence,standardized
PGDB_C001797,O=C1CCC(N2Cc3cc(C(=O)N[C@H](c4ccc(F)cc4Cl)C4CC4)ccc3C2=O)C(=O)N1,CSNK1A1,CRBN,293.0,=,0,HT-1080,Hangzhou Glubio Pharmaceutical,WO2022257897A1,PGDB_AS001868,% Degradation,luminescence,standardized
PGDB_C001855,O=C1CCC(N2Cc3cc(C(=O)N[C@H](c4ccc(F)cc4Cl)C4CCC4)ccc3C2=O)C(=O)N1,CSNK1A1,CRBN,73.5,=,1,HT-1080,Hangzhou Glubio Pharmaceutical,WO2022257897A1,PGDB_AS001868,% Degradation,luminescence,standardized
PGDB_C001787,O=C1CCC(N2Cc3cc(C(=O)N[C@H](c4ccc(F)cc4F)C4CC4)ccc3C2=O)C(=O)N1,CSNK1A1,CRBN,221.0,=,0,HT-1080,Hangzhou Glubio Pharmaceutical,WO2022257897A1,PGDB_AS001868,% Degradation,luminescence,standardized
PGDB_C001807,O=C1CCC(N2Cc3cc(C(=O)N[C@H](c4ccc(F)cc4F)C4CCC4)ccc3C2=O)C(=O)N1,CSNK1A1,CRBN,82.4,=,1,HT-1080,Hangzhou Glubio Pharmaceutical,WO2022257897A1,PGDB_AS001868,% Degradation,luminescence,standardized
PGDB_C001861,O=C1CCC(N2Cc3cc(C(=O)N[C@H](c4ccc(F)cn4)C4(F)CCC4)ccc3C2=O)C(=O)N1,CSNK1A1,CRBN,193.0,=,0,HT-1080,Hangzhou Glubio Pharmaceutical,WO2022257897A1,PGDB_AS001868,% Degradation,luminescence,standardized
PGDB_C001837,O=C1CCC(N2Cc3cc(C(=O)N[C@H](c4ccc(F)cn4)C4CCC4)ccc3C2=O)C(=O)N1,CSNK1A1,CRBN,198.0,=,0,HT-1080,Hangzhou Glubio Pharmaceutical,WO2022257897A1,PGDB_AS001868,% Degradation,luminescence,standardized
PGDB_C001832,O=C1CCC(N2Cc3cc(C(=O)N[C@H](c4cccc(C(F)(F)F)c4)C4CC4)ccc3C2=O)C(=O)N1,CSNK1A1,CRBN,446.0,=,0,HT-1080,Hangzhou Glubio Pharmaceutical,WO2022257897A1,PGDB_AS001868,% Degradation,luminescence,standardized
PGDB_C001826,O=C1CCC(N2Cc3cc(C(=O)N[C@H](c4cccc(Cl)c4)C4CC4)ccc3C2=O)C(=O)N1,CSNK1A1,CRBN,1150.0,=,0,HT-1080,Hangzhou Glubio Pharmaceutical,WO2022257897A1,PGDB_AS001868,% Degradation,luminescence,standardized
PGDB_C001824,O=C1CCC(N2Cc3cc(C(=O)N[C@H](c4cccc(F)c4)C4CC4)ccc3C2=O)C(=O)N1,CSNK1A1,CRBN,417.0,=,0,HT-1080,Hangzhou Glubio Pharmaceutical,WO2022257897A1,PGDB_AS001868,% Degradation,luminescence,standardized
PGDB_C001796,O=C1CCC(N2Cc3cc(C(=O)N[C@H](c4ccccc4Cl)C4CC4)ccc3C2=O)C(=O)N1,CSNK1A1,CRBN,140.0,=,0,HT-1080,Hangzhou Glubio Pharmaceutical,WO2022257897A1,PGDB_AS001868,% Degradation,luminescence,standardized
PGDB_C001795,O=C1CCC(N2Cc3cc(C(=O)N[C@H](c4ccccc4F)C4CC4)ccc3C2=O)C(=O)N1,CSNK1A1,CRBN,308.0,=,0,HT-1080,Hangzhou Glubio Pharmaceutical,WO2022257897A1,PGDB_AS001868,% Degradation,luminescence,standardized
PGDB_C001838,O=C1CCC(N2Cc3cc(C(=O)N[C@H](c4ncc(Cl)cc4Cl)C4CCC4)ccc3C2=O)C(=O)N1,CSNK1A1,CRBN,274.0,=,0,HT-1080,Hangzhou Glubio Pharmaceutical,WO2022257897A1,PGDB_AS001868,% Degradation,luminescence,standardized
PGDB_C001864,O=C1CCC(N2Cc3cc(C(=O)N[C@H](c4ncc(Cl)cc4F)C4(F)CCC4)ccc3C2=O)C(=O)N1,CSNK1A1,CRBN,148.0,=,0,HT-1080,Hangzhou Glubio Pharmaceutical,WO2022257897A1,PGDB_AS001868,% Degradation,luminescence,standardized
PGDB_C001839,O=C1CCC(N2Cc3cc(C(=O)N[C@H](c4ncc(Cl)cc4F)C4CCC4)ccc3C2=O)C(=O)N1,CSNK1A1,CRBN,652.0,=,0,HT-1080,Hangzhou Glubio Pharmaceutical,WO2022257897A1,PGDB_AS001868,% Degradation,luminescence,standardized
PGDB_C001860,O=C1CCC(N2Cc3cc(C(=O)N[C@H](c4ncc(F)cc4Cl)C4(F)CCC4)ccc3C2=O)C(=O)N1,CSNK1A1,CRBN,93.89999999999999,=,1,HT-1080,Hangzhou Glubio Pharmaceutical,WO2022257897A1,PGDB_AS001868,% Degradation,luminescence,standardized
PGDB_C001853,O=C1CCC(N2Cc3cc(C(=O)N[C@H](c4ncc(F)cc4Cl)C4CC4)ccc3C2=O)C(=O)N1,CSNK1A1,CRBN,455.0,=,0,HT-1080,Hangzhou Glubio Pharmaceutical,WO2022257897A1,PGDB_AS001868,% Degradation,luminescence,standardized
PGDB_C001840,O=C1CCC(N2Cc3cc(C(=O)N[C@H](c4ncc(F)cc4Cl)C4CCC4)ccc3C2=O)C(=O)N1,CSNK1A1,CRBN,153.0,=,0,HT-1080,Hangzhou Glubio Pharmaceutical,WO2022257897A1,PGDB_AS001868,% Degradation,luminescence,standardized
PGDB_C001842,O=C1CCC(N2Cc3cc(C(=O)N[C@H](c4ncccc4-c4ccc(F)cc4)C4CCC4)ccc3C2=O)C(=O)N1,CSNK1A1,CRBN,115.0,=,0,HT-1080,Hangzhou Glubio Pharmaceutical,WO2022257897A1,PGDB_AS001868,% Degradation,luminescence,standardized
PGDB_C001862,O=C1CCC(N2Cc3cc(C(=O)N[C@H](c4ncccc4Cl)C4(F)CCC4)ccc3C2=O)C(=O)N1,CSNK1A1,CRBN,279.0,=,0,HT-1080,Hangzhou Glubio Pharmaceutical,WO2022257897A1,PGDB_AS001868,% Degradation,luminescence,standardized
PGDB_C001802,O=C1CCC(N2Cc3cc(C(=O)N[C@H](c4ncccc4Cl)C4CCC4)ccc3C2=O)C(=O)N1,CSNK1A1,CRBN,137.0,=,0,HT-1080,Hangzhou Glubio Pharmaceutical,WO2022257897A1,PGDB_AS001868,% Degradation,luminescence,standardized
PGDB_C001863,O=C1CCC(N2Cc3cc(C(=O)N[C@H](c4ncccc4F)C4(F)CCC4)ccc3C2=O)C(=O)N1,CSNK1A1,CRBN,394.0,=,0,HT-1080,Hangzhou Glubio Pharmaceutical,WO2022257897A1,PGDB_AS001868,% Degradation,luminescence,standardized
PGDB_C001822,O=C1CCC(N2Cc3cc(C(=O)N[C@H](c4ncccc4F)C4CCC4)ccc3C2=O)C(=O)N1,CSNK1A1,CRBN,363.0,=,0,HT-1080,Hangzhou Glubio Pharmaceutical,WO2022257897A1,PGDB_AS001868,% Degradation,luminescence,standardized
PGDB_C025492,O=C1CCC(N2Cc3cc(C4CCN(C(=O)c5[nH]c6cc(Cl)ccc6c5CN5CCOCC5)CC4)ccc3C2=O)C(=O)N1,IKZF2,,100.0,<=,1,Jurkat,Korea Research Institute Of Chemical Technology Krict;Korea Research Institute Of Bioscience And Biotechnology Kribb,EP4660193A1,PGDB_AS001105,% Degradation,,manual_curated
PGDB_C001956,O=C1CCC(N2Cc3cc(CC(=O)N4CCOCC4)ccc3C2=O)C(=O)N1,GSPT1,,2700.0,>,0,,St Jude Childrens Research Hospital,WO2023096822A1,PGDB_AS001062,% Degradation,,standardized
PGDB_C001944,O=C1CCC(N2Cc3cc(CC(=O)NC4CCCCC4)ccc3C2=O)C(=O)N1,GSPT1,,7100.0,>,0,,St Jude Childrens Research Hospital,WO2023096822A1,PGDB_AS001062,% Degradation,,standardized
PGDB_C001965,O=C1CCC(N2Cc3cc(CC(=O)Nc4ccc(N5CCCCC5)cc4)ccc3C2=O)C(=O)N1,GSPT1,,1.0,<,1,,St Jude Childrens Research Hospital,WO2023096822A1,PGDB_AS001062,% Degradation,,standardized
PGDB_C001962,O=C1CCC(N2Cc3cc(CC(=O)Nc4cccc(Cl)c4)ccc3C2=O)C(=O)N1,GSPT1,,1.0,<,1,,St Jude Childrens Research Hospital,WO2023096822A1,PGDB_AS001062,% Degradation,,standardized
PGDB_C001963,O=C1CCC(N2Cc3cc(CC(=O)Nc4cccc(F)c4)ccc3C2=O)C(=O)N1,GSPT1,,3110.0,>,0,,St Jude Childrens Research Hospital,WO2023096822A1,PGDB_AS001062,% Degradation,,standardized
PGDB_C001964,O=C1CCC(N2Cc3cc(CC(=O)Nc4cccc(OCc5ccccc5)c4)ccc3C2=O)C(=O)N1,GSPT1,,1.0,<,1,,St Jude Childrens Research Hospital,WO2023096822A1,PGDB_AS001062,% Degradation,,standardized
PGDB_C001959,O=C1CCC(N2Cc3cc(CC(=O)Nc4ccccc4)ccc3C2=O)C(=O)N1,GSPT1,,8100.0,>,0,,St Jude Childrens Research Hospital,WO2023096822A1,PGDB_AS001062,% Degradation,,standardized
PGDB_C005470,O=C1CCC(N2Cc3cc(CNC(=O)Nc4ccc(CCOCCNC5CC5)c(Cl)c4)ccc3C2=O)C(=O)N1,GSPT1,,8.31,=,1,HEK293,Shanghai Qilu Pharmaceutical Research And Development Centre,WO2025252247A1,PGDB_AS000196,% Degradation,,standardized
PGDB_C005467,O=C1CCC(N2Cc3cc(CNC(=O)Nc4ccc(CCOCCNCC(F)(F)F)c(Cl)c4)ccc3C2=O)C(=O)N1,GSPT1,,1.4,=,1,HEK293,Shanghai Qilu Pharmaceutical Research And Development Centre,WO2025252247A1,PGDB_AS000196,% Degradation,,standardized
PGDB_C010324,O=C1CCC(N2Cc3cc(C[C@H]4CCCC[C@@H]4NC4CC5(CCOC5)C4)ccc3C2=O)C(=O)N1,SMARCA2,,500.0,>=,0,HeLa,Plexium,WO2025101944,PGDB_AS000900,% Degradation,luminescence,standardized
PGDB_C010324,O=C1CCC(N2Cc3cc(C[C@H]4CCCC[C@@H]4NC4CC5(CCOC5)C4)ccc3C2=O)C(=O)N1,SMARCA4,,500.0,>=,0,HeLa,Plexium,WO2025101944,PGDB_AS000431,% Degradation,luminescence,standardized
PGDB_C010310,O=C1CCC(N2Cc3cc(C[C@H]4CCCC[C@@H]4NC4CCCCC4(F)F)ccc3C2=O)C(=O)N1,SMARCA2,,500.0,>=,0,HeLa,Plexium,WO2025101944,PGDB_AS000900,% Degradation,luminescence,standardized
PGDB_C010310,O=C1CCC(N2Cc3cc(C[C@H]4CCCC[C@@H]4NC4CCCCC4(F)F)ccc3C2=O)C(=O)N1,SMARCA4,,500.0,>=,0,HeLa,Plexium,WO2025101944,PGDB_AS000431,% Degradation,luminescence,standardized
PGDB_C003197,O=C1CCC(N2Cc3cc(Cc4cn(Cc5ccc(Cl)cc5)nn4)ccc3C2=O)C(=O)N1,GSPT1,,15.0,=,1,NB4,Beijing Innocare Pharma Tech,WO2024222614A1,PGDB_AS001663,% Degradation,luminescence,standardized
PGDB_C003196,O=C1CCC(N2Cc3cc(Cc4nc(Cc5ccc(Cl)cc5)no4)ccc3C2=O)C(=O)N1,GSPT1,,36.0,=,1,NB4,Beijing Innocare Pharma Tech,WO2024222614A1,PGDB_AS001663,% Degradation,luminescence,standardized
PGDB_C003195,O=C1CCC(N2Cc3cc(Cc4noc(C(F)(F)c5ccc(Cl)cc5)n4)ccc3C2=O)C(=O)N1,GSPT1,,13.0,=,1,NB4,Beijing Innocare Pharma Tech,WO2024222614A1,PGDB_AS001663,% Degradation,luminescence,standardized
PGDB_C003209,O=C1CCC(N2Cc3cc(Cn4cc(-c5cc(Cl)ccc5F)nn4)ccc3C2=O)C(=O)N1,GSPT1,,4.6,=,1,NB4,Beijing Innocare Pharma Tech,WO2024222614A1,PGDB_AS001663,% Degradation,luminescence,standardized
PGDB_C003206,O=C1CCC(N2Cc3cc(Cn4cc(-c5cc(Cl)ccc5O)nn4)ccc3C2=O)C(=O)N1,GSPT1,,1.4,=,1,NB4,Beijing Innocare Pharma Tech,WO2024222614A1,PGDB_AS001663,% Degradation,luminescence,standardized
PGDB_C003201,O=C1CCC(N2Cc3cc(Cn4cc(C(F)(F)c5ccc(Cl)cc5)nn4)ccc3C2=O)C(=O)N1,GSPT1,,4.8,=,1,NB4,Beijing Innocare Pharma Tech,WO2024222614A1,PGDB_AS001663,% Degradation,luminescence,standardized
PGDB_C003191,O=C1CCC(N2Cc3cc(Cn4cc(C(F)(F)c5ccc(F)cc5)nn4)ccc3C2=O)C(=O)N1,GSPT1,,8.0,=,1,NB4,Beijing Innocare Pharma Tech,WO2024222614A1,PGDB_AS001663,% Degradation,luminescence,standardized
PGDB_C003193,O=C1CCC(N2Cc3cc(Cn4cc(C(F)(F)c5cccc(C6CC6)n5)nn4)ccc3C2=O)C(=O)N1,GSPT1,,21.0,=,1,NB4,Beijing Innocare Pharma Tech,WO2024222614A1,PGDB_AS001663,% Degradation,luminescence,standardized
PGDB_C003190,O=C1CCC(N2Cc3cc(Cn4cc(C(F)(F)c5ccccc5)nn4)ccc3C2=O)C(=O)N1,GSPT1,,4.2,=,1,NB4,Beijing Innocare Pharma Tech,WO2024222614A1,PGDB_AS001663,% Degradation,luminescence,standardized
PGDB_C003179,O=C1CCC(N2Cc3cc(Cn4cc(C5(c6ccccc6)CC5)nn4)ccc3C2=O)C(=O)N1,GSPT1,,13.0,=,1,NB4,Beijing Innocare Pharma Tech,WO2024222614A1,PGDB_AS001663,% Degradation,luminescence,standardized
PGDB_C003188,O=C1CCC(N2Cc3cc(Cn4cc(CC5CCC(F)(F)CC5)nn4)ccc3C2=O)C(=O)N1,GSPT1,,1.0,=,1,NB4,Beijing Innocare Pharma Tech,WO2024222614A1,PGDB_AS001663,% Degradation,luminescence,standardized
PGDB_C003182,O=C1CCC(N2Cc3cc(Cn4cc(CC5CCCCC5)nn4)ccc3C2=O)C(=O)N1,GSPT1,,7.2,=,1,NB4,Beijing Innocare Pharma Tech,WO2024222614A1,PGDB_AS001663,% Degradation,luminescence,standardized
PGDB_C003177,O=C1CCC(N2Cc3cc(Cn4cc(CC5CCOCC5)nn4)ccc3C2=O)C(=O)N1,GSPT1,,1000.0,>,0,NB4,Beijing Innocare Pharma Tech,WO2024222614A1,PGDB_AS001663,% Degradation,luminescence,standardized
PGDB_C003189,O=C1CCC(N2Cc3cc(Cn4cc(CN5CCCCC5)nn4)ccc3C2=O)C(=O)N1,GSPT1,,1000.0,>,0,NB4,Beijing Innocare Pharma Tech,WO2024222614A1,PGDB_AS001663,% Degradation,luminescence,standardized
PGDB_C003183,O=C1CCC(N2Cc3cc(Cn4cc(Cc5cc(OC(F)(F)F)ccc5F)nn4)ccc3C2=O)C(=O)N1,GSPT1,,6.5,=,1,NB4,Beijing Innocare Pharma Tech,WO2024222614A1,PGDB_AS001663,% Degradation,luminescence,standardized
PGDB_C003198,O=C1CCC(N2Cc3cc(Cn4cc(Cc5ccc(Cl)cc5)cn4)ccc3C2=O)C(=O)N1,GSPT1,,14.0,=,1,NB4,Beijing Innocare Pharma Tech,WO2024222614A1,PGDB_AS001663,% Degradation,luminescence,standardized
PGDB_C003175,O=C1CCC(N2Cc3cc(Cn4cc(Cc5ccc(Cl)cc5)nn4)ccc3C2=O)C(=O)N1,GSPT1,,7.8,=,1,NB4,Beijing Innocare Pharma Tech,WO2024222614A1,PGDB_AS001663,% Degradation,luminescence,standardized
PGDB_C003180,O=C1CCC(N2Cc3cc(Cn4cc(Cc5ccc(F)cc5)nn4)ccc3C2=O)C(=O)N1,GSPT1,,5.9,=,1,NB4,Beijing Innocare Pharma Tech,WO2024222614A1,PGDB_AS001663,% Degradation,luminescence,standardized
PGDB_C003200,O=C1CCC(N2Cc3cc(Cn4cc(Cc5ccc(OC(F)(F)F)cc5)nn4)ccc3C2=O)C(=O)N1,GSPT1,,1000.0,>,0,NB4,Beijing Innocare Pharma Tech,WO2024222614A1,PGDB_AS001663,% Degradation,luminescence,standardized
PGDB_C003184,O=C1CCC(N2Cc3cc(Cn4cc(Cc5cccc(Br)c5)nn4)ccc3C2=O)C(=O)N1,GSPT1,,1.5,=,1,NB4,Beijing Innocare Pharma Tech,WO2024222614A1,PGDB_AS001663,% Degradation,luminescence,standardized
PGDB_C003186,O=C1CCC(N2Cc3cc(Cn4cc(Cc5cccc(C6CC6)c5)nn4)ccc3C2=O)C(=O)N1,GSPT1,,4.5,=,1,NB4,Beijing Innocare Pharma Tech,WO2024222614A1,PGDB_AS001663,% Degradation,luminescence,standardized
PGDB_C003176,O=C1CCC(N2Cc3cc(Cn4cc(Cc5cccc(Cl)c5)nn4)ccc3C2=O)C(=O)N1,GSPT1,,3.6,=,1,NB4,Beijing Innocare Pharma Tech,WO2024222614A1,PGDB_AS001663,% Degradation,luminescence,standardized
PGDB_C003199,O=C1CCC(N2Cc3cc(Cn4cc(Cc5ccccc5)cn4)ccc3C2=O)C(=O)N1,GSPT1,,13.0,=,1,NB4,Beijing Innocare Pharma Tech,WO2024222614A1,PGDB_AS001663,% Degradation,luminescence,standardized
PGDB_C003181,O=C1CCC(N2Cc3cc(Cn4cc(Cc5ccccc5)nn4)ccc3C2=O)C(=O)N1,GSPT1,,5.2,=,1,NB4,Beijing Innocare Pharma Tech,WO2024222614A1,PGDB_AS001663,% Degradation,luminescence,standardized
PGDB_C003216,O=C1CCC(N2Cc3cc(Cn4cc(Nc5cc(OC(F)(F)F)ccc5F)nn4)ccc3C2=O)C(=O)N1,GSPT1,,4.0,=,1,NB4,Beijing Innocare Pharma Tech,WO2024222614A1,PGDB_AS001663,% Degradation,luminescence,standardized
PGDB_C003207,O=C1CCC(N2Cc3cc(Cn4cc(Nc5ccc(F)c(Cl)c5)nn4)ccc3C2=O)C(=O)N1,GSPT1,,2.6,=,1,NB4,Beijing Innocare Pharma Tech,WO2024222614A1,PGDB_AS001663,% Degradation,luminescence,standardized
PGDB_C003210,O=C1CCC(N2Cc3cc(Cn4cc(Oc5cc(OC(F)(F)F)ccc5F)nn4)ccc3C2=O)C(=O)N1,GSPT1,,5.4,=,1,NB4,Beijing Innocare Pharma Tech,WO2024222614A1,PGDB_AS001663,% Degradation,luminescence,standardized
PGDB_C003204,O=C1CCC(N2Cc3cc(Cn4cc(Oc5ccc(Cl)cc5)nn4)ccc3C2=O)C(=O)N1,GSPT1,,4.3,=,1,NB4,Beijing Innocare Pharma Tech,WO2024222614A1,PGDB_AS001663,% Degradation,luminescence,standardized
PGDB_C003211,O=C1CCC(N2Cc3cc(Cn4cc(Oc5ccc(Cl)cc5F)nn4)ccc3C2=O)C(=O)N1,GSPT1,,8.0,=,1,NB4,Beijing Innocare Pharma Tech,WO2024222614A1,PGDB_AS001663,% Degradation,luminescence,standardized
PGDB_C003203,O=C1CCC(N2Cc3cc(Cn4cc(Oc5ccc(F)c(Cl)c5)nn4)ccc3C2=O)C(=O)N1,GSPT1,,2.5,=,1,NB4,Beijing Innocare Pharma Tech,WO2024222614A1,PGDB_AS001663,% Degradation,luminescence,standardized
PGDB_C003212,O=C1CCC(N2Cc3cc(Cn4cc(Oc5ccc(F)c(OC(F)(F)F)c5)nn4)ccc3C2=O)C(=O)N1,GSPT1,,5.6,=,1,NB4,Beijing Innocare Pharma Tech,WO2024222614A1,PGDB_AS001663,% Degradation,luminescence,standardized
PGDB_C003202,O=C1CCC(N2Cc3cc(Cn4cc(Oc5ccc(F)cc5)nn4)ccc3C2=O)C(=O)N1,GSPT1,,3.7,=,1,NB4,Beijing Innocare Pharma Tech,WO2024222614A1,PGDB_AS001663,% Degradation,luminescence,standardized
PGDB_C010388,O=C1CCC(N2Cc3cc(NC(=O)N4CC5(CCOCC5)c5ccccc54)ccc3C2=O)C(=O)N1,SMARCA4,,500.0,>=,0,HeLa,Plexium,WO2025101944,PGDB_AS000431,% Degradation,luminescence,standardized
PGDB_C000383,O=C1CCC(N2Cc3cc(O[C@@H]4CCCC[C@@H]4N4CC(c5ccccc5)C4)ccc3C2=O)C(=O)N1,IKZF1,,30000.0,>,0,HEK293T,Plexium,US20230265071A1,PGDB_AS000960,% Degradation,fluorescence,standardized
PGDB_C000383,O=C1CCC(N2Cc3cc(O[C@@H]4CCCC[C@@H]4N4CC(c5ccccc5)C4)ccc3C2=O)C(=O)N1,IKZF2,,30000.0,>,0,HEK293T,Plexium,US20230265071A1,PGDB_AS002469,% Degradation,fluorescence,standardized
PGDB_C000383,O=C1CCC(N2Cc3cc(O[C@@H]4CCCC[C@@H]4N4CC(c5ccccc5)C4)ccc3C2=O)C(=O)N1,IKZF3,,30000.0,>,0,HEK293T,Plexium,US20230265071A1,PGDB_AS001025,% Degradation,fluorescence,standardized
PGDB_C000382,O=C1CCC(N2Cc3cc(O[C@@H]4CCCC[C@H]4N4CC(c5ccccc5)C4)ccc3C2=O)C(=O)N1,IKZF1,,30000.0,>,0,HEK293T,Plexium,AR126418A1,PGDB_AS001001,% Degradation,fluorescence,standardized
PGDB_C000382,O=C1CCC(N2Cc3cc(O[C@@H]4CCCC[C@H]4N4CC(c5ccccc5)C4)ccc3C2=O)C(=O)N1,IKZF2,,30000.0,>,0,HEK293T,Plexium,US20230265071A1,PGDB_AS002469,% Degradation,fluorescence,standardized
PGDB_C000382,O=C1CCC(N2Cc3cc(O[C@@H]4CCCC[C@H]4N4CC(c5ccccc5)C4)ccc3C2=O)C(=O)N1,IKZF3,,30000.0,>,0,HEK293T,Plexium,US20230265071A1,PGDB_AS001025,% Degradation,fluorescence,standardized
PGDB_C000469,O=C1CCC(N2Cc3cc(O[C@H]4CCCCC[C@@H]4N4CC(c5ccccc5)C4)ccc3C2=O)C(=O)N1,GSPT1,,30000.0,>,0,HEK293T,Plexium,US20230265071A1,PGDB_AS000322,% Degradation,luminescence,standardized
PGDB_C002465,O=C1CCC(N2Cc3cc(O[C@H]4CCCC[C@@H]4N4CC(C5C=C5)C4)c(F)cc3C2=O)C(=O)N1,GSPT1,,30000.0,>,0,HEK293,Plexium,WO2023283430A1,PGDB_AS002498,% Degradation,,standardized
PGDB_C002457,O=C1CCC(N2Cc3cc(O[C@H]4CCCC[C@@H]4N4CC(C5CC(F)(F)C5)C4)ccc3C2=O)C(=O)N1,GSPT1,,30000.0,>,0,HEK293T,Plexium,TW202410889A,PGDB_AS000301,% Degradation,luminescence,standardized
PGDB_C008987,O=C1CCC(N2Cc3cc(O[C@H]4CCCC[C@@H]4N4CC(C5CC5)C4)c(F)cc3C2=O)C(=O)N1,GSPT1,,30000.0,>,0,HEK293T,Plexium,TW202410889A,PGDB_AS000301,% Degradation,luminescence,standardized
PGDB_C002449,O=C1CCC(N2Cc3cc(O[C@H]4CCCC[C@@H]4N4CC(C5CC5)C4)ccc3C2=O)C(=O)N1,GSPT1,,30000.0,>,0,HEK293T,Plexium,TW202410889A,PGDB_AS000301,% Degradation,luminescence,standardized
PGDB_C002448,O=C1CCC(N2Cc3cc(O[C@H]4CCCC[C@@H]4N4CC(C5CCC(F)(F)CC5)C4)ccc3C2=O)C(=O)N1,GSPT1,,30000.0,>,0,HEK293,Plexium,WO2023283430A1,PGDB_AS002498,% Degradation,,standardized
PGDB_C002460,O=C1CCC(N2Cc3cc(O[C@H]4CCCC[C@@H]4N4CC(C5CCC(OC(F)F)CC5)C4)ccc3C2=O)C(=O)N1,GSPT1,,30000.0,>,0,HEK293T,Plexium,TW202410889A,PGDB_AS000301,% Degradation,luminescence,standardized
PGDB_C002466,O=C1CCC(N2Cc3cc(O[C@H]4CCCC[C@@H]4N4CC(C5CCC5)C4)c(F)cc3C2=O)C(=O)N1,GSPT1,,30000.0,>,0,HEK293T,Plexium,TW202410889A,PGDB_AS000301,% Degradation,luminescence,standardized
PGDB_C002450,O=C1CCC(N2Cc3cc(O[C@H]4CCCC[C@@H]4N4CC(C5CCC5)C4)ccc3C2=O)C(=O)N1,GSPT1,,30000.0,>,0,HEK293T,Plexium,TW202410889A,PGDB_AS000301,% Degradation,luminescence,standardized
PGDB_C002459,O=C1CCC(N2Cc3cc(O[C@H]4CCCC[C@@H]4N4CC(C5CCCC(F)(F)C5)C4)ccc3C2=O)C(=O)N1,GSPT1,,30000.0,>,0,HEK293T,Plexium,TW202410889A,PGDB_AS000301,% Degradation,luminescence,standardized
PGDB_C002451,O=C1CCC(N2Cc3cc(O[C@H]4CCCC[C@@H]4N4CC(C5CCCC5)C4)ccc3C2=O)C(=O)N1,GSPT1,,30000.0,>,0,HEK293,Plexium,WO2023283430A1,PGDB_AS002498,% Degradation,,standardized
PGDB_C002447,O=C1CCC(N2Cc3cc(O[C@H]4CCCC[C@@H]4N4CC(C5CCCCC5)C4)ccc3C2=O)C(=O)N1,GSPT1,,30000.0,>,0,HEK293T,Plexium,TW202410889A,PGDB_AS000301,% Degradation,luminescence,standardized
PGDB_C000389,O=C1CCC(N2Cc3cc(O[C@H]4CCCC[C@@H]4N4CC(c5ccc(-n6cccn6)cc5)C4)ccc3C2=O)C(=O)N1,IKZF1,,30000.0,>,0,HEK293T,Plexium,US20230265071A1,PGDB_AS000960,% Degradation,fluorescence,standardized
PGDB_C000389,O=C1CCC(N2Cc3cc(O[C@H]4CCCC[C@@H]4N4CC(c5ccc(-n6cccn6)cc5)C4)ccc3C2=O)C(=O)N1,IKZF2,,0.5,=,1,HEK293T,Plexium,US20230265071A1,PGDB_AS002469,% Degradation,fluorescence,standardized
PGDB_C000389,O=C1CCC(N2Cc3cc(O[C@H]4CCCC[C@@H]4N4CC(c5ccc(-n6cccn6)cc5)C4)ccc3C2=O)C(=O)N1,IKZF3,,30000.0,>,0,HEK293T,Plexium,US20230265071A1,PGDB_AS001025,% Degradation,fluorescence,standardized
PGDB_C000387,O=C1CCC(N2Cc3cc(O[C@H]4CCCC[C@@H]4N4CC(c5ccc(F)c(F)c5)C4)ccc3C2=O)C(=O)N1,GSPT1,,30000.0,>,0,HEK293T,Plexium,AR126418A1,PGDB_AS002212,% Degradation,luminescence,standardized
PGDB_C000387,O=C1CCC(N2Cc3cc(O[C@H]4CCCC[C@@H]4N4CC(c5ccc(F)c(F)c5)C4)ccc3C2=O)C(=O)N1,IKZF1,,30000.0,>,0,HEK293T,Plexium,US20230265071A1,PGDB_AS000960,% Degradation,fluorescence,standardized
PGDB_C000387,O=C1CCC(N2Cc3cc(O[C@H]4CCCC[C@@H]4N4CC(c5ccc(F)c(F)c5)C4)ccc3C2=O)C(=O)N1,IKZF2,,5.0,=,1,HEK293T,Plexium,AR126418A1,PGDB_AS001753,% Degradation,fluorescence,standardized
PGDB_C000387,O=C1CCC(N2Cc3cc(O[C@H]4CCCC[C@@H]4N4CC(c5ccc(F)c(F)c5)C4)ccc3C2=O)C(=O)N1,IKZF3,,30000.0,>,0,HEK293T,Plexium,US20230265071A1,PGDB_AS001025,% Degradation,fluorescence,standardized
PGDB_C000401,O=C1CCC(N2Cc3cc(O[C@H]4CCCC[C@@H]4N4CC(c5ccc(F)cc5)C4)ccc3C2=O)C(=O)N1,GSPT1,,30000.0,>,0,HEK293T,Plexium,CN117836288A,PGDB_AS001378,% Degradation,,standardized
PGDB_C000463,O=C1CCC(N2Cc3cc(O[C@H]4CCCC[C@@H]4N4CC(c5ccc(N6CCOCC6)cc5)C4)ccc3C2=O)C(=O)N1,GSPT1,,30000.0,>,0,HEK293T,Plexium,AR126418A1,PGDB_AS002212,% Degradation,luminescence,standardized
PGDB_C000470,O=C1CCC(N2Cc3cc(O[C@H]4CCCC[C@@H]4N4CC(c5ccc(O)cc5)C4)ccc3C2=O)C(=O)N1,GSPT1,,30000.0,>,0,HEK293T,Plexium,US20230265071A1,PGDB_AS000322,% Degradation,luminescence,standardized
PGDB_C000453,O=C1CCC(N2Cc3cc(O[C@H]4CCCC[C@@H]4N4CC(c5cccc(F)c5)C4)ccc3C2=O)C(=O)N1,GSPT1,,30000.0,>,0,HEK293T,Plexium,AR126418A1,PGDB_AS002212,% Degradation,luminescence,standardized
PGDB_C000413,O=C1CCC(N2Cc3cc(O[C@H]4CCCC[C@@H]4N4CC(c5cccc(F)c5F)C4)ccc3C2=O)C(=O)N1,GSPT1,,30000.0,>,0,HEK293T,Plexium,CN117836288A,PGDB_AS001378,% Degradation,,standardized
PGDB_C000472,O=C1CCC(N2Cc3cc(O[C@H]4CCCC[C@@H]4N4CC(c5cccc(O)c5)C4)ccc3C2=O)C(=O)N1,GSPT1,,30000.0,>,0,HEK293T,Plexium,US20230265071A1,PGDB_AS000322,% Degradation,luminescence,standardized
PGDB_C000390,O=C1CCC(N2Cc3cc(O[C@H]4CCCC[C@@H]4N4CC(c5cccc(OC(F)(F)F)c5)C4)ccc3C2=O)C(=O)N1,GSPT1,,30000.0,>,0,HEK293T,Plexium,AR126418A1,PGDB_AS002212,% Degradation,luminescence,standardized
PGDB_C000402,O=C1CCC(N2Cc3cc(O[C@H]4CCCC[C@@H]4N4CC(c5ccccc5)C4)c(F)cc3C2=O)C(=O)N1,GSPT1,,30000.0,>,0,HEK293T,Plexium,CN117836288A,PGDB_AS001378,% Degradation,,standardized
PGDB_C000466,O=C1CCC(N2Cc3cc(O[C@H]4CCCC[C@@H]4N4CC(c5ccccc5)C4)ccc3C2=O)C(=O)N1,GSPT1,,30000.0,>,0,HEK293T,Plexium,CN117836288A,PGDB_AS001378,% Degradation,,standardized
PGDB_C000468,O=C1CCC(N2Cc3cc(O[C@H]4CCCC[C@@H]4N4CC(c5ccccc5C(F)(F)F)C4)ccc3C2=O)C(=O)N1,GSPT1,,30000.0,>,0,HEK293T,Plexium,AR126418A1,PGDB_AS002212,% Degradation,luminescence,standardized
PGDB_C000385,O=C1CCC(N2Cc3cc(O[C@H]4CCCC[C@@H]4N4CC(c5ccccc5Cl)C4)ccc3C2=O)C(=O)N1,IKZF1,,30000.0,>,0,HEK293T,Plexium,US20230265071A1,PGDB_AS000960,% Degradation,fluorescence,standardized
PGDB_C000385,O=C1CCC(N2Cc3cc(O[C@H]4CCCC[C@@H]4N4CC(c5ccccc5Cl)C4)ccc3C2=O)C(=O)N1,IKZF2,,4.0,=,1,HEK293T,Plexium,US20230265071A1,PGDB_AS002469,% Degradation,fluorescence,standardized
PGDB_C000385,O=C1CCC(N2Cc3cc(O[C@H]4CCCC[C@@H]4N4CC(c5ccccc5Cl)C4)ccc3C2=O)C(=O)N1,IKZF3,,30000.0,>,0,HEK293T,Plexium,AR126418A1,PGDB_AS000004,% Degradation,fluorescence,standardized
PGDB_C000388,O=C1CCC(N2Cc3cc(O[C@H]4CCCC[C@@H]4N4CC(c5ccccc5F)C4)ccc3C2=O)C(=O)N1,IKZF1,,30000.0,>,0,HEK293T,Plexium,CN117836288A,PGDB_AS002474,% Degradation,fluorescence,standardized
PGDB_C000388,O=C1CCC(N2Cc3cc(O[C@H]4CCCC[C@@H]4N4CC(c5ccccc5F)C4)ccc3C2=O)C(=O)N1,IKZF2,,5.0,=,1,HEK293T,Plexium,AR126418A1,PGDB_AS001753,% Degradation,fluorescence,standardized
PGDB_C000388,O=C1CCC(N2Cc3cc(O[C@H]4CCCC[C@@H]4N4CC(c5ccccc5F)C4)ccc3C2=O)C(=O)N1,IKZF3,,30000.0,>,0,HEK293T,Plexium,US20230265071A1,PGDB_AS001025,% Degradation,fluorescence,standardized
PGDB_C000471,O=C1CCC(N2Cc3cc(O[C@H]4CCCC[C@@H]4N4CC(c5ccccc5O)C4)ccc3C2=O)C(=O)N1,GSPT1,,30000.0,>,0,HEK293T,Plexium,US20230265071A1,PGDB_AS000322,% Degradation,luminescence,standardized
PGDB_C000391,O=C1CCC(N2Cc3cc(O[C@H]4CCCC[C@@H]4N4CC(c5ccccc5OC(F)(F)F)C4)ccc3C2=O)C(=O)N1,GSPT1,,30000.0,>,0,HEK293T,Plexium,CN117836288A,PGDB_AS001378,% Degradation,,standardized
PGDB_C003111,O=C1CCC(N2Cc3cc(O[C@H]4CCCC[C@@H]4N4CC5(C4)CC(F)(F)C5)ccc3C2=O)C(=O)N1,GSPT1,,30000.0,>,0,,Plexium,WO2024148088A1,PGDB_AS001329,% Degradation,,standardized
PGDB_C003108,O=C1CCC(N2Cc3cc(O[C@H]4CCCC[C@@H]4N4CC5(CC(F)C5)C4)ccc3C2=O)C(=O)N1,GSPT1,,30000.0,>,0,,Plexium,WO2024148088A1,PGDB_AS001329,% Degradation,,standardized
PGDB_C003109,O=C1CCC(N2Cc3cc(O[C@H]4CCCC[C@@H]4N4CC5(CC(O)C5)C4)ccc3C2=O)C(=O)N1,GSPT1,,30000.0,>,0,,Plexium,WO2024148088A1,PGDB_AS001329,% Degradation,,standardized
PGDB_C003114,O=C1CCC(N2Cc3cc(O[C@H]4CCCC[C@@H]4N4CC5(CC5)C4)ccc3C2=O)C(=O)N1,GSPT1,,30000.0,>,0,,Plexium,WO2024148088A1,PGDB_AS001329,% Degradation,,standardized
PGDB_C003113,O=C1CCC(N2Cc3cc(O[C@H]4CCCC[C@@H]4N4CC5(CCC5)C4)ccc3C2=O)C(=O)N1,GSPT1,,30000.0,>,0,,Plexium,WO2024148088A1,PGDB_AS001329,% Degradation,,standardized
PGDB_C003115,O=C1CCC(N2Cc3cc(O[C@H]4CCCC[C@@H]4N4CC5(COC5)C4)ccc3C2=O)C(=O)N1,GSPT1,,30000.0,>,0,,Plexium,WO2024148088A1,PGDB_AS001329,% Degradation,,standardized
PGDB_C000380,O=C1CCC(N2Cc3cc(O[C@H]4CCCC[C@@H]4N4CCC(c5ccccc5)C4)ccc3C2=O)C(=O)N1,GSPT1,,30000.0,>,0,HEK293T,Plexium,CN117836288A,PGDB_AS001378,% Degradation,,standardized
PGDB_C000380,O=C1CCC(N2Cc3cc(O[C@H]4CCCC[C@@H]4N4CCC(c5ccccc5)C4)ccc3C2=O)C(=O)N1,IKZF1,,30000.0,>,0,HEK293T,Plexium,US20230265071A1,PGDB_AS000960,% Degradation,fluorescence,standardized
PGDB_C000380,O=C1CCC(N2Cc3cc(O[C@H]4CCCC[C@@H]4N4CCC(c5ccccc5)C4)ccc3C2=O)C(=O)N1,IKZF2,,24.0,=,1,HEK293T,Plexium,US20230265071A1,PGDB_AS002469,% Degradation,fluorescence,standardized
PGDB_C000380,O=C1CCC(N2Cc3cc(O[C@H]4CCCC[C@@H]4N4CCC(c5ccccc5)C4)ccc3C2=O)C(=O)N1,IKZF3,,30000.0,>,0,HEK293T,Plexium,AR126418A1,PGDB_AS000004,% Degradation,fluorescence,standardized
PGDB_C003105,O=C1CCC(N2Cc3cc(O[C@H]4CCCC[C@H]4N4CC5(CC(F)C5)C4)ccc3C2=O)C(=O)N1,GSPT1,,30000.0,>,0,,Plexium,WO2024148088A1,PGDB_AS001329,% Degradation,,standardized
PGDB_C003110,O=C1CCC(N2Cc3cc(O[C@H]4CCCC[C@H]4N4CC5(CC(O)C5)C4)ccc3C2=O)C(=O)N1,GSPT1,,30000.0,>,0,,Plexium,WO2024148088A1,PGDB_AS001329,% Degradation,,standardized
PGDB_C002461,O=C1CCC(N2Cc3cc(O[C@H]4CCC[C@@H]4N4CC(C5CC5)C4)ccc3C2=O)C(=O)N1,GSPT1,,30000.0,>,0,HEK293T,Plexium,TW202410889A,PGDB_AS000301,% Degradation,luminescence,standardized
PGDB_C002454,O=C1CCC(N2Cc3cc(O[C@H]4CCC[C@@H]4N4CC(C5CCC(F)(F)CC5)C4)ccc3C2=O)C(=O)N1,GSPT1,,30000.0,>,0,HEK293,Plexium,WO2023283430A1,PGDB_AS002498,% Degradation,,standardized
PGDB_C000496,O=C1CCC(N2Cc3ccc(CCC(=O)Nc4ccc(-c5ccc(C(F)(F)F)cc5)c(CN5CCOCC5)c4)cc3C2=O)C(=O)N1,GSPT1,,34.16,=,1,U937,Livzon Pharmaceutical Group;Jinan University,CN117917402A,PGDB_AS002566,% Degradation,Western_blot,standardized
PGDB_C000495,O=C1CCC(N2Cc3ccc(CCC(=O)Nc4ccc(-c5ccc(F)cc5)c(CN5CCOCC5)c4)cc3C2=O)C(=O)N1,GSPT1,,37.83,=,1,U937,Livzon Pharmaceutical Group;Jinan University,CN117917402A,PGDB_AS002566,% Degradation,Western_blot,standardized
PGDB_C000497,O=C1CCC(N2Cc3ccc(CCC(=O)Nc4ccc(-c5ccccc5)c(CN5CCOCC5)c4)cc3C2=O)C(=O)N1,GSPT1,,11.8,=,1,U937,Livzon Pharmaceutical Group;Jinan University,CN117917402A,PGDB_AS002566,% Degradation,Western_blot,standardized
PGDB_C000500,O=C1CCC(N2Cc3ccc(CCC(=O)Nc4ccc(-c5ccccc5)cc4)cc3C2=O)C(=O)N1,GSPT1,,24.26,=,1,U937,Livzon Pharmaceutical Group;Jinan University,CN117917402A,PGDB_AS002566,% Degradation,Western_blot,standardized
PGDB_C000493,O=C1CCC(N2Cc3ccc(CCC(=O)Nc4ccc(-c5cccnc5)c(CN5CCOCC5)c4)cc3C2=O)C(=O)N1,GSPT1,,212.4,=,0,U937,Livzon Pharmaceutical Group;Jinan University,CN117917402A,PGDB_AS002566,% Degradation,Western_blot,standardized
PGDB_C000503,O=C1CCC(N2Cc3ccc(CCC(=O)Nc4ccc(-c5ccncc5)c(CN5CCC(N6CCOCC6)CC5)c4)cc3C2=O)C(=O)N1,GSPT1,,10000.0,>,0,U937,Livzon Pharmaceutical Group;Jinan University,CN117917402A,PGDB_AS002566,% Degradation,Western_blot,standardized
PGDB_C000499,O=C1CCC(N2Cc3ccc(CCC(=O)Nc4ccc(-c5ccncc5)c(CN5CCS(=O)(=O)CC5)c4)cc3C2=O)C(=O)N1,GSPT1,,8367.0,=,0,U937,Livzon Pharmaceutical Group;Jinan University,CN117917402A,PGDB_AS002566,% Degradation,Western_blot,standardized
PGDB_C000502,O=C1CCC(N2Cc3ccc(CCC(=O)Nc4cccc(C(F)(F)F)c4)cc3C2=O)C(=O)N1,GSPT1,,37.45,=,1,U937,Livzon Pharmaceutical Group;Jinan University,CN117917402A,PGDB_AS002566,% Degradation,Western_blot,standardized
PGDB_C001479,O=C1CCC(N2Cc3ccc(COC(=O)Nc4cc(OC(F)(F)F)ccc4F)cc3C2=O)C(=O)N1,GSPT1,,8.41,=,1,HEK293,Nanjing Sanhome Pharmaceutical,CN118852145A,PGDB_AS001853,% Degradation,,standardized
PGDB_C001470,O=C1CCC(N2Cc3ccc(COC(=O)Nc4ccc(C#CC5CC5)c(Cl)c4)cc3C2=O)C(=O)N1,GSPT1,,1.67,=,1,HEK293,Nanjing Sanhome Pharmaceutical,CN118852145A,PGDB_AS001853,% Degradation,,standardized
PGDB_C001465,O=C1CCC(N2Cc3ccc(COC(=O)Nc4ccc(C(F)(F)F)c(C#CC5CC5)c4)cc3C2=O)C(=O)N1,GSPT1,,4.09,=,1,HEK293,Nanjing Sanhome Pharmaceutical,CN118852145A,PGDB_AS001853,% Degradation,,standardized
PGDB_C001468,O=C1CCC(N2Cc3ccc(COC(=O)Nc4ccc(OC(F)F)c(C#CC5CC5)c4)cc3C2=O)C(=O)N1,GSPT1,,1.49,=,1,HEK293,Nanjing Sanhome Pharmaceutical,CN118852145A,PGDB_AS001853,% Degradation,,standardized
PGDB_C001028,O=C1CCC(N2Cc3ccc(COC(=O)Nc4ccc5c(c4)C4(CC4)CN(C4CC4)C5=O)cc3C2=O)C(=O)N1,GSPT1,,3.6,=,1,HEK293,Nanjing Sanhome Pharmaceutical,CN121318922A,PGDB_AS000173,% Degradation,luminescence,standardized
PGDB_C001471,O=C1CCC(N2Cc3ccc(COC(=O)Nc4nc5ccccc5s4)cc3C2=O)C(=O)N1,GSPT1,,3.24,=,1,HEK293,Nanjing Sanhome Pharmaceutical,CN118852145A,PGDB_AS001853,% Degradation,,standardized
PGDB_C010170,O=C1CCC(N2Cc3nc(C4(O)CCN(Cc5ccc(CC(F)(F)F)cc5)CC4)ccc3C2=O)C(=O)N1,ARNT,,200.0,>=,0,7860-O,Neomorph,WO2025097092,PGDB_AS002177,% Degradation,luminescence,manual_curated
PGDB_C010149,O=C1CCC(N2Cc3nc(C4(O)CCN(Cc5ccc(Cl)cc5)CC4)ccc3C2=O)C(=O)N1,ARNT,,200.0,>=,0,7860-O,Neomorph,WO2025097092,PGDB_AS002177,% Degradation,luminescence,manual_curated
PGDB_C010153,O=C1CCC(N2Cc3nc(C4(O)CCN(Cc5ccc(F)cc5)CC4)ccc3C2=O)C(=O)N1,ARNT,,200.0,>=,0,7860-O,Neomorph,WO2025097092,PGDB_AS002177,% Degradation,luminescence,manual_curated
PGDB_C010159,O=C1CCC(N2Cc3nc(C4(O)CCN(Cc5ccc(OC(F)(F)C(F)F)cc5)CC4)ccc3C2=O)C(=O)N1,ARNT,,200.0,>=,0,7860-O,Neomorph,WO2025097092,PGDB_AS002177,% Degradation,luminescence,manual_curated
PGDB_C010158,O=C1CCC(N2Cc3nc(C4(O)CCN(Cc5ccc(SC(F)(F)F)cc5)CC4)ccc3C2=O)C(=O)N1,ARNT,,200.0,>=,0,7860-O,Neomorph,WO2025097092,PGDB_AS002177,% Degradation,luminescence,manual_curated
PGDB_C010148,O=C1CCC(N2Cc3nc(C4(O)CCN(Cc5cccc(C(F)(F)F)c5)CC4)ccc3C2=O)C(=O)N1,ARNT,,200.0,>=,0,7860-O,Neomorph,WO2025097092,PGDB_AS002177,% Degradation,luminescence,manual_curated
PGDB_C010168,O=C1CCC(N2Cc3nc(C4(O)CCN(Cc5ccccc5)CC4)ccc3C2=O)C(=O)N1,ARNT,,200.0,>=,0,7860-O,Neomorph,WO2025097092,PGDB_AS002177,% Degradation,luminescence,manual_curated
PGDB_C010154,O=C1CCC(N2Cc3nc(C4(O)CCN(Cc5cccnc5)CC4)ccc3C2=O)C(=O)N1,ARNT,,200.0,>=,0,7860-O,Neomorph,WO2025097092,PGDB_AS002177,% Degradation,luminescence,manual_curated
PGDB_C010145,O=C1CCC(N2Cc3nc(C4(O)CCN(Cc5ccncc5)CC4)ccc3C2=O)C(=O)N1,ARNT,,200.0,>=,0,7860-O,Neomorph,WO2025097092,PGDB_AS002177,% Degradation,luminescence,manual_curated
PGDB_C001073,O=C1CCC(c2c(F)cc(C3=CCC(C(=O)Nc4cccc(Br)c4)CC3)cc2F)C(=O)N1,GSPT1,,5000.0,>,0,293A,Hangzhou Dituo Biopharmaceutical,CN121591645A,PGDB_AS001164,% Degradation,,standardized
PGDB_C001075,O=C1CCC(c2c(F)cc(C3=CCN(C(=O)Nc4cccc(Br)c4)CC3)cc2F)C(=O)N1,GSPT1,,2.77,=,1,293A,Hangzhou Dituo Biopharmaceutical,CN121591645A,PGDB_AS001164,% Degradation,,standardized
PGDB_C001072,O=C1CCC(c2c(F)cc(C3CCN(C(=O)Nc4cccc(Br)c4)CC3)cc2F)C(=O)N1,GSPT1,,1.6700000000000002,=,1,293A,Hangzhou Dituo Biopharmaceutical,CN121591645A,PGDB_AS001164,% Degradation,,standardized
PGDB_C000672,O=C1CCC(c2c(F)cc(N3CC(NC(=O)Nc4cc(F)c5c(c4)OCC54CC4)C3)cc2F)C(=O)N1,GSPT1,,16.0,=,1,ABC-1,Jiangsu Institute Of Sports Health,CN119264113A,PGDB_AS001474,% Degradation,fluorescence,standardized
PGDB_C000673,O=C1CCC(c2c(F)cc(N3CC(NC(=O)Nc4cc5c(cc4F)C4(CC4)CO5)C3)cc2F)C(=O)N1,GSPT1,,16.0,=,1,ABC-1,Jiangsu Institute Of Sports Health,CN119264113A,PGDB_AS001474,% Degradation,fluorescence,standardized
PGDB_C000674,O=C1CCC(c2c(F)cc(N3CC(NC(=O)Nc4ccc5c(c4F)OCC54CC4)C3)cc2F)C(=O)N1,GSPT1,,74.9,=,1,CAL-51,Jiangsu Institute Of Sports Health,CN119264113A,PGDB_AS001139,% Degradation,fluorescence,standardized
PGDB_C000684,O=C1CCC(c2c(F)cc(N3CC(OC(=O)Nc4ccc(C#CC5CC5)c(Cl)c4)C3)cc2F)C(=O)N1,GSPT1,,3.6,=,1,HEK293,Nanjing Sanhome Pharmaceutical,CN119431327A,PGDB_AS002180,% Degradation,luminescence,standardized
PGDB_C000675,O=C1CCC(c2c(F)cc(N3CC(OC(=O)Nc4ccc5c(c4F)OCC54CC4)C3)cc2F)C(=O)N1,GSPT1,,1000.0,>,0,CAL-51,Jiangsu Institute Of Sports Health,CN119264113A,PGDB_AS001139,% Degradation,fluorescence,standardized
PGDB_C001070,O=C1CCC(c2c(F)cc(N3CCC(C(=O)Nc4cccc(Br)c4)CC3)cc2F)C(=O)N1,GSPT1,,522.0,=,0,293A,Hangzhou Dituo Biopharmaceutical,CN121591645A,PGDB_AS001164,% Degradation,,standardized
PGDB_C001076,O=C1CCC(c2c(F)cc(N3CCC(NC(=O)Cc4cccc(Br)c4)CC3)cc2F)C(=O)N1,GSPT1,,5000.0,>,0,293A,Hangzhou Dituo Biopharmaceutical,CN121591645A,PGDB_AS001164,% Degradation,,standardized
PGDB_C001078,O=C1CCC(c2c(F)cc(N3CCCC(NC(=O)Cc4cccc(Br)c4)C3)cc2F)C(=O)N1,GSPT1,,5000.0,>,0,293A,Hangzhou Dituo Biopharmaceutical,CN121591645A,PGDB_AS001164,% Degradation,,standardized
PGDB_C001071,O=C1CCC(c2c(F)cc(N3CCN(C(=O)Nc4cccc(Br)c4)CC3)cc2F)C(=O)N1,GSPT1,,1.96,=,1,293A,Hangzhou Dituo Biopharmaceutical,CN121591645A,PGDB_AS001164,% Degradation,,standardized
PGDB_C001074,O=C1CCC(c2c(F)cc([C@H]3CC[C@@H](C(=O)Nc4cccc(Br)c4)CC3)cc2F)C(=O)N1,GSPT1,,67.0,=,1,293A,Hangzhou Dituo Biopharmaceutical,CN121591645A,PGDB_AS001164,% Degradation,,standardized
PGDB_C011574,O=C1CCC(c2ccc3c(c2)CN(S(=O)(=O)c2ccc(C4CCCCC4)cc2)C3)C(=O)N1,VCL,,116.0,=,0,BE2C,Neosphere Biotechnologies;St Jude Childrens Research Hospital,WO2025199151A1,PGDB_AS002418,% Degradation,,standardized
PGDB_C032016,O=C1CCC(c2cccc(-c3cc(C(F)(F)F)c(-n4ccccc4=O)s3)c2Cl)C(=O)N1,VAV1,,6.9,=,1,,Changchun Genescience Pharmaceutical Co Ltd,WO2026119120A1,PGDB_AS001984,% Degradation,luminescence,standardized
PGDB_C032017,O=C1CCC(c2cccc(-c3cc(C(F)F)c(-n4ccccc4=O)s3)c2Cl)C(=O)N1,VAV1,,3.4,=,1,,Changchun Genescience Pharmaceutical Co Ltd,WO2026119120A1,PGDB_AS001984,% Degradation,luminescence,standardized
PGDB_C032019,O=C1CCC(c2cccc(-c3cc(C4(F)CC4)c(-n4ccccc4=O)s3)c2Cl)C(=O)N1,VAV1,,3.1,=,1,,Changchun Genescience Pharmaceutical Co Ltd,WO2026119120A1,PGDB_AS001984,% Degradation,luminescence,standardized
PGDB_C032013,O=C1CCC(c2cccc(-c3cc(C4CC4)c(-n4ccccc4=O)s3)c2Cl)C(=O)N1,VAV1,,1.3,=,1,,Changchun Genescience Pharmaceutical Co Ltd,WO2026119120A1,PGDB_AS001984,% Degradation,luminescence,standardized
PGDB_C032018,O=C1CCC(c2cccc(-c3cc(CC(F)(F)F)c(-n4ccccc4=O)s3)c2Cl)C(=O)N1,VAV1,,1.8,=,1,,Changchun Genescience Pharmaceutical Co Ltd,WO2026119120A1,PGDB_AS001984,% Degradation,luminescence,standardized
PGDB_C032007,O=C1CCC(c2cccc(-c3cc(Cl)c(-n4ccccc4=O)s3)c2Cl)C(=O)N1,VAV1,,2.5,=,1,,Changchun Genescience Pharmaceutical Co Ltd,WO2026119120A1,PGDB_AS001984,% Degradation,luminescence,standardized
PGDB_C032033,O=C1CCC(c2cccc(-c3cc(Cl)c4c(c3)CCCC(=O)N4)c2Cl)C(=O)N1,VAV1,,17.2,=,1,,Changchun Genescience Pharmaceutical Co Ltd,WO2026119120A1,PGDB_AS001984,% Degradation,luminescence,standardized
PGDB_C032006,O=C1CCC(c2cccc(-c3cc(F)c(-n4ccccc4=O)s3)c2Cl)C(=O)N1,VAV1,,16.6,=,1,,Changchun Genescience Pharmaceutical Co Ltd,WO2026119120A1,PGDB_AS001984,% Degradation,luminescence,standardized
PGDB_C032012,O=C1CCC(c2cccc(-c3cc(F)c(Oc4ccccn4)s3)c2Cl)C(=O)N1,VAV1,,42.0,=,1,,Changchun Genescience Pharmaceutical Co Ltd,WO2026119120A1,PGDB_AS001984,% Degradation,luminescence,standardized
PGDB_C032020,O=C1CCC(c2cccc(-c3cc4c(s3)NC(=O)CC4)c2Cl)C(=O)N1,VAV1,,3.1,=,1,,Changchun Genescience Pharmaceutical Co Ltd,WO2026119120A1,PGDB_AS001984,% Degradation,luminescence,standardized
PGDB_C032051,O=C1CCC(c2cccc(-c3cc4c(s3)NC(=O)CCC4)c2Cl)C(=O)N1,VAV1,,9.1,=,1,,Changchun Genescience Pharmaceutical Co Ltd,WO2026119120A1,PGDB_AS001984,% Degradation,luminescence,standardized
PGDB_C033002,O=C1CCC(c2cccc(-c3ccc(-c4c(OCC(F)(F)F)cc[nH]c4=O)cc3)c2Cl)C(=O)N1,VAV1,,10.0,<,1,Jurkat,,WO2026145172A1,PGDB_AS002602,% Degradation,luminescence,standardized
PGDB_C033030,O=C1CCC(c2cccc(-c3ccc(-c4c(OCC(F)(F)F)ccn(C5CC5)c4=O)cc3)c2Cl)C(=O)N1,VAV1,,10.0,<,1,Jurkat,,WO2026145172A1,PGDB_AS002602,% Degradation,luminescence,standardized
PGDB_C032762,O=C1CCC(c2cccc(-c3ccc(-c4ccc5n(c4=O)C4(CC4)COC5)cc3)c2Cl)C(=O)N1,VAV1,,3.1,=,1,Jurkat,,WO2026139100A1,PGDB_AS002609,% Degradation,luminescence,standardized
PGDB_C029550,O=C1CCC(c2cccc(-c3ccc(-c4cccc(OC(F)F)[n+]4[O-])cc3)c2Cl)C(=O)N1,VAV1,,2.0,=,1,,Shanghai Qilu Pharmaceutical Research And Development Centre,WO2026051943A1,PGDB_AS001440,% Degradation,luminescence,standardized
PGDB_C024758,O=C1CCC(c2cccc(-c3ccc(-c4cccc5c4nc4n5CCC4)cc3)c2Cl)C(=O)N1,VAV1,,50.0,<=,1,Jurkat,Shanghai Meiyue Biotech Development Co Ltd,WO2026061428A1,PGDB_AS001390,% Degradation,fluorescence,standardized
PGDB_C029481,O=C1CCC(c2cccc(-c3ccc(-c4cccc[n+]4[O-])cc3)c2Cl)C(=O)N1,VAV1,,7.14,=,1,,Shanghai Qilu Pharmaceutical Research And Development Centre,WO2026051943A1,PGDB_AS001440,% Degradation,luminescence,standardized
PGDB_C024741,O=C1CCC(c2cccc(-c3ccc(-n4c(=O)ccc5c4nc4n5CCC4)cc3)c2Cl)C(=O)N1,VAV1,,50.0,<=,1,Jurkat,Shanghai Meiyue Biotech Development Co Ltd,WO2026061428A1,PGDB_AS001390,% Degradation,fluorescence,standardized
PGDB_C024747,O=C1CCC(c2cccc(-c3ccc(-n4c(=O)ccc5nc6n(c54)CCC6)cc3)c2Cl)C(=O)N1,VAV1,,50.0,<=,1,Jurkat,Shanghai Meiyue Biotech Development Co Ltd,WO2026061428A1,PGDB_AS001390,% Degradation,fluorescence,standardized
PGDB_C032930,O=C1CCC(c2cccc(-c3ccc(-n4c(OCC(F)(F)F)cc(C(F)(F)F)cc4=O)cc3)c2Cl)C(=O)N1,VAV1,,10.0,<,1,Jurkat,,WO2026145172A1,PGDB_AS002602,% Degradation,luminescence,standardized
PGDB_C033047,O=C1CCC(c2cccc(-c3ccc(-n4c(OCC(F)(F)F)cccc4=O)cc3)c2Cl)C(=O)N1,VAV1,,10.0,<,1,Jurkat,,WO2026145172A1,PGDB_AS002602,% Degradation,luminescence,standardized
PGDB_C032974,O=C1CCC(c2cccc(-c3ccc(-n4c(OCCC(F)(F)F)cc(C(F)(F)F)cc4=O)cc3)c2Cl)C(=O)N1,VAV1,,10.0,<,1,Jurkat,,WO2026145172A1,PGDB_AS002602,% Degradation,luminescence,standardized
PGDB_C033069,O=C1CCC(c2cccc(-c3ccc(-n4c(OCCC(F)(F)F)cccc4=O)cc3)c2Cl)C(=O)N1,VAV1,,10.0,<,1,Jurkat,,WO2026145172A1,PGDB_AS002602,% Degradation,luminescence,standardized
PGDB_C032914,O=C1CCC(c2cccc(-c3ccc(-n4c5c(c(C(F)(F)F)cc4=O)CCCCC5)cc3)c2Cl)C(=O)N1,VAV1,,10.0,<,1,Jurkat,,WO2026145172A1,PGDB_AS002602,% Degradation,luminescence,standardized
PGDB_C032957,O=C1CCC(c2cccc(-c3ccc(-n4c5c(ccc4=O)C4CCC5C4)cc3)c2Cl)C(=O)N1,VAV1,,10.0,<,1,Jurkat,,WO2026145172A1,PGDB_AS002602,% Degradation,luminescence,standardized
PGDB_C033011,O=C1CCC(c2cccc(-c3ccc(-n4c5c(ccc4=O)CCCCC5)cc3)c2Cl)C(=O)N1,VAV1,,10.0,<,1,Jurkat,,WO2026145172A1,PGDB_AS002602,% Degradation,luminescence,standardized
PGDB_C033024,O=C1CCC(c2cccc(-c3ccc(-n4c5c(ccc4=O)CCCCCC5)cc3)c2Cl)C(=O)N1,VAV1,,10.0,<,1,Jurkat,,WO2026145172A1,PGDB_AS002602,% Degradation,luminescence,standardized
PGDB_C032036,O=C1CCC(c2cccc(-c3ccc(-n4cc(F)ccc4=O)s3)c2Cl)C(=O)N1,VAV1,,4.8,=,1,,Changchun Genescience Pharmaceutical Co Ltd,WO2026119120A1,PGDB_AS001984,% Degradation,luminescence,standardized
PGDB_C029520,O=C1CCC(c2cccc(-c3ccc(-n4cc(OC(F)F)ccc4=O)cc3)c2Cl)C(=O)N1,VAV1,,11.89,=,1,,Shanghai Qilu Pharmaceutical Research And Development Centre,WO2026051943A1,PGDB_AS001440,% Degradation,luminescence,standardized
PGDB_C029474,O=C1CCC(c2cccc(-c3ccc(-n4cc(OC5CC5)ccc4=O)cc3)c2Cl)C(=O)N1,VAV1,,7.15,=,1,,Shanghai Qilu Pharmaceutical Research And Development Centre,WO2026051943A1,PGDB_AS001440,% Degradation,luminescence,standardized
PGDB_C024809,O=C1CCC(c2cccc(-c3ccc(-n4cc5c(cc4=O)nc4n5CCC4)cc3)c2Cl)C(=O)N1,VAV1,,50.0,<=,1,Jurkat,Shanghai Meiyue Biotech Development Co Ltd,WO2026061428A1,PGDB_AS001390,% Degradation,fluorescence,standardized
PGDB_C024820,O=C1CCC(c2cccc(-c3ccc(-n4cc5nc6n(c5cc4=O)CC(F)(F)C6)cc3)c2Cl)C(=O)N1,VAV1,,50.0,<=,1,Jurkat,Shanghai Meiyue Biotech Development Co Ltd,WO2026061428A1,PGDB_AS001390,% Degradation,fluorescence,standardized
PGDB_C024815,O=C1CCC(c2cccc(-c3ccc(-n4cc5nc6n(c5cc4=O)CC4(CC4)C6)cc3)c2Cl)C(=O)N1,VAV1,,50.0,<=,1,Jurkat,Shanghai Meiyue Biotech Development Co Ltd,WO2026061428A1,PGDB_AS001390,% Degradation,fluorescence,standardized
PGDB_C024811,O=C1CCC(c2cccc(-c3ccc(-n4cc5nc6n(c5cc4=O)CC4(CCOC4)C6)cc3)c2Cl)C(=O)N1,VAV1,,50.0,<=,1,Jurkat,Shanghai Meiyue Biotech Development Co Ltd,WO2026061428A1,PGDB_AS001390,% Degradation,fluorescence,standardized
PGDB_C024748,O=C1CCC(c2cccc(-c3ccc(-n4cc5nc6n(c5cc4=O)CCC6)cc3)c2Cl)C(=O)N1,VAV1,,50.0,<=,1,Jurkat,Shanghai Meiyue Biotech Development Co Ltd,WO2026061428A1,PGDB_AS001390,% Degradation,fluorescence,standardized
PGDB_C024761,O=C1CCC(c2cccc(-c3ccc(-n4cc5nc6n(c5cc4=O)CCCC6)cc3)c2Cl)C(=O)N1,VAV1,,50.0,<=,1,Jurkat,Shanghai Meiyue Biotech Development Co Ltd,WO2026061428A1,PGDB_AS001390,% Degradation,fluorescence,standardized
PGDB_C032030,O=C1CCC(c2cccc(-c3ccc(-n4ccc(F)cc4=O)s3)c2Cl)C(=O)N1,VAV1,,15.1,=,1,,Changchun Genescience Pharmaceutical Co Ltd,WO2026119120A1,PGDB_AS001984,% Degradation,luminescence,standardized
PGDB_C024738,O=C1CCC(c2cccc(-c3ccc(-n4ccc5c(nc6n5CCC6)c4=O)cc3)c2Cl)C(=O)N1,VAV1,,50.0,<=,1,Jurkat,Shanghai Meiyue Biotech Development Co Ltd,WO2026061428A1,PGDB_AS001390,% Degradation,fluorescence,standardized
PGDB_C024749,O=C1CCC(c2cccc(-c3ccc(-n4ccc5c(nc6n5CCCC6)c4=O)cc3)c2Cl)C(=O)N1,VAV1,,50.0,<=,1,Jurkat,Shanghai Meiyue Biotech Development Co Ltd,WO2026061428A1,PGDB_AS001390,% Degradation,fluorescence,standardized
PGDB_C009247,O=C1CCC(c2cccc(-c3ccc(-n4cccc(C(F)(F)F)c4=O)s3)c2Cl)C(=O)N1,VAV1,,10.0,<=,1,Jurkat,Wuhan Humanwell Innovative Drug Research And Development Center,WO2026041143A1,PGDB_AS001882,% Degradation,Western_blot,manual_curated
PGDB_C032034,O=C1CCC(c2cccc(-c3ccc(-n4cccc(Cl)c4=O)s3)c2Cl)C(=O)N1,VAV1,,16.5,=,1,,Changchun Genescience Pharmaceutical Co Ltd,WO2026119120A1,PGDB_AS001984,% Degradation,luminescence,standardized
PGDB_C032027,O=C1CCC(c2cccc(-c3ccc(-n4cccc(F)c4=O)s3)c2Cl)C(=O)N1,VAV1,,10.7,=,1,,Changchun Genescience Pharmaceutical Co Ltd,WO2026119120A1,PGDB_AS001984,% Degradation,luminescence,standardized
PGDB_C029636,O=C1CCC(c2cccc(-c3ccc(-n4cccc(OC(F)F)c4=O)c(F)c3)c2Cl)C(=O)N1,VAV1,,9.1,=,1,,Shanghai Qilu Pharmaceutical Research And Development Centre,WO2026051943A1,PGDB_AS001440,% Degradation,luminescence,standardized
PGDB_C029477,O=C1CCC(c2cccc(-c3ccc(-n4cccc(OC(F)F)c4=O)cc3)c2Cl)C(=O)N1,VAV1,,5.357,=,1,,Shanghai Qilu Pharmaceutical Research And Development Centre,WO2026051943A1,PGDB_AS001440,% Degradation,luminescence,standardized
PGDB_C029572,O=C1CCC(c2cccc(-c3ccc(-n4cccc(OC5(CO)CC5)c4=O)cc3)c2Cl)C(=O)N1,VAV1,,2.4,=,1,,Shanghai Qilu Pharmaceutical Research And Development Centre,WO2026051943A1,PGDB_AS001440,% Degradation,luminescence,standardized
PGDB_C029566,O=C1CCC(c2cccc(-c3ccc(-n4cccc(OC5CC5)c4=O)cc3)c2Cl)C(=O)N1,VAV1,,2.3,=,1,,Shanghai Qilu Pharmaceutical Research And Development Centre,WO2026051943A1,PGDB_AS001440,% Degradation,luminescence,standardized
PGDB_C009248,O=C1CCC(c2cccc(-c3ccc(-n4cccc(OCCO)c4=O)s3)c2Cl)C(=O)N1,VAV1,,10.0,<=,1,Jurkat,Wuhan Humanwell Innovative Drug Research And Development Center,WO2026041143A1,PGDB_AS001882,% Degradation,Western_blot,manual_curated
PGDB_C031198,O=C1CCC(c2cccc(-c3ccc(-n4ccccc4=O)cc3)c2Cl)C(=O)N1,VAV1,,0.4,=,1,,Jiangsu Hengrui Pharmaceuticals Co Ltd;Shanghai Hengrui Pharmaceutical,WO2026098637A1,PGDB_AS001476,% Degradation,luminescence,standardized
PGDB_C009245,O=C1CCC(c2cccc(-c3ccc(-n4ccccc4=O)s3)c2Cl)C(=O)N1,VAV1,,5.9,=,1,,Changchun Genescience Pharmaceutical Co Ltd,WO2026119120A1,PGDB_AS001984,% Degradation,luminescence,standardized
PGDB_C024742,O=C1CCC(c2cccc(-c3ccc(-n4ccn5cc6c(c5c4=O)CCC6)cc3)c2Cl)C(=O)N1,VAV1,,50.0,<=,1,Jurkat,Shanghai Meiyue Biotech Development Co Ltd,WO2026061428A1,PGDB_AS001390,% Degradation,fluorescence,standardized
PGDB_C032001,O=C1CCC(c2cccc(-c3ccc(C#CCn4ccccc4=O)cc3)c2Cl)C(=O)N1,VAV1,,45.2,=,1,,Changchun Genescience Pharmaceutical Co Ltd,WO2026119120A1,PGDB_AS001984,% Degradation,luminescence,standardized
PGDB_C027641,O=C1CCC(c2cccc(-c3ccc(C4COC(=O)N4)c(F)c3)c2Cl)C(=O)N1,VAV1,,1000.0,>,0,Jurkat,Monte Rosa Therapeutics,WO2024151547A1,PGDB_AS000557,% Degradation,luminescence,standardized
PGDB_C027640,O=C1CCC(c2cccc(-c3ccc(C4COC(=O)N4)cc3)c2Cl)C(=O)N1,VAV1,,1000.0,>,0,Jurkat,Monte Rosa Therapeutics,WO2024151547A1,PGDB_AS000557,% Degradation,luminescence,standardized
PGDB_C029668,O=C1CCC(c2cccc(-c3ccc(N(C(=O)NCC(F)F)C4CC4)cc3)c2Cl)C(=O)N1,VAV1,,1.9,=,1,,Shanghai Qilu Pharmaceutical Research And Development Centre,WO2026051943A1,PGDB_AS001440,% Degradation,luminescence,standardized
PGDB_C029635,O=C1CCC(c2cccc(-c3ccc(N(C(=O)NCCO)C4CC4)cc3)c2Cl)C(=O)N1,VAV1,,2.4,=,1,,Shanghai Qilu Pharmaceutical Research And Development Centre,WO2026051943A1,PGDB_AS001440,% Degradation,luminescence,standardized
PGDB_C024740,O=C1CCC(c2cccc(-c3ccc(N4C(=O)Cn5ccc6cccc4c65)cc3)c2Cl)C(=O)N1,VAV1,,50.0,<=,1,Jurkat,Shanghai Meiyue Biotech Development Co Ltd,WO2026061428A1,PGDB_AS001390,% Degradation,fluorescence,standardized
PGDB_C031405,O=C1CCC(c2cccc(-c3ccc(N4C(=O)c5ccnn5CC45CC5)cc3)c2Cl)C(=O)N1,VAV1,,4.1,=,1,Jurkat,,WO2026139100A1,PGDB_AS002609,% Degradation,luminescence,standardized
PGDB_C029435,O=C1CCC(c2cccc(-c3ccc(N4CCCCC4=O)cc3)c2Cl)C(=O)N1,VAV1,,3.72,=,1,,Shanghai Qilu Pharmaceutical Research And Development Centre,WO2026051943A1,PGDB_AS001440,% Degradation,luminescence,standardized
PGDB_C030185,O=C1CCC(c2cccc(-c3ccc(N4CCc5c(cc6n5CC(F)(F)C6)C4=O)cc3)c2Cl)C(=O)N1,VAV1,,50.0,<=,1,Jurkat,Shanghai Meiyue Biotech Development Co Ltd,WO2026061428A1,PGDB_AS001390,% Degradation,fluorescence,standardized
PGDB_C030186,O=C1CCC(c2cccc(-c3ccc(N4CCc5c(cc6n5CCC6=O)C4=O)cc3)c2Cl)C(=O)N1,VAV1,,50.0,<=,1,Jurkat,Shanghai Meiyue Biotech Development Co Ltd,WO2026061428A1,PGDB_AS001390,% Degradation,fluorescence,standardized
PGDB_C024766,O=C1CCC(c2cccc(-c3ccc(N4CCc5c(nc6n5CCCC6)C4=O)cc3)c2Cl)C(=O)N1,VAV1,,50.0,<=,1,Jurkat,Shanghai Meiyue Biotech Development Co Ltd,WO2026061428A1,PGDB_AS001390,% Degradation,fluorescence,standardized
PGDB_C024744,O=C1CCC(c2cccc(-c3ccc(N4CCc5cc6c(cc5C4=O)CCC6)cc3)c2Cl)C(=O)N1,VAV1,,50.0,<=,1,Jurkat,Shanghai Meiyue Biotech Development Co Ltd,WO2026061428A1,PGDB_AS001390,% Degradation,fluorescence,standardized
PGDB_C024736,O=C1CCC(c2cccc(-c3ccc(N4CCn5c(cc6c5CCCC6)C4=O)cc3)c2Cl)C(=O)N1,VAV1,,50.0,<=,1,Jurkat,Shanghai Meiyue Biotech Development Co Ltd,WO2026061428A1,PGDB_AS001390,% Degradation,fluorescence,standardized
PGDB_C024739,O=C1CCC(c2cccc(-c3ccc(N4CCn5cc6c(c5C4=O)CCC6)cc3)c2Cl)C(=O)N1,VAV1,,50.0,<=,1,Jurkat,Shanghai Meiyue Biotech Development Co Ltd,WO2026061428A1,PGDB_AS001390,% Degradation,fluorescence,standardized
PGDB_C024750,O=C1CCC(c2cccc(-c3ccc(N4CCn5cc6c(c5C4=O)CCCC6)cc3)c2Cl)C(=O)N1,VAV1,,50.0,<=,1,Jurkat,Shanghai Meiyue Biotech Development Co Ltd,WO2026061428A1,PGDB_AS001390,% Degradation,fluorescence,standardized
PGDB_C029532,O=C1CCC(c2cccc(-c3ccc(OC(=O)N4CCCC4)c(C(F)F)c3)c2Cl)C(=O)N1,VAV1,,8.39,=,1,,Shanghai Qilu Pharmaceutical Research And Development Centre,WO2026051943A1,PGDB_AS001440,% Degradation,luminescence,standardized
PGDB_C029467,O=C1CCC(c2cccc(-c3ccc(OC(=O)N4CCCC4)c(F)c3)c2Cl)C(=O)N1,VAV1,,12.2,=,1,,Shanghai Qilu Pharmaceutical Research And Development Centre,WO2026051943A1,PGDB_AS001440,% Degradation,luminescence,standardized
PGDB_C029458,O=C1CCC(c2cccc(-c3ccc(OC(=O)N4CCCC4)cc3)c2Cl)C(=O)N1,VAV1,,11.9,=,1,,Shanghai Qilu Pharmaceutical Research And Development Centre,WO2026051943A1,PGDB_AS001440,% Degradation,luminescence,standardized
PGDB_C029439,O=C1CCC(c2cccc(-c3ccc(OC(=O)N4CCCC45CC5)cc3)c2Cl)C(=O)N1,VAV1,,15.17,=,1,,Shanghai Qilu Pharmaceutical Research And Development Centre,WO2026051943A1,PGDB_AS001440,% Degradation,luminescence,standardized
PGDB_C029450,O=C1CCC(c2cccc(-c3ccc(OC(=O)N4CCC[C@@H]4CO)cc3)c2Cl)C(=O)N1,VAV1,,10.58,=,1,,Shanghai Qilu Pharmaceutical Research And Development Centre,WO2026051943A1,PGDB_AS001440,% Degradation,luminescence,standardized
PGDB_C029479,O=C1CCC(c2cccc(-c3ccc(OC(=O)N4CCC[C@H]4CO)cc3)c2Cl)C(=O)N1,VAV1,,10.66,=,1,,Shanghai Qilu Pharmaceutical Research And Development Centre,WO2026051943A1,PGDB_AS001440,% Degradation,luminescence,standardized
PGDB_C029478,O=C1CCC(c2cccc(-c3ccc(OC(=O)N4CC[C@@H](F)C4)cc3)c2Cl)C(=O)N1,VAV1,,16.81,=,1,,Shanghai Qilu Pharmaceutical Research And Development Centre,WO2026051943A1,PGDB_AS001440,% Degradation,luminescence,standardized
PGDB_C029449,O=C1CCC(c2cccc(-c3ccc(OC(=O)N4CC[C@H](F)C4)cc3)c2Cl)C(=O)N1,VAV1,,18.79,=,1,,Shanghai Qilu Pharmaceutical Research And Development Centre,WO2026051943A1,PGDB_AS001440,% Degradation,luminescence,standardized
PGDB_C027637,O=C1CCC(c2cccc(-c3ccc(OCc4ccccn4)cc3)c2Cl)C(=O)N1,VAV1,,45.42,=,1,Jurkat,Monte Rosa Therapeutics,WO2024151547A1,PGDB_AS001582,% Degradation,luminescence,standardized
PGDB_C024816,O=C1CCC(c2cccc(-c3ccc(Oc4cc5c(cn4)nc4n5CC5(CC5)C4)cc3)c2Cl)C(=O)N1,VAV1,,50.0,<=,1,Jurkat,Shanghai Meiyue Biotech Development Co Ltd,WO2026061428A1,PGDB_AS001390,% Degradation,fluorescence,standardized
PGDB_C024819,O=C1CCC(c2cccc(-c3ccc(Oc4cc5c(cn4)nc4n5CCC4)cc3)c2Cl)C(=O)N1,VAV1,,50.0,<=,1,Jurkat,Shanghai Meiyue Biotech Development Co Ltd,WO2026061428A1,PGDB_AS001390,% Degradation,fluorescence,standardized
PGDB_C030155,O=C1CCC(c2cccc(-c3ccc4c(c3)C(=O)NCCC4)c2Cl)C(=O)N1,VAV1,,50.0,<=,1,Jurkat,Shanghai Meiyue Biotech Development Co Ltd,WO2026061428A1,PGDB_AS001390,% Degradation,fluorescence,standardized
PGDB_C024822,O=C1CCC(c2cccc(-c3ccc4c(c3)CCC(O)C(=O)N4)c2Cl)C(=O)N1,VAV1,,50.0,<=,1,Jurkat,Shanghai Meiyue Biotech Development Co Ltd,WO2026061428A1,PGDB_AS001390,% Degradation,fluorescence,standardized
PGDB_C032010,O=C1CCC(c2cccc(-c3ccc4c(c3)CCCC3(CC3)N4)c2Cl)C(=O)N1,VAV1,,13.3,=,1,,Changchun Genescience Pharmaceutical Co Ltd,WO2026119120A1,PGDB_AS001984,% Degradation,luminescence,standardized
PGDB_C032002,O=C1CCC(c2cccc(-c3ccc4c(c3)CCCCN4)c2Cl)C(=O)N1,VAV1,,7.2,=,1,,Changchun Genescience Pharmaceutical Co Ltd,WO2026119120A1,PGDB_AS001984,% Degradation,luminescence,standardized
PGDB_C032004,O=C1CCC(c2cccc(-c3ccc4c(c3)CCCCO4)c2Cl)C(=O)N1,VAV1,,47.7,=,1,,Changchun Genescience Pharmaceutical Co Ltd,WO2026119120A1,PGDB_AS001984,% Degradation,luminescence,standardized
PGDB_C032031,O=C1CCC(c2cccc(-c3ccc4c(c3)CCCNC4)c2Cl)C(=O)N1,VAV1,,2.7,=,1,,Changchun Genescience Pharmaceutical Co Ltd,WO2026119120A1,PGDB_AS001984,% Degradation,luminescence,standardized
PGDB_C024751,O=C1CCC(c2cccc(-c3ccc4c(c3)CCCNC4=O)c2Cl)C(=O)N1,VAV1,,4.7,=,1,,Changchun Genescience Pharmaceutical Co Ltd,WO2026119120A1,PGDB_AS001984,% Degradation,luminescence,standardized
PGDB_C032050,O=C1CCC(c2cccc(-c3ccc4c(c3)CCNC(=O)N4)c2Cl)C(=O)N1,VAV1,,10.2,=,1,,Changchun Genescience Pharmaceutical Co Ltd,WO2026119120A1,PGDB_AS001984,% Degradation,luminescence,standardized
PGDB_C024807,O=C1CCC(c2cccc(-c3ccc4c(c3)CCc3c-4cnn3C3COC3)c2Cl)C(=O)N1,VAV1,,50.0,<=,1,Jurkat,Shanghai Meiyue Biotech Development Co Ltd,WO2026061428A1,PGDB_AS001390,% Degradation,fluorescence,standardized
PGDB_C024802,O=C1CCC(c2cccc(-c3ccc4c(c3)CCc3c-4cnn3CCCO)c2Cl)C(=O)N1,VAV1,,50.0,<=,1,Jurkat,Shanghai Meiyue Biotech Development Co Ltd,WO2026061428A1,PGDB_AS001390,% Degradation,fluorescence,standardized
PGDB_C024759,O=C1CCC(c2cccc(-c3ccc4c(c3)CCc3c[nH]nc3-4)c2Cl)C(=O)N1,VAV1,,50.0,<=,1,Jurkat,Shanghai Meiyue Biotech Development Co Ltd,WO2026061428A1,PGDB_AS001390,% Degradation,fluorescence,standardized
PGDB_C024745,O=C1CCC(c2cccc(-c3ccc4c(c3)CCc3cccnc3-4)c2Cl)C(=O)N1,VAV1,,50.0,<=,1,Jurkat,Shanghai Meiyue Biotech Development Co Ltd,WO2026061428A1,PGDB_AS001390,% Degradation,fluorescence,standardized
PGDB_C024796,O=C1CCC(c2cccc(-c3ccc4c(c3)CCc3cn(CC5(O)CC5)nc3-4)c2Cl)C(=O)N1,VAV1,,50.0,<=,1,Jurkat,Shanghai Meiyue Biotech Development Co Ltd,WO2026061428A1,PGDB_AS001390,% Degradation,fluorescence,standardized
PGDB_C024797,O=C1CCC(c2cccc(-c3ccc4c(c3)CCc3cn(CCCO)nc3-4)c2Cl)C(=O)N1,VAV1,,50.0,<=,1,Jurkat,Shanghai Meiyue Biotech Development Co Ltd,WO2026061428A1,PGDB_AS001390,% Degradation,fluorescence,standardized
PGDB_C024799,O=C1CCC(c2cccc(-c3ccc4c(c3)CCc3cn(CF)nc3-4)c2Cl)C(=O)N1,VAV1,,50.0,<=,1,Jurkat,Shanghai Meiyue Biotech Development Co Ltd,WO2026061428A1,PGDB_AS001390,% Degradation,fluorescence,standardized
PGDB_C024798,O=C1CCC(c2cccc(-c3ccc4c(c3)CCc3cnn(CF)c3-4)c2Cl)C(=O)N1,VAV1,,50.0,<=,1,Jurkat,Shanghai Meiyue Biotech Development Co Ltd,WO2026061428A1,PGDB_AS001390,% Degradation,fluorescence,standardized
PGDB_C024746,O=C1CCC(c2cccc(-c3ccc4c(c3)CCc3n[nH]cc3-4)c2Cl)C(=O)N1,VAV1,,50.0,<=,1,Jurkat,Shanghai Meiyue Biotech Development Co Ltd,WO2026061428A1,PGDB_AS001390,% Degradation,fluorescence,standardized
PGDB_C024765,O=C1CCC(c2cccc(-c3ccc4c(c3)CCc3nn(C(F)F)cc3-4)c2Cl)C(=O)N1,VAV1,,50.0,<=,1,Jurkat,Shanghai Meiyue Biotech Development Co Ltd,WO2026061428A1,PGDB_AS001390,% Degradation,fluorescence,standardized
PGDB_C024806,O=C1CCC(c2cccc(-c3ccc4c(c3)CCc3nn(C5COC5)cc3-4)c2Cl)C(=O)N1,VAV1,,50.0,<=,1,Jurkat,Shanghai Meiyue Biotech Development Co Ltd,WO2026061428A1,PGDB_AS001390,% Degradation,fluorescence,standardized
PGDB_C024754,O=C1CCC(c2cccc(-c3ccc4c(c3)CCc3nn(CC(F)(F)F)cc3-4)c2Cl)C(=O)N1,VAV1,,50.0,<=,1,Jurkat,Shanghai Meiyue Biotech Development Co Ltd,WO2026061428A1,PGDB_AS001390,% Degradation,fluorescence,standardized
PGDB_C024760,O=C1CCC(c2cccc(-c3ccc4c(c3)CCc3ocnc3-4)c2Cl)C(=O)N1,VAV1,,50.0,<=,1,Jurkat,Shanghai Meiyue Biotech Development Co Ltd,WO2026061428A1,PGDB_AS001390,% Degradation,fluorescence,standardized
PGDB_C030184,O=C1CCC(c2cccc(-c3ccc4c(c3)CCc3oncc3-4)c2Cl)C(=O)N1,VAV1,,50.0,<=,1,Jurkat,Shanghai Meiyue Biotech Development Co Ltd,WO2026061428A1,PGDB_AS001390,% Degradation,fluorescence,standardized
PGDB_C029543,O=C1CCC(c2cccc(-c3ccc4c(c3)COCCN4C(=O)OCCO)c2Cl)C(=O)N1,VAV1,,2.75,=,1,,Shanghai Qilu Pharmaceutical Research And Development Centre,WO2026051943A1,PGDB_AS001440,% Degradation,luminescence,standardized
PGDB_C029461,O=C1CCC(c2cccc(-c3ccc4c(c3)COCc3cccc(=O)n3-4)c2Cl)C(=O)N1,VAV1,,3.17,=,1,,Shanghai Qilu Pharmaceutical Research And Development Centre,WO2026051943A1,PGDB_AS001440,% Degradation,luminescence,standardized
PGDB_C029451,O=C1CCC(c2cccc(-c3ccc4c(c3)OCCC3CCC(=O)N43)c2Cl)C(=O)N1,VAV1,,3.43,=,1,,Shanghai Qilu Pharmaceutical Research And Development Centre,WO2026051943A1,PGDB_AS001440,% Degradation,luminescence,standardized
PGDB_C029427,O=C1CCC(c2cccc(-c3ccc4c(c3)OCCCN4C(=O)c3ccccn3)c2Cl)C(=O)N1,VAV1,,8.4,=,1,,Shanghai Qilu Pharmaceutical Research And Development Centre,WO2026051943A1,PGDB_AS001440,% Degradation,luminescence,standardized
PGDB_C029431,O=C1CCC(c2cccc(-c3ccc4c(c3)OCCc3cccc(=O)n3-4)c2Cl)C(=O)N1,VAV1,,1.96,=,1,,Shanghai Qilu Pharmaceutical Research And Development Centre,WO2026051943A1,PGDB_AS001440,% Degradation,luminescence,standardized
PGDB_C007340,O=C1CCC(c2cccc(-c3ccc4cc(-n5ccccc5=O)ccc4c3)c2Cl)C(=O)N1,VAV1,,50.0,<=,1,Jurkat,,WO2026145172A1,PGDB_AS002614,% Degradation,luminescence,standardized
PGDB_C033035,O=C1CCC(c2cccc(-c3ccc4cc(C(=O)N5CCC(C(F)(F)F)C5)ccc4c3)c2Cl)C(=O)N1,VAV1,,50.0,<=,1,Jurkat,,WO2026145172A1,PGDB_AS002614,% Degradation,luminescence,standardized
PGDB_C033065,O=C1CCC(c2cccc(-c3ccc4cc(C(=O)N5CCCC(C(F)(F)F)C5)ccc4c3)c2Cl)C(=O)N1,VAV1,,50.0,<=,1,Jurkat,,WO2026145172A1,PGDB_AS002614,% Degradation,luminescence,standardized
PGDB_C032968,O=C1CCC(c2cccc(-c3ccc4cc(C(=O)N5CCCC5C(F)(F)F)ccc4c3)c2Cl)C(=O)N1,VAV1,,50.0,<=,1,Jurkat,,WO2026145172A1,PGDB_AS002614,% Degradation,luminescence,standardized
PGDB_C032953,O=C1CCC(c2cccc(-c3ccc4cc(C(=O)N5CCCCC5)ccc4c3)c2Cl)C(=O)N1,VAV1,,50.0,<=,1,Jurkat,,WO2026145172A1,PGDB_AS002614,% Degradation,luminescence,standardized
PGDB_C032921,O=C1CCC(c2cccc(-c3ccc4cc(C(=O)N5CCOCC5)ccc4c3)c2Cl)C(=O)N1,VAV1,,50.0,<=,1,Jurkat,,WO2026145172A1,PGDB_AS002614,% Degradation,luminescence,standardized
PGDB_C033044,O=C1CCC(c2cccc(-c3ccc4cc(C(=O)NCC(F)(F)F)ccc4c3)c2Cl)C(=O)N1,VAV1,,50.0,<=,1,Jurkat,,WO2026145172A1,PGDB_AS002614,% Degradation,luminescence,standardized
PGDB_C031193,O=C1CCC(c2cccc(-c3ccn4c(-n5ccccc5=O)ccc4c3)c2Cl)C(=O)N1,VAV1,,4.1,=,1,Jurkat,Jiangsu Hengrui Pharmaceuticals Co Ltd;Shanghai Hengrui Pharmaceutical,WO2026098637A1,PGDB_AS000531,% Degradation,luminescence,standardized
PGDB_C031194,O=C1CCC(c2cccc(-c3ccn4c(-n5ccccc5=O)ncc4c3)c2Cl)C(=O)N1,VAV1,,16.6,=,1,Jurkat,Jiangsu Hengrui Pharmaceuticals Co Ltd;Shanghai Hengrui Pharmaceutical,WO2026098632A1,PGDB_AS001724,% Degradation,luminescence,standardized
PGDB_C031197,O=C1CCC(c2cccc(-c3ccn4c(Oc5cccnc5)ccc4c3)c2Cl)C(=O)N1,VAV1,,3.3,=,1,Jurkat,Jiangsu Hengrui Pharmaceuticals Co Ltd;Shanghai Hengrui Pharmaceutical,WO2026098637A1,PGDB_AS000531,% Degradation,luminescence,standardized
PGDB_C031195,O=C1CCC(c2cccc(-c3ccn4nccc4c3)c2Cl)C(=O)N1,VAV1,,3.1,=,1,Jurkat,Jiangsu Hengrui Pharmaceuticals Co Ltd;Shanghai Hengrui Pharmaceutical,WO2026098637A1,PGDB_AS000531,% Degradation,luminescence,standardized
PGDB_C032011,O=C1CCC(c2cccc(-c3sc(-n4ccccc4=O)cc3F)c2Cl)C(=O)N1,VAV1,,30.0,=,1,,Changchun Genescience Pharmaceutical Co Ltd,WO2026119120A1,PGDB_AS001984,% Degradation,luminescence,standardized
PGDB_C012257,O=C1CCC(c2cccc(C3CCN(c4cc(C(F)F)nc5ccnn45)CC3)c2Cl)C(=O)N1,VAV1,,7710.07,=,0,Jurkat,Monte Rosa Therapeutics,WO2026013577A1,PGDB_AS001744,% Degradation,luminescence,standardized
PGDB_C012245,O=C1CCC(c2cccc(C3CCN(c4cccc5ccnn45)CC3)c2Cl)C(=O)N1,VAV1,,388.67,=,0,Jurkat,Monte Rosa Therapeutics,WO2026013577A1,PGDB_AS001744,% Degradation,luminescence,standardized
PGDB_C012256,O=C1CCC(c2cccc(C3CCN(c4cccc5conc45)CC3)c2Cl)C(=O)N1,VAV1,,7992.953,=,0,Jurkat,Monte Rosa Therapeutics,WO2026013577A1,PGDB_AS001744,% Degradation,luminescence,standardized
PGDB_C012265,O=C1CCC(c2cccc(C3CCN(c4cccc5nonc45)CC3)c2Cl)C(=O)N1,VAV1,,10000.0,=,0,Jurkat,Monte Rosa Therapeutics,WO2026013577A1,PGDB_AS001744,% Degradation,luminescence,standardized
PGDB_C012179,O=C1CCC(c2cccc(C3CCN(c4cccn(CC(F)F)c4=O)CC3)c2Cl)C(=O)N1,VAV1,,24.011,=,1,Jurkat,Monte Rosa Therapeutics,WO2026013577A1,PGDB_AS001744,% Degradation,luminescence,standardized
PGDB_C012213,O=C1CCC(c2cccc(C3CCN(c4ccnn(CC(F)F)c4=O)CC3)c2Cl)C(=O)N1,VAV1,,9315.922,=,0,Jurkat,Monte Rosa Therapeutics,WO2026013577A1,PGDB_AS001744,% Degradation,luminescence,standardized
PGDB_C012184,O=C1CCC(c2cccc(C3CCN(c4ccnn(CC5CC5)c4=O)CC3)c2Cl)C(=O)N1,VAV1,,51.911,=,1,Jurkat,Monte Rosa Therapeutics,WO2026013577A1,PGDB_AS001744,% Degradation,luminescence,standardized
PGDB_C012162,O=C1CCC(c2cccc(C3CCN(c4cncn(CC5CC5)c4=O)CC3)c2Cl)C(=O)N1,VAV1,,9.734,=,1,Jurkat,Monte Rosa Therapeutics,WO2026013577A1,PGDB_AS001744,% Degradation,luminescence,standardized
PGDB_C012225,O=C1CCC(c2cccc(N3CCC4(CCCN(Cc5ccccc5Cl)C4=O)CC3)c2Cl)C(=O)N1,VAV1,,10000.0,=,0,Jurkat,Monte Rosa Therapeutics,WO2026013577A1,PGDB_AS001744,% Degradation,luminescence,standardized
PGDB_C012230,O=C1CCC(c2cccc(N3CCC4(CCN(Cc5ccccc5Cl)C4=O)CC3)c2Cl)C(=O)N1,VAV1,,10000.0,=,0,Jurkat,Monte Rosa Therapeutics,WO2026013577A1,PGDB_AS001744,% Degradation,luminescence,standardized
PGDB_C012229,O=C1CCC(c2cccc(N3CCN(C(=O)OC4CCCC4)CC3)c2Cl)C(=O)N1,VAV1,,10000.0,=,0,Jurkat,Monte Rosa Therapeutics,WO2026013577A1,PGDB_AS001744,% Degradation,luminescence,standardized
PGDB_C012233,O=C1CCC(c2cccc(N3CCN(CC(=O)N4CCCC4)CC3)c2Cl)C(=O)N1,VAV1,,10000.0,=,0,Jurkat,Monte Rosa Therapeutics,WO2026013577A1,PGDB_AS001744,% Degradation,luminescence,standardized
PGDB_C012234,O=C1CCC(c2cccc(N3CCN(Cc4ccccc4Cl)C(=O)C3)c2Cl)C(=O)N1,VAV1,,10000.0,=,0,Jurkat,Monte Rosa Therapeutics,WO2026013577A1,PGDB_AS001744,% Degradation,luminescence,standardized
PGDB_C012224,O=C1CCC(c2cccc(N3CCN(Cc4ccccc4Cl)CC3)c2Cl)C(=O)N1,VAV1,,3005.938,=,0,Jurkat,Monte Rosa Therapeutics,WO2026013577A1,PGDB_AS001744,% Degradation,luminescence,standardized
PGDB_C012228,O=C1CCC(c2cccc(N3CCN(Cc4ccccc4F)CC3)c2Cl)C(=O)N1,VAV1,,10000.0,=,0,Jurkat,Monte Rosa Therapeutics,WO2026013577A1,PGDB_AS001744,% Degradation,luminescence,standardized
PGDB_C012266,O=C1CCC(c2cccc(N3CCN(c4c(F)cnc5ccnn45)CC3)c2Cl)C(=O)N1,VAV1,,10000.0,=,0,Jurkat,Monte Rosa Therapeutics,WO2026013577A1,PGDB_AS001744,% Degradation,luminescence,standardized
PGDB_C012202,O=C1CCC(c2cccc(N3CCN(c4cc(=O)n(CC(F)F)cn4)CC3)c2Cl)C(=O)N1,VAV1,,4636.705,=,0,Jurkat,Monte Rosa Therapeutics,WO2026013577A1,PGDB_AS001744,% Degradation,luminescence,standardized
PGDB_C012260,O=C1CCC(c2cccc(N3CCN(c4cc(C(F)(F)F)nc5ccnn45)CC3)c2Cl)C(=O)N1,VAV1,,9796.32,=,0,Jurkat,Monte Rosa Therapeutics,WO2026013577A1,PGDB_AS001744,% Degradation,luminescence,standardized
PGDB_C012251,O=C1CCC(c2cccc(N3CCN(c4cc(C(F)F)nc5ccnn45)CC3)c2Cl)C(=O)N1,VAV1,,7105.113,=,0,Jurkat,Monte Rosa Therapeutics,WO2026013577A1,PGDB_AS001744,% Degradation,luminescence,standardized
PGDB_C012250,O=C1CCC(c2cccc(N3CCN(c4cc(F)cc5ccnn45)CC3)c2Cl)C(=O)N1,VAV1,,4591.625,=,0,Jurkat,Monte Rosa Therapeutics,WO2026013577A1,PGDB_AS001744,% Degradation,luminescence,standardized
PGDB_C012210,O=C1CCC(c2cccc(N3CCN(c4cc(F)cn(CC(F)F)c4=O)CC3)c2Cl)C(=O)N1,VAV1,,3193.397,=,0,Jurkat,Monte Rosa Therapeutics,WO2026013577A1,PGDB_AS001744,% Degradation,luminescence,standardized
PGDB_C012248,O=C1CCC(c2cccc(N3CCN(c4ccc(F)c5ccnn45)CC3)c2Cl)C(=O)N1,VAV1,,259.67,=,0,Jurkat,Monte Rosa Therapeutics,WO2026013577A1,PGDB_AS001744,% Degradation,luminescence,standardized
PGDB_C012198,O=C1CCC(c2cccc(N3CCN(c4ccc5n(c4=O)CCC5)CC3)c2Cl)C(=O)N1,VAV1,,99.545,=,1,Jurkat,Monte Rosa Therapeutics,WO2026013577A1,PGDB_AS001744,% Degradation,luminescence,standardized
PGDB_C012252,O=C1CCC(c2cccc(N3CCN(c4cccc5c(F)cnn45)CC3)c2Cl)C(=O)N1,VAV1,,2461.06,=,0,Jurkat,Monte Rosa Therapeutics,WO2026013577A1,PGDB_AS001744,% Degradation,luminescence,standardized
PGDB_C012244,O=C1CCC(c2cccc(N3CCN(c4cccc5ccnn45)CC3)c2Cl)C(=O)N1,VAV1,,145.871,=,0,Jurkat,Monte Rosa Therapeutics,WO2026013577A1,PGDB_AS001744,% Degradation,luminescence,standardized
PGDB_C012270,O=C1CCC(c2cccc(N3CCN(c4cccc5conc45)CC3)c2Cl)C(=O)N1,VAV1,,10000.0,=,0,Jurkat,Monte Rosa Therapeutics,WO2026013577A1,PGDB_AS001744,% Degradation,luminescence,standardized
PGDB_C012271,O=C1CCC(c2cccc(N3CCN(c4cccc5ncnn45)CC3)c2Cl)C(=O)N1,VAV1,,10000.0,=,0,Jurkat,Monte Rosa Therapeutics,WO2026013577A1,PGDB_AS001744,% Degradation,luminescence,standardized
PGDB_C012261,O=C1CCC(c2cccc(N3CCN(c4cccc5nonc45)CC3)c2Cl)C(=O)N1,VAV1,,8748.709,=,0,Jurkat,Monte Rosa Therapeutics,WO2026013577A1,PGDB_AS001744,% Degradation,luminescence,standardized
PGDB_C012253,O=C1CCC(c2cccc(N3CCN(c4cccc5nsnc45)CC3)c2Cl)C(=O)N1,VAV1,,7243.07,=,0,Jurkat,Monte Rosa Therapeutics,WO2026013577A1,PGDB_AS001744,% Degradation,luminescence,standardized
PGDB_C012263,O=C1CCC(c2cccc(N3CCN(c4cccc5ocnc45)CC3)c2Cl)C(=O)N1,VAV1,,8900.736,=,0,Jurkat,Monte Rosa Therapeutics,WO2026013577A1,PGDB_AS001744,% Degradation,luminescence,standardized
PGDB_C012249,O=C1CCC(c2cccc(N3CCN(c4cccc5scnc45)CC3)c2Cl)C(=O)N1,VAV1,,402.348,=,0,Jurkat,Monte Rosa Therapeutics,WO2026013577A1,PGDB_AS001744,% Degradation,luminescence,standardized
PGDB_C012216,O=C1CCC(c2cccc(N3CCN(c4cccn(C(F)F)c4=O)CC3)c2Cl)C(=O)N1,VAV1,,10000.0,=,0,Jurkat,Monte Rosa Therapeutics,WO2026013577A1,PGDB_AS001744,% Degradation,luminescence,standardized
PGDB_C012188,O=C1CCC(c2cccc(N3CCN(c4cccn(C5CCC5)c4=O)CC3)c2Cl)C(=O)N1,VAV1,,26.038,=,1,Jurkat,Monte Rosa Therapeutics,WO2026013577A1,PGDB_AS001744,% Degradation,luminescence,standardized
PGDB_C012185,O=C1CCC(c2cccc(N3CCN(c4cccn(CC(F)(F)F)c4=O)CC3)c2Cl)C(=O)N1,VAV1,,20.01,=,1,Jurkat,Monte Rosa Therapeutics,WO2026013577A1,PGDB_AS001744,% Degradation,luminescence,standardized
PGDB_C012192,O=C1CCC(c2cccc(N3CCN(c4cccn(CC(F)F)c4=O)CC3)c2Cl)C(=O)N1,VAV1,,62.615,=,1,Jurkat,Monte Rosa Therapeutics,WO2026013577A1,PGDB_AS001744,% Degradation,luminescence,standardized
PGDB_C012165,O=C1CCC(c2cccc(N3CCN(c4cccn(CC5CC5)c4=O)CC3)c2Cl)C(=O)N1,VAV1,,6.217,=,1,Jurkat,Monte Rosa Therapeutics,WO2026013577A1,PGDB_AS001744,% Degradation,luminescence,standardized
PGDB_C012173,O=C1CCC(c2cccc(N3CCN(c4cccn(CC5COC5)c4=O)CC3)c2Cl)C(=O)N1,VAV1,,11.088,=,1,Jurkat,Monte Rosa Therapeutics,WO2026013577A1,PGDB_AS001744,% Degradation,luminescence,standardized
PGDB_C012164,O=C1CCC(c2cccc(N3CCN(c4cccn(CCOC(F)F)c4=O)CC3)c2Cl)C(=O)N1,VAV1,,6.567,=,1,Jurkat,Monte Rosa Therapeutics,WO2026013577A1,PGDB_AS001744,% Degradation,luminescence,standardized
PGDB_C012241,O=C1CCC(c2cccc(N3CCN(c4cccn5cc(C(F)F)nc45)CC3)c2Cl)C(=O)N1,VAV1,,26.373,=,1,Jurkat,Monte Rosa Therapeutics,WO2026013577A1,PGDB_AS001744,% Degradation,luminescence,standardized
PGDB_C012262,O=C1CCC(c2cccc(N3CCN(c4cccn5ccnc45)CC3)c2Cl)C(=O)N1,VAV1,,7426.552,=,0,Jurkat,Monte Rosa Therapeutics,WO2026013577A1,PGDB_AS001744,% Degradation,luminescence,standardized
PGDB_C012254,O=C1CCC(c2cccc(N3CCN(c4ccnc5c(F)cnn45)CC3)c2Cl)C(=O)N1,VAV1,,8006.458,=,0,Jurkat,Monte Rosa Therapeutics,WO2026013577A1,PGDB_AS001744,% Degradation,luminescence,standardized
PGDB_C012268,O=C1CCC(c2cccc(N3CCN(c4ccnc5ccnn45)CC3)c2Cl)C(=O)N1,VAV1,,10000.0,=,0,Jurkat,Monte Rosa Therapeutics,WO2026013577A1,PGDB_AS001744,% Degradation,luminescence,standardized
PGDB_C012220,O=C1CCC(c2cccc(N3CCN(c4ccnn(CC(F)(F)F)c4=O)CC3)c2Cl)C(=O)N1,VAV1,,10000.0,=,0,Jurkat,Monte Rosa Therapeutics,WO2026013577A1,PGDB_AS001744,% Degradation,luminescence,standardized
PGDB_C012269,O=C1CCC(c2cccc(N3CCN(c4cnc5cccnn45)CC3)c2Cl)C(=O)N1,VAV1,,10000.0,=,0,Jurkat,Monte Rosa Therapeutics,WO2026013577A1,PGDB_AS001744,% Degradation,luminescence,standardized
PGDB_C012193,O=C1CCC(c2cccc(N3CCN(c4cncn(CC(F)(F)F)c4=O)CC3)c2Cl)C(=O)N1,VAV1,,105.047,=,0,Jurkat,Monte Rosa Therapeutics,WO2026013577A1,PGDB_AS001744,% Degradation,luminescence,standardized
PGDB_C012207,O=C1CCC(c2cccc(N3CCN(c4cncn(CC(F)F)c4=O)CC3)c2Cl)C(=O)N1,VAV1,,445.238,=,0,Jurkat,Monte Rosa Therapeutics,WO2026013577A1,PGDB_AS001744,% Degradation,luminescence,standardized
PGDB_C012180,O=C1CCC(c2cccc(N3CCN(c4cncn(CC5CC5)c4=O)CC3)c2Cl)C(=O)N1,VAV1,,14.436,=,1,Jurkat,Monte Rosa Therapeutics,WO2026013577A1,PGDB_AS001744,% Degradation,luminescence,standardized
PGDB_C012161,O=C1CCC(c2cccc(N3CCN(c4cncn(CC5CCC5)c4=O)CC3)c2Cl)C(=O)N1,VAV1,,3.463,=,1,Jurkat,Monte Rosa Therapeutics,WO2026013577A1,PGDB_AS001744,% Degradation,luminescence,standardized
PGDB_C012272,O=C1CCC(c2cccc(N3CCN(c4cnn5cccnc45)CC3)c2Cl)C(=O)N1,VAV1,,10000.0,=,0,Jurkat,Monte Rosa Therapeutics,WO2026013577A1,PGDB_AS001744,% Degradation,luminescence,standardized
PGDB_C012211,O=C1CCC(c2cccc(N3CCN(c4nccn(CC(F)(F)F)c4=O)CC3)c2Cl)C(=O)N1,VAV1,,8318.828,=,0,Jurkat,Monte Rosa Therapeutics,WO2026013577A1,PGDB_AS001744,% Degradation,luminescence,standardized
PGDB_C032799,O=C1CCC(c2cccc3c2cnn3-c2cc(Nc3ccc4ccccc4n3)ccc2F)C(=O)N1,VAV1,,10.0,<,1,Jurkat,,WO2026145172A1,PGDB_AS002600,% Degradation,luminescence,standardized
PGDB_C032803,O=C1CCC(c2cccc3c2cnn3-c2cc(Nc3ccc4ncccc4n3)ccc2F)C(=O)N1,VAV1,,10.0,<,1,Jurkat,,WO2026145172A1,PGDB_AS002600,% Degradation,luminescence,standardized
PGDB_C032800,O=C1CCC(c2cccc3c2cnn3-c2cc(Nc3cnc4ccccc4n3)ccc2F)C(=O)N1,VAV1,,10.0,<,1,Jurkat,,WO2026145172A1,PGDB_AS002600,% Degradation,luminescence,standardized
PGDB_C032802,O=C1CCC(c2cccc3c2cnn3-c2cc(Nc3ncc4ccccc4n3)ccc2F)C(=O)N1,VAV1,,10.0,<,1,Jurkat,,WO2026145172A1,PGDB_AS002600,% Degradation,luminescence,standardized
PGDB_C032811,O=C1CCC(c2cccc3c2cnn3-c2cc(Oc3ccc4ccccc4n3)ccc2F)C(=O)N1,VAV1,,50.0,<=,1,Jurkat,,WO2026145172A1,PGDB_AS002605,% Degradation,luminescence,standardized
PGDB_C032937,O=C1CCC(c2cccc3c2cnn3-c2cccc(-c3c(OCC(F)(F)F)cc[nH]c3=O)c2)C(=O)N1,VAV1,,10.0,<,1,Jurkat,,WO2026145172A1,PGDB_AS002602,% Degradation,luminescence,standardized
PGDB_C033023,O=C1CCC(c2cccc3c2cnn3-c2cccc(-c3c(OCC(F)(F)F)ccn(C4CC4)c3=O)c2)C(=O)N1,VAV1,,10.0,<,1,Jurkat,,WO2026145172A1,PGDB_AS002602,% Degradation,luminescence,standardized
PGDB_C033058,O=C1CCC(c2cccc3c2cnn3-c2cccc(-c3c(OCC(F)(F)F)ccn(CC4CC4)c3=O)c2)C(=O)N1,VAV1,,10.0,<,1,Jurkat,,WO2026145172A1,PGDB_AS002602,% Degradation,luminescence,standardized
PGDB_C033068,O=C1CCC(c2cccc3c2cnn3-c2cccc(-c3c(OCCC(F)(F)F)cc[nH]c3=O)c2)C(=O)N1,VAV1,,10.0,<,1,Jurkat,,WO2026145172A1,PGDB_AS002602,% Degradation,luminescence,standardized
PGDB_C032986,O=C1CCC(c2cccc3c2cnn3-c2cccc(-n3c(-c4ccncc4)cc(C(F)(F)F)cc3=O)c2)C(=O)N1,VAV1,,10.0,<,1,Jurkat,,WO2026145172A1,PGDB_AS002614,% Degradation,luminescence,standardized
PGDB_C032929,O=C1CCC(c2cccc3c2cnn3-c2cccc(-n3c(-c4ccncn4)cc(C(F)(F)F)cc3=O)c2)C(=O)N1,VAV1,,10.0,<,1,Jurkat,,WO2026145172A1,PGDB_AS002602,% Degradation,luminescence,standardized
PGDB_C032938,O=C1CCC(c2cccc3c2cnn3-c2cccc(-n3c(-c4cnccn4)cc(C(F)(F)F)cc3=O)c2)C(=O)N1,VAV1,,50.0,<=,1,Jurkat,,WO2026145172A1,PGDB_AS002602,% Degradation,luminescence,standardized
PGDB_C033027,O=C1CCC(c2cccc3c2cnn3-c2cccc(-n3c(-c4cncnc4)cc(C(F)(F)F)cc3=O)c2)C(=O)N1,VAV1,,50.0,<=,1,Jurkat,,WO2026145172A1,PGDB_AS002602,% Degradation,luminescence,standardized
PGDB_C033009,O=C1CCC(c2cccc3c2cnn3-c2cccc(-n3c(-c4cnco4)cc(C(F)(F)F)cc3=O)c2)C(=O)N1,VAV1,,10.0,<,1,Jurkat,,WO2026145172A1,PGDB_AS002602,% Degradation,luminescence,standardized
PGDB_C032993,O=C1CCC(c2cccc3c2cnn3-c2cccc(-n3c(-c4cnn(C(F)(F)F)c4)cc(C(F)(F)F)cc3=O)c2)C(=O)N1,VAV1,,10.0,<,1,Jurkat,,WO2026145172A1,PGDB_AS002614,% Degradation,luminescence,standardized
PGDB_C032936,O=C1CCC(c2cccc3c2cnn3-c2cccc(-n3c(-c4cnn(C5CC5)c4)cc(C(F)(F)F)cc3=O)c2)C(=O)N1,VAV1,,10.0,<,1,Jurkat,,WO2026145172A1,PGDB_AS002614,% Degradation,luminescence,standardized
PGDB_C032925,O=C1CCC(c2cccc3c2cnn3-c2cccc(-n3c(-c4ncccn4)cc(C(F)(F)F)cc3=O)c2)C(=O)N1,VAV1,,10.0,<,1,Jurkat,,WO2026145172A1,PGDB_AS002602,% Degradation,luminescence,standardized
PGDB_C033019,O=C1CCC(c2cccc3c2cnn3-c2cccc(-n3c(-c4ncco4)cc(C(F)(F)F)cc3=O)c2)C(=O)N1,VAV1,,10.0,<,1,Jurkat,,WO2026145172A1,PGDB_AS002602,% Degradation,luminescence,standardized
PGDB_C033040,O=C1CCC(c2cccc3c2cnn3-c2cccc(-n3c(-n4cc(Cl)cn4)cc(C(F)(F)F)cc3=O)c2)C(=O)N1,VAV1,,10.0,<,1,Jurkat,,WO2026145172A1,PGDB_AS002614,% Degradation,luminescence,standardized
PGDB_C033014,O=C1CCC(c2cccc3c2cnn3-c2cccc(-n3c(-n4cc(F)cn4)cc(C(F)(F)F)cc3=O)c2)C(=O)N1,VAV1,,250.0,>,0,Jurkat,,WO2026145172A1,PGDB_AS002614,% Degradation,luminescence,standardized
PGDB_C033071,O=C1CCC(c2cccc3c2cnn3-c2cccc(-n3c(-n4cccn4)cc(C(F)(F)F)cc3=O)c2)C(=O)N1,VAV1,,10.0,<,1,Jurkat,,WO2026145172A1,PGDB_AS002614,% Degradation,luminescence,standardized
PGDB_C032992,O=C1CCC(c2cccc3c2cnn3-c2cccc(-n3c(-n4cccn4)cc(C(F)F)cc3=O)c2)C(=O)N1,VAV1,,10.0,<,1,Jurkat,,WO2026145172A1,PGDB_AS002614,% Degradation,luminescence,standardized
PGDB_C033033,O=C1CCC(c2cccc3c2cnn3-c2cccc(-n3c(-n4ccnc4)cc(C(F)(F)F)cc3=O)c2)C(=O)N1,VAV1,,50.0,<=,1,Jurkat,,WO2026145172A1,PGDB_AS002614,% Degradation,luminescence,standardized
PGDB_C032904,O=C1CCC(c2cccc3c2cnn3-c2cccc(-n3c(-n4cncn4)cc(C(F)(F)F)cc3=O)c2)C(=O)N1,VAV1,,250.0,>,0,Jurkat,,WO2026145172A1,PGDB_AS002614,% Degradation,luminescence,standardized
PGDB_C032798,O=C1CCC(c2cccc3c2cnn3-c2cccc(-n3c(=O)ccc4ccccc43)c2)C(=O)N1,VAV1,,50.0,<=,1,Jurkat,,WO2026145172A1,PGDB_AS002600,% Degradation,luminescence,standardized
PGDB_C032819,O=C1CCC(c2cccc3c2cnn3-c2cccc(-n3c(=O)ccc4cccnc43)c2)C(=O)N1,VAV1,,50.0,<=,1,Jurkat,,WO2026145172A1,PGDB_AS002605,% Degradation,luminescence,standardized
PGDB_C033026,O=C1CCC(c2cccc3c2cnn3-c2cccc(-n3c(C(F)(F)F)cc(C(F)F)cc3=O)c2)C(=O)N1,VAV1,,10.0,<,1,Jurkat,,WO2026145172A1,PGDB_AS002602,% Degradation,luminescence,standardized
PGDB_C033060,O=C1CCC(c2cccc3c2cnn3-c2cccc(-n3c(C(F)(F)F)cc(C4CC4)cc3=O)c2)C(=O)N1,VAV1,,50.0,<=,1,Jurkat,,WO2026145172A1,PGDB_AS002605,% Degradation,luminescence,standardized
PGDB_C032779,O=C1CCC(c2cccc3c2cnn3-c2cccc(-n3c(C(F)(F)F)cccc3=O)c2)C(=O)N1,VAV1,,10.0,<,1,Jurkat,,WO2026145172A1,PGDB_AS002600,% Degradation,luminescence,standardized
PGDB_C032765,O=C1CCC(c2cccc3c2cnn3-c2cccc(-n3c(C(F)F)cccc3=O)c2)C(=O)N1,VAV1,,50.0,<=,1,Jurkat,,WO2026145172A1,PGDB_AS002600,% Degradation,luminescence,standardized
PGDB_C033010,O=C1CCC(c2cccc3c2cnn3-c2cccc(-n3c(C4CC4)cc(C(F)(F)F)cc3=O)c2)C(=O)N1,VAV1,,50.0,<=,1,Jurkat,,WO2026145172A1,PGDB_AS002600,% Degradation,luminescence,standardized
PGDB_C032805,O=C1CCC(c2cccc3c2cnn3-c2cccc(-n3c(C4CC4)cc(Cl)cc3=O)c2)C(=O)N1,VAV1,,50.0,<=,1,Jurkat,,WO2026145172A1,PGDB_AS002605,% Degradation,luminescence,standardized
PGDB_C032782,O=C1CCC(c2cccc3c2cnn3-c2cccc(-n3c(C4CC4)ccc(F)c3=O)c2)C(=O)N1,VAV1,,50.0,<=,1,Jurkat,,WO2026145172A1,PGDB_AS002600,% Degradation,luminescence,standardized
PGDB_C032767,O=C1CCC(c2cccc3c2cnn3-c2cccc(-n3c(C4CC4)cccc3=O)c2)C(=O)N1,VAV1,,10.0,<,1,Jurkat,,WO2026145172A1,PGDB_AS002600,% Degradation,luminescence,standardized
PGDB_C032844,O=C1CCC(c2cccc3c2cnn3-c2cccc(-n3c(C4CCCCC4)cc(C(F)F)cc3=O)c2)C(=O)N1,VAV1,,10.0,<,1,Jurkat,,WO2026145172A1,PGDB_AS002605,% Degradation,luminescence,standardized
PGDB_C033052,O=C1CCC(c2cccc3c2cnn3-c2cccc(-n3c(CC4CC4)cc(C(F)(F)F)cc3=O)c2)C(=O)N1,VAV1,,10.0,<,1,Jurkat,,WO2026145172A1,PGDB_AS002614,% Degradation,luminescence,standardized
PGDB_C032815,O=C1CCC(c2cccc3c2cnn3-c2cccc(-n3c(CC4CC4)cccc3=O)c2)C(=O)N1,VAV1,,10.0,<,1,Jurkat,,WO2026145172A1,PGDB_AS002605,% Degradation,luminescence,standardized
PGDB_C032970,O=C1CCC(c2cccc3c2cnn3-c2cccc(-n3c(Cl)cc(C(F)F)cc3=O)c2)C(=O)N1,VAV1,,10.0,<,1,Jurkat,,WO2026145172A1,PGDB_AS002614,% Degradation,luminescence,standardized
PGDB_C032821,O=C1CCC(c2cccc3c2cnn3-c2cccc(-n3c(Cl)cccc3=O)c2)C(=O)N1,VAV1,,50.0,<=,1,Jurkat,,WO2026145172A1,PGDB_AS002605,% Degradation,luminescence,standardized
PGDB_C032944,O=C1CCC(c2cccc3c2cnn3-c2cccc(-n3c(N4C5CCC4CC5)nc(C(F)(F)F)cc3=O)c2)C(=O)N1,VAV1,,10.0,<,1,Jurkat,,WO2026145172A1,PGDB_AS002614,% Degradation,luminescence,standardized
PGDB_C032960,O=C1CCC(c2cccc3c2cnn3-c2cccc(-n3c(N4CC(C(F)(F)F)C4)cc(C(F)(F)F)cc3=O)c2)C(=O)N1,VAV1,,10.0,<,1,Jurkat,,WO2026145172A1,PGDB_AS002614,% Degradation,luminescence,standardized
PGDB_C032836,O=C1CCC(c2cccc3c2cnn3-c2cccc(-n3c(N4CC(F)(F)C4)cc(C(F)(F)F)cc3=O)c2)C(=O)N1,VAV1,,10.0,<,1,Jurkat,,WO2026145172A1,PGDB_AS002605,% Degradation,luminescence,standardized
PGDB_C032972,O=C1CCC(c2cccc3c2cnn3-c2cccc(-n3c(N4CC5CC5C4)nc(C(F)(F)F)cc3=O)c2)C(=O)N1,VAV1,,10.0,<,1,Jurkat,,WO2026145172A1,PGDB_AS002602,% Degradation,luminescence,standardized
PGDB_C032849,O=C1CCC(c2cccc3c2cnn3-c2cccc(-n3c(N4CC5CCC4C5)cc(C(F)(F)F)cc3=O)c2)C(=O)N1,VAV1,,10.0,<,1,Jurkat,,WO2026145172A1,PGDB_AS002605,% Degradation,luminescence,standardized
PGDB_C032988,O=C1CCC(c2cccc3c2cnn3-c2cccc(-n3c(N4CC5CCC4C5)cc(C(F)F)cc3=O)c2)C(=O)N1,VAV1,,10.0,<,1,Jurkat,,WO2026145172A1,PGDB_AS002605,% Degradation,luminescence,standardized
PGDB_C032903,O=C1CCC(c2cccc3c2cnn3-c2cccc(-n3c(N4CCC(C(F)(F)F)C4)cc(C(F)(F)F)cc3=O)c2)C(=O)N1,VAV1,,10.0,<,1,Jurkat,,WO2026145172A1,PGDB_AS002614,% Degradation,luminescence,standardized
PGDB_C032861,O=C1CCC(c2cccc3c2cnn3-c2cccc(-n3c(N4CCC(F)(F)C4)cc(C(F)(F)F)cc3=O)c2)C(=O)N1,VAV1,,10.0,<,1,Jurkat,,WO2026145172A1,PGDB_AS002605,% Degradation,luminescence,standardized
PGDB_C032830,O=C1CCC(c2cccc3c2cnn3-c2cccc(-n3c(N4CCC(F)(F)CC4)cc(C(F)(F)F)cc3=O)c2)C(=O)N1,VAV1,,10.0,<,1,Jurkat,,WO2026145172A1,PGDB_AS002605,% Degradation,luminescence,standardized
PGDB_C032859,O=C1CCC(c2cccc3c2cnn3-c2cccc(-n3c(N4CCC(F)(F)CC4)cc(C(F)F)cc3=O)c2)C(=O)N1,VAV1,,10.0,<,1,Jurkat,,WO2026145172A1,PGDB_AS002605,% Degradation,luminescence,standardized
PGDB_C032847,O=C1CCC(c2cccc3c2cnn3-c2cccc(-n3c(N4CCC5CC54)cc(C(F)(F)F)cc3=O)c2)C(=O)N1,VAV1,,10.0,<,1,Jurkat,,WO2026145172A1,PGDB_AS002605,% Degradation,luminescence,standardized
PGDB_C032845,O=C1CCC(c2cccc3c2cnn3-c2cccc(-n3c(N4CCC5CC54)cc(C(F)F)cc3=O)c2)C(=O)N1,VAV1,,10.0,<,1,Jurkat,,WO2026145172A1,PGDB_AS002605,% Degradation,luminescence,standardized
PGDB_C032868,O=C1CCC(c2cccc3c2cnn3-c2cccc(-n3c(N4CCCC(F)(F)C4)cc(C(F)(F)F)cc3=O)c2)C(=O)N1,VAV1,,10.0,<,1,Jurkat,,WO2026145172A1,PGDB_AS002605,% Degradation,luminescence,standardized
PGDB_C032838,O=C1CCC(c2cccc3c2cnn3-c2cccc(-n3c(N4CCCC4)cc(C(F)(F)F)cc3=O)c2)C(=O)N1,VAV1,,10.0,<,1,Jurkat,,WO2026145172A1,PGDB_AS002605,% Degradation,luminescence,standardized
PGDB_C032774,O=C1CCC(c2cccc3c2cnn3-c2cccc(-n3c(N4CCCC4)cccc3=O)c2)C(=O)N1,VAV1,,10.0,<,1,Jurkat,,WO2026145172A1,PGDB_AS002600,% Degradation,luminescence,standardized
PGDB_C032984,O=C1CCC(c2cccc3c2cnn3-c2cccc(-n3c(N4CCCCC4)nc(C(F)(F)F)cc3=O)c2)C(=O)N1,VAV1,,10.0,<,1,Jurkat,,WO2026145172A1,PGDB_AS002602,% Degradation,luminescence,standardized
PGDB_C032858,O=C1CCC(c2cccc3c2cnn3-c2cccc(-n3c(N4CCOCC4)cc(C(F)F)cc3=O)c2)C(=O)N1,VAV1,,10.0,<,1,Jurkat,,WO2026145172A1,PGDB_AS002605,% Degradation,luminescence,standardized
PGDB_C032966,O=C1CCC(c2cccc3c2cnn3-c2cccc(-n3c(N4CC[C@@H](O)C4)cc(C(F)(F)F)cc3=O)c2)C(=O)N1,VAV1,,50.0,<=,1,Jurkat,,WO2026145172A1,PGDB_AS002602,% Degradation,luminescence,standardized
PGDB_C032951,O=C1CCC(c2cccc3c2cnn3-c2cccc(-n3c(N4CC[C@H](O)C4)cc(C(F)(F)F)cc3=O)c2)C(=O)N1,VAV1,,10.0,<,1,Jurkat,,WO2026145172A1,PGDB_AS002602,% Degradation,luminescence,standardized
PGDB_C032994,O=C1CCC(c2cccc3c2cnn3-c2cccc(-n3c(N4C[C@@H](F)[C@@H](F)C4)cc(C(F)F)cc3=O)c2)C(=O)N1,VAV1,,10.0,<,1,Jurkat,,WO2026145172A1,PGDB_AS002614,% Degradation,luminescence,standardized
PGDB_C033054,O=C1CCC(c2cccc3c2cnn3-c2cccc(-n3c(NCC(F)(F)F)nc(C(F)(F)F)cc3=O)c2)C(=O)N1,VAV1,,250.0,>,0,Jurkat,,WO2026145172A1,PGDB_AS002614,% Degradation,luminescence,standardized
PGDB_C032983,O=C1CCC(c2cccc3c2cnn3-c2cccc(-n3c(OC4CC(F)(F)C4)cc(C(F)(F)F)cc3=O)c2)C(=O)N1,VAV1,,10.0,<,1,Jurkat,,WO2026145172A1,PGDB_AS002614,% Degradation,luminescence,standardized
PGDB_C032995,O=C1CCC(c2cccc3c2cnn3-c2cccc(-n3c(OC4CC(F)(F)C4)cc(C(F)F)cc3=O)c2)C(=O)N1,VAV1,,10.0,<,1,Jurkat,,WO2026145172A1,PGDB_AS002614,% Degradation,luminescence,standardized
PGDB_C032850,O=C1CCC(c2cccc3c2cnn3-c2cccc(-n3c(OC4CC4)cc(C(F)(F)F)cc3=O)c2)C(=O)N1,VAV1,,10.0,<,1,Jurkat,,WO2026145172A1,PGDB_AS002605,% Degradation,luminescence,standardized
PGDB_C033053,O=C1CCC(c2cccc3c2cnn3-c2cccc(-n3c(OC4CC4)cc(C(F)F)cc3=O)c2)C(=O)N1,VAV1,,10.0,<,1,Jurkat,,WO2026145172A1,PGDB_AS002602,% Degradation,luminescence,standardized
PGDB_C032775,O=C1CCC(c2cccc3c2cnn3-c2cccc(-n3c(OC4CC4)cccc3=O)c2)C(=O)N1,VAV1,,10.0,<,1,Jurkat,,WO2026145172A1,PGDB_AS002600,% Degradation,luminescence,standardized
PGDB_C033042,O=C1CCC(c2cccc3c2cnn3-c2cccc(-n3c(OC4CC5(COC5)C4)cc(C(F)(F)F)cc3=O)c2)C(=O)N1,VAV1,,10.0,<,1,Jurkat,,WO2026145172A1,PGDB_AS002614,% Degradation,luminescence,standardized
PGDB_C032917,O=C1CCC(c2cccc3c2cnn3-c2cccc(-n3c(OC4CCC4)cc(C(F)(F)F)cc3=O)c2)C(=O)N1,VAV1,,10.0,<,1,Jurkat,,WO2026145172A1,PGDB_AS002602,% Degradation,luminescence,standardized
PGDB_C032913,O=C1CCC(c2cccc3c2cnn3-c2cccc(-n3c(OC4CCC4)cc(C(F)F)cc3=O)c2)C(=O)N1,VAV1,,10.0,<,1,Jurkat,,WO2026145172A1,PGDB_AS002602,% Degradation,luminescence,standardized
PGDB_C032869,O=C1CCC(c2cccc3c2cnn3-c2cccc(-n3c(OC4CCCC4)cc(C(F)F)cc3=O)c2)C(=O)N1,VAV1,,10.0,<,1,Jurkat,,WO2026145172A1,PGDB_AS002605,% Degradation,luminescence,standardized
PGDB_C032977,O=C1CCC(c2cccc3c2cnn3-c2cccc(-n3c(OC4CCCC4=O)cc(C(F)(F)F)cc3=O)c2)C(=O)N1,VAV1,,10.0,<,1,Jurkat,,WO2026145172A1,PGDB_AS002605,% Degradation,luminescence,standardized
PGDB_C032924,O=C1CCC(c2cccc3c2cnn3-c2cccc(-n3c(OC4CCCOC4)cc(C(F)(F)F)cc3=O)c2)C(=O)N1,VAV1,,10.0,<,1,Jurkat,,WO2026145172A1,PGDB_AS002614,% Degradation,luminescence,standardized
PGDB_C033039,O=C1CCC(c2cccc3c2cnn3-c2cccc(-n3c(OC4CCOC4)cc(C(F)F)cc3=O)c2)C(=O)N1,VAV1,,10.0,<,1,Jurkat,,WO2026145172A1,PGDB_AS002614,% Degradation,luminescence,standardized
PGDB_C032941,O=C1CCC(c2cccc3c2cnn3-c2cccc(-n3c(OC4CCOCC4)cc(C(F)(F)F)cc3=O)c2)C(=O)N1,VAV1,,10.0,<,1,Jurkat,,WO2026145172A1,PGDB_AS002614,% Degradation,luminescence,standardized
PGDB_C032922,O=C1CCC(c2cccc3c2cnn3-c2cccc(-n3c(OC4COC4)cc(C(F)(F)F)cc3=O)c2)C(=O)N1,VAV1,,50.0,<=,1,Jurkat,,WO2026145172A1,PGDB_AS002614,% Degradation,luminescence,standardized
PGDB_C032959,O=C1CCC(c2cccc3c2cnn3-c2cccc(-n3c(OC4COC4)cc(C(F)F)cc3=O)c2)C(=O)N1,VAV1,,10.0,<,1,Jurkat,,WO2026145172A1,PGDB_AS002614,% Degradation,luminescence,standardized
PGDB_C032856,O=C1CCC(c2cccc3c2cnn3-c2cccc(-n3c(OCC(F)(F)F)cc(C(F)(F)F)cc3=O)c2)C(=O)N1,VAV1,,10.0,<,1,Jurkat,,WO2026145172A1,PGDB_AS002605,% Degradation,luminescence,standardized
PGDB_C032857,O=C1CCC(c2cccc3c2cnn3-c2cccc(-n3c(OCC(F)(F)F)cc(C(F)F)cc3=O)c2)C(=O)N1,VAV1,,10.0,<,1,Jurkat,,WO2026145172A1,PGDB_AS002605,% Degradation,luminescence,standardized
PGDB_C033012,O=C1CCC(c2cccc3c2cnn3-c2cccc(-n3c(OCC(F)(F)F)cncc3=O)c2)C(=O)N1,VAV1,,10.0,<,1,Jurkat,,WO2026145172A1,PGDB_AS002614,% Degradation,luminescence,standardized
PGDB_C032955,O=C1CCC(c2cccc3c2cnn3-c2cccc(-n3c(OCC(F)F)cc(C(F)(F)F)cc3=O)c2)C(=O)N1,VAV1,,50.0,<=,1,Jurkat,,WO2026145172A1,PGDB_AS002614,% Degradation,luminescence,standardized
PGDB_C032999,O=C1CCC(c2cccc3c2cnn3-c2cccc(-n3c(OCC4CCCO4)cc(C(F)(F)F)cc3=O)c2)C(=O)N1,VAV1,,10.0,<,1,Jurkat,,WO2026145172A1,PGDB_AS002614,% Degradation,luminescence,standardized
PGDB_C033017,O=C1CCC(c2cccc3c2cnn3-c2cccc(-n3c(OCC4CCCO4)cc(C(F)F)cc3=O)c2)C(=O)N1,VAV1,,10.0,<,1,Jurkat,,WO2026145172A1,PGDB_AS002614,% Degradation,luminescence,standardized
PGDB_C032837,O=C1CCC(c2cccc3c2cnn3-c2cccc(-n3c(OCCC(F)(F)F)cc(C(F)(F)F)cc3=O)c2)C(=O)N1,VAV1,,10.0,<,1,Jurkat,,WO2026145172A1,PGDB_AS002605,% Degradation,luminescence,standardized
PGDB_C032832,O=C1CCC(c2cccc3c2cnn3-c2cccc(-n3c(OCCC(F)(F)F)cc(C(F)F)cc3=O)c2)C(=O)N1,VAV1,,10.0,<,1,Jurkat,,WO2026145172A1,PGDB_AS002605,% Degradation,luminescence,standardized
PGDB_C032919,O=C1CCC(c2cccc3c2cnn3-c2cccc(-n3c(OCCC(F)(F)F)cc(OC4CC4)cc3=O)c2)C(=O)N1,VAV1,,10.0,<,1,Jurkat,,WO2026145172A1,PGDB_AS002602,% Degradation,luminescence,standardized
PGDB_C032931,O=C1CCC(c2cccc3c2cnn3-c2cccc(-n3c(OCCOC(F)(F)F)cc(C(F)(F)F)cc3=O)c2)C(=O)N1,VAV1,,10.0,<,1,Jurkat,,WO2026145172A1,PGDB_AS002614,% Degradation,luminescence,standardized
PGDB_C033070,O=C1CCC(c2cccc3c2cnn3-c2cccc(-n3c(OCCOC(F)(F)F)cc(C(F)F)cc3=O)c2)C(=O)N1,VAV1,,10.0,<,1,Jurkat,,WO2026145172A1,PGDB_AS002614,% Degradation,luminescence,standardized
PGDB_C033072,O=C1CCC(c2cccc3c2cnn3-c2cccc(-n3c(O[C@@H]4CCOC4)cc(C(F)(F)F)cc3=O)c2)C(=O)N1,VAV1,,10.0,<,1,Jurkat,,WO2026145172A1,PGDB_AS002614,% Degradation,luminescence,standardized
PGDB_C033048,O=C1CCC(c2cccc3c2cnn3-c2cccc(-n3c(O[C@@H]4CCOC4)cc(C(F)F)cc3=O)c2)C(=O)N1,VAV1,,10.0,<,1,Jurkat,,WO2026145172A1,PGDB_AS002614,% Degradation,luminescence,standardized
PGDB_C032982,O=C1CCC(c2cccc3c2cnn3-c2cccc(-n3c(O[C@H]4CCOC4)cc(C(F)(F)F)cc3=O)c2)C(=O)N1,VAV1,,10.0,<,1,Jurkat,,WO2026145172A1,PGDB_AS002614,% Degradation,luminescence,standardized
PGDB_C032833,O=C1CCC(c2cccc3c2cnn3-c2cccc(-n3c4c(c(C(F)(F)F)cc3=O)CCCCC4)c2)C(=O)N1,VAV1,,50.0,<=,1,Jurkat,,WO2026145172A1,PGDB_AS002605,% Degradation,luminescence,standardized
PGDB_C032787,O=C1CCC(c2cccc3c2cnn3-c2cccc(-n3c4c(ccc3=O)CCC4)c2)C(=O)N1,VAV1,,50.0,<=,1,Jurkat,,WO2026145172A1,PGDB_AS002600,% Degradation,luminescence,standardized
PGDB_C033043,O=C1CCC(c2cccc3c2cnn3-c2cccc(-n3c4c(ccc3=O)CCCC4)c2)C(=O)N1,VAV1,,50.0,<=,1,Jurkat,,WO2026145172A1,PGDB_AS002614,% Degradation,luminescence,standardized
PGDB_C032771,O=C1CCC(c2cccc3c2cnn3-c2cccc(N3C(=O)CCCC34CC4)c2)C(=O)N1,VAV1,,50.0,<=,1,Jurkat,,WO2026145172A1,PGDB_AS002600,% Degradation,luminescence,standardized
PGDB_C032783,O=C1CCC(c2cccc3c2cnn3-c2cccc(Nc3ccc4cnccc4n3)c2)C(=O)N1,VAV1,,10.0,<,1,Jurkat,,WO2026145172A1,PGDB_AS002600,% Degradation,luminescence,standardized
PGDB_C032814,O=C1CCC(c2cccc3c2cnn3-c2cccc(Nc3cnc4ccccc4n3)c2)C(=O)N1,VAV1,,10.0,<,1,Jurkat,,WO2026145172A1,PGDB_AS002605,% Degradation,luminescence,standardized
PGDB_C032801,O=C1CCC(c2cccc3c2cnn3-c2cccc(Nc3ncc4ccccc4n3)c2)C(=O)N1,VAV1,,10.0,<,1,Jurkat,,WO2026145172A1,PGDB_AS002600,% Degradation,luminescence,standardized
PGDB_C032786,O=C1CCC(c2cccc3c2cnn3-c2cccc(Oc3ccc4c(n3)CCC4)c2)C(=O)N1,VAV1,,10.0,<,1,Jurkat,,WO2026145172A1,PGDB_AS002600,% Degradation,luminescence,standardized
PGDB_C033016,O=C1CCC(c2cccc3c2cnn3-c2cccc(Oc3ccc4c(n3)CCCC4)c2)C(=O)N1,VAV1,,50.0,<=,1,Jurkat,,WO2026145172A1,PGDB_AS002614,% Degradation,luminescence,standardized
PGDB_C032975,O=C1CCC(c2cccc3c2cnn3-c2cccc(Oc3ccc4cccc(F)c4n3)c2)C(=O)N1,VAV1,,50.0,<=,1,Jurkat,,WO2026145172A1,PGDB_AS002614,% Degradation,luminescence,standardized
PGDB_C032796,O=C1CCC(c2cccc3c2cnn3-c2cccc(Oc3ccc4ccccc4n3)c2)C(=O)N1,VAV1,,10.0,<,1,Jurkat,,WO2026145172A1,PGDB_AS002600,% Degradation,luminescence,standardized
PGDB_C032979,O=C1CCC(c2cccc3c2cnn3-c2cccc(Oc3ccc4cnccc4n3)c2)C(=O)N1,VAV1,,50.0,<=,1,Jurkat,,WO2026145172A1,PGDB_AS002614,% Degradation,luminescence,standardized
PGDB_C032980,O=C1CCC(c2cccc3c2cnn3-c2cccc(Oc3cccc(Cl)n3)c2)C(=O)N1,VAV1,,250.0,>,0,Jurkat,,WO2026145172A1,PGDB_AS002614,% Degradation,luminescence,standardized
PGDB_C032812,O=C1CCC(c2cccc3c2cnn3-c2cccc(Oc3cnc4ccccc4n3)c2)C(=O)N1,VAV1,,50.0,<=,1,Jurkat,,WO2026145172A1,PGDB_AS002605,% Degradation,luminescence,standardized
PGDB_C032788,O=C1CCC(c2cccc3c2cnn3-c2cccc(Oc3ncc4ccccc4n3)c2)C(=O)N1,VAV1,,50.0,<=,1,Jurkat,,WO2026145172A1,PGDB_AS002600,% Degradation,luminescence,standardized
PGDB_C000685,O=C1CCN(c2c(F)cc(N3CC(OC(=O)Nc4cc(C#CC5CC5)ccc4F)C3)cc2F)C(=O)N1,GSPT1,,15.97,=,1,HEK293,Nanjing Sanhome Pharmaceutical,CN119431327A,PGDB_AS002180,% Degradation,luminescence,standardized
PGDB_C000676,O=C1CCN(c2c(F)cc(N3CC(OC(=O)Nc4cc(OC(F)(F)F)ccc4F)C3)cc2F)C(=O)N1,GSPT1,,9.6,=,1,HEK293,Nanjing Sanhome Pharmaceutical,CN119431327A,PGDB_AS002180,% Degradation,luminescence,standardized
PGDB_C000683,O=C1CCN(c2c(F)cc(N3CC(OC(=O)Nc4ccc(C#CC5CC5)c(Cl)c4)C3)cc2F)C(=O)N1,GSPT1,,30.17,=,1,HEK293,Nanjing Sanhome Pharmaceutical,CN119431327A,PGDB_AS002180,% Degradation,luminescence,standardized
PGDB_C000677,O=C1CCN(c2c(F)cc(N3CC(OC(=O)Nc4ccc(Cl)c(C#CC5CC5)c4)C3)cc2F)C(=O)N1,GSPT1,,21.25,=,1,HEK293,Nanjing Sanhome Pharmaceutical,CN119431327A,PGDB_AS002180,% Degradation,luminescence,standardized
PGDB_C000682,O=C1CCN(c2c(F)cc(N3CC(OC(=O)Nc4ccc(OC(F)F)c(C#CC5CC5)c4)C3)cc2F)C(=O)N1,GSPT1,,10.04,=,1,HEK293,Nanjing Sanhome Pharmaceutical,CN119431327A,PGDB_AS002180,% Degradation,luminescence,standardized
PGDB_C000679,O=C1CCN(c2c(F)cc(N3CC(OC(=O)Nc4nc5ccccc5s4)C3)cc2F)C(=O)N1,GSPT1,,9.53,=,1,HEK293,Nanjing Sanhome Pharmaceutical,CN119431327A,PGDB_AS002180,% Degradation,luminescence,standardized
PGDB_C032882,O=C1CCN(c2cccc(-c3ccc(-n4c(C(F)(F)F)cc(C(F)F)cc4=O)cc3)c2Cl)C(=O)N1,VAV1,,50.0,<=,1,Jurkat,,WO2026145172A1,PGDB_AS002605,% Degradation,luminescence,standardized
PGDB_C032822,O=C1CCN(c2cccc(-c3ccc(-n4c(C5CC5)cccc4=O)cc3)c2Cl)C(=O)N1,VAV1,,50.0,<=,1,Jurkat,,WO2026145172A1,PGDB_AS002605,% Degradation,luminescence,standardized
PGDB_C032883,O=C1CCN(c2cccc(-c3ccc(-n4c(C5CCCCC5)cc(C(F)F)cc4=O)cc3)c2Cl)C(=O)N1,VAV1,,10.0,<,1,Jurkat,,WO2026145172A1,PGDB_AS002605,% Degradation,luminescence,standardized
PGDB_C032872,O=C1CCN(c2cccc(-c3ccc(-n4c(N5CC6CC6C5)cc(C(F)F)cc4=O)cc3)c2Cl)C(=O)N1,VAV1,,10.0,<,1,Jurkat,,WO2026145172A1,PGDB_AS002605,% Degradation,luminescence,standardized
PGDB_C032835,O=C1CCN(c2cccc(-c3ccc(-n4c(N5CCOCC5)cc(C(F)F)cc4=O)cc3)c2Cl)C(=O)N1,VAV1,,50.0,<=,1,Jurkat,,WO2026145172A1,PGDB_AS002605,% Degradation,luminescence,standardized
PGDB_C033032,O=C1CCN(c2cccc(-c3ccc(-n4c(OCC(F)(F)F)cc(C(F)(F)F)cc4=O)cc3)c2Cl)C(=O)N1,VAV1,,10.0,<,1,Jurkat,,WO2026145172A1,PGDB_AS002605,% Degradation,luminescence,standardized
PGDB_C032867,O=C1CCN(c2cccc(-c3ccc(-n4c(OCC(F)(F)F)cc(C(F)F)cc4=O)cc3)c2Cl)C(=O)N1,VAV1,,50.0,<=,1,Jurkat,,WO2026145172A1,PGDB_AS002605,% Degradation,luminescence,standardized
PGDB_C032920,O=C1CCN(c2cccc(-c3ccc(-n4c(OCCC(F)(F)F)cc(C(F)(F)F)cc4=O)cc3)c2Cl)C(=O)N1,VAV1,,50.0,<=,1,Jurkat,,WO2026145172A1,PGDB_AS002614,% Degradation,luminescence,standardized
PGDB_C033029,O=C1CCN(c2cccc3c2cnn3-c2cccc(-n3c(OCC(F)(F)F)cc(C(F)(F)F)cc3=O)c2)C(=O)N1,VAV1,,50.0,<=,1,Jurkat,,WO2026145172A1,PGDB_AS002602,% Degradation,luminescence,standardized
PGDB_C025625,O=C1CC[C@@H](N2C(=O)c3cccc4c(Cc5ccc(CN6CCN(c7cc(-n8cnc(C(F)(F)F)c8)ncn7)CC6)cc5)ccc2c34)C(=O)N1,IKZF1,,0.34,=,1,NCI-H929,Shanghai Helioson Pharmaceutical,EP4685141A1,PGDB_AS001024,% Degradation,Western_blot,standardized
PGDB_C011521,O=C1CC[C@@H](N2C(=O)c3cccc4c(Cc5ccc([C@@H](CO)N6CCOCC6)cc5F)ccc2c34)C(=O)N1,IKZF3,CRBN,0.1,<=,1,,Shanghai Gdac Biotechnology,WO2025195464A1,PGDB_AS002421,% Degradation,luminescence,standardized
PGDB_C032749,O=C1CC[C@@H](N2Cc3c4c(cc(Cl)c3C2=O)C2(CCN(C(=O)N[C@H](c3ncccc3Cl)C(F)(F)F)CC2)CO4)C(=O)N1,CSNK1A1,,10.0,<=,1,HEK293,,WO2026139085A1,PGDB_AS002601,% Degradation,luminescence,standardized
PGDB_C033093,O=C1CC[C@@H](N2Cc3c4c(cc(Cl)c3C2=O)C2(CCN(C3CCC5(CC3)CCN(c3ccc(C(=O)N[C@H]6CC[C@H](Oc7ccccc7)CC6)nn3)C5)CC2)CO4)C(=O)N1,CSNK1A1,,10.0,<=,1,HEK293,,WO2026139085A1,PGDB_AS002601,% Degradation,luminescence,standardized
PGDB_C032750,O=C1CC[C@@H](N2Cc3c4c(cc(Cl)c3C2=O)C2(CCN(C3CCC5(CC3)CCN(c3ccc(C(=O)N[C@H]6CC[C@H](Oc7ccccc7)CC6)nn3)CC5)CC2)CO4)C(=O)N1,CSNK1A1,,100.0,<=,1,HEK293,,WO2026139085A1,PGDB_AS002601,% Degradation,luminescence,standardized
PGDB_C032741,O=C1CC[C@@H](N2Cc3c4c(cc(Cl)c3C2=O)C2(CCN(C3CCC5(CC3)CN(c3ccc(C(=O)N[C@H]6CC[C@H](Oc7ccccc7)CC6)nn3)C5)CC2)CO4)C(=O)N1,CSNK1A1,,10.0,<=,1,HEK293,,WO2026139085A1,PGDB_AS002601,% Degradation,luminescence,standardized
PGDB_C032742,O=C1CC[C@@H](N2Cc3c4c(cc(Cl)c3C2=O)C2(CCN(C3CCC5(CCN(c6ccc(C(=O)N[C@H]7CC[C@H](Oc8ccccc8)CC7)nn6)CC5)C3)CC2)CO4)C(=O)N1,CSNK1A1,,10.0,<=,1,HEK293,,WO2026139085A1,PGDB_AS002601,% Degradation,luminescence,standardized
PGDB_C033153,O=C1CC[C@@H](N2Cc3c4c(cc(Cl)c3C2=O)C2(CCN(CC3CCN(c5ccc(C(=O)N[C@H]6CC[C@H](Oc7ccc(F)cc7)CC6)cc5F)CC3)CC2)CO4)C(=O)N1,CSNK1A1,,10.0,<=,1,HEK293,,WO2026139085A1,PGDB_AS002601,% Degradation,luminescence,standardized
PGDB_C033127,O=C1CC[C@@H](N2Cc3c4c(cc(Cl)c3C2=O)C2(CCN(CC3CCN(c5ccc(C(=O)N[C@H]6CC[C@H](Oc7ccccc7)CC6)cn5)CC3)CC2)CO4)C(=O)N1,CSNK1A1,,10.0,<=,1,HEK293,,WO2026139085A1,PGDB_AS002601,% Degradation,luminescence,standardized
PGDB_C032746,O=C1CC[C@@H](N2Cc3c4c(cc(Cl)c3C2=O)C2(CCN(CC3CCN(c5ccc(C(=O)N[C@H]6CC[C@H](Oc7ccccc7)CC6)nc5)CC3)CC2)CO4)C(=O)N1,CSNK1A1,,10.0,<=,1,HEK293,,WO2026139085A1,PGDB_AS002601,% Degradation,luminescence,standardized
PGDB_C033135,O=C1CC[C@@H](N2Cc3c4c(cc(Cl)c3C2=O)C2(CCN(CC3CCN(c5ccc(C(=O)N[C@H]6CC[C@H](Oc7ccccc7F)CC6)cc5F)CC3)CC2)CO4)C(=O)N1,CSNK1A1,,10.0,<=,1,HEK293,,WO2026139085A1,PGDB_AS002601,% Degradation,luminescence,standardized
PGDB_C033083,O=C1CC[C@@H](N2Cc3c4c(cc(Cl)c3C2=O)C2(CCN(CC3CCN(c5ccc(C(=O)N[C@H]6CC[C@H](Oc7cccnc7)CC6)nn5)CC3)CC2)CO4)C(=O)N1,CSNK1A1,,10.0,<=,1,HEK293,,WO2026139085A1,PGDB_AS002601,% Degradation,luminescence,standardized
PGDB_C033147,O=C1CC[C@@H](N2Cc3c4c(cc(Cl)c3C2=O)C2(CCN(CC3CCN(c5ncc(C(=O)N[C@H]6CC[C@H](Oc7ccccc7)CC6)nn5)CC3)CC2)CO4)C(=O)N1,CSNK1A1,,10.0,<=,1,HEK293,,WO2026139085A1,PGDB_AS002601,% Degradation,luminescence,standardized
PGDB_C033130,O=C1CC[C@@H](N2Cc3c4c(cc(Cl)c3C2=O)C2(CCN([C@@H]3CCC5(CCN(c6ccc(C(=O)N[C@H]7CC[C@H](Oc8ccccc8)CC7)nn6)C5)C3)CC2)CO4)C(=O)N1,CSNK1A1,,10.0,<=,1,HEK293,,WO2026139085A1,PGDB_AS002601,% Degradation,luminescence,standardized
PGDB_C001792,O=C1CC[C@@H](N2Cc3cc(C(=O)N[C@H](c4ccc(F)cc4)C4CCC4)ccc3C2=O)C(=O)N1,CSNK1A1,CRBN,160.0,=,0,HT-1080,Hangzhou Glubio Pharmaceutical,WO2022257897A1,PGDB_AS001868,% Degradation,luminescence,standardized
PGDB_C000464,O=C1CC[C@@H](N2Cc3cc(O[C@H]4CCCC[C@@H]4N4CC(c5ccccc5)C4)ccc3C2=O)C(=O)N1,GSPT1,,30000.0,>,0,HEK293T,Plexium,CN117836288A,PGDB_AS001378,% Degradation,,standardized
PGDB_C029570,O=C1CC[C@@H](c2cccc(-c3ccc(-n4cccc(OC5CC(O)C5)c4=O)cc3)c2Cl)C(=O)N1,VAV1,,3.7,=,1,,Shanghai Qilu Pharmaceutical Research And Development Centre,WO2026051943A1,PGDB_AS001440,% Degradation,luminescence,standardized
PGDB_C032967,O=C1CC[C@@H](c2cccc3c2cnn3-c2cccc(-c3c(OCCC(F)(F)F)ccn(C4CC4)c3=O)c2)C(=O)N1,VAV1,,10.0,<,1,Jurkat,,WO2026145172A1,PGDB_AS002602,% Degradation,luminescence,standardized
PGDB_C029594,O=C1CC[C@@](F)(c2cccc(-c3ccc(-n4cccc(OC(F)F)c4=O)cc3)c2Cl)C(=O)N1,VAV1,,0.5,=,1,,Shanghai Qilu Pharmaceutical Research And Development Centre,WO2026051943A1,PGDB_AS001440,% Degradation,luminescence,standardized
PGDB_C011572,O=C1CC[C@H](N2C(=O)c3cccc(NCc4ccc(C(CO)N5CC(N6CCOCC6)C5)cc4F)c3C2=O)C(=O)N1,IKZF3,CRBN,10.0,<=,1,,Shanghai Gdac Biotechnology,WO2025195464A1,PGDB_AS002421,% Degradation,luminescence,standardized
PGDB_C011573,O=C1CC[C@H](N2C(=O)c3cccc(NCc4ccc(C(O)C5CN(C6CCOCC6)C5)cc4F)c3C2=O)C(=O)N1,IKZF3,CRBN,10.0,<=,1,,Shanghai Gdac Biotechnology,WO2025195464A1,PGDB_AS002421,% Degradation,luminescence,standardized
PGDB_C011565,O=C1CC[C@H](N2C(=O)c3cccc4c(Cc5ccc(C(CO)N6CCN(c7ccc(C(=O)O)cc7F)CC6)cc5F)ccc2c34)C(=O)N1,IKZF3,CRBN,1.0,<=,1,,Shanghai Gdac Biotechnology,WO2025195464A1,PGDB_AS002421,% Degradation,luminescence,standardized
PGDB_C011527,O=C1CC[C@H](N2C(=O)c3cccc4c(Cc5ccc([C@@H](O)C6CCOCC6)cc5F)ccc2c34)C(=O)N1,IKZF3,CRBN,0.1,<=,1,,Shanghai Gdac Biotechnology,WO2025195464A1,PGDB_AS002421,% Degradation,luminescence,standardized
PGDB_C033105,O=C1CC[C@H](N2CC3=C(C2=O)C2=C3OCC3(CCN(CC4(F)CCN(c5ccc(C(=O)NC6CCC(N7CCOCC7)CC6)cc5F)CC4)CC3)C2)C(=O)N1,CSNK1A1,,1.0,<,1,HEK293,,WO2026139085A1,PGDB_AS002601,% Degradation,luminescence,standardized
PGDB_C033111,O=C1CC[C@H](N2CC3=C(C2=O)C2=C3OCC34CCN(CC5(F)CCN(c6ccc(C(=O)NC7CCC(OC8CCC8)CC7)cc6F)CC5)CCCOC3=C24)C(=O)N1,CSNK1A1,,1.0,<,1,HEK293,,WO2026139085A1,PGDB_AS002601,% Degradation,luminescence,standardized
PGDB_C011567,O=C1CC[C@H](N2Cc3c(OCc4ccc(C(CO)N5CCOCC5)cc4)cccc3C2=O)C(=O)N1,IKZF3,CRBN,10.0,<=,1,,Shanghai Gdac Biotechnology,WO2025195464A1,PGDB_AS002421,% Degradation,luminescence,standardized
PGDB_C011570,O=C1CC[C@H](N2Cc3c(OCc4ccc(C(NC(=O)CO)C5CCOCC5)cc4)cccc3C2=O)C(=O)N1,IKZF3,CRBN,100.0,<=,1,,Shanghai Gdac Biotechnology,WO2025195464A1,PGDB_AS002421,% Degradation,luminescence,standardized
PGDB_C011566,O=C1CC[C@H](N2Cc3c(OCc4ccc(C(O)C5CCOCC5)cc4)cccc3C2=O)C(=O)N1,IKZF3,CRBN,10.0,<=,1,,Shanghai Gdac Biotechnology,WO2025195464A1,PGDB_AS002421,% Degradation,luminescence,standardized
PGDB_C025597,O=C1CC[C@H](N2Cc3c(OCc4ccc(CN5CCN(c6ccnc(-n7ccnc7)n6)CC5)cc4)cccc3C2=O)C(=O)N1,IKZF1,,0.31,=,1,NCI-H929,Shanghai Helioson Pharmaceutical,EP4685141A1,PGDB_AS001024,% Degradation,Western_blot,standardized
PGDB_C009988,O=C1CC[C@H](N2Cc3c(OCc4ccc(CN5CCN6c7ccc(F)cc7OCCC6C5)cc4)cccc3C2=O)C(=O)N1,IKZF1,CRBN,0.71,=,1,HT-1080,Hangzhou Glubio Pharmaceutical,WO2023025136A1,PGDB_AS001276,% Degradation,luminescence,standardized
PGDB_C009988,O=C1CC[C@H](N2Cc3c(OCc4ccc(CN5CCN6c7ccc(F)cc7OCCC6C5)cc4)cccc3C2=O)C(=O)N1,SALL4,,25.0,=,1,HT-1080,Hangzhou Glubio Pharmaceutical,WO2023025136A1,PGDB_AS001426,% Degradation,luminescence,standardized
PGDB_C033149,O=C1CC[C@H](N2Cc3c4c(cc(Cl)c3C2=O)C2(CCN(C(=O)C3CCN(c5ccc(C(=O)N[C@H]6CC[C@H](Oc7ccccc7)CC6)nn5)CC3)CC2)CO4)C(=O)N1,CSNK1A1,,1.0,<,1,HEK293,,WO2026139085A1,PGDB_AS002601,% Degradation,luminescence,standardized
PGDB_C033086,O=C1CC[C@H](N2Cc3c4c(cc(Cl)c3C2=O)C2(CCN(C3CC(CN5C=C(c6ccc(C(=O)N[C@H]7CC[C@H](Oc8ccccc8Cl)CC7)nn6)C5)C3)CC2)CO4)C(=O)N1,CSNK1A1,,1.0,<,1,HEK293,,WO2026139085A1,PGDB_AS002601,% Degradation,luminescence,standardized
PGDB_C033115,O=C1CC[C@H](N2Cc3c4c(cc(Cl)c3C2=O)C2(CCN(C3CC(CN5C=C(c6ccc(C(=O)N[C@H]7CC[C@H](Oc8ncccc8Cl)CC7)nn6)C5)C3)CC2)CO4)C(=O)N1,CSNK1A1,,1.0,<,1,HEK293,,WO2026139085A1,PGDB_AS002601,% Degradation,luminescence,standardized
PGDB_C033138,O=C1CC[C@H](N2Cc3c4c(cc(Cl)c3C2=O)C2(CCN(C3CC(Cn5ccc(C(=O)N[C@H]6CC[C@H](Oc7ccccc7)CC6)n5)C3)CC2)CO4)C(=O)N1,CSNK1A1,,10.0,<=,1,HEK293,,WO2026139085A1,PGDB_AS002601,% Degradation,luminescence,standardized
PGDB_C033146,O=C1CC[C@H](N2Cc3c4c(cc(Cl)c3C2=O)C2(CCN(C3CC5(C3)CN(c3ccc(C(=O)NC6CCC(Oc7ccc(Cl)cc7)CC6)nn3)C5)CC2)CO4)C(=O)N1,CSNK1A1,,1.0,<,1,HEK293,,WO2026139085A1,PGDB_AS002601,% Degradation,luminescence,standardized
PGDB_C032973,O=C1CC[C@H](N2Cc3c4c(cc(Cl)c3C2=O)C2(CCN(CC3(F)CCN(c5cc(F)c(C(=O)N[C@H]6CC[C@H](OC7CC7)CC6)cc5F)CC3)CC2)CO4)C(=O)N1,CSNK1A1,,1.0,<,1,HEK293,,WO2026139085A1,PGDB_AS002601,% Degradation,luminescence,standardized
PGDB_C033080,O=C1CC[C@H](N2Cc3c4c(cc(Cl)c3C2=O)C2(CCN(CC3(F)CCN(c5ccc(C(=O)N[C@H]6CC[C@H](OC(F)F)CC6)cc5F)CC3)CC2)CO4)C(=O)N1,CSNK1A1,,100.0,<=,1,HEK293,,WO2026139085A1,PGDB_AS002601,% Degradation,luminescence,standardized
PGDB_C033145,O=C1CC[C@H](N2Cc3c4c(cc(Cl)c3C2=O)C2(CCN(CC3(F)CCN(c5ccc(C(=O)N[C@H]6CC[C@H](OC7CC(F)(F)C7)CC6)c(F)c5)CC3)CC2)CO4)C(=O)N1,CSNK1A1,,1.0,<,1,HEK293,,WO2026139085A1,PGDB_AS002601,% Degradation,luminescence,standardized
PGDB_C033117,O=C1CC[C@H](N2Cc3c4c(cc(Cl)c3C2=O)C2(CCN(CC3(F)CCN(c5ccc(C(=O)N[C@H]6CC[C@H](OC7CC7)CC6)c(F)c5)CC3)CC2)CO4)C(=O)N1,CSNK1A1,,1.0,<,1,HEK293,,WO2026139085A1,PGDB_AS002601,% Degradation,luminescence,standardized
PGDB_C033144,O=C1CC[C@H](N2Cc3c4c(cc(Cl)c3C2=O)C2(CCN(CC3(F)CCN(c5ccc(C(=O)N[C@H]6CC[C@H](OC7CC7)CC6)cc5F)CC3)CC2)CO4)C(=O)N1,CSNK1A1,,1.0,<,1,HEK293,,WO2026139085A1,PGDB_AS002601,% Degradation,luminescence,standardized
PGDB_C033101,O=C1CC[C@H](N2Cc3c4c(cc(Cl)c3C2=O)C2(CCN(CC3(F)CCN(c5ccc(C(=O)N[C@H]6CC[C@H](OC7CCCC7)CC6)cc5F)CC3)CC2)CO4)C(=O)N1,CSNK1A1,,1.0,<,1,HEK293,,WO2026139085A1,PGDB_AS002601,% Degradation,luminescence,standardized
PGDB_C033128,O=C1CC[C@H](N2Cc3c4c(cc(Cl)c3C2=O)C2(CCN(CC3(F)CCN(c5ccc(C(=O)N[C@H]6CC[C@H](OC7CCCCC7)CC6)c(F)c5)CC3)CC2)CO4)C(=O)N1,CSNK1A1,,1.0,<,1,HEK293,,WO2026139085A1,PGDB_AS002601,% Degradation,luminescence,standardized
PGDB_C033125,O=C1CC[C@H](N2Cc3c4c(cc(Cl)c3C2=O)C2(CCN(CC3(F)CCN(c5ccc(C(=O)N[C@H]6CC[C@H](Oc7ccccc7Cl)CC6)cc5F)CC3)CC2)CO4)C(=O)N1,CSNK1A1,,1.0,<,1,HEK293,,WO2026139085A1,PGDB_AS002601,% Degradation,luminescence,standardized
PGDB_C032743,O=C1CC[C@H](N2Cc3c4c(cc(Cl)c3C2=O)C2(CCN(CC3CCN(c5ccc(C(=O)NC6CCC(Oc7ccccc7)CC6)nn5)CC3)CC2)CO4)C(=O)N1,CSNK1A1,,1.0,<,1,HEK293,,WO2026139085A1,PGDB_AS002601,% Degradation,luminescence,standardized
PGDB_C032752,O=C1CC[C@H](N2Cc3c4c(cc(Cl)c3C2=O)C2(CCN(CC3CCN(c5ccc(C(=O)NC6CCC(Oc7ccccc7Cl)CC6)c(F)c5)CC3)CC2)CO4)C(=O)N1,CSNK1A1,,100.0,<=,1,HEK293,,WO2026139085A1,PGDB_AS002601,% Degradation,luminescence,standardized
PGDB_C033094,O=C1CC[C@H](N2Cc3c4c(cc(Cl)c3C2=O)C2(CCN(CC3CCN(c5ccc(C(=O)N[C@H]6CC[C@H](Oc7ccc(Br)cc7)CC6)cc5F)CC3)CC2)CO4)C(=O)N1,CSNK1A1,,10.0,<=,1,HEK293,,WO2026139085A1,PGDB_AS002601,% Degradation,luminescence,standardized
PGDB_C033114,O=C1CC[C@H](N2Cc3c4c(cc(Cl)c3C2=O)C2(CCN(CC3CCN(c5ccc(C(=O)N[C@H]6CC[C@H](Oc7ccc(Cl)cc7)CC6)cc5F)CC3)CC2)CO4)C(=O)N1,CSNK1A1,,10.0,<=,1,HEK293,,WO2026139085A1,PGDB_AS002601,% Degradation,luminescence,standardized
PGDB_C033109,O=C1CC[C@H](N2Cc3c4c(cc(Cl)c3C2=O)C2(CCN(CC3CCN(c5ccc(C(=O)N[C@H]6CC[C@H](Oc7ccccc7)CC6)c(F)c5)CC3)CC2)CO4)C(=O)N1,CSNK1A1,,10.0,<=,1,HEK293,,WO2026139085A1,PGDB_AS002601,% Degradation,luminescence,standardized
PGDB_C033112,O=C1CC[C@H](N2Cc3c4c(cc(Cl)c3C2=O)C2(CCN(CC3CCN(c5ccc(C(=O)N[C@H]6CC[C@H](Oc7ccccc7)CC6)cc5)CC3)CC2)CO4)C(=O)N1,CSNK1A1,,10.0,<=,1,HEK293,,WO2026139085A1,PGDB_AS002601,% Degradation,luminescence,standardized
PGDB_C032747,O=C1CC[C@H](N2Cc3c4c(cc(Cl)c3C2=O)C2(CCN(CC3CCN(c5ccc(C(=O)N[C@H]6CC[C@H](Oc7ccccc7)CC6)cc5F)CC3)CC2)CO4)C(=O)N1,CSNK1A1,,1.0,<,1,HEK293,,WO2026139085A1,PGDB_AS002601,% Degradation,luminescence,standardized
PGDB_C033100,O=C1CC[C@H](N2Cc3c4c(cc(Cl)c3C2=O)C2(CCN(CC3CCN(c5ccc(C(=O)N[C@H]6CC[C@H](Oc7ccccc7Br)CC6)cc5F)CC3)CC2)CO4)C(=O)N1,CSNK1A1,,10.0,<=,1,HEK293,,WO2026139085A1,PGDB_AS002601,% Degradation,luminescence,standardized
PGDB_C033124,O=C1CC[C@H](N2Cc3c4c(cc(Cl)c3C2=O)C2(CCN(CC3CCN(c5ccc(C(=O)N[C@H]6CC[C@H](Oc7ccccc7Cl)CC6)cc5Cl)CC3)CC2)CO4)C(=O)N1,CSNK1A1,,100.0,<=,1,HEK293,,WO2026139085A1,PGDB_AS002601,% Degradation,luminescence,standardized
PGDB_C033122,O=C1CC[C@H](N2Cc3c4c(cc(Cl)c3C2=O)C2(CCN(CC3CCN(c5ccc(C(=O)N[C@H]6CC[C@H](Oc7ccccc7Cl)CC6)nn5)CC3)CC2)CO4)C(=O)N1,CSNK1A1,,1.0,<,1,HEK293,,WO2026139085A1,PGDB_AS002601,% Degradation,luminescence,standardized
PGDB_C032748,O=C1CC[C@H](N2Cc3c4c(cc(Cl)c3C2=O)C2(CCN(CC3CCN(c5ccc(C(=O)N[C@H]6CC[C@H](Oc7ccncc7)CC6)nn5)CC3)CC2)CO4)C(=O)N1,CSNK1A1,,1.0,<,1,HEK293,,WO2026139085A1,PGDB_AS002601,% Degradation,luminescence,standardized
PGDB_C033129,O=C1CC[C@H](N2Cc3c4c(cc(Cl)c3C2=O)C2(CCN(CC3CCN(c5ccc(C(=O)N[C@H]6CC[C@H](Oc7ncccc7Cl)CC6)cc5F)CC3)CC2)CO4)C(=O)N1,CSNK1A1,,10.0,<=,1,HEK293,,WO2026139085A1,PGDB_AS002601,% Degradation,luminescence,standardized
PGDB_C033090,O=C1CC[C@H](N2Cc3c4c(cc(Cl)c3C2=O)C2(CCN(CC3CCN(c5ccc(C(=O)N[C@H]6CC[C@H](Oc7ncccc7Cl)CC6)nn5)CC3)CC2)CO4)C(=O)N1,CSNK1A1,,1.0,<,1,HEK293,,WO2026139085A1,PGDB_AS002601,% Degradation,luminescence,standardized
PGDB_C033108,O=C1CC[C@H](N2Cc3c4c(cc(Cl)c3C2=O)C2(CCN(CC3CCN(c5ccc(NC(=O)C6CCCCC6)nn5)CC3)CC2)CO4)C(=O)N1,CSNK1A1,,100.0,<=,1,HEK293,,WO2026139085A1,PGDB_AS002601,% Degradation,luminescence,standardized
PGDB_C033099,O=C1CC[C@H](N2Cc3c4c(cc(Cl)c3C2=O)C2(CCN(CC3CCN(c5ccc6c(c5)CN([C@H]5CC[C@H](Oc7ccccc7)CC5)C6=O)CC3)CC2)CO4)C(=O)N1,CSNK1A1,,100.0,<=,1,HEK293,,WO2026139085A1,PGDB_AS002601,% Degradation,luminescence,standardized
PGDB_C032744,O=C1CC[C@H](N2Cc3c4c(cc(Cl)c3C2=O)C2(CCN(CC3CCN(c5cnc(C(=O)NC6CCC(Oc7ccccc7)CC6)nc5)CC3)CC2)CO4)C(=O)N1,CSNK1A1,,100.0,<=,1,HEK293,,WO2026139085A1,PGDB_AS002601,% Degradation,luminescence,standardized
PGDB_C001817,O=C1CC[C@H](N2Cc3cc(C(=O)N[C@H](c4ccc(Cl)cc4F)C4CCC4)ccc3C2=O)C(=O)N1,CSNK1A1,CRBN,948.0,=,0,HT-1080,Hangzhou Glubio Pharmaceutical,WO2022257897A1,PGDB_AS001868,% Degradation,luminescence,standardized
PGDB_C001841,O=C1CC[C@H](N2Cc3cc(C(=O)N[C@H](c4ccc(Cl)cn4)C4CCC4)ccc3C2=O)C(=O)N1,CSNK1A1,CRBN,105.0,=,0,HT-1080,Hangzhou Glubio Pharmaceutical,WO2022257897A1,PGDB_AS001868,% Degradation,luminescence,standardized
PGDB_C001812,O=C1CC[C@H](N2Cc3cc(C(=O)N[C@H](c4ccc(F)c(F)c4)C4CCC4)ccc3C2=O)C(=O)N1,CSNK1A1,CRBN,1300.0,=,0,HT-1080,Hangzhou Glubio Pharmaceutical,WO2022257897A1,PGDB_AS001868,% Degradation,luminescence,standardized
PGDB_C001793,O=C1CC[C@H](N2Cc3cc(C(=O)N[C@H](c4ccc(F)cc4)C4CCC4)ccc3C2=O)C(=O)N1,CSNK1A1,CRBN,116.0,=,0,HT-1080,Hangzhou Glubio Pharmaceutical,WO2022257897A1,PGDB_AS001868,% Degradation,luminescence,standardized
PGDB_C001844,O=C1CC[C@H](N2Cc3cc(C(=O)N[C@H](c4ccc(F)cc4)C4CCCC4)ccc3C2=O)C(=O)N1,CSNK1A1,CRBN,47.1,<,1,HT-1080,Hangzhou Glubio Pharmaceutical,WO2022257897A1,PGDB_AS001868,% Degradation,luminescence,standardized
PGDB_C001815,O=C1CC[C@H](N2Cc3cc(C(=O)N[C@H](c4ccc(F)cc4Cl)C4CCC4)ccc3C2=O)C(=O)N1,CSNK1A1,CRBN,142.0,=,0,HT-1080,Hangzhou Glubio Pharmaceutical,WO2022257897A1,PGDB_AS001868,% Degradation,luminescence,standardized
PGDB_C000384,O=C1CC[C@H](N2Cc3cc(O[C@@H]4CCCC[C@H]4N4CC(c5ccccc5)C4)ccc3C2=O)C(=O)N1,IKZF1,,30000.0,>,0,HEK293T,Plexium,US20230265071A1,PGDB_AS000960,% Degradation,fluorescence,standardized
PGDB_C000384,O=C1CC[C@H](N2Cc3cc(O[C@@H]4CCCC[C@H]4N4CC(c5ccccc5)C4)ccc3C2=O)C(=O)N1,IKZF2,,292.0,=,0,HEK293T,Plexium,AR126418A1,PGDB_AS001753,% Degradation,fluorescence,standardized
PGDB_C000384,O=C1CC[C@H](N2Cc3cc(O[C@@H]4CCCC[C@H]4N4CC(c5ccccc5)C4)ccc3C2=O)C(=O)N1,IKZF3,,30000.0,>,0,HEK293T,Plexium,US20230265071A1,PGDB_AS001025,% Degradation,fluorescence,standardized
PGDB_C000381,O=C1CC[C@H](N2Cc3cc(O[C@H]4CCCC[C@@H]4N4CC(c5ccccc5)C4)ccc3C2=O)C(=O)N1,GSPT1,,30000.0,>,0,HEK293T,Plexium,AR126418A1,PGDB_AS002212,% Degradation,luminescence,standardized
PGDB_C000381,O=C1CC[C@H](N2Cc3cc(O[C@H]4CCCC[C@@H]4N4CC(c5ccccc5)C4)ccc3C2=O)C(=O)N1,IKZF1,,30000.0,>,0,HEK293T,Plexium,AR126418A1,PGDB_AS001001,% Degradation,fluorescence,standardized
PGDB_C000381,O=C1CC[C@H](N2Cc3cc(O[C@H]4CCCC[C@@H]4N4CC(c5ccccc5)C4)ccc3C2=O)C(=O)N1,IKZF2,,6.0,=,1,HEK293T,Plexium,US20230265071A1,PGDB_AS002469,% Degradation,fluorescence,standardized
PGDB_C000381,O=C1CC[C@H](N2Cc3cc(O[C@H]4CCCC[C@@H]4N4CC(c5ccccc5)C4)ccc3C2=O)C(=O)N1,IKZF3,,30000.0,>,0,HEK293T,Plexium,AR126418A1,PGDB_AS000004,% Degradation,fluorescence,standardized
PGDB_C003112,O=C1CC[C@H](N2Cc3cc(O[C@H]4CCCC[C@H]4N4CC5(C4)CC(F)(F)C5)ccc3C2=O)C(=O)N1,GSPT1,,30000.0,>,0,,Plexium,WO2024148088A1,PGDB_AS001329,% Degradation,,standardized
PGDB_C029602,O=C1CC[C@H](c2cccc(-c3ccc(-n4cccc(OC5CC(O)C5)c4=O)cc3)c2Cl)C(=O)N1,VAV1,,3.0,=,1,,Shanghai Qilu Pharmaceutical Research And Development Centre,WO2026051943A1,PGDB_AS001440,% Degradation,luminescence,standardized
PGDB_C031186,O=C1CC[C@H](c2cccc(-c3ccc4c(c3)COCc3cccc(=O)n3-4)c2Cl)C(=O)N1,VAV1,,5.0,=,1,Jurkat,Jiangsu Hengrui Pharmaceuticals Co Ltd;Shanghai Hengrui Pharmaceutical,WO2026098493A1,PGDB_AS002075,% Degradation,luminescence,standardized
PGDB_C008156,O=C1NC(O)CCC1N1C(=O)c2ccc(NS(=O)(=O)c3cccc(CN4CCOCC4)c3Cl)cc2C1=O,GSPT1,,10000.0,>,0,HEK293,Cyrus Therapeutics;Wooseok Han;Joonwoo Nam;Min Sung Joo;Dong Hyuk Ki;Kim Eun Jung;Jaeyung Lee,IL323841A,PGDB_AS000381,% Degradation,luminescence,standardized
PGDB_C000489,O=[N+]([O-])c1ccc(Br)c(CBr)c1,GSPT1,,208.3,=,0,U937,Livzon Pharmaceutical Group;Jinan University,CN117917402A,PGDB_AS002566,% Degradation,Western_blot,standardized
PGDB_C000490,O=[N+]([O-])c1ccc(Br)c(CN2CCOCC2)c1,GSPT1,,251.1,=,0,U937,Livzon Pharmaceutical Group;Jinan University,CN117917402A,PGDB_AS002566,% Degradation,Western_blot,standardized
PGDB_C031192,O=c1cccc2n1-c1ccc(Br)cc1OCC2,VAV1,,2.7,=,1,Jurkat,Jiangsu Hengrui Pharmaceuticals Co Ltd;Shanghai Hengrui Pharmaceutical,WO2026098493A1,PGDB_AS002075,% Degradation,luminescence,standardized
PGDB_C031196,O=c1cccc2n1C1(CCC1)COC2,VAV1,,2.5,=,1,Jurkat,Jiangsu Hengrui Pharmaceuticals Co Ltd;Shanghai Hengrui Pharmaceutical,WO2026098637A1,PGDB_AS000531,% Degradation,luminescence,standardized
PGDB_C027241,Oc1ccccc1-c1cc(N2CC3CCC(C2)N3c2ccnc(C#CCN3CCCCC3)n2)cnn1,SMARCA2,,50.0,<,1,HeLa,Plexium,WO2023244806A1,PGDB_AS002237,% Degradation,luminescence,standardized
PGDB_C027241,Oc1ccccc1-c1cc(N2CC3CCC(C2)N3c2ccnc(C#CCN3CCCCC3)n2)cnn1,SMARCA4,,500.0,>=,0,HeLa,Plexium,WO2023244806A1,PGDB_AS000073,% Degradation,luminescence,standardized
PGDB_C029547,[2H]C(F)(F)Oc1cccn(-c2ccc(-c3cccc(C4CCC(=O)NC4=O)c3Cl)cc2)c1=O,VAV1,,6.64,=,1,,Shanghai Qilu Pharmaceutical Research And Development Centre,WO2026051943A1,PGDB_AS001440,% Degradation,luminescence,standardized
PGDB_C003174,[2H]C([2H])(OC(=O)Nc1cc(C(C)(C)C)no1)c1ccc2cc(C3CCC(=O)NC3=O)c(C)nc2c1,GSPT1,,10.0,<=,1,HEK293,Captor Therapeutics,WO2024165577A1,PGDB_AS001317,% Degradation,,standardized
PGDB_C029676,[2H]C([2H])([2H])N(C(=O)Nc1c(C)cc(-c2cccc(C3CCC(=O)NC3=O)c2Cl)cc1F)C([2H])([2H])[2H],VAV1,,1.34,=,1,,Shanghai Qilu Pharmaceutical Research And Development Centre,WO2026051943A1,PGDB_AS001440,% Degradation,luminescence,standardized
PGDB_C029645,[2H]C([2H])([2H])N(C(=O)Nc1ccc(-c2cccc(C3CCC(=O)NC3=O)c2Cl)cc1C)C([2H])([2H])[2H],VAV1,,1.77,=,1,,Shanghai Qilu Pharmaceutical Research And Development Centre,WO2026051943A1,PGDB_AS001440,% Degradation,luminescence,standardized
PGDB_C029609,[2H]C([2H])([2H])NC(=O)N(c1ccc(-c2cccc(C3CCC(=O)NC3=O)c2Cl)cc1)C1CC1,VAV1,,0.4,=,1,,Shanghai Qilu Pharmaceutical Research And Development Centre,WO2026051943A1,PGDB_AS001440,% Degradation,luminescence,standardized
PGDB_C029677,[2H]C([2H])([2H])NC(=O)Nc1c(C)cc(-c2cccc(C3CCC(=O)NC3=O)c2Cl)cc1F,VAV1,,1.82,=,1,,Shanghai Qilu Pharmaceutical Research And Development Centre,WO2026051943A1,PGDB_AS001440,% Degradation,luminescence,standardized
PGDB_C029646,[2H]C([2H])([2H])NC(=O)Nc1ccc(-c2cccc(C3CCC(=O)NC3=O)c2Cl)cc1C,VAV1,,2.01,=,1,,Shanghai Qilu Pharmaceutical Research And Development Centre,WO2026051943A1,PGDB_AS001440,% Degradation,luminescence,standardized
PGDB_C029621,[2H]C([2H])([2H])O[C@@H]1CCN(C(=O)Nc2ccc(-c3cccc(C4CCC(=O)NC4=O)c3Cl)cc2C)C1,VAV1,,1.0,=,1,,Shanghai Qilu Pharmaceutical Research And Development Centre,WO2026051943A1,PGDB_AS001440,% Degradation,luminescence,standardized
PGDB_C029654,[2H]C([2H])([2H])O[C@H]1CCN(C(=O)Nc2ccc(-c3cccc(C4CCC(=O)NC4=O)c3Cl)cc2C)C1,VAV1,,0.7,=,1,,Shanghai Qilu Pharmaceutical Research And Development Centre,WO2026051943A1,PGDB_AS001440,% Degradation,luminescence,standardized
PGDB_C032879,[2H]C([2H])([2H])Oc1cc(C(F)(F)F)n(-c2ccc(-c3cccc(C4CCC(=O)NC4=O)c3C#C)cc2)c(=O)c1,VAV1,,10.0,<,1,Jurkat,,WO2026145172A1,PGDB_AS002605,% Degradation,luminescence,standardized
PGDB_C032981,[2H]C([2H])([2H])Oc1cc(OCCC(F)(F)F)n(-c2cccc(-n3ncc4c(C5CCC(=O)NC5=O)cccc43)c2)c(=O)c1,VAV1,,10.0,<,1,Jurkat,,WO2026145172A1,PGDB_AS002602,% Degradation,luminescence,standardized
PGDB_C029553,[2H]C([2H])([2H])c1cc(-c2cccc(C3CCC(=O)NC3=O)c2Cl)ccc1NC(=O)N(C)C,VAV1,,2.11,=,1,,Shanghai Qilu Pharmaceutical Research And Development Centre,WO2026051943A1,PGDB_AS001440,% Degradation,luminescence,standardized
PGDB_C029622,[2H]C([2H])([2H])c1cc(-c2cccc(C3CCC(=O)NC3=O)c2Cl)ccc1NC(=O)N1CC[C@H](OC)C1,VAV1,,0.7,=,1,,Shanghai Qilu Pharmaceutical Research And Development Centre,WO2026051943A1,PGDB_AS001440,% Degradation,luminescence,standardized
PGDB_C003556,[2H]C([2H])([2H])n1cc(-c2ccc3c(c2)CN(C2CCC(=O)NC2=O)C3=O)nc1-c1ccccc1,CSNK1A1,,25.0,<,1,HEK293,Innovo Therapeutics,EP4584259A1,PGDB_AS001103,% Degradation,,standardized
PGDB_C003556,[2H]C([2H])([2H])n1cc(-c2ccc3c(c2)CN(C2CCC(=O)NC2=O)C3=O)nc1-c1ccccc1,GSPT1,,25.0,<,1,HEK293,Innovo Therapeutics,EP4584259A1,PGDB_AS001862,% Degradation,luminescence,standardized
PGDB_C003554,[2H]C([2H])([2H])n1ncc(-c2ccc3c(c2)CN(C2CCC(=O)NC2=O)C3=O)c1-c1ccc(OC(F)(F)F)cc1,CSNK1A1,,25.0,<,1,HEK293,Innovo Therapeutics,EP4584259A1,PGDB_AS001103,% Degradation,,standardized
PGDB_C003554,[2H]C([2H])([2H])n1ncc(-c2ccc3c(c2)CN(C2CCC(=O)NC2=O)C3=O)c1-c1ccc(OC(F)(F)F)cc1,GSPT1,,25.0,<,1,HEK293,Innovo Therapeutics,EP4584259A1,PGDB_AS001862,% Degradation,luminescence,standardized
PGDB_C003555,[2H]C([2H])([2H])n1ncc(-c2ccc3c(c2)CN(C2CCC(=O)NC2=O)C3=O)c1-c1ccc(OC(F)F)cc1,CSNK1A1,,25.0,<,1,HEK293,Innovo Therapeutics,EP4584259A1,PGDB_AS001103,% Degradation,,standardized
PGDB_C003550,[2H]C([2H])([2H])n1ncc(-c2ccc3c(c2)CN(C2CCC(=O)NC2=O)C3=O)c1-c1ccc(OC)c(F)c1,CSNK1A1,,25.0,<,1,HEK293,Innovo Therapeutics,EP4584259A1,PGDB_AS001103,% Degradation,,standardized
PGDB_C003552,[2H]C([2H])([2H])n1ncc(-c2ccc3c(c2)CN(C2CCC(=O)NC2=O)C3=O)c1-c1ccc(OC)cc1,CSNK1A1,,25.0,<,1,HEK293,Innovo Therapeutics,EP4584259A1,PGDB_AS001103,% Degradation,,standardized
PGDB_C003553,[2H]C([2H])([2H])n1ncc(-c2ccc3c(c2)CN(C2CCC(=O)NC2=O)C3=O)c1-c1ccc(OC)cc1Cl,CSNK1A1,,25.0,<,1,HEK293,Innovo Therapeutics,EP4584259A1,PGDB_AS001103,% Degradation,,standardized
PGDB_C003551,[2H]C([2H])([2H])n1ncc(-c2ccc3c(c2)CN(C2CCC(=O)NC2=O)C3=O)c1-c1ccc2c(c1)CCO2,CSNK1A1,,25.0,<,1,HEK293,Innovo Therapeutics,EP4584259A1,PGDB_AS001103,% Degradation,,standardized
PGDB_C003813,[2H]C([2H])([2H])n1ncc(-c2ccc3c(c2)CN(C2CCC(=O)NC2=O)C3=O)c1-c1ccccc1,CSNK1A1,,25.0,<,1,HEK293,Innovo Therapeutics,EP4584259A1,PGDB_AS001103,% Degradation,,standardized
PGDB_C010318,[2H]C1(N[C@H]2CCCC[C@@H]2Cc2ccc3c(c2)CN(C2CCC(=O)NC2=O)C3=O)CCC(F)(F)CC1,SMARCA4,,500.0,>=,0,HeLa,Plexium,WO2025101944,PGDB_AS000431,% Degradation,luminescence,standardized
PGDB_C024893,[2H]C1Cc2nc3cnc(Oc4ccc(-c5cccc(C6CCC(=O)NC6=O)c5Cl)cc4)cc3n2C1,VAV1,,50.0,<=,1,Jurkat,Shanghai Meiyue Biotech Development Co Ltd,WO2026061428A1,PGDB_AS001390,% Degradation,fluorescence,standardized
PGDB_C011474,[N-]=Cc1ccc(N2CCN(C3c4ccc(COc5cccc6c5CN([C@H]5CCC(=O)NC5=O)C6=O)cc4CCC3O)CC2)c(F)c1,IKZF3,CRBN,1.0,<=,1,,Shanghai Gdac Biotechnology,WO2025195464A1,PGDB_AS002421,% Degradation,luminescence,standardized
PGDB_C033038,[Th]=[Th],VAV1,,2.9,=,1,Jurkat,,WO2026139100A1,PGDB_AS002609,% Degradation,luminescence,standardized
