compound_id,canonical_smiles,target,e3_ligase,dmax_value_percent,dmax_operator,dmax_label,cell_line,assignee,source_patent,assay_id,assay_type,technology,qc_status
PGDB_C029577,C#CCN(C)C(=O)Nc1ccc(-c2cccc(C3CCC(=O)NC3=O)c2Cl)cc1C,VAV1,,98.9,=,1,,Shanghai Qilu Pharmaceutical Research And Development Centre,WO2026051943A1,PGDB_AS000777,% Degradation,luminescence,standardized
PGDB_C029500,C#CCN(C)C(=O)Oc1ccc(-c2cccc(C3CCC(=O)NC3=O)c2Cl)cc1C,VAV1,,97.71,=,1,,Shanghai Qilu Pharmaceutical Research And Development Centre,WO2026051943A1,PGDB_AS000777,% Degradation,luminescence,standardized
PGDB_C029438,C#Cc1c(-c2ccc(-c3c(C)ccn(C)c3=O)cc2)cccc1C1CCC(=O)NC1=O,VAV1,,94.13,=,1,,Shanghai Qilu Pharmaceutical Research And Development Centre,WO2026051943A1,PGDB_AS000777,% Degradation,luminescence,standardized
PGDB_C029472,C#Cc1c(-c2ccc(-c3c(COC)ccn(C)c3=O)cc2)cccc1C1CCC(=O)NC1=O,VAV1,,93.6,=,1,,Shanghai Qilu Pharmaceutical Research And Development Centre,WO2026051943A1,PGDB_AS000777,% Degradation,luminescence,standardized
PGDB_C032928,C#Cc1c(-c2ccc(-c3c(OCC(F)(F)F)cc[nH]c3=O)cc2)cccc1C1CCC(=O)NC1=O,VAV1,,90.0,>,1,Jurkat,,WO2026145172A1,PGDB_AS002627,% Degradation,luminescence,standardized
PGDB_C032908,C#Cc1c(-c2ccc(-c3c(OCC(F)(F)F)ccn(C)c3=O)cc2)cccc1C1CCC(=O)NC1=O,VAV1,,90.0,>,1,Jurkat,,WO2026145172A1,PGDB_AS002627,% Degradation,luminescence,standardized
PGDB_C033034,C#Cc1c(-c2ccc(-c3c(OCC(F)(F)F)ccn(C4CC4)c3=O)cc2)cccc1C1CCC(=O)NC1=O,VAV1,,90.0,>,1,Jurkat,,WO2026145172A1,PGDB_AS002627,% Degradation,luminescence,standardized
PGDB_C032949,C#Cc1c(-c2ccc(-c3c(OCC(F)(F)F)ccn(CC)c3=O)cc2)cccc1C1CCC(=O)NC1=O,VAV1,,90.0,>,1,Jurkat,,WO2026145172A1,PGDB_AS002627,% Degradation,luminescence,standardized
PGDB_C033057,C#Cc1c(-c2ccc(-c3c(OCCC(F)(F)F)cc[nH]c3=O)cc2)cccc1C1CCC(=O)NC1=O,VAV1,,90.0,>,1,Jurkat,,WO2026145172A1,PGDB_AS002627,% Degradation,luminescence,standardized
PGDB_C033063,C#Cc1c(-c2ccc(-c3c(OCCC(F)(F)F)ccn(C)c3=O)cc2)cccc1C1CCC(=O)NC1=O,VAV1,,90.0,>,1,Jurkat,,WO2026145172A1,PGDB_AS002627,% Degradation,luminescence,standardized
PGDB_C032958,C#Cc1c(-c2ccc(-c3c(OCCC(F)(F)F)ccn(C4CC4)c3=O)cc2)cccc1C1CCC(=O)NC1=O,VAV1,,90.0,>,1,Jurkat,,WO2026145172A1,PGDB_AS002627,% Degradation,luminescence,standardized
PGDB_C032927,C#Cc1c(-c2ccc(-c3c(OCCC(F)(F)F)ccn(CC)c3=O)cc2)cccc1C1CCC(=O)NC1=O,VAV1,,90.0,>,1,Jurkat,,WO2026145172A1,PGDB_AS002627,% Degradation,luminescence,standardized
PGDB_C032962,C#Cc1c(-c2ccc(-n3c(-n4cccn4)cc(C(F)(F)F)cc3=O)cc2)cccc1C1CCC(=O)NC1=O,VAV1,,80.0,>=,1,Jurkat,,WO2026145172A1,PGDB_AS002599,% Degradation,luminescence,standardized
PGDB_C032876,C#Cc1c(-c2ccc(-n3c(C(F)(F)F)cc(C(F)F)cc3=O)cc2)cccc1C1CCC(=O)NC1=O,VAV1,,90.0,>,1,Jurkat,,WO2026145172A1,PGDB_AS002624,% Degradation,luminescence,standardized
PGDB_C033008,C#Cc1c(-c2ccc(-n3c(C(F)(F)F)cc(C)cc3=O)cc2)cccc1C1(F)CCC(=O)NC1=O,VAV1,,90.0,>,1,Jurkat,,WO2026145172A1,PGDB_AS002627,% Degradation,luminescence,standardized
PGDB_C032816,C#Cc1c(-c2ccc(-n3c(C(F)(F)F)cc(C)cc3=O)cc2)cccc1C1CCC(=O)NC1=O,VAV1,,90.0,>,1,Jurkat,,WO2026145172A1,PGDB_AS002624,% Degradation,luminescence,standardized
PGDB_C032961,C#Cc1c(-c2ccc(-n3c(C(F)(F)F)cc(C)cc3=O)cc2)cccc1[C@@H]1CCC(=O)NC1=O,VAV1,,90.0,>,1,Jurkat,,WO2026145172A1,PGDB_AS002624,% Degradation,luminescence,standardized
PGDB_C033074,C#Cc1c(-c2ccc(-n3c(C(F)(F)F)cc(C)cc3=O)cc2)cccc1[C@H]1CCC(=O)NC1=O,VAV1,,90.0,>,1,Jurkat,,WO2026145172A1,PGDB_AS002624,% Degradation,luminescence,standardized
PGDB_C032825,C#Cc1c(-c2ccc(-n3c(C(F)(F)F)cc(OC)cc3=O)cc2)cccc1C1CCC(=O)NC1=O,VAV1,,90.0,>,1,Jurkat,,WO2026145172A1,PGDB_AS002624,% Degradation,luminescence,standardized
PGDB_C029463,C#Cc1c(-c2ccc(-n3c(C(F)F)cccc3=O)cc2)cccc1C1CCC(=O)NC1=O,VAV1,,98.77,=,1,,Shanghai Qilu Pharmaceutical Research And Development Centre,WO2026051943A1,PGDB_AS000777,% Degradation,luminescence,standardized
PGDB_C032842,C#Cc1c(-c2ccc(-n3c(C)c(C)c(C)cc3=O)cc2)cccc1C1CCC(=O)NC1=O,VAV1,,90.0,>,1,Jurkat,,WO2026145172A1,PGDB_AS002624,% Degradation,luminescence,standardized
PGDB_C032939,C#Cc1c(-c2ccc(-n3c(C)c(C)c(OC)cc3=O)cc2)cccc1C1CCC(=O)NC1=O,VAV1,,90.0,>,1,Jurkat,,WO2026145172A1,PGDB_AS002599,% Degradation,luminescence,standardized
PGDB_C032877,C#Cc1c(-c2ccc(-n3c(C)cc(C)cc3=O)cc2)cccc1C1CCC(=O)NC1=O,VAV1,,90.0,>,1,Jurkat,,WO2026145172A1,PGDB_AS002624,% Degradation,luminescence,standardized
PGDB_C032826,C#Cc1c(-c2ccc(-n3c(C)cc(OC)cc3=O)cc2)cccc1C1CCC(=O)NC1=O,VAV1,,90.0,>,1,Jurkat,,WO2026145172A1,PGDB_AS002624,% Degradation,luminescence,standardized
PGDB_C029432,C#Cc1c(-c2ccc(-n3c(C)cccc3=O)cc2)cccc1C1CCC(=O)NC1=O,VAV1,,95.6,=,1,,Shanghai Qilu Pharmaceutical Research And Development Centre,WO2026051943A1,PGDB_AS000777,% Degradation,luminescence,standardized
PGDB_C032776,C#Cc1c(-c2ccc(-n3c(C4CC4)cc(C(F)(F)F)cc3=O)cc2)cccc1C1CCC(=O)NC1=O,VAV1,,80.0,>=,1,Jurkat,,WO2026145172A1,PGDB_AS002622,% Degradation,,standardized
PGDB_C032784,C#Cc1c(-c2ccc(-n3c(C4CC4)cc(C)cc3=O)cc2)cccc1C1CCC(=O)NC1=O,VAV1,,90.0,>,1,Jurkat,,WO2026145172A1,PGDB_AS002622,% Degradation,,standardized
PGDB_C032785,C#Cc1c(-c2ccc(-n3c(C4CC4)cccc3=O)cc2)cccc1C1CCC(=O)NC1=O,VAV1,,90.0,>,1,Jurkat,,WO2026145172A1,PGDB_AS002622,% Degradation,,standardized
PGDB_C033036,C#Cc1c(-c2ccc(-n3c(C4CCCCC4)cc(C(F)F)cc3=O)cc2)cccc1C1CCC(=O)NC1=O,VAV1,,90.0,>,1,Jurkat,,WO2026145172A1,PGDB_AS002624,% Degradation,luminescence,standardized
PGDB_C032860,C#Cc1c(-c2ccc(-n3c(CC4CC4)cc(C(F)(F)F)cc3=O)cc2)cccc1C1CCC(=O)NC1=O,VAV1,,90.0,>,1,Jurkat,,WO2026145172A1,PGDB_AS002624,% Degradation,luminescence,standardized
PGDB_C032880,C#Cc1c(-c2ccc(-n3c(CCC(F)(F)F)cc(C)cc3=O)cc2)cccc1C1CCC(=O)NC1=O,VAV1,,90.0,>,1,Jurkat,,WO2026145172A1,PGDB_AS002624,% Degradation,luminescence,standardized
PGDB_C032923,C#Cc1c(-c2ccc(-n3c(CCC(F)(F)F)cc(OC)cc3=O)cc2)cccc1C1CCC(=O)NC1=O,VAV1,,90.0,>,1,Jurkat,,WO2026145172A1,PGDB_AS002624,% Degradation,luminescence,standardized
PGDB_C032851,C#Cc1c(-c2ccc(-n3c(CCC(F)(F)F)cc(OCC)cc3=O)cc2)cccc1C1CCC(=O)NC1=O,VAV1,,90.0,>,1,Jurkat,,WO2026145172A1,PGDB_AS002624,% Degradation,luminescence,standardized
PGDB_C029445,C#Cc1c(-c2ccc(-n3c(CN(C)C)cccc3=O)cc2)cccc1C1CCC(=O)NC1=O,VAV1,,97.6,=,1,,Shanghai Qilu Pharmaceutical Research And Development Centre,WO2026051943A1,PGDB_AS000777,% Degradation,luminescence,standardized
PGDB_C029433,C#Cc1c(-c2ccc(-n3c(CO)cccc3=O)cc2)cccc1C1CCC(=O)NC1=O,VAV1,,94.72,=,1,,Shanghai Qilu Pharmaceutical Research And Development Centre,WO2026051943A1,PGDB_AS000777,% Degradation,luminescence,standardized
PGDB_C029464,C#Cc1c(-c2ccc(-n3c(COC)cccc3=O)cc2)cccc1C1CCC(=O)NC1=O,VAV1,,95.62,=,1,,Shanghai Qilu Pharmaceutical Research And Development Centre,WO2026051943A1,PGDB_AS000777,% Degradation,luminescence,standardized
PGDB_C032873,C#Cc1c(-c2ccc(-n3c(N4CC5CC5C4)cc(C(F)F)cc3=O)cc2)cccc1C1CCC(=O)NC1=O,VAV1,,90.0,>,1,Jurkat,,WO2026145172A1,PGDB_AS002624,% Degradation,luminescence,standardized
PGDB_C032853,C#Cc1c(-c2ccc(-n3c(N4CCCC4)cc(C(F)(F)F)cc3=O)cc2)cccc1C1CCC(=O)NC1=O,VAV1,,90.0,>,1,Jurkat,,WO2026145172A1,PGDB_AS002624,% Degradation,luminescence,standardized
PGDB_C032862,C#Cc1c(-c2ccc(-n3c(N4CCOCC4)cc(C(F)F)cc3=O)cc2)cccc1C1CCC(=O)NC1=O,VAV1,,90.0,>,1,Jurkat,,WO2026145172A1,PGDB_AS002624,% Degradation,luminescence,standardized
PGDB_C033015,C#Cc1c(-c2ccc(-n3c(OC4CC(F)(F)C4)cc(C(F)(F)F)cc3=O)cc2)cccc1C1CCC(=O)NC1=O,VAV1,,90.0,>,1,Jurkat,,WO2026145172A1,PGDB_AS002599,% Degradation,luminescence,standardized
PGDB_C033007,C#Cc1c(-c2ccc(-n3c(OC4CC4)cc(C(F)(F)F)cc3=O)cc2)cccc1C1CCC(=O)NC1=O,VAV1,,90.0,>,1,Jurkat,,WO2026145172A1,PGDB_AS002627,% Degradation,luminescence,standardized
PGDB_C032934,C#Cc1c(-c2ccc(-n3c(OC4CC4)cc(C(F)F)cc3=O)cc2)cccc1C1CCC(=O)NC1=O,VAV1,,90.0,>,1,Jurkat,,WO2026145172A1,PGDB_AS002627,% Degradation,luminescence,standardized
PGDB_C032950,C#Cc1c(-c2ccc(-n3c(OCC(F)(F)F)cc(C(F)(F)F)cc3=O)cc2)cccc1C1CCC(=O)NC1=O,VAV1,,90.0,>,1,Jurkat,,WO2026145172A1,PGDB_AS002624,% Degradation,luminescence,standardized
PGDB_C032881,C#Cc1c(-c2ccc(-n3c(OCC(F)(F)F)cc(C(F)F)cc3=O)cc2)cccc1C1CCC(=O)NC1=O,VAV1,,90.0,>,1,Jurkat,,WO2026145172A1,PGDB_AS002624,% Degradation,luminescence,standardized
PGDB_C032878,C#Cc1c(-c2ccc(-n3c(OCC(F)(F)F)cc(C)cc3=O)cc2)cccc1C1CCC(=O)NC1=O,VAV1,,90.0,>,1,Jurkat,,WO2026145172A1,PGDB_AS002624,% Degradation,luminescence,standardized
PGDB_C032971,C#Cc1c(-c2ccc(-n3c(OCCC(F)(F)F)cc(C(F)(F)F)cc3=O)cc2)cccc1C1CCC(=O)NC1=O,VAV1,,80.0,>=,1,Jurkat,,WO2026145172A1,PGDB_AS002599,% Degradation,luminescence,standardized
PGDB_C033067,C#Cc1c(-c2ccc(-n3c(O[C@@H]4CCOC4)cc(C(F)(F)F)cc3=O)cc2)cccc1C1CCC(=O)NC1=O,VAV1,,80.0,>=,1,Jurkat,,WO2026145172A1,PGDB_AS002627,% Degradation,luminescence,standardized
PGDB_C032976,C#Cc1c(-c2ccc(-n3c(O[C@@H]4CCOC4)cc(C(F)F)cc3=O)cc2)cccc1C1CCC(=O)NC1=O,VAV1,,90.0,>,1,Jurkat,,WO2026145172A1,PGDB_AS002599,% Degradation,luminescence,standardized
PGDB_C032907,C#Cc1c(-c2ccc(-n3c(O[C@H]4CCOC4)cc(C(F)(F)F)cc3=O)cc2)cccc1C1CCC(=O)NC1=O,VAV1,,90.0,>,1,Jurkat,,WO2026145172A1,PGDB_AS002599,% Degradation,luminescence,standardized
PGDB_C033051,C#Cc1c(-c2ccc(-n3c(O[C@H]4CCOC4)cc(C(F)F)cc3=O)cc2)cccc1C1CCC(=O)NC1=O,VAV1,,90.0,>,1,Jurkat,,WO2026145172A1,PGDB_AS002599,% Degradation,luminescence,standardized
PGDB_C029457,C#Cc1c(-c2ccc(-n3ccccc3=O)cc2)cccc1C1CCC(=O)NC1=O,VAV1,,88.4,=,1,,Shanghai Qilu Pharmaceutical Research And Development Centre,WO2026051943A1,PGDB_AS000777,% Degradation,luminescence,standardized
PGDB_C029480,C#Cc1c(-c2ccc(N3C(=O)COCC34CC4)cc2)cccc1C1CCC(=O)NC1=O,VAV1,,98.94,=,1,,Shanghai Qilu Pharmaceutical Research And Development Centre,WO2026051943A1,PGDB_AS000777,% Degradation,luminescence,standardized
PGDB_C032943,C#Cc1c(OC)cc(=O)n(-c2ccc(-c3cccc(N4CCC(=O)NC4=O)c3Cl)cc2)c1C,VAV1,,90.0,>,1,Jurkat,,WO2026145172A1,PGDB_AS002599,% Degradation,luminescence,standardized
PGDB_C008702,C=C1CC[C@H](N)[C@@H](Cc2ccc3c(c2)CN(C2CCC(=O)NC2=O)C3=O)C1,IKZF1,,29.0,=,0,HEK293,Gilead Sciences,JP2026020265A,PGDB_AS000216,% Degradation,luminescence,standardized
PGDB_C008702,C=C1CC[C@H](N)[C@@H](Cc2ccc3c(c2)CN(C2CCC(=O)NC2=O)C3=O)C1,IKZF2,,65.0,=,0,HEK293,Gilead Sciences,JP2026020265A,PGDB_AS000211,% Degradation,luminescence,standardized
PGDB_C033095,C=C1CC[C@H](N2Cc3c4c(cc(F)c3C2=O)C2(CCN(CC3CCN(c5ccc(C(=O)N[C@H]6CC[C@H](Oc7ccccc7Cl)CC6)cc5F)CC3)CC2)CO4)C(=O)N1,CSNK1A1,,90.0,>,1,HEK293,,WO2026139085A1,PGDB_AS002607,% Degradation,luminescence,standardized
PGDB_C029640,C=C1CN(C(=O)Nc2ccc(-c3cccc(C4CCC(=O)NC4=O)c3Cl)cc2C)C1,VAV1,,97.9,=,1,,Shanghai Qilu Pharmaceutical Research And Development Centre,WO2026051943A1,PGDB_AS000777,% Degradation,luminescence,standardized
PGDB_C008736,C=C1c2ccc(OC3CN(Cc4ccccc4)CCC3NS(C)(=O)=O)cc2CN1C1CCC(=O)NC1=O,IKZF2,,62.0,=,0,HEK293,Gilead Sciences,JP7834866B2,PGDB_AS002372,% Degradation,,standardized
PGDB_C019920,C=C1c2cnn(-c3ccccc3)c2N=NN1Cc1cccnc1,FBXW7,,0.12,=,0,,University Of Washington;Scripps Research Institute;Fred Hutchinson Cancer Center,WO2019200310A1,PGDB_AS000856,biochemical,,standardized
PGDB_C033003,CC#Cc1c(-c2ccc(-n3c(C(F)(F)F)cc(C)cc3=O)cc2)cccc1C1CCC(=O)NC1=O,VAV1,,90.0,>,1,Jurkat,,WO2026145172A1,PGDB_AS002599,% Degradation,luminescence,standardized
PGDB_C000681,CC#Cc1ccc(F)c(NC(=O)OC2CN(c3cc(F)c(N4CCC(=O)NC4=O)c(F)c3)C2)c1,GSPT1,,93.1,=,1,HEK293,Nanjing Sanhome Pharmaceutical,CN119431327A,PGDB_AS000252,% Degradation,,standardized
PGDB_C024903,CC(=O)N(C)CCn1cc2ccc3cc(-c4cccc(C5CCC(=O)NC5=O)c4Cl)ccc3c2n1,VAV1,,91.06,=,1,Jurkat,Shanghai Meiyue Biotech Development,CN121698875A,PGDB_AS000398,% Degradation,,standardized
PGDB_C029548,CC(=O)N(Cc1ccn(C)n1)c1ccc(-c2cccc(C3CCC(=O)NC3=O)c2Cl)cc1,VAV1,,94.75,=,1,,Shanghai Qilu Pharmaceutical Research And Development Centre,WO2026051943A1,PGDB_AS000777,% Degradation,luminescence,standardized
PGDB_C029466,CC(=O)N1CC2CC2c2cc(-c3cccc(C4CCC(=O)NC4=O)c3Cl)ccc21,VAV1,,94.93,=,1,,Shanghai Qilu Pharmaceutical Research And Development Centre,WO2026051943A1,PGDB_AS000777,% Degradation,luminescence,standardized
PGDB_C011202,CC(=O)N1CCC(N[C@H]2CCCC[C@@H]2Cc2ccc3c(c2)CN(C2CCC(=O)NC2=O)C3=O)CC1,IKZF2,,96.0,=,1,HEK293,Gilead Sciences,JP2026020265A,PGDB_AS000211,% Degradation,luminescence,standardized
PGDB_C005455,CC(=O)N1CCC2(CC1)CC(N1CCC(c3ccc4c(c3)CN(C3CCC(=O)NC3=O)C4=O)CC1)C2,IKZF2,,50.0,<=,0,,Hangzhou Polymed Biopharmaceuticals,WO2025067466A1,PGDB_AS001154,% Degradation,Western_blot,standardized
PGDB_C029473,CC(=O)N1CCCOc2cc(-c3cccc(C4CCC(=O)NC4=O)c3Cl)ccc21,VAV1,,95.1,=,1,,Shanghai Qilu Pharmaceutical Research And Development Centre,WO2026051943A1,PGDB_AS000777,% Degradation,luminescence,standardized
PGDB_C029444,CC(=O)N1CCSc2cc(-c3cccc(C4CCC(=O)NC4=O)c3Cl)ccc21,VAV1,,97.3,=,1,,Shanghai Qilu Pharmaceutical Research And Development Centre,WO2026051943A1,PGDB_AS000777,% Degradation,luminescence,standardized
PGDB_C008358,CC(=O)NC1CCN(Cc2ccccc2)CC1Oc1ccc2c(c1)CN(C1CCC(=O)NC1=O)C2=O,IKZF2,,69.0,=,0,HEK293,Gilead Sciences,JP7834866B2,PGDB_AS002372,% Degradation,,standardized
PGDB_C024870,CC(=O)NCCn1cc2c(n1)-c1ccc(-c3cccc(C4CCC(=O)NC4=O)c3Cl)cc1CC2,VAV1,,96.97,=,1,Jurkat,Shanghai Meiyue Biotech Development,CN121698875A,PGDB_AS000398,% Degradation,,standardized
PGDB_C019885,CC(=O)Nc1ccc(NC(=O)Cn2cnc3c(cnn3C(C)(C)C)c2=O)cc1,FBXW7,,0.23,=,0,,University Of Washington;Scripps Research Institute;Fred Hutchinson Cancer Center,WO2019200310A1,PGDB_AS000546,biochemical,luminescence,standardized
PGDB_C032037,CC(=O)Nc1sc(-c2cccc(C3CCC(=O)NC3=O)c2Cl)cc1C,VAV1,,96.0,=,1,,Changchun Genescience Pharmaceutical Co Ltd,WO2026119120A1,PGDB_AS000657,% Degradation,luminescence,standardized
PGDB_C032054,CC(=O)Nc1sc(-c2cccc(C3CCC(=O)NC3=O)c2Cl)cc1C1CC1,VAV1,,98.0,=,1,,Changchun Genescience Pharmaceutical Co Ltd,WO2026119120A1,PGDB_AS000657,% Degradation,luminescence,standardized
PGDB_C032052,CC(=O)Nc1sc(-c2cccc(C3CCC(=O)NC3=O)c2Cl)cc1Cl,VAV1,,91.2,=,1,,Changchun Genescience Pharmaceutical Co Ltd,WO2026119120A1,PGDB_AS000657,% Degradation,luminescence,standardized
PGDB_C020453,CC(C)(C(=O)NCc1cc(F)c(C2CCC(=O)NC2=O)c(Cl)c1)c1ccc(C(F)F)nn1,NEK7,CRBN,60.0,=,0,CAL-51,Monte Rosa Therapeutics,KR20260041885A,PGDB_AS002252,% Degradation,luminescence,standardized
PGDB_C020451,CC(C)(C(=O)NCc1cc(F)c(C2CCC(=O)NC2=O)c(Cl)c1)c1nocc1C(F)(F)F,NEK7,CRBN,71.0,=,0,CAL-51,Monte Rosa Therapeutics,KR20260041885A,PGDB_AS002252,% Degradation,luminescence,standardized
PGDB_C007988,CC(C)(C)C1CCCn2nc(COC(=O)NCc3ccc4c(c3F)C(=O)N(C3CCC(=O)NC3=O)C4)cc21,CDK2,,66.0,=,0,HEK293,Genentech,WO2025043225,PGDB_AS000677,% Degradation,luminescence,standardized
PGDB_C007988,CC(C)(C)C1CCCn2nc(COC(=O)NCc3ccc4c(c3F)C(=O)N(C3CCC(=O)NC3=O)C4)cc21,GSPT1,,13.0,=,0,HEK293,Genentech,WO2025043225,PGDB_AS000429,% Degradation,,standardized
PGDB_C011012,CC(C)(C)CC(C)(C)Nc1c(-c2ccc3c(c2)C(=O)N(C2CCC(=O)NC2=O)C3=O)nc2c3ccccc3ccn12,WEE1,,86.0,=,1,,Dana Farber Cancer Institute;Leland Stanford Junior University,WO2025129172A1,PGDB_AS000292,% Degradation,luminescence,standardized
PGDB_C011059,CC(C)(C)CC(C)(C)Nc1c(-c2ccc3c(c2)C(=O)N(C2CCC(=O)NC2=O)C3=O)nc2cc(F)ccn12,WEE1,,94.0,=,1,,Dana Farber Cancer Institute;Leland Stanford Junior University,WO2025129172A1,PGDB_AS000292,% Degradation,luminescence,standardized
PGDB_C011060,CC(C)(C)CC(C)(C)Nc1c(-c2ccc3c(c2)C(=O)N(C2CCC(=O)NC2=O)C3=O)nc2ccc(F)cn12,WEE1,,8.0,=,0,,Dana Farber Cancer Institute;Leland Stanford Junior University,WO2025129172A1,PGDB_AS000292,% Degradation,luminescence,standardized
PGDB_C011061,CC(C)(C)CC(C)(C)Nc1c(-c2ccc3c(c2)C(=O)N(C2CCC(=O)NC2=O)C3=O)nc2ccc3c(n12)CCC3,WEE1,,83.0,=,1,,Dana Farber Cancer Institute;Leland Stanford Junior University,WO2025129172A1,PGDB_AS000292,% Degradation,luminescence,standardized
PGDB_C011065,CC(C)(C)CC(C)(C)Nc1c(-c2ccc3c(c2)C(=O)N(C2CCC(=O)NC2=O)C3=O)nc2ccc3c(n12)OCC3,WEE1,,87.0,=,1,,Dana Farber Cancer Institute;Leland Stanford Junior University,WO2025129172A1,PGDB_AS000292,% Degradation,luminescence,standardized
PGDB_C011064,CC(C)(C)CC(C)(C)Nc1c(-c2ccc3c(c2)C(=O)N(C2CCC(=O)NC2=O)C3=O)nc2ccc3ccccc3n12,WEE1,,69.0,=,0,,Dana Farber Cancer Institute;Leland Stanford Junior University,WO2025129172A1,PGDB_AS000292,% Degradation,luminescence,standardized
PGDB_C011066,CC(C)(C)CC(C)(C)Nc1c(-c2ccc3c(c2)C(=O)N(C2CCC(=O)NC2=O)C3=O)nc2cccc(-c3ccccc3)n12,WEE1,,80.0,=,1,,Dana Farber Cancer Institute;Leland Stanford Junior University,WO2025129172A1,PGDB_AS000292,% Degradation,luminescence,standardized
PGDB_C011056,CC(C)(C)CC(C)(C)Nc1c(-c2ccc3c(c2)C(=O)N(C2CCC(=O)NC2=O)C3=O)nc2sccn12,WEE1,,91.0,=,1,,Dana Farber Cancer Institute;Leland Stanford Junior University,WO2025129172A1,PGDB_AS000292,% Degradation,luminescence,standardized
PGDB_C011016,CC(C)(C)CC(C)(C)Nc1c(-c2ccc3c(c2)CN(C2CCC(=O)NC2=O)C3=O)nc2ccccn12,WEE1,,93.0,=,1,,Dana Farber Cancer Institute;Leland Stanford Junior University,WO2025129172A1,PGDB_AS000292,% Degradation,luminescence,standardized
PGDB_C008471,CC(C)(C)CCN(CCC(C)(C)C)[C@H]1CCCC[C@@H]1Cc1ccc2c(c1F)CN(C1CCC(=O)NC1=O)C2=O,IKZF2,,75.0,=,0,HEK293,Gilead Sciences,JP2026020265A,PGDB_AS000211,% Degradation,luminescence,standardized
PGDB_C008437,CC(C)(C)CCN[C@H]1CCCC[C@@H]1Cc1ccc2c(c1)CN(C1CCC(=O)NC1=O)C2=O,IKZF1,,30.0,=,0,HEK293,Gilead Sciences,JP2026020265A,PGDB_AS000216,% Degradation,luminescence,standardized
PGDB_C008437,CC(C)(C)CCN[C@H]1CCCC[C@@H]1Cc1ccc2c(c1)CN(C1CCC(=O)NC1=O)C2=O,IKZF2,,96.0,=,1,HEK293,Gilead Sciences,JP2026020265A,PGDB_AS000211,% Degradation,luminescence,standardized
PGDB_C008470,CC(C)(C)CCN[C@H]1CCCC[C@@H]1Cc1ccc2c(c1F)CN(C1CCC(=O)NC1=O)C2=O,IKZF1,,28.0,=,0,HEK293,Gilead Sciences,JP2026020265A,PGDB_AS000216,% Degradation,luminescence,standardized
PGDB_C008470,CC(C)(C)CCN[C@H]1CCCC[C@@H]1Cc1ccc2c(c1F)CN(C1CCC(=O)NC1=O)C2=O,IKZF2,,97.0,=,1,HEK293,Gilead Sciences,JP2026020265A,PGDB_AS000211,% Degradation,luminescence,standardized
PGDB_C008438,CC(C)(C)CN[C@H]1CCCC[C@@H]1Cc1ccc2c(c1)CN(C1CCC(=O)NC1=O)C2=O,IKZF2,,89.0,=,1,HEK293,Gilead Sciences,JP2026020265A,PGDB_AS000211,% Degradation,luminescence,standardized
PGDB_C007557,CC(C)(C)N1CCN(Cc2ccc(Cc3ccc4c5c(cc(F)cc35)C(=O)N4C3CCC(=O)NC3=O)c(F)c2)CC1,IKZF1,,87.3,=,1,HT-1080,Hangzhou Glubio Pharmaceutical,EP4393915A1,PGDB_AS001371,% Degradation,luminescence,standardized
PGDB_C007557,CC(C)(C)N1CCN(Cc2ccc(Cc3ccc4c5c(cc(F)cc35)C(=O)N4C3CCC(=O)NC3=O)c(F)c2)CC1,SALL4,,49.1,=,0,HT-1080,Hangzhou Glubio Pharmaceutical,EP4393915A1,PGDB_AS001879,% Degradation,luminescence,standardized
PGDB_C011023,CC(C)(C)Nc1c(-c2ccc3c(c2)C(=O)N(C2CCC(=O)NC2=O)C3=O)nc2ccccn12,WEE1,,95.0,=,1,,Dana Farber Cancer Institute;Leland Stanford Junior University,WO2025129172A1,PGDB_AS000292,% Degradation,luminescence,standardized
PGDB_C011009,CC(C)(C)Nc1c(-c2ccc3c(c2)C(=O)N(C2CCC(=O)NC2=O)C3=O)nc2occn12,WEE1,,91.0,=,1,,Dana Farber Cancer Institute;Leland Stanford Junior University,WO2025129172A1,PGDB_AS000292,% Degradation,luminescence,standardized
PGDB_C011011,CC(C)(C)Nc1c(-c2ccc3c(c2)CN(C2CCC(=O)NC2=O)C3=O)nc2ccc3ccccc3n12,WEE1,,93.0,=,1,,Dana Farber Cancer Institute;Leland Stanford Junior University,WO2025129172A1,PGDB_AS000292,% Degradation,luminescence,standardized
PGDB_C011004,CC(C)(C)Nc1c(-c2ccc3c(c2)CN(C2CCC(=O)NC2=O)C3=O)nc2ccccn12,WEE1,,94.0,=,1,,Dana Farber Cancer Institute;Leland Stanford Junior University,WO2025129172A1,PGDB_AS000292,% Degradation,luminescence,standardized
PGDB_C011035,CC(C)(C)Nc1c(-c2ccc3c(c2)CN(C2CCC(=O)NC2=O)C3=O)nc2cccnn12,WEE1,,93.0,=,1,,Dana Farber Cancer Institute;Leland Stanford Junior University,WO2025129172A1,PGDB_AS000292,% Degradation,luminescence,standardized
PGDB_C011048,CC(C)(C)Nc1c(-c2ccc3c(c2)CN(C2CCC(=O)NC2=O)C3=O)nc2cnccn12,WEE1,,92.0,=,1,,Dana Farber Cancer Institute;Leland Stanford Junior University,WO2025129172A1,PGDB_AS000292,% Degradation,luminescence,standardized
PGDB_C011034,CC(C)(C)Nc1c(-c2ccc3c(c2)CN(C2CCC(=O)NC2=O)C3=O)nc2ncccn12,WEE1,,88.0,=,1,,Dana Farber Cancer Institute;Leland Stanford Junior University,WO2025129172A1,PGDB_AS000292,% Degradation,luminescence,standardized
PGDB_C011020,CC(C)(C)OC(=O)CNc1c(-c2ccc3c(c2)CN(C2CCC(=O)NC2=O)C3=O)nc2ccccn12,WEE1,,84.0,=,1,,Dana Farber Cancer Institute;Leland Stanford Junior University,WO2025129172A1,PGDB_AS000292,% Degradation,luminescence,standardized
PGDB_C019922,CC(C)(C)OC(=O)N/N=C\c1cccs1,FBXW7,,0.1,=,0,,University Of Washington;Scripps Research Institute;Fred Hutchinson Cancer Center,WO2019200310A1,PGDB_AS000856,biochemical,,standardized
PGDB_C012232,CC(C)(C)c1cnc(N2CC3(C2)CN(c2cccc(C4CCC(=O)NC4=O)c2Cl)C3)o1,VAV1,,31.244,=,0,Jurkat,Monte Rosa Therapeutics,WO2026013577A1,PGDB_AS002157,% Degradation,luminescence,standardized
PGDB_C012227,CC(C)(C)c1cnc(N2CCN(c3cccc(C4CCC(=O)NC4=O)c3Cl)CC2)o1,VAV1,,46.478,=,0,Jurkat,Monte Rosa Therapeutics,WO2026013577A1,PGDB_AS002157,% Degradation,luminescence,standardized
PGDB_C008555,CC(C)(CCN[C@H]1CCCC[C@@H]1Cc1ccc2c(c1)CN(C1CCC(=O)NC1=O)C2=O)C(F)(F)F,IKZF1,,34.0,=,0,HEK293,Gilead Sciences,JP2026020265A,PGDB_AS000216,% Degradation,luminescence,standardized
PGDB_C008555,CC(C)(CCN[C@H]1CCCC[C@@H]1Cc1ccc2c(c1)CN(C1CCC(=O)NC1=O)C2=O)C(F)(F)F,IKZF2,,94.0,=,1,HEK293,Gilead Sciences,JP2026020265A,PGDB_AS000211,% Degradation,luminescence,standardized
PGDB_C024842,CC(C)(O)Cn1cc2c(n1)CCc1cc(-c3cccc(C4CCC(=O)NC4=O)c3Cl)ccc1-2,VAV1,,90.1,=,1,Jurkat,Shanghai Meiyue Biotech Development,CN121698875A,PGDB_AS000398,% Degradation,,standardized
PGDB_C024841,CC(C)(O)Cn1ncc2c1CCc1cc(-c3cccc(C4CCC(=O)NC4=O)c3Cl)ccc1-2,VAV1,,118.7,=,1,Jurkat,Shanghai Meiyue Biotech Development,CN121698875A,PGDB_AS000398,% Degradation,,standardized
PGDB_C009246,CC(C)(O)c1cccn(-c2ccc(-c3cccc(C4CCC(=O)NC4=O)c3Cl)s2)c1=O,VAV1,,97.0,=,1,Jurkat,Wuhan Humanwell Innovative Drug Research And Development Center,WO2026041143A1,PGDB_AS000206,% Degradation,Western_blot,standardized
PGDB_C001474,CC(C)(c1ccc(NC(=O)OCc2ccc3c(c2)C(=O)N(C2CCC(=O)NC2=O)C3)cc1)c1ccc(OC(F)F)cc1,GSPT1,,92.09,=,1,HEK293,Nanjing Sanhome Pharmaceutical,CN118852145A,PGDB_AS002339,% Degradation,luminescence,standardized
PGDB_C008642,CC(C)C(C)N[C@H]1CCCO[C@@H]1Cc1ccc2c(c1F)CN(C1CCC(=O)NC1=O)C2=O,IKZF2,,95.0,=,1,HEK293,Gilead Sciences,JP2026020265A,PGDB_AS000211,% Degradation,luminescence,standardized
PGDB_C007951,CC(C)C1CCc2nc(COC(=O)NCc3ccc4c(c3)C(=O)N(C3CCC(=O)NC3=O)C4)sc2C1,CDK2,,36.0,=,0,HEK293,Genentech,WO2025043225,PGDB_AS002435,% Degradation,luminescence,standardized
PGDB_C008558,CC(C)CC(C)N[C@H]1CCCC[C@@H]1Cc1ccc2c(c1)CN(C1CCC(=O)NC1=O)C2=O,IKZF2,,98.0,=,1,HEK293,Gilead Sciences,JP2026020265A,PGDB_AS000211,% Degradation,luminescence,standardized
PGDB_C008510,CC(C)CCN[C@H]1CCCC[C@@H]1Cc1ccc2c(c1)CN(C1CCC(=O)NC1=O)C2=O,IKZF1,,25.0,=,0,HEK293,Gilead Sciences,JP2026020265A,PGDB_AS000216,% Degradation,luminescence,standardized
PGDB_C008510,CC(C)CCN[C@H]1CCCC[C@@H]1Cc1ccc2c(c1)CN(C1CCC(=O)NC1=O)C2=O,IKZF2,,95.0,=,1,HEK293,Gilead Sciences,JP2026020265A,PGDB_AS000211,% Degradation,luminescence,standardized
PGDB_C008317,CC(C)CN1CCC(NCc2ccccc2)C(Oc2ccc3c(c2)CN(C2CCC(=O)NC2=O)C3=O)C1,IKZF2,,35.0,=,0,HEK293,Gilead Sciences,JP7834866B2,PGDB_AS001425,% Degradation,luminescence,standardized
PGDB_C010198,CC(C)CN1CCC(O)(c2ccc3c(n2)CN(C2CCC(=O)NC2=O)C3=O)C(C)(C)C1,ARNT,,60.0,<=,0,7860-O,Neomorph,WO2025097092,PGDB_AS001935,% Degradation,luminescence,manual_curated
PGDB_C012058,CC(C)CN1CCN(Cc2cc3c(N4CCC(=O)NC4=O)noc3cc2F)C[C@@H]1C,WIZ,,58.5,=,0,HT-1080,Linkcure Therapeutics,WO2025256460A1,PGDB_AS002062,% Degradation,luminescence,standardized
PGDB_C012082,CC(C)CN1CCN(Cc2ccn3nc(F)c(N4CCC(=O)NC4=O)c3c2)C[C@@H]1C,WIZ,,90.6,=,1,HT-1080,Linkcure Therapeutics,WO2025256460A1,PGDB_AS002062,% Degradation,luminescence,standardized
PGDB_C012085,CC(C)CN1CCN(Cc2ccn3ncc(N4CCC(=O)NC4=O)c3c2Cl)C[C@@H]1C,WIZ,,40.7,=,0,HT-1080,Linkcure Therapeutics,WO2025256460A1,PGDB_AS002062,% Degradation,luminescence,standardized
PGDB_C012178,CC(C)Cn1cncc(N2CCN(c3cccc(C4CCC(=O)NC4=O)c3Cl)CC2)c1=O,VAV1,,92.929,=,1,Jurkat,Monte Rosa Therapeutics,WO2026013577A1,PGDB_AS002157,% Degradation,luminescence,standardized
PGDB_C012186,CC(C)Cn1nccc(N2CCC(c3cccc(C4CCC(=O)NC4=O)c3Cl)CC2)c1=O,VAV1,,89.742,=,1,Jurkat,Monte Rosa Therapeutics,WO2026013577A1,PGDB_AS002157,% Degradation,luminescence,standardized
PGDB_C008316,CC(C)N1CCC(NCc2ccccc2)C(Oc2ccc3c(c2)CN(C2CCC(=O)NC2=O)C3=O)C1,IKZF2,,47.0,=,0,HEK293,Gilead Sciences,JP7834866B2,PGDB_AS001425,% Degradation,luminescence,standardized
PGDB_C024878,CC(C)N1CCc2cc(-c3cccc(C4CCC(=O)NC4=O)c3Cl)ccc2C(=O)N1,VAV1,,101.4,=,1,Jurkat,Shanghai Meiyue Biotech Development,CN121698875A,PGDB_AS000398,% Degradation,,standardized
PGDB_C008347,CC(C)NC1CCN(Cc2ccccc2)CC1Oc1ccc2c(c1)CN(C1CCC(=O)NC1=O)C2=O,IKZF2,,98.0,=,1,HEK293,Gilead Sciences,JP2025129253A,PGDB_AS002322,% Degradation,luminescence,standardized
PGDB_C005877,CC(C)NCc1ccc2c(c1)CN(C1CCC(=O)NC1=O)C2=O,IKZF1,,51.0,=,0,HEK293,Gilead Sciences,AU2022419982A1,PGDB_AS000645,% Degradation,luminescence,standardized
PGDB_C005877,CC(C)NCc1ccc2c(c1)CN(C1CCC(=O)NC1=O)C2=O,IKZF2,,48.0,=,0,HEK293,Gilead Sciences,AU2022419982A1,PGDB_AS000473,% Degradation,,standardized
PGDB_C008679,CC(C)N[C@H]1CC(F)(F)CC[C@@H]1Cc1ccc2c(c1)CN(C1CCC(=O)NC1=O)C2=O,IKZF1,,39.0,=,0,HEK293,Gilead Sciences,JP2026020265A,PGDB_AS000216,% Degradation,luminescence,standardized
PGDB_C008679,CC(C)N[C@H]1CC(F)(F)CC[C@@H]1Cc1ccc2c(c1)CN(C1CCC(=O)NC1=O)C2=O,IKZF2,,97.0,=,1,HEK293,Gilead Sciences,JP2026020265A,PGDB_AS000211,% Degradation,luminescence,standardized
PGDB_C008435,CC(C)N[C@H]1CC=CC[C@@H]1Cc1ccc2c(c1)CN(C1CCC(=O)NC1=O)C2=O,IKZF2,,86.0,=,1,HEK293,Gilead Sciences,JP2026020265A,PGDB_AS000211,% Degradation,luminescence,standardized
PGDB_C008649,CC(C)N[C@H]1CCC(F)(F)C[C@@H]1Cc1ccc2c(c1)CN(C1CCC(=O)NC1=O)C2=O,IKZF2,,88.0,=,1,HEK293,Gilead Sciences,JP2026020265A,PGDB_AS000211,% Degradation,luminescence,standardized
PGDB_C008388,CC(C)N[C@H]1CCCC[C@@H]1Cc1ccc2c(c1)CN(C1CCC(=O)NC1=O)C2=O,IKZF1,,36.0,=,0,HEK293,Gilead Sciences,JP2026020265A,PGDB_AS000216,% Degradation,luminescence,standardized
PGDB_C008388,CC(C)N[C@H]1CCCC[C@@H]1Cc1ccc2c(c1)CN(C1CCC(=O)NC1=O)C2=O,IKZF2,,99.0,=,1,HEK293,Gilead Sciences,JP2026020265A,PGDB_AS000211,% Degradation,luminescence,standardized
PGDB_C008466,CC(C)N[C@H]1CCCC[C@@H]1Cc1ccc2c(c1F)CN(C1CCC(=O)NC1=O)C2=O,IKZF1,,40.0,=,0,HEK293,Gilead Sciences,JP2026020265A,PGDB_AS000216,% Degradation,luminescence,standardized
PGDB_C008466,CC(C)N[C@H]1CCCC[C@@H]1Cc1ccc2c(c1F)CN(C1CCC(=O)NC1=O)C2=O,IKZF2,,97.0,=,1,HEK293,Gilead Sciences,JP2026020265A,PGDB_AS000211,% Degradation,luminescence,standardized
PGDB_C008553,CC(C)N[C@H]1CCCO[C@@H]1Cc1ccc2c(c1)CN(C1CCC(=O)NC1=O)C2=O,IKZF2,,85.0,=,1,HEK293,Gilead Sciences,JP2026020265A,PGDB_AS000211,% Degradation,luminescence,standardized
PGDB_C008379,CC(C)N[C@H]1CCN(Cc2ccn(C)n2)C[C@@H]1Oc1ccc2c(c1)CN(C1CCC(=O)NC1=O)C2=O,IKZF2,,34.0,=,0,HEK293,Gilead Sciences,JP7834866B2,PGDB_AS002372,% Degradation,,standardized
PGDB_C008381,CC(C)N[C@H]1CCN(Cc2cnccn2)C[C@@H]1Oc1ccc2c(c1)CN(C1CCC(=O)NC1=O)C2=O,IKZF2,,74.0,=,0,HEK293,Gilead Sciences,JP2025129253A,PGDB_AS002322,% Degradation,luminescence,standardized
PGDB_C008380,CC(C)N[C@H]1CCN(Cc2ncco2)C[C@@H]1Oc1ccc2c(c1)CN(C1CCC(=O)NC1=O)C2=O,IKZF2,,64.0,=,0,HEK293,Gilead Sciences,JP7834866B2,PGDB_AS002372,% Degradation,,standardized
PGDB_C008375,CC(C)N[C@H]1CCN(Cc2nccs2)C[C@@H]1Oc1ccc2c(c1)CN(C1CCC(=O)NC1=O)C2=O,IKZF2,,103.0,=,1,HEK293,Gilead Sciences,JP7834866B2,PGDB_AS002372,% Degradation,,standardized
PGDB_C011043,CC(C)Nc1c(-c2ccc3c(c2)CN(C2CCC(=O)NC2=O)C3=O)nc2ccccn12,WEE1,,93.0,=,1,,Dana Farber Cancer Institute;Leland Stanford Junior University,WO2025129172A1,PGDB_AS000292,% Degradation,luminescence,standardized
PGDB_C012158,CC(C)OC(=O)N1CCC(CN2CCN(Cc3ccn4nc(F)c(N5CCC(=O)NC5=O)c4c3)C[C@@H]2C)CC1,WIZ,,94.7,=,1,HT-1080,Linkcure Therapeutics,WO2025256460A1,PGDB_AS002062,% Degradation,luminescence,standardized
PGDB_C033143,CC(C)OC1CCC(NC(=O)c2ccc(N3CCC(F)(CN4CCC5(CC4)CCC4(CC5)COc5c4ccc4c5CN([C@H]5CCC(=O)NC5=O)C4=O)CC3)c(F)c2)CC1,CSNK1A1,,50.0,<,0,HEK293,,WO2026139085A1,PGDB_AS002607,% Degradation,luminescence,standardized
PGDB_C008543,CC(C)OC1CCC(N[C@H]2CCCC[C@@H]2Cc2ccc3c(c2)CN(C2CCC(=O)NC2=O)C3=O)CC1,IKZF1,,36.0,=,0,HEK293,Gilead Sciences,JP2026020265A,PGDB_AS000216,% Degradation,luminescence,standardized
PGDB_C008543,CC(C)OC1CCC(N[C@H]2CCCC[C@@H]2Cc2ccc3c(c2)CN(C2CCC(=O)NC2=O)C3=O)CC1,IKZF2,,97.0,=,1,HEK293,Gilead Sciences,JP2026020265A,PGDB_AS000211,% Degradation,luminescence,standardized
PGDB_C008631,CC(C)OC1CCC(N[C@H]2CCCO[C@@H]2Cc2ccc3c(c2F)CN(C2CCC(=O)NC2=O)C3=O)CC1,IKZF1,,37.0,=,0,HEK293,Gilead Sciences,JP2026020265A,PGDB_AS000216,% Degradation,luminescence,standardized
PGDB_C008631,CC(C)OC1CCC(N[C@H]2CCCO[C@@H]2Cc2ccc3c(c2F)CN(C2CCC(=O)NC2=O)C3=O)CC1,IKZF2,,97.0,=,1,HEK293,Gilead Sciences,JP2026020265A,PGDB_AS000211,% Degradation,luminescence,standardized
PGDB_C032753,CC(C)O[C@H]1CC[C@H](N2CCc3cc(N4CCC(F)(CN5CCC6(CC5)COc5c6cc(Cl)c6c5CN([C@H]5CCC(=O)NC5=O)C6=O)CC4)c(F)cc3C2=O)CC1,CSNK1A1,,50.0,<,0,HEK293,,WO2026139085A1,PGDB_AS002607,% Degradation,luminescence,standardized
PGDB_C032759,CC(C)O[C@H]1CC[C@H](NC(=O)c2c(F)cc(N3CCC(F)(CN4CCC5(CC4)COc4c5cc(Cl)c5c4CN([C@H]4CCC(=O)NC4=O)C5=O)CC3)cc2F)CC1,CSNK1A1,,90.0,>,1,HEK293,,WO2026139085A1,PGDB_AS002607,% Degradation,luminescence,standardized
PGDB_C032757,CC(C)O[C@H]1CC[C@H](NC(=O)c2cc(F)c(N3CCC(F)(CN4CCC5(CC4)COc4c5cc(Cl)c5c4CN([C@H]4CCC(=O)NC4=O)C5=O)CC3)cc2F)CC1,CSNK1A1,,90.0,>,1,HEK293,,WO2026139085A1,PGDB_AS002607,% Degradation,luminescence,standardized
PGDB_C033087,CC(C)O[C@H]1CC[C@H](NC(=O)c2ccc(N3CCC(CN4CCC5(CC4)COc4c5cc(Cl)c5c4CN([C@H]4CCC(=O)NC4=O)C5=O)CC3)c(F)c2)CC1,CSNK1A1,,90.0,>,1,HEK293,,WO2026139085A1,PGDB_AS002607,% Degradation,luminescence,standardized
PGDB_C033132,CC(C)O[C@H]1CC[C@H](NC(=O)c2ccc(N3CCC(F)(CN4CCC5(CC4)COc4c5cc(Cl)c5c4CN([C@H]4CCC(=O)NC4=O)C5=O)CC3)c(F)c2)CC1,CSNK1A1,,90.0,>,1,MV-4-11,,WO2026139085A1,PGDB_AS002604,% Degradation,luminescence,standardized
PGDB_C032758,CC(C)O[C@H]1CC[C@H](NC(=O)c2ccc(N3CCC(F)(CN4CCC5(CC4)COc4c5cc(Cl)c5c4CN([C@H]4CCC(=O)NC4=O)C5=O)CC3)c(F)c2F)CC1,CSNK1A1,,90.0,>,1,HEK293,,WO2026139085A1,PGDB_AS002607,% Degradation,luminescence,standardized
PGDB_C033148,CC(C)O[C@H]1CC[C@H](NC(=O)c2ccc(N3CCC(F)(CN4CCC5(CC4)COc4c5cc(Cl)c5c4CN([C@H]4CCC(=O)NC4=O)C5=O)CC3)c(S(C)(=O)=O)c2)CC1,CSNK1A1,,90.0,>,1,HEK293,,WO2026139085A1,PGDB_AS002607,% Degradation,luminescence,standardized
PGDB_C032756,CC(C)O[C@H]1CC[C@H](NC(=O)c2ccc(N3CCC(F)(CN4CCC5(CC4)COc4c5cc(Cl)c5c4CN([C@H]4CCC(=O)NC4=O)C5=O)CC3)cc2C#N)CC1,CSNK1A1,,90.0,>,1,HEK293,,WO2026139085A1,PGDB_AS002607,% Degradation,luminescence,standardized
PGDB_C033140,CC(C)O[C@H]1CC[C@H](NC(=O)c2ccc(N3CCC(F)(CN4CCC5(CC4)COc4c5cc(Cl)c5c4CN([C@H]4CCC(=O)NC4=O)C5=O)CC3)cc2F)CC1,CSNK1A1,,90.0,>,1,HEK293,,WO2026139085A1,PGDB_AS002607,% Degradation,luminescence,standardized
PGDB_C033077,CC(C)O[C@H]1CC[C@H](NC(=O)c2ccc(N3CCC(F)(CN4CCC5(CC4)COc4c5cc(F)c5c4CN([C@H]4CCC(=O)NC4=O)C5=O)CC3)c(F)c2)CC1,CSNK1A1,,90.0,>,1,HEK293,,WO2026139085A1,PGDB_AS002607,% Degradation,luminescence,standardized
PGDB_C033096,CC(C)O[C@H]1CC[C@H](NC(=O)c2cccc(N3CCC(CN4CCC5(CC4)COc4c5cc(Cl)c5c4CN([C@H]4CCC(=O)NC4=O)C5=O)CC3)c2)CC1,CSNK1A1,,50.0,<,0,HEK293,,WO2026139085A1,PGDB_AS002607,% Degradation,luminescence,standardized
PGDB_C033126,CC(C)O[C@H]1CC[C@H](NC(=O)c2cnc(N3CCC(CN4CCC5(CC4)COc4c5cc(Cl)c5c4CN([C@H]4CCC(=O)NC4=O)C5=O)CC3)c(F)c2)CC1,CSNK1A1,,90.0,>,1,HEK293,,WO2026139085A1,PGDB_AS002607,% Degradation,luminescence,standardized
PGDB_C033150,CC(C)O[C@H]1CC[C@H](NC(=O)c2cnc(N3CCC(CN4CCC5(CC4)COc4c5cc(Cl)c5c4CN([C@H]4CCC(=O)NC4=O)C5=O)CC3)nc2)CC1,CSNK1A1,,90.0,>,1,HEK293,,WO2026139085A1,PGDB_AS002607,% Degradation,luminescence,standardized
PGDB_C033078,CC(C)O[C@H]1CC[C@H](NC(=O)c2cnc(N3CCC(F)(CN4CCC5(CC4)COc4c5cc(Cl)c5c4CN([C@H]4CCC(=O)NC4=O)C5=O)CC3)nc2)CC1,CSNK1A1,,90.0,>,1,HEK293,,WO2026139085A1,PGDB_AS002607,% Degradation,luminescence,standardized
PGDB_C033113,CC(C)O[C@H]1CC[C@H](NC(=O)c2cnc(N3CCN(CN4CCC5(CC4)COc4c5cc(Cl)c5c4CN([C@H]4CCC(=O)NC4=O)C5=O)CC3)c(F)c2)CC1,CSNK1A1,,90.0,>,1,HT-29,,WO2026139085A1,PGDB_AS002611,% Degradation,luminescence,standardized
PGDB_C032760,CC(C)O[C@H]1CC[C@H](NC(=O)c2csc(N3CCC(F)(CN4CCC5(CC4)COc4c5cc(Cl)c5c4CN([C@H]4CCC(=O)NC4=O)C5=O)CC3)n2)CC1,CSNK1A1,,90.0,>,1,HEK293,,WO2026139085A1,PGDB_AS002607,% Degradation,luminescence,standardized
PGDB_C033097,CC(C)O[C@H]1CC[C@H](NS(=O)(=O)c2ccc(N3CCC(F)(CN4CCC5(CC4)COc4c5cc(Cl)c5c4CN([C@H]4CCC(=O)NC4=O)C5=O)CC3)c(F)c2)CC1,CSNK1A1,,50.0,<,0,HEK293,,WO2026139085A1,PGDB_AS002607,% Degradation,luminescence,standardized
PGDB_C032754,CC(C)O[C@H]1CC[C@H](n2cc3cc(N4CCC(F)(CN5CCC6(CC5)COc5c6cc(Cl)c6c5CN([C@H]5CCC(=O)NC5=O)C6=O)CC4)c(F)cc3n2)CC1,CSNK1A1,,50.0,<,0,HEK293,,WO2026139085A1,PGDB_AS002607,% Degradation,luminescence,standardized
PGDB_C033076,CC(C)Oc1cc(C(F)F)cc(=O)n1-c1cccc(-n2ncc3c(C4CCC(=O)NC4=O)cccc32)c1,VAV1,,90.0,>,1,Jurkat,,WO2026145172A1,PGDB_AS002599,% Degradation,luminescence,standardized
PGDB_C033137,CC(C)Oc1ccc(-c2cn(-c3ccc(N4CCC(CN5CCC6(CC5)COc5c6cc(Cl)c6c5CN([C@H]5CCC(=O)NC5=O)C6=O)CC4)c(F)c3)nn2)cc1,CSNK1A1,,50.0,<,0,HEK293,,WO2026139085A1,PGDB_AS002607,% Degradation,luminescence,standardized
PGDB_C011369,CC(C)Oc1ccc(-c2nnc(NC3(c4cc(Cl)c5c(c4)C(=O)N(C4CCC(=O)NC4=O)C5)CC3)o2)nc1,CDK2,,57.1,=,0,HEK293,Monte Rosa Therapeutics,WO2025181261A1,PGDB_AS000913,% Degradation,luminescence,standardized
PGDB_C011369,CC(C)Oc1ccc(-c2nnc(NC3(c4cc(Cl)c5c(c4)C(=O)N(C4CCC(=O)NC4=O)C5)CC3)o2)nc1,GSPT1,,15.7,=,0,HEK293,Monte Rosa Therapeutics,WO2025181261A1,PGDB_AS001674,% Degradation,luminescence,standardized
PGDB_C011370,CC(C)Oc1ccc(-c2nnc(NC3(c4cc(Cl)c5c(c4)C(=O)N(C4CCC(=O)NC4=O)C5)CC3)o2)nn1,CDK2,,49.2,=,0,HEK293,Monte Rosa Therapeutics,WO2025181261A1,PGDB_AS000913,% Degradation,luminescence,standardized
PGDB_C011370,CC(C)Oc1ccc(-c2nnc(NC3(c4cc(Cl)c5c(c4)C(=O)N(C4CCC(=O)NC4=O)C5)CC3)o2)nn1,GSPT1,,6.8,=,0,HEK293,Monte Rosa Therapeutics,WO2025181261A1,PGDB_AS001674,% Degradation,luminescence,standardized
PGDB_C011356,CC(C)Oc1cnc(-c2nnc(NC3(c4cc(Cl)c5c(c4)C(=O)N(C4CCC(=O)NC4=O)C5)CC3)o2)cn1,CDK2,,53.8,=,0,HEK293,Monte Rosa Therapeutics,WO2025181261A1,PGDB_AS000913,% Degradation,luminescence,standardized
PGDB_C011356,CC(C)Oc1cnc(-c2nnc(NC3(c4cc(Cl)c5c(c4)C(=O)N(C4CCC(=O)NC4=O)C5)CC3)o2)cn1,GSPT1,,3.8,=,0,HEK293,Monte Rosa Therapeutics,WO2025181261A1,PGDB_AS001674,% Degradation,luminescence,standardized
PGDB_C012156,CC(C)S(=O)(=O)N1CCC(CN2CCN(Cc3ccn4nc(F)c(N5CCC(=O)NC5=O)c4c3)C[C@@H]2C)CC1,WIZ,,88.8,=,1,HT-1080,Linkcure Therapeutics,WO2025256460A1,PGDB_AS002062,% Degradation,luminescence,standardized
PGDB_C019915,CC(C)c1ccc(Nc2nccn3c(-c4ccoc4)cnc23)cc1,FBXW7,,1.39,=,0,,University Of Washington;Scripps Research Institute;Fred Hutchinson Cancer Center,WO2019200310A1,PGDB_AS000856,biochemical,,standardized
PGDB_C029204,CC(C)c1cn(C2CCN(CC3(F)CCN(C(=O)c4ccc(NC5CC6CN(c7cc(-c8ccccc8Cl)nnc7N)CC5N6)cc4)CC3)CC2)c2ccc(N3CCC(=O)NC3=O)cc12,SMARCA2,,68.3,=,0,,AstraZeneca,WO2026120044,PGDB_AS001542,% Degradation,,standardized
PGDB_C029205,CC(C)c1cn(C2CCN(CC3CCN(C(=O)c4ccc(N5C6CCC5CN(c5cc(-c7ccccc7O)nnc5N)C6)cc4)CC3)CC2)c2ccc(N3CCC(=O)NC3=O)cc12,SMARCA2,,62.3,=,0,,AstraZeneca,WO2026120044,PGDB_AS001542,% Degradation,,standardized
PGDB_C029205,CC(C)c1cn(C2CCN(CC3CCN(C(=O)c4ccc(N5C6CCC5CN(c5cc(-c7ccccc7O)nnc5N)C6)cc4)CC3)CC2)c2ccc(N3CCC(=O)NC3=O)cc12,SMARCA4,,2.3,=,0,,AstraZeneca,WO2026120044,PGDB_AS000549,% Degradation,,standardized
PGDB_C012122,CC(C)n1ccc(N2CCC(CN3CCN(Cc4ccn5nc(F)c(N6CCC(=O)NC6=O)c5c4)C[C@@H]3C)CC2)n1,WIZ,,89.3,=,1,HT-1080,Linkcure Therapeutics,WO2025256460A1,PGDB_AS002062,% Degradation,luminescence,standardized
PGDB_C012191,CC(C)n1cccc(N2CCN(c3cccc(C4CCC(=O)NC4=O)c3Cl)CC2)c1=O,VAV1,,82.357,=,1,Jurkat,Monte Rosa Therapeutics,WO2026013577A1,PGDB_AS002157,% Degradation,luminescence,standardized
PGDB_C012147,CC(C1CCC1)N1CCN(Cc2ccn3nc(F)c(N4CCC(=O)NC4=O)c3c2)C[C@@H]1C,WIZ,,80.1,=,1,HT-1080,Linkcure Therapeutics,WO2025256460A1,PGDB_AS002062,% Degradation,luminescence,standardized
PGDB_C029263,CC(C1CCN(C(=O)c2ccc(N3C4CCC3CN(c3cc(-c5ccccc5O)nnc3N)C4)cc2)CC1)N1CCC(n2cc(C3CC3)c3cc(N4CCC(=O)NC4=O)cnc32)CC1,SMARCA4,,16.7,=,0,,AstraZeneca,WO2026120044,PGDB_AS000549,% Degradation,,standardized
PGDB_C008576,CC(CC(C)(C)C)N[C@H]1CCCC[C@@H]1Cc1ccc2c(c1)CN(C1CCC(=O)NC1=O)C2=O,IKZF2,,98.0,=,1,HEK293,Gilead Sciences,JP2026020265A,PGDB_AS000211,% Degradation,luminescence,standardized
PGDB_C010449,CC(CC(F)(F)F)N[C@H]1CCCC[C@@H]1Cc1ccc2c(c1)CN(C1CCC(=O)NC1=O)C2=O,IKZF1,,30.0,=,0,HEK293,Gilead Sciences,JP2026020265A,PGDB_AS000216,% Degradation,luminescence,standardized
PGDB_C010449,CC(CC(F)(F)F)N[C@H]1CCCC[C@@H]1Cc1ccc2c(c1)CN(C1CCC(=O)NC1=O)C2=O,IKZF2,,97.0,=,1,HEK293,Gilead Sciences,JP2026020265A,PGDB_AS000211,% Degradation,luminescence,standardized
PGDB_C008575,CC(CC1CC1)N[C@H]1CCCC[C@@H]1Cc1ccc2c(c1)CN(C1CCC(=O)NC1=O)C2=O,IKZF1,,30.0,=,0,HEK293,Gilead Sciences,JP2026020265A,PGDB_AS000216,% Degradation,luminescence,standardized
PGDB_C008575,CC(CC1CC1)N[C@H]1CCCC[C@@H]1Cc1ccc2c(c1)CN(C1CCC(=O)NC1=O)C2=O,IKZF2,,97.0,=,1,HEK293,Gilead Sciences,JP2026020265A,PGDB_AS000211,% Degradation,luminescence,standardized
PGDB_C008652,CC(CCC(F)F)N[C@H]1CCCO[C@@H]1Cc1ccc2c(c1F)CN(C1CCC(=O)NC1=O)C2=O,IKZF2,,93.0,=,1,HEK293,Gilead Sciences,JP2026020265A,PGDB_AS000211,% Degradation,luminescence,standardized
PGDB_C008653,CC(CCCC(F)(F)F)N[C@H]1CCCO[C@@H]1Cc1ccc2c(c1F)CN(C1CCC(=O)NC1=O)C2=O,IKZF1,,44.0,=,0,HEK293,Gilead Sciences,JP2026020265A,PGDB_AS000216,% Degradation,luminescence,standardized
PGDB_C008653,CC(CCCC(F)(F)F)N[C@H]1CCCO[C@@H]1Cc1ccc2c(c1F)CN(C1CCC(=O)NC1=O)C2=O,IKZF2,,94.0,=,1,HEK293,Gilead Sciences,JP2026020265A,PGDB_AS000211,% Degradation,luminescence,standardized
PGDB_C011221,CC(CF)N[C@H]1CCCC[C@@H]1Cc1ccc2c(c1)CN(C1CCC(=O)NC1=O)C2=O,IKZF1,,72.0,=,0,HEK293,Gilead Sciences,JP2026020265A,PGDB_AS000216,% Degradation,luminescence,standardized
PGDB_C011221,CC(CF)N[C@H]1CCCC[C@@H]1Cc1ccc2c(c1)CN(C1CCC(=O)NC1=O)C2=O,IKZF2,,68.0,=,0,HEK293,Gilead Sciences,JP2026020265A,PGDB_AS000211,% Degradation,luminescence,standardized
PGDB_C012083,CC(CN1CCN(Cc2ccn3nc(F)c(N4CCC(=O)NC4=O)c3c2)C[C@@H]1C)C1CC1,WIZ,,87.5,=,1,HT-1080,Linkcure Therapeutics,WO2025256460A1,PGDB_AS002062,% Degradation,luminescence,standardized
PGDB_C008458,CC(COc1ccccc1)N[C@H]1CCCC[C@@H]1Cc1ccc2c(c1)CN(C1CCC(=O)NC1=O)C2=O,IKZF2,,90.0,=,1,HEK293,Gilead Sciences,JP2026020265A,PGDB_AS000211,% Degradation,luminescence,standardized
PGDB_C011338,CC(F)(F)c1ccc(-c2nnc(NC3(c4cc(Cl)c5c(c4)C(=O)N(C4CCC(=O)NC4=O)C5)CC3)o2)cn1,CDK2,,56.4,=,0,HEK293,Monte Rosa Therapeutics,WO2025181261A1,PGDB_AS000913,% Degradation,luminescence,standardized
PGDB_C011338,CC(F)(F)c1ccc(-c2nnc(NC3(c4cc(Cl)c5c(c4)C(=O)N(C4CCC(=O)NC4=O)C5)CC3)o2)cn1,GSPT1,,6.0,=,0,HEK293,Monte Rosa Therapeutics,WO2025181261A1,PGDB_AS001674,% Degradation,luminescence,standardized
PGDB_C020450,CC(F)(F)c1ccc(C(C)(C)C(=O)NCc2cc(F)c(C3CCC(=O)NC3=O)c(Cl)c2)nn1,NEK7,CRBN,61.0,=,0,CAL-51,Monte Rosa Therapeutics,KR20260041885A,PGDB_AS002252,% Degradation,luminescence,standardized
PGDB_C029552,CC(F)(F)c1cccn(-c2ccc(-c3cccc(C4CCC(=O)NC4=O)c3Cl)cc2)c1=O,VAV1,,98.35,=,1,,Shanghai Qilu Pharmaceutical Research And Development Centre,WO2026051943A1,PGDB_AS000777,% Degradation,luminescence,standardized
PGDB_C019917,CC(NC(=O)c1cnc2ccccn12)c1ccc(F)cc1,FBXW7,,0.23,=,0,,University Of Washington;Scripps Research Institute;Fred Hutchinson Cancer Center,WO2019200310A1,PGDB_AS000856,biochemical,,standardized
PGDB_C008680,CC(N[C@H]1CC(F)(F)CC[C@@H]1Cc1ccc2c(c1)CN(C1CCC(=O)NC1=O)C2=O)C1CCOCC1,IKZF1,,42.0,=,0,HEK293,Gilead Sciences,JP2026020265A,PGDB_AS000216,% Degradation,luminescence,standardized
PGDB_C008680,CC(N[C@H]1CC(F)(F)CC[C@@H]1Cc1ccc2c(c1)CN(C1CCC(=O)NC1=O)C2=O)C1CCOCC1,IKZF2,,92.0,=,1,HEK293,Gilead Sciences,JP2026020265A,PGDB_AS000211,% Degradation,luminescence,standardized
PGDB_C008590,CC(N[C@H]1CCCC[C@@H]1Cc1ccc2c(c1)CN(C1CCC(=O)NC1=O)C2=O)C(C)(C)F,IKZF1,,84.0,=,1,HEK293,Gilead Sciences,JP2026020265A,PGDB_AS000216,% Degradation,luminescence,standardized
PGDB_C008590,CC(N[C@H]1CCCC[C@@H]1Cc1ccc2c(c1)CN(C1CCC(=O)NC1=O)C2=O)C(C)(C)F,IKZF2,,93.0,=,1,HEK293,Gilead Sciences,JP2026020265A,PGDB_AS000211,% Degradation,luminescence,standardized
PGDB_C008511,CC(N[C@H]1CCCC[C@@H]1Cc1ccc2c(c1)CN(C1CCC(=O)NC1=O)C2=O)C(F)F,IKZF2,,76.0,=,0,HEK293,Gilead Sciences,JP2026020265A,PGDB_AS000211,% Degradation,luminescence,standardized
PGDB_C008646,CC(N[C@H]1CCCC[C@@H]1Cc1ccc2c(c1)CN(C1CCC(=O)NC1=O)C2=O)C1(C(F)F)CC1,IKZF2,,95.0,=,1,HEK293,Gilead Sciences,JP2026020265A,PGDB_AS000211,% Degradation,luminescence,standardized
PGDB_C010434,CC(N[C@H]1CCCC[C@@H]1Cc1ccc2c(c1)CN(C1CCC(=O)NC1=O)C2=O)C1(C)CC1,IKZF2,,98.0,=,1,HEK293,Gilead Sciences,JP2026020265A,PGDB_AS000211,% Degradation,luminescence,standardized
PGDB_C008577,CC(N[C@H]1CCCC[C@@H]1Cc1ccc2c(c1)CN(C1CCC(=O)NC1=O)C2=O)C1(C)CCC1,IKZF2,,95.0,=,1,HEK293,Gilead Sciences,JP2026020265A,PGDB_AS000211,% Degradation,luminescence,standardized
PGDB_C008517,CC(N[C@H]1CCCC[C@@H]1Cc1ccc2c(c1)CN(C1CCC(=O)NC1=O)C2=O)C1(C2CC2)CC1,IKZF2,,98.0,=,1,HEK293,Gilead Sciences,JP2026020265A,PGDB_AS000211,% Degradation,luminescence,standardized
PGDB_C008589,CC(N[C@H]1CCCC[C@@H]1Cc1ccc2c(c1)CN(C1CCC(=O)NC1=O)C2=O)C1(F)CC1,IKZF2,,96.0,=,1,HEK293,Gilead Sciences,JP2026020265A,PGDB_AS000211,% Degradation,luminescence,standardized
PGDB_C008516,CC(N[C@H]1CCCC[C@@H]1Cc1ccc2c(c1)CN(C1CCC(=O)NC1=O)C2=O)C1CC(F)(F)C1,IKZF1,,34.0,=,0,HEK293,Gilead Sciences,JP2026020265A,PGDB_AS000216,% Degradation,luminescence,standardized
PGDB_C008516,CC(N[C@H]1CCCC[C@@H]1Cc1ccc2c(c1)CN(C1CCC(=O)NC1=O)C2=O)C1CC(F)(F)C1,IKZF2,,97.0,=,1,HEK293,Gilead Sciences,JP2026020265A,PGDB_AS000211,% Degradation,luminescence,standardized
PGDB_C008483,CC(N[C@H]1CCCC[C@@H]1Cc1ccc2c(c1)CN(C1CCC(=O)NC1=O)C2=O)C1CC1,IKZF1,,27.0,=,0,HEK293,Gilead Sciences,JP2026020265A,PGDB_AS000216,% Degradation,luminescence,standardized
PGDB_C008483,CC(N[C@H]1CCCC[C@@H]1Cc1ccc2c(c1)CN(C1CCC(=O)NC1=O)C2=O)C1CC1,IKZF2,,96.0,=,1,HEK293,Gilead Sciences,JP2026020265A,PGDB_AS000211,% Degradation,luminescence,standardized
PGDB_C008587,CC(N[C@H]1CCCC[C@@H]1Cc1ccc2c(c1)CN(C1CCC(=O)NC1=O)C2=O)C1CCC1,IKZF1,,34.0,=,0,HEK293,Gilead Sciences,JP2026020265A,PGDB_AS000216,% Degradation,luminescence,standardized
PGDB_C008587,CC(N[C@H]1CCCC[C@@H]1Cc1ccc2c(c1)CN(C1CCC(=O)NC1=O)C2=O)C1CCC1,IKZF2,,95.0,=,1,HEK293,Gilead Sciences,JP2026020265A,PGDB_AS000211,% Degradation,luminescence,standardized
PGDB_C008573,CC(N[C@H]1CCCC[C@@H]1Cc1ccc2c(c1)CN(C1CCC(=O)NC1=O)C2=O)C1CCCC1,IKZF2,,96.0,=,1,HEK293,Gilead Sciences,JP2026020265A,PGDB_AS000211,% Degradation,luminescence,standardized
PGDB_C008574,CC(N[C@H]1CCCC[C@@H]1Cc1ccc2c(c1)CN(C1CCC(=O)NC1=O)C2=O)C1CCCCC1,IKZF2,,95.0,=,1,HEK293,Gilead Sciences,JP2026020265A,PGDB_AS000211,% Degradation,luminescence,standardized
PGDB_C010453,CC(N[C@H]1CCCC[C@@H]1Cc1ccc2c(c1)CN(C1CCC(=O)NC1=O)C2=O)C1CCCO1,IKZF2,,96.0,=,1,HEK293,Gilead Sciences,JP2026020265A,PGDB_AS000211,% Degradation,luminescence,standardized
PGDB_C008572,CC(N[C@H]1CCCC[C@@H]1Cc1ccc2c(c1)CN(C1CCC(=O)NC1=O)C2=O)C1CCOCC1,IKZF2,,96.0,=,1,HEK293,Gilead Sciences,JP2026020265A,PGDB_AS000211,% Degradation,luminescence,standardized
PGDB_C008633,CC(N[C@H]1CCCC[C@@H]1Cc1ccc2c(c1F)CN(C1CCC(=O)NC1=O)C2=O)C1CCOCC1,IKZF1,,32.0,=,0,HEK293,Gilead Sciences,JP2026020265A,PGDB_AS000216,% Degradation,luminescence,standardized
PGDB_C008633,CC(N[C@H]1CCCC[C@@H]1Cc1ccc2c(c1F)CN(C1CCC(=O)NC1=O)C2=O)C1CCOCC1,IKZF2,,97.0,=,1,HEK293,Gilead Sciences,JP2026020265A,PGDB_AS000211,% Degradation,luminescence,standardized
PGDB_C010447,CC(N[C@H]1CCCO[C@@H]1Cc1ccc2c(c1F)CN(C1CCC(=O)NC1=O)C2=O)C1CCC1,IKZF2,,97.0,=,1,HEK293,Gilead Sciences,JP2026020265A,PGDB_AS000211,% Degradation,luminescence,standardized
PGDB_C008651,CC(N[C@H]1CCCO[C@@H]1Cc1ccc2c(c1F)CN(C1CCC(=O)NC1=O)C2=O)C1COC1,IKZF2,,96.0,=,1,HEK293,Gilead Sciences,JP2026020265A,PGDB_AS000211,% Degradation,luminescence,standardized
PGDB_C008694,CC(N[C@H]1CCC[C@@H]1Cc1ccc2c(c1)CN(C1CCC(=O)NC1=O)C2=O)C1CCS(=O)(=O)CC1,IKZF1,,50.0,=,0,HEK293,Gilead Sciences,JP2026020265A,PGDB_AS000216,% Degradation,luminescence,standardized
PGDB_C008694,CC(N[C@H]1CCC[C@@H]1Cc1ccc2c(c1)CN(C1CCC(=O)NC1=O)C2=O)C1CCS(=O)(=O)CC1,IKZF2,,95.0,=,1,HEK293,Gilead Sciences,JP2026020265A,PGDB_AS000211,% Degradation,luminescence,standardized
PGDB_C033018,CC(Oc1cc(C(F)(F)F)cc(=O)n1-c1cccc(-n2ncc3c(C4CCC(=O)NC4=O)cccc32)c1)C(F)(F)F,VAV1,,90.0,>,1,Jurkat,,WO2026145172A1,PGDB_AS002627,% Degradation,luminescence,standardized
PGDB_C033061,CC(Oc1cc(C(F)F)cc(=O)n1-c1cccc(-n2ncc3c(C4CCC(=O)NC4=O)cccc32)c1)C(F)(F)F,VAV1,,90.0,>,1,Jurkat,,WO2026145172A1,PGDB_AS002627,% Degradation,luminescence,standardized
PGDB_C010156,CC(c1ccc(C(F)(F)F)cc1)N1CCC(O)(c2ccc3c(n2)CN(C2CCC(=O)NC2=O)C3=O)CC1,ARNT,,60.0,<=,0,7860-O,Neomorph,WO2025097092,PGDB_AS001935,% Degradation,luminescence,manual_curated
PGDB_C008525,CC(c1ccc2c(c1)CN(C1CCC(=O)NC1=O)C2=O)[C@H]1CCCC[C@@H]1NC1CCC(F)(F)CC1,IKZF2,,75.0,=,0,HEK293,Gilead Sciences,JP2026020265A,PGDB_AS000211,% Degradation,luminescence,standardized
PGDB_C008519,CC1(C)C2CC(N[C@H]3CCCC[C@@H]3Cc3ccc4c(c3)CN(C3CCC(=O)NC3=O)C4=O)CC21,IKZF1,,60.0,=,0,HEK293,Gilead Sciences,JP2026020265A,PGDB_AS000216,% Degradation,luminescence,standardized
PGDB_C008519,CC1(C)C2CC(N[C@H]3CCCC[C@@H]3Cc3ccc4c(c3)CN(C3CCC(=O)NC3=O)C4=O)CC21,IKZF2,,98.0,=,1,HEK293,Gilead Sciences,JP2026020265A,PGDB_AS000211,% Degradation,luminescence,standardized
PGDB_C024907,CC1(C)C=Cc2cc(-c3cccc(C4(F)CCC(=O)NC4=O)c3Cl)ccc2C(=O)N1,VAV1,,99.43,=,1,Jurkat,Shanghai Meiyue Biotech Development,CN121698875A,PGDB_AS000398,% Degradation,,standardized
PGDB_C024839,CC1(C)C=Cc2cc(-c3cccc(C4CCC(=O)NC4=O)c3Cl)ccc2C(=O)N1,VAV1,,92.6,=,1,Jurkat,Shanghai Meiyue Biotech Development,CN121698875A,PGDB_AS000398,% Degradation,,standardized
PGDB_C024840,CC1(C)C=Cc2cc(-c3cccc(C4CCC(=O)NC4=O)c3Cl)ccc2NC1=O,VAV1,,102.2,=,1,Jurkat,Shanghai Meiyue Biotech Development,CN121698875A,PGDB_AS000398,% Degradation,,standardized
PGDB_C008584,CC1(C)CC(F)(N[C@H]2CCCC[C@@H]2Cc2ccc3c(c2)CN(C2CCC(=O)NC2=O)C3=O)C1,IKZF1,,22.0,=,0,HEK293,Gilead Sciences,JP2026020265A,PGDB_AS000216,% Degradation,luminescence,standardized
PGDB_C008584,CC1(C)CC(F)(N[C@H]2CCCC[C@@H]2Cc2ccc3c(c2)CN(C2CCC(=O)NC2=O)C3=O)C1,IKZF2,,96.0,=,1,HEK293,Gilead Sciences,JP2026020265A,PGDB_AS000211,% Degradation,luminescence,standardized
PGDB_C008463,CC1(C)CC(N[C@H]2CCCC[C@@H]2Cc2ccc3c(c2)CN(C2CCC(=O)NC2=O)C3=O)C1,IKZF1,,28.0,=,0,HEK293,Gilead Sciences,JP2026020265A,PGDB_AS000216,% Degradation,luminescence,standardized
PGDB_C008463,CC1(C)CC(N[C@H]2CCCC[C@@H]2Cc2ccc3c(c2)CN(C2CCC(=O)NC2=O)C3=O)C1,IKZF2,,94.0,=,1,HEK293,Gilead Sciences,JP2026020265A,PGDB_AS000211,% Degradation,luminescence,standardized
PGDB_C008523,CC1(C)CC(N[C@H]2CCCC[C@@H]2Cc2ccc3c(c2)CN(C2CCC(=O)NC2=O)C3=O)CC(C)(C)C1,IKZF2,,97.0,=,1,HEK293,Gilead Sciences,JP2026020265A,PGDB_AS000211,% Degradation,luminescence,standardized
PGDB_C008578,CC1(C)CC(N[C@H]2CCCC[C@@H]2Cc2ccc3c(c2)CN(C2CCC(=O)NC2=O)C3=O)CC(C)(C)O1,IKZF1,,26.0,=,0,HEK293,Gilead Sciences,JP2026020265A,PGDB_AS000216,% Degradation,luminescence,standardized
PGDB_C008578,CC1(C)CC(N[C@H]2CCCC[C@@H]2Cc2ccc3c(c2)CN(C2CCC(=O)NC2=O)C3=O)CC(C)(C)O1,IKZF2,,98.0,=,1,HEK293,Gilead Sciences,JP2026020265A,PGDB_AS000211,% Degradation,luminescence,standardized
PGDB_C011204,CC1(C)CC(N[C@H]2CCCC[C@@H]2Cc2ccc3c(c2)CN(C2CCC(=O)NC2=O)C3=O)CCO1,IKZF1,,32.0,=,0,HEK293,Gilead Sciences,JP2026020265A,PGDB_AS000216,% Degradation,luminescence,standardized
PGDB_C011204,CC1(C)CC(N[C@H]2CCCC[C@@H]2Cc2ccc3c(c2)CN(C2CCC(=O)NC2=O)C3=O)CCO1,IKZF2,,96.0,=,1,HEK293,Gilead Sciences,JP2026020265A,PGDB_AS000211,% Degradation,luminescence,standardized
PGDB_C008588,CC1(C)CC(N[C@H]2CCCO[C@@H]2Cc2ccc3c(c2F)CN(C2CCC(=O)NC2=O)C3=O)CCO1,IKZF2,,96.0,=,1,HEK293,Gilead Sciences,JP2026020265A,PGDB_AS000211,% Degradation,luminescence,standardized
PGDB_C008481,CC1(C)CC2(CC(N[C@H]3CCCC[C@@H]3Cc3ccc4c(c3)CN(C3CCC(=O)NC3=O)C4=O)C2)C1,IKZF1,,34.0,=,0,HEK293,Gilead Sciences,JP2026020265A,PGDB_AS000216,% Degradation,luminescence,standardized
PGDB_C008481,CC1(C)CC2(CC(N[C@H]3CCCC[C@@H]3Cc3ccc4c(c3)CN(C3CCC(=O)NC3=O)C4=O)C2)C1,IKZF2,,94.0,=,1,HEK293,Gilead Sciences,JP2026020265A,PGDB_AS000211,% Degradation,luminescence,standardized
PGDB_C006006,CC1(C)CCC(NCc2ccc3c(c2)CN(C2CCC(=O)NC2=O)C3=O)CC1,IKZF1,,60.0,=,0,HEK293,Gilead Sciences,AU2022419982A1,PGDB_AS000645,% Degradation,luminescence,standardized
PGDB_C006006,CC1(C)CCC(NCc2ccc3c(c2)CN(C2CCC(=O)NC2=O)C3=O)CC1,IKZF2,,86.0,=,1,HEK293,Gilead Sciences,AU2022419982A1,PGDB_AS000473,% Degradation,,standardized
PGDB_C008408,CC1(C)CCC(N[C@H]2CCCC[C@@H]2Cc2ccc3c(c2)CN(C2CCC(=O)NC2=O)C3=O)CC1,IKZF1,,27.0,=,0,HEK293,Gilead Sciences,JP2026020265A,PGDB_AS000216,% Degradation,luminescence,standardized
PGDB_C008408,CC1(C)CCC(N[C@H]2CCCC[C@@H]2Cc2ccc3c(c2)CN(C2CCC(=O)NC2=O)C3=O)CC1,IKZF2,,97.0,=,1,HEK293,Gilead Sciences,JP2026020265A,PGDB_AS000211,% Degradation,luminescence,standardized
PGDB_C008618,CC1(C)CCC(N[C@H]2CCCO[C@@H]2Cc2ccc3c(c2F)CN(C2CCC(=O)NC2=O)C3=O)C1,IKZF1,,25.0,=,0,HEK293,Gilead Sciences,JP2026020265A,PGDB_AS000216,% Degradation,luminescence,standardized
PGDB_C008618,CC1(C)CCC(N[C@H]2CCCO[C@@H]2Cc2ccc3c(c2F)CN(C2CCC(=O)NC2=O)C3=O)C1,IKZF2,,97.0,=,1,HEK293,Gilead Sciences,JP2026020265A,PGDB_AS000211,% Degradation,luminescence,standardized
PGDB_C005997,CC1(C)CCCC(NCc2ccc3c(c2)CN(C2CCC(=O)NC2=O)C3=O)C1,IKZF1,,69.0,=,0,HEK293,Gilead Sciences,AU2022419982A1,PGDB_AS000645,% Degradation,luminescence,standardized
PGDB_C005997,CC1(C)CCCC(NCc2ccc3c(c2)CN(C2CCC(=O)NC2=O)C3=O)C1,IKZF2,,92.0,=,1,HEK293,Gilead Sciences,AU2022419982A1,PGDB_AS000473,% Degradation,,standardized
PGDB_C008626,CC1(C)CCCC(N[C@H]2CCCC[C@@H]2Cc2ccc3c(c2)CN(C2CCC(=O)NC2=O)C3=O)C1,IKZF2,,97.0,=,1,HEK293,Gilead Sciences,JP2026020265A,PGDB_AS000211,% Degradation,luminescence,standardized
PGDB_C032009,CC1(C)CCCc2cc(-c3cccc(C4CCC(=O)NC4=O)c3Cl)ccc2N1,VAV1,,93.1,=,1,,Changchun Genescience Pharmaceutical Co Ltd,WO2026119120A1,PGDB_AS000657,% Degradation,luminescence,standardized
PGDB_C007990,CC1(C)CCCc2nc(COC(=O)NCc3ccc4c(c3F)C(=O)N(C3CCC(=O)NC3=O)C4)sc21,CDK2,,64.0,=,0,HEK293,Genentech,WO2025043225,PGDB_AS000677,% Degradation,luminescence,standardized
PGDB_C007990,CC1(C)CCCc2nc(COC(=O)NCc3ccc4c(c3F)C(=O)N(C3CCC(=O)NC3=O)C4)sc21,GSPT1,,0.54,=,0,HEK293,Genentech,WO2025043225,PGDB_AS000429,% Degradation,,standardized
PGDB_C007987,CC1(C)CCCn2nc(COC(=O)NCc3ccc4c(c3F)C(=O)N(C3CCC(=O)NC3=O)C4)cc21,CDK2,,60.0,=,0,HEK293,Genentech,WO2025043225,PGDB_AS000677,% Degradation,luminescence,standardized
PGDB_C007987,CC1(C)CCCn2nc(COC(=O)NCc3ccc4c(c3F)C(=O)N(C3CCC(=O)NC3=O)C4)cc21,GSPT1,,8.7,=,0,HEK293,Genentech,WO2025043225,PGDB_AS000429,% Degradation,,standardized
PGDB_C024784,CC1(C)CCc2cc(-c3cccc(C4CCC(=O)NC4=O)c3Cl)ccc2C(=O)N1,VAV1,,102.3,=,1,Jurkat,Shanghai Meiyue Biotech Development,CN121698875A,PGDB_AS000398,% Degradation,,standardized
PGDB_C024792,CC1(C)CCc2cc(-c3cccc(C4CCC(=O)NC4=O)c3Cl)ccc2NC1=O,VAV1,,104.1,=,1,Jurkat,Shanghai Meiyue Biotech Development,CN121698875A,PGDB_AS000398,% Degradation,,standardized
PGDB_C007981,CC1(C)CCc2nc(COC(=O)NCc3cc(Cl)c4c(c3F)C(=O)N(C3CCC(=O)NC3=O)C4)sc2C1,CDK2,,79.0,=,0,HEK293,Genentech,WO2025043225,PGDB_AS000677,% Degradation,luminescence,standardized
PGDB_C007981,CC1(C)CCc2nc(COC(=O)NCc3cc(Cl)c4c(c3F)C(=O)N(C3CCC(=O)NC3=O)C4)sc2C1,GSPT1,,5.0,=,0,HEK293,Genentech,WO2025043225,PGDB_AS000429,% Degradation,,standardized
PGDB_C007948,CC1(C)CCc2nc(COC(=O)NCc3ccc4c(c3)C(=O)N(C3CCC(=O)NC3=O)C4)sc2C1,CDK2,,49.0,=,0,HEK293,Genentech,WO2025043225,PGDB_AS002435,% Degradation,luminescence,standardized
PGDB_C007966,CC1(C)CCc2nc(COC(=O)NCc3ccc4c(c3F)C(=O)N(C3CCC(=O)NC3=O)C4)sc2C1,CDK2,,59.0,=,0,HEK293,Genentech,WO2025043225,PGDB_AS002435,% Degradation,luminescence,standardized
PGDB_C007972,CC1(C)CCc2nc(COC(=O)NCc3ccc4c(c3F)C(=O)N([C@@H]3CCC(=O)NC3=O)C4)sc2C1,CDK2,,63.0,=,0,HEK293,Genentech,WO2025043225,PGDB_AS000677,% Degradation,luminescence,standardized
PGDB_C007972,CC1(C)CCc2nc(COC(=O)NCc3ccc4c(c3F)C(=O)N([C@@H]3CCC(=O)NC3=O)C4)sc2C1,GSPT1,,4.6,=,0,HEK293,Genentech,WO2025043225,PGDB_AS000429,% Degradation,,standardized
PGDB_C007973,CC1(C)CCc2nc(COC(=O)NCc3ccc4c(c3F)C(=O)N([C@H]3CCC(=O)NC3=O)C4)sc2C1,CDK2,,67.0,=,0,HEK293,Genentech,WO2025043225,PGDB_AS000677,% Degradation,luminescence,standardized
PGDB_C007973,CC1(C)CCc2nc(COC(=O)NCc3ccc4c(c3F)C(=O)N([C@H]3CCC(=O)NC3=O)C4)sc2C1,GSPT1,,3.2,=,0,HEK293,Genentech,WO2025043225,PGDB_AS000429,% Degradation,,standardized
PGDB_C007976,CC1(C)CCc2nc(COC(=O)NCc3ccc4c(c3O)C(=O)N(C3CCC(=O)NC3=O)C4)sc2C1,CDK2,,50.0,=,0,HEK293,Genentech,WO2025043225,PGDB_AS000677,% Degradation,luminescence,standardized
PGDB_C007976,CC1(C)CCc2nc(COC(=O)NCc3ccc4c(c3O)C(=O)N(C3CCC(=O)NC3=O)C4)sc2C1,GSPT1,,2.3,=,0,HEK293,Genentech,WO2025043225,PGDB_AS000429,% Degradation,,standardized
PGDB_C007978,CC1(C)CCc2sc(COC(=O)NCc3ccc4c(c3F)C(=O)N(C3CCC(=O)NC3=O)C4)nc2C1,CDK2,,59.0,=,0,HEK293,Genentech,WO2025043225,PGDB_AS000677,% Degradation,luminescence,standardized
PGDB_C007978,CC1(C)CCc2sc(COC(=O)NCc3ccc4c(c3F)C(=O)N(C3CCC(=O)NC3=O)C4)nc2C1,GSPT1,,7.3,=,0,HEK293,Genentech,WO2025043225,PGDB_AS000429,% Degradation,,standardized
PGDB_C024782,CC1(C)CCn2c1nc1ccc(=O)n(-c3ccc(-c4cccc(C5CCC(=O)NC5=O)c4Cl)cc3)c12,VAV1,,96.2,=,1,Jurkat,Shanghai Meiyue Biotech Development,CN121698875A,PGDB_AS000398,% Degradation,,standardized
PGDB_C007992,CC1(C)CCn2nc(COC(=O)NCc3ccc4c(c3F)C(=O)N(C3CCC(=O)NC3=O)C4)cc21,CDK2,,58.0,=,0,HEK293,Genentech,WO2025043225,PGDB_AS000677,% Degradation,luminescence,standardized
PGDB_C007992,CC1(C)CCn2nc(COC(=O)NCc3ccc4c(c3F)C(=O)N(C3CCC(=O)NC3=O)C4)cc21,GSPT1,,2.8,=,0,HEK293,Genentech,WO2025043225,PGDB_AS000429,% Degradation,,standardized
PGDB_C008564,CC1(C)COCCC1N[C@H]1CCCC[C@@H]1Cc1ccc2c(c1)CN(C1CCC(=O)NC1=O)C2=O,IKZF2,,94.0,=,1,HEK293,Gilead Sciences,JP2026020265A,PGDB_AS000211,% Degradation,luminescence,standardized
PGDB_C005984,CC1(C)C[C@]2(CC[C@@H](NCc3ccc4c(c3)CN(C3CCC(=O)NC3=O)C4=O)CC2)CO1,IKZF1,,51.0,=,0,HEK293,Gilead Sciences,AU2022419982A1,PGDB_AS000645,% Degradation,luminescence,standardized
PGDB_C005984,CC1(C)C[C@]2(CC[C@@H](NCc3ccc4c(c3)CN(C3CCC(=O)NC3=O)C4=O)CC2)CO1,IKZF2,,78.0,=,0,HEK293,Gilead Sciences,AU2022419982A1,PGDB_AS000473,% Degradation,,standardized
PGDB_C005983,CC1(C)C[C@]2(CC[C@H](NCc3ccc4c(c3)CN(C3CCC(=O)NC3=O)C4=O)CC2)CO1,IKZF1,,49.0,=,0,HEK293,Gilead Sciences,AU2022419982A1,PGDB_AS000645,% Degradation,luminescence,standardized
PGDB_C005983,CC1(C)C[C@]2(CC[C@H](NCc3ccc4c(c3)CN(C3CCC(=O)NC3=O)C4=O)CC2)CO1,IKZF2,,88.0,=,1,HEK293,Gilead Sciences,AU2022419982A1,PGDB_AS000473,% Degradation,,standardized
PGDB_C024803,CC1(C)Cc2nc3c(ccc(=O)n3-c3ccc(-c4cccc(C5CCC(=O)NC5=O)c4Cl)cc3)n2C1,VAV1,,101.3,=,1,Jurkat,Shanghai Meiyue Biotech Development,CN121698875A,PGDB_AS000398,% Degradation,,standardized
PGDB_C024757,CC1(C)Cc2nc3ccc(=O)n(-c4ccc(-c5cccc(C6CCC(=O)NC6=O)c5Cl)cc4)c3n2C1,VAV1,,104.4,=,1,Jurkat,Shanghai Meiyue Biotech Development Co Ltd,WO2026061428A1,PGDB_AS000765,% Degradation,fluorescence,standardized
PGDB_C024817,CC1(C)Cc2nc3cn(-c4ccc(-c5cccc(C6CCC(=O)NC6=O)c5Cl)cc4)c(=O)cc3n2C1,VAV1,,96.9,=,1,Jurkat,Shanghai Meiyue Biotech Development Co Ltd,WO2026061428A1,PGDB_AS000765,% Degradation,fluorescence,standardized
PGDB_C008538,CC1(C)OCC(N[C@H]2CCCC[C@@H]2Cc2ccc3c(c2)CN(C2CCC(=O)NC2=O)C3=O)CO1,IKZF2,,88.0,=,1,HEK293,Gilead Sciences,JP2026020265A,PGDB_AS000211,% Degradation,luminescence,standardized
PGDB_C008625,CC1(C)OCCC1N[C@H]1CCCC[C@@H]1Cc1ccc2c(c1)CN(C1CCC(=O)NC1=O)C2=O,IKZF1,,35.0,=,0,HEK293,Gilead Sciences,JP2026020265A,PGDB_AS000216,% Degradation,luminescence,standardized
PGDB_C008625,CC1(C)OCCC1N[C@H]1CCCC[C@@H]1Cc1ccc2c(c1)CN(C1CCC(=O)NC1=O)C2=O,IKZF2,,97.0,=,1,HEK293,Gilead Sciences,JP2026020265A,PGDB_AS000211,% Degradation,luminescence,standardized
PGDB_C008015,CC1(C)OCCn2nc(COC(=O)NCc3cc(Cl)c4c(c3F)C(=O)N(C3CCC(=O)NC3=O)C4)cc21,CDK2,,69.0,=,0,HEK293,Genentech,WO2025043225,PGDB_AS000677,% Degradation,luminescence,standardized
PGDB_C008015,CC1(C)OCCn2nc(COC(=O)NCc3cc(Cl)c4c(c3F)C(=O)N(C3CCC(=O)NC3=O)C4)cc21,GSPT1,,1.4,=,0,HEK293,Genentech,WO2025043225,PGDB_AS000429,% Degradation,,standardized
PGDB_C029177,CC1(CN2CCC(n3ccc4c(N5CCC(=O)NC5=O)cccc43)CC2)CCN(C(=O)c2ccc(N3C4CCC3CN(c3cc(-c5ccccc5O)nnc3N)C4)cc2)CC1,SMARCA2,,84.4,=,1,,AstraZeneca,WO2026120044,PGDB_AS001542,% Degradation,,standardized
PGDB_C010089,CC1(COC(=O)NCc2ccc3c(c2)C(=O)N(C2CCC(=O)NC2=O)C3)CCCO1,CDK2,,10.0,<=,0,HEK293,Monte Rosa Therapeutics,WO2023069720A1,PGDB_AS001399,% Degradation,luminescence,standardized
PGDB_C010085,CC1(COC(=O)NCc2ccc3c(c2)C(=O)N(C2CCC(=O)NC2=O)C3)COC1,CDK2,,10.0,<=,0,HEK293,Monte Rosa Therapeutics,WO2023069720A1,PGDB_AS001399,% Degradation,luminescence,standardized
PGDB_C024886,CC1(Cl)CCc2cc(-c3cccc(C4CCC(=O)NC4=O)c3Cl)ccc2NC1=O,VAV1,,95.37,=,1,Jurkat,Shanghai Meiyue Biotech Development,CN121698875A,PGDB_AS000398,% Degradation,,standardized
PGDB_C008697,CC1(F)CCC(N[C@H]2CCCO[C@@H]2Cc2ccc3c(c2F)CN(C2CCC(=O)NC2=O)C3=O)CC1,IKZF2,,95.0,=,1,HEK293,Gilead Sciences,JP2026020265A,PGDB_AS000211,% Degradation,luminescence,standardized
PGDB_C008697,CC1(F)CCC(N[C@H]2CCCO[C@@H]2Cc2ccc3c(c2F)CN(C2CCC(=O)NC2=O)C3=O)CC1,SALL4,,28.0,=,0,HEK293,Gilead Sciences,JP2026020265A,PGDB_AS002183,% Degradation,,standardized
PGDB_C024867,CC1(F)Cc2nc3cn(-c4ccc(-c5cccc(C6CCC(=O)NC6=O)c5Cl)cc4)c(=O)cc3n2C1,VAV1,,92.88,=,1,Jurkat,Shanghai Meiyue Biotech Development,CN121698875A,PGDB_AS000398,% Degradation,,standardized
PGDB_C006017,CC1(NCc2ccc3c(c2)CN(C2CCC(=O)NC2=O)C3=O)CCCC1,IKZF1,,26.0,=,0,HEK293,Gilead Sciences,AU2022419982A1,PGDB_AS000645,% Degradation,luminescence,standardized
PGDB_C006017,CC1(NCc2ccc3c(c2)CN(C2CCC(=O)NC2=O)C3=O)CCCC1,IKZF2,,81.0,=,1,HEK293,Gilead Sciences,AU2022419982A1,PGDB_AS000473,% Degradation,,standardized
PGDB_C005979,CC1(NCc2ccc3c(c2)CN(C2CCC(=O)NC2=O)C3=O)CCCCC1,IKZF1,,27.0,=,0,HEK293,Gilead Sciences,AU2022419982A1,PGDB_AS000645,% Degradation,luminescence,standardized
PGDB_C005979,CC1(NCc2ccc3c(c2)CN(C2CCC(=O)NC2=O)C3=O)CCCCC1,IKZF2,,95.0,=,1,HEK293,Gilead Sciences,AU2022419982A1,PGDB_AS000473,% Degradation,,standardized
PGDB_C011344,CC1(c2cc(-c3nnc(NC4(c5cc(Cl)c6c(c5)C(=O)N(C5CCC(=O)NC5=O)C6)CC4)o3)no2)CC1,CDK2,,60.1,=,0,HEK293,Monte Rosa Therapeutics,WO2025181261A1,PGDB_AS000913,% Degradation,luminescence,standardized
PGDB_C011344,CC1(c2cc(-c3nnc(NC4(c5cc(Cl)c6c(c5)C(=O)N(C5CCC(=O)NC5=O)C6)CC4)o3)no2)CC1,GSPT1,,7.8,=,0,HEK293,Monte Rosa Therapeutics,WO2025181261A1,PGDB_AS001674,% Degradation,luminescence,standardized
PGDB_C005969,CC1(c2ccccc2)CCC(NCc2ccc3c(c2)CN(C2CCC(=O)NC2=O)C3=O)CC1,IKZF1,,97.0,=,1,HEK293,Gilead Sciences,AU2022419982A1,PGDB_AS000645,% Degradation,luminescence,standardized
PGDB_C005969,CC1(c2ccccc2)CCC(NCc2ccc3c(c2)CN(C2CCC(=O)NC2=O)C3=O)CC1,IKZF2,,91.0,=,1,HEK293,Gilead Sciences,AU2022419982A1,PGDB_AS000473,% Degradation,,standardized
PGDB_C011393,CC12CC(c3nnc(NC4(c5cc(Cl)c6c(c5)C(=O)N(C5CCC(=O)NC5=O)C6)CC4)o3)(C1)C2,CDK2,,51.4,=,0,HEK293,Monte Rosa Therapeutics,WO2025181261A1,PGDB_AS000913,% Degradation,luminescence,standardized
PGDB_C011393,CC12CC(c3nnc(NC4(c5cc(Cl)c6c(c5)C(=O)N(C5CCC(=O)NC5=O)C6)CC4)o3)(C1)C2,GSPT1,,10.0,=,0,HEK293,Monte Rosa Therapeutics,WO2025181261A1,PGDB_AS001674,% Degradation,luminescence,standardized
PGDB_C019911,CC1=C(C(=O)OC(C)C)C(c2ccncc2)C2=C(CC(c3ccc(C)cc3)CC2=O)N1,FBXW7,,0.03,=,0,,University Of Washington;Scripps Research Institute;Fred Hutchinson Cancer Center,WO2019200310A1,PGDB_AS000856,biochemical,,standardized
PGDB_C019899,CC1=C(C(=O)OC2CCCCC2)C(c2ccc(F)cc2)C2=C(CC(c3ccccc3)CC2=O)N1,FBXW7,,0.22,=,0,,University Of Washington;Scripps Research Institute;Fred Hutchinson Cancer Center,WO2019200310A1,PGDB_AS000856,biochemical,,standardized
PGDB_C019902,CC1=C(C(=O)OCCc2ccccc2)C(c2ccc(Cl)cc2Cl)C2=C(CC(C)(C)CC2=O)N1,FBXW7,,0.09,=,0,,University Of Washington;Scripps Research Institute;Fred Hutchinson Cancer Center,WO2019200310A1,PGDB_AS000856,biochemical,,standardized
PGDB_C019907,CC1=C(C(=O)OCc2ccccc2)C(c2cn(-c3ccccc3)nc2-c2ccc(F)cc2)C(C(=O)OCc2ccccc2)=C(C)N1,FBXW7,,1.54,=,0,,University Of Washington;Scripps Research Institute;Fred Hutchinson Cancer Center,WO2019200310A1,PGDB_AS000546,biochemical,luminescence,standardized
PGDB_C024828,CC1=Cc2cc(-c3cccc(C4CCC(=O)NC4=O)c3Cl)ccc2C(=O)NC1,VAV1,,86.7,=,1,Jurkat,Shanghai Meiyue Biotech Development,CN121698875A,PGDB_AS000398,% Degradation,,standardized
PGDB_C024868,CC1=Cn2c(nc3cn(-c4ccc(-c5cccc(C6CCC(=O)NC6=O)c5Cl)cc4)c(=O)cc32)C1,VAV1,,101.6,=,1,Jurkat,Shanghai Meiyue Biotech Development,CN121698875A,PGDB_AS000398,% Degradation,,standardized
PGDB_C024882,CC1C=Cc2cc(-c3cccc(C4CCC(=O)NC4=O)c3Cl)ccc2NC1=O,VAV1,,92.29,=,1,Jurkat,Shanghai Meiyue Biotech Development,CN121698875A,PGDB_AS000398,% Degradation,,standardized
PGDB_C006013,CC1CCC(C)(NCc2ccc3c(c2)CN(C2CCC(=O)NC2=O)C3=O)CC1,IKZF1,,28.0,=,0,HEK293,Gilead Sciences,AU2022419982A1,PGDB_AS000645,% Degradation,luminescence,standardized
PGDB_C006013,CC1CCC(C)(NCc2ccc3c(c2)CN(C2CCC(=O)NC2=O)C3=O)CC1,IKZF2,,87.0,=,1,HEK293,Gilead Sciences,AU2022419982A1,PGDB_AS000473,% Degradation,,standardized
PGDB_C008628,CC1CCC(N[C@H]2CCCC[C@@H]2Cc2ccc3c(c2)CN(C2CCC(=O)NC2=O)C3=O)CC1,IKZF1,,29.0,=,0,HEK293,Gilead Sciences,JP2026020265A,PGDB_AS000216,% Degradation,luminescence,standardized
PGDB_C008628,CC1CCC(N[C@H]2CCCC[C@@H]2Cc2ccc3c(c2)CN(C2CCC(=O)NC2=O)C3=O)CC1,IKZF2,,98.0,=,1,HEK293,Gilead Sciences,JP2026020265A,PGDB_AS000211,% Degradation,luminescence,standardized
PGDB_C032770,CC1CCCC(=O)N1c1cccc(-n2ncc3c(C4CCC(=O)NC4=O)cccc32)c1,VAV1,,69.0,<=,0,Jurkat,,WO2026145172A1,PGDB_AS002622,% Degradation,,standardized
PGDB_C032003,CC1CCCc2cc(-c3cccc(C4CCC(=O)NC4=O)c3Cl)ccc2N1,VAV1,,91.9,=,1,,Changchun Genescience Pharmaceutical Co Ltd,WO2026119120A1,PGDB_AS000657,% Degradation,luminescence,standardized
PGDB_C007994,CC1CCCc2cc(COC(=O)NCc3cc(Cl)c4c(c3F)C(=O)N(C3CCC(=O)NC3=O)C4)nnc21,CDK2,,74.0,=,0,HEK293,Genentech,WO2025043225,PGDB_AS000677,% Degradation,luminescence,standardized
PGDB_C007994,CC1CCCc2cc(COC(=O)NCc3cc(Cl)c4c(c3F)C(=O)N(C3CCC(=O)NC3=O)C4)nnc21,GSPT1,,2.5,=,0,HEK293,Genentech,WO2025043225,PGDB_AS000429,% Degradation,,standardized
PGDB_C007974,CC1CCCc2nc(COC(=O)NCc3ccc4c(c3)C(=O)N(C3CCC(=O)NC3=O)C4)sc21,CDK2,,62.0,=,0,HEK293,Genentech,WO2025043225,PGDB_AS000677,% Degradation,luminescence,standardized
PGDB_C007974,CC1CCCc2nc(COC(=O)NCc3ccc4c(c3)C(=O)N(C3CCC(=O)NC3=O)C4)sc21,GSPT1,,0.99,=,0,HEK293,Genentech,WO2025043225,PGDB_AS000429,% Degradation,,standardized
PGDB_C007996,CC1CCCc2nnc(COC(=O)NCc3cc(Cl)c4c(c3F)C(=O)N(C3CCC(=O)NC3=O)C4)cc21,CDK2,,70.0,=,0,HEK293,Genentech,WO2025043225,PGDB_AS000677,% Degradation,luminescence,standardized
PGDB_C007996,CC1CCCc2nnc(COC(=O)NCc3cc(Cl)c4c(c3F)C(=O)N(C3CCC(=O)NC3=O)C4)cc21,GSPT1,,1.9,=,0,HEK293,Genentech,WO2025043225,PGDB_AS000429,% Degradation,,standardized
PGDB_C007975,CC1CCCc2sc(COC(=O)NCc3ccc4c(c3)C(=O)N(C3CCC(=O)NC3=O)C4)nc21,CDK2,,50.0,=,0,HEK293,Genentech,WO2025043225,PGDB_AS000677,% Degradation,luminescence,standardized
PGDB_C007975,CC1CCCc2sc(COC(=O)NCc3ccc4c(c3)C(=O)N(C3CCC(=O)NC3=O)C4)nc21,GSPT1,,1.2,=,0,HEK293,Genentech,WO2025043225,PGDB_AS000429,% Degradation,,standardized
PGDB_C007984,CC1CCCn2nc(COC(=O)NCc3ccc4c(c3F)C(=O)N(C3CCC(=O)NC3=O)C4)cc21,CDK2,,72.0,=,0,HEK293,Genentech,WO2025043225,PGDB_AS000677,% Degradation,luminescence,standardized
PGDB_C007984,CC1CCCn2nc(COC(=O)NCc3ccc4c(c3F)C(=O)N(C3CCC(=O)NC3=O)C4)cc21,GSPT1,,0.84,=,0,HEK293,Genentech,WO2025043225,PGDB_AS000429,% Degradation,,standardized
PGDB_C008656,CC1CC[C@H](NC2CCC(F)(F)CC2)[C@@H](Cc2ccc3c(c2)CN(C2CCC(=O)NC2=O)C3=O)C1,IKZF1,,71.0,=,0,HEK293,Gilead Sciences,JP2026020265A,PGDB_AS000216,% Degradation,luminescence,standardized
PGDB_C008656,CC1CC[C@H](NC2CCC(F)(F)CC2)[C@@H](Cc2ccc3c(c2)CN(C2CCC(=O)NC2=O)C3=O)C1,IKZF2,,95.0,=,1,HEK293,Gilead Sciences,JP2026020265A,PGDB_AS000211,% Degradation,luminescence,standardized
PGDB_C024850,CC1CCc2cc(-c3cccc(C4CCC(=O)NC4=O)c3Cl)ccc2C(=O)N1,VAV1,,94.3,=,1,Jurkat,Shanghai Meiyue Biotech Development,CN121698875A,PGDB_AS000398,% Degradation,,standardized
PGDB_C024821,CC1CCc2cc(-c3cccc(C4CCC(=O)NC4=O)c3Cl)ccc2NC1=O,VAV1,,101.4,=,1,Jurkat,Shanghai Meiyue Biotech Development,CN121698875A,PGDB_AS000398,% Degradation,,standardized
PGDB_C007983,CC1CCc2cc(COC(=O)NCc3ccc4c(c3F)C(=O)N(C3CCC(=O)NC3=O)C4)nn2C1,CDK2,,66.0,=,0,HEK293,Genentech,WO2025043225,PGDB_AS000677,% Degradation,luminescence,standardized
PGDB_C007983,CC1CCc2cc(COC(=O)NCc3ccc4c(c3F)C(=O)N(C3CCC(=O)NC3=O)C4)nn2C1,GSPT1,,2.5,=,0,HEK293,Genentech,WO2025043225,PGDB_AS000429,% Degradation,,standardized
PGDB_C007935,CC1CCc2nc(COC(=O)NCc3ccc4c(c3)C(=O)N(C3CCC(=O)NC3=O)C4)sc2C1,CDK2,,39.0,=,0,HEK293,Genentech,WO2025043225,PGDB_AS002435,% Degradation,luminescence,standardized
PGDB_C007970,CC1CCc2sc(COC(=O)NCc3ccc4c(c3)C(=O)N(C3CCC(=O)NC3=O)C4)nc2C1,CDK2,,50.0,=,0,HEK293,Genentech,WO2025043225,PGDB_AS000677,% Degradation,luminescence,standardized
PGDB_C007970,CC1CCc2sc(COC(=O)NCc3ccc4c(c3)C(=O)N(C3CCC(=O)NC3=O)C4)nc2C1,GSPT1,,1.7,=,0,HEK293,Genentech,WO2025043225,PGDB_AS000429,% Degradation,,standardized
PGDB_C024783,CC1CCn2c1nc1ccc(=O)n(-c3ccc(-c4cccc(C5CCC(=O)NC5=O)c4Cl)cc3)c12,VAV1,,97.2,=,1,Jurkat,Shanghai Meiyue Biotech Development,CN121698875A,PGDB_AS000398,% Degradation,,standardized
PGDB_C007993,CC1CCn2nc(COC(=O)NCc3ccc4c(c3F)C(=O)N(C3CCC(=O)NC3=O)C4)cc21,CDK2,,62.0,=,0,HEK293,Genentech,WO2025043225,PGDB_AS000677,% Degradation,luminescence,standardized
PGDB_C007993,CC1CCn2nc(COC(=O)NCc3ccc4c(c3F)C(=O)N(C3CCC(=O)NC3=O)C4)cc21,GSPT1,,5.8,=,0,HEK293,Genentech,WO2025043225,PGDB_AS000429,% Degradation,,standardized
PGDB_C007982,CC1CCn2nc(COC(=O)NCc3ccc4c(c3F)C(=O)N(C3CCC(=O)NC3=O)C4)cc2C1,CDK2,,58.0,=,0,HEK293,Genentech,WO2025043225,PGDB_AS000677,% Degradation,luminescence,standardized
PGDB_C007982,CC1CCn2nc(COC(=O)NCc3ccc4c(c3F)C(=O)N(C3CCC(=O)NC3=O)C4)cc2C1,GSPT1,,4.4,=,0,HEK293,Genentech,WO2025043225,PGDB_AS000429,% Degradation,,standardized
PGDB_C029200,CC1CN(c2cc(-c3ccccc3O)nnc2N)CCN1c1ccc(C(=O)N2CCC(F)(CN3CC[C@@H](n4ccc5cc(N6CCC(=O)NC6=O)ccc54)[C@H](C)C3)CC2)cc1,SMARCA2,,69.2,=,0,,AstraZeneca,WO2026120044,PGDB_AS001542,% Degradation,,standardized
PGDB_C008130,CC1Cc2cccnc2N1[C@H]1C[C@@H](OC(=O)NCc2cc(Cl)c3c(c2F)C(=O)N(C2CCC(=O)NC2=O)C3)C1,CDK2,,82.0,=,1,HEK293,Genentech,WO2025043225,PGDB_AS000554,% Degradation,luminescence,standardized
PGDB_C008130,CC1Cc2cccnc2N1[C@H]1C[C@@H](OC(=O)NCc2cc(Cl)c3c(c2F)C(=O)N(C2CCC(=O)NC2=O)C3)C1,GSPT1,,7.5,=,0,HEK293,Genentech,WO2025043225,PGDB_AS000025,% Degradation,,standardized
PGDB_C024838,CC1Cc2nc3ccc(=O)n(-c4ccc(-c5cccc(C6CCC(=O)NC6=O)c5Cl)cc4)c3n2C1,VAV1,,100.7,=,1,Jurkat,Shanghai Meiyue Biotech Development,CN121698875A,PGDB_AS000398,% Degradation,,standardized
PGDB_C024814,CC1Cc2nc3cn(-c4ccc(-c5cccc(C6CCC(=O)NC6=O)c5Cl)cc4)c(=O)cc3n2C1,VAV1,,92.3,=,1,Jurkat,Shanghai Meiyue Biotech Development,CN121698875A,PGDB_AS000398,% Degradation,,standardized
PGDB_C008019,CC1c2cc(COC(=O)NCc3cc(Cl)c4c(c3F)C(=O)N(C3CCC(=O)NC3=O)C4)nn2CCN1C,CDK2,,63.0,=,0,HEK293,Genentech,WO2025043225,PGDB_AS000677,% Degradation,luminescence,standardized
PGDB_C008019,CC1c2cc(COC(=O)NCc3cc(Cl)c4c(c3F)C(=O)N(C3CCC(=O)NC3=O)C4)nn2CCN1C,GSPT1,,0.44,=,0,HEK293,Genentech,WO2025043225,PGDB_AS000429,% Degradation,,standardized
PGDB_C032038,CCC(=O)Nc1sc(-c2cccc(C3CCC(=O)NC3=O)c2Cl)cc1C,VAV1,,95.7,=,1,,Changchun Genescience Pharmaceutical Co Ltd,WO2026119120A1,PGDB_AS000657,% Degradation,luminescence,standardized
PGDB_C008654,CCC(C)(C)N[C@H]1CCCC[C@@H]1Cc1ccc2c(c1)CN(C1CCC(=O)NC1=O)C2=O,IKZF2,,72.0,=,0,HEK293,Gilead Sciences,JP2026020265A,PGDB_AS000211,% Degradation,luminescence,standardized
PGDB_C027705,CCC(C)(NCCc1ccc(Cl)c(C(F)(F)F)c1)c1cccc(NC2=CC(=O)N(C3CCC(=O)NC3=O)C2=O)c1,ZBTB11,,71.61,=,0,MOLT-4,Sanford Burnham Prebys Medical Discovery Institute;University Of California Berkeley;University Of California San Diego Ucsd,WO2025024030A3,PGDB_AS002184,% Degradation,luminescence,standardized
PGDB_C027706,CCC(C)(NCCc1cccc(Cl)c1)c1cccc(NC2=CC(=O)N(C3CCC(=O)NC3=O)C2=O)c1,ZBTB11,,16.75,=,0,MOLT-4,Sanford Burnham Prebys Medical Discovery Institute;University Of California Berkeley;University Of California San Diego Ucsd,WO2025024030A3,PGDB_AS002184,% Degradation,luminescence,standardized
PGDB_C008550,CCC(C)N[C@H]1CCCC[C@@H]1Cc1ccc2c(c1)CN(C1CCC(=O)NC1=O)C2=O,IKZF2,,98.0,=,1,HEK293,Gilead Sciences,JP2026020265A,PGDB_AS000211,% Degradation,luminescence,standardized
PGDB_C008637,CCC(C)N[C@H]1CCCC[C@@H]1Cc1ccc2c(c1F)CN(C1CCC(=O)NC1=O)C2=O,IKZF1,,40.0,=,0,HEK293,Gilead Sciences,JP2026020265A,PGDB_AS000216,% Degradation,luminescence,standardized
PGDB_C008637,CCC(C)N[C@H]1CCCC[C@@H]1Cc1ccc2c(c1F)CN(C1CCC(=O)NC1=O)C2=O,IKZF2,,97.0,=,1,HEK293,Gilead Sciences,JP2026020265A,PGDB_AS000211,% Degradation,luminescence,standardized
PGDB_C008636,CCC(C)N[C@H]1CCCO[C@@H]1Cc1ccc2c(c1F)CN(C1CCC(=O)NC1=O)C2=O,IKZF2,,97.0,=,1,HEK293,Gilead Sciences,JP2026020265A,PGDB_AS000211,% Degradation,luminescence,standardized
PGDB_C019900,CCC(C)OC(=O)C1=C(C)NC2=C(C(=O)CC(c3ccc(F)cc3)C2)C1c1cccc(Cl)c1,FBXW7,,0.13,=,0,,University Of Washington;Scripps Research Institute;Fred Hutchinson Cancer Center,WO2019200310A1,PGDB_AS000856,biochemical,,standardized
PGDB_C008404,CCC(CC)N[C@H]1CCCC[C@@H]1Cc1ccc2c(c1)CN(C1CCC(=O)NC1=O)C2=O,IKZF1,,14.0,=,0,HEK293,Gilead Sciences,JP2026020265A,PGDB_AS000216,% Degradation,luminescence,standardized
PGDB_C008404,CCC(CC)N[C@H]1CCCC[C@@H]1Cc1ccc2c(c1)CN(C1CCC(=O)NC1=O)C2=O,IKZF2,,95.0,=,1,HEK293,Gilead Sciences,JP2026020265A,PGDB_AS000211,% Degradation,luminescence,standardized
PGDB_C032997,CCC(CC)Oc1cc(C(F)F)cc(=O)n1-c1cccc(-n2ncc3c(C4CCC(=O)NC4=O)cccc32)c1,VAV1,,90.0,>,1,Jurkat,,WO2026145172A1,PGDB_AS002599,% Degradation,luminescence,standardized
PGDB_C010432,CCC(N[C@H]1CCCC[C@@H]1Cc1ccc2c(c1)CN(C1CCC(=O)NC1=O)C2=O)C1CC1,IKZF2,,97.0,=,1,HEK293,Gilead Sciences,JP2026020265A,PGDB_AS000211,% Degradation,luminescence,standardized
PGDB_C019919,CCC(c1nnnn1CCC(C)C)N1CCN(C(=O)c2cc(C)co2)CC1,FBXW7,,0.18,=,0,,University Of Washington;Scripps Research Institute;Fred Hutchinson Cancer Center,WO2019200310A1,PGDB_AS000856,biochemical,,standardized
PGDB_C010163,CCC1(CC)CN(C)CCC1(O)c1ccc2c(n1)CN(C1CCC(=O)NC1=O)C2=O,ARNT,,60.0,<=,0,7860-O,Neomorph,WO2025097092,PGDB_AS001935,% Degradation,luminescence,manual_curated
PGDB_C010164,CCC1(CC)CN(CC(C)C)CCC1(O)c1ccc2c(n1)CN(C1CCC(=O)NC1=O)C2=O,ARNT,,60.0,<=,0,7860-O,Neomorph,WO2025097092,PGDB_AS001935,% Degradation,luminescence,manual_curated
PGDB_C010171,CCC1(CC)CN(CC2CCC(F)(F)CC2)CCC1(O)c1ccc2c(n1)CN(C1CCC(=O)NC1=O)C2=O,ARNT,,60.0,<=,0,7860-O,Neomorph,WO2025097092,PGDB_AS001935,% Degradation,luminescence,manual_curated
PGDB_C010172,CCC1(CC)CN(CC2CCOCC2)CCC1(O)c1ccc2c(n1)CN(C1CCC(=O)NC1=O)C2=O,ARNT,,30.0,<,0,7860-O,Neomorph,WO2025097092,PGDB_AS001935,% Degradation,luminescence,manual_curated
PGDB_C008542,CCCC(CCC)N[C@H]1CCCC[C@@H]1Cc1ccc2c(c1)CN(C1CCC(=O)NC1=O)C2=O,IKZF2,,96.0,=,1,HEK293,Gilead Sciences,JP2026020265A,PGDB_AS000211,% Degradation,luminescence,standardized
PGDB_C019890,CCCCCCCC(=O)Nc1ccc(C(=O)Nc2ccc(O)c(C(=O)O)c2)cc1,FBXW7,,1.89,=,0,,University Of Washington;Scripps Research Institute;Fred Hutchinson Cancer Center,WO2019200310A1,PGDB_AS000546,biochemical,luminescence,standardized
PGDB_C011222,CCCCN[C@H]1CCCC[C@@H]1Cc1ccc2c(c1)CN(C1CCC(=O)NC1=O)C2=O,IKZF1,,19.0,=,0,HEK293,Gilead Sciences,JP2026020265A,PGDB_AS000216,% Degradation,luminescence,standardized
PGDB_C011222,CCCCN[C@H]1CCCC[C@@H]1Cc1ccc2c(c1)CN(C1CCC(=O)NC1=O)C2=O,IKZF2,,98.0,=,1,HEK293,Gilead Sciences,JP2026020265A,PGDB_AS000211,% Degradation,luminescence,standardized
PGDB_C011031,CCCCNc1c(-c2ccc3c(c2)CN(C2CCC(=O)NC2=O)C3=O)nc2ccccn12,WEE1,,93.0,=,1,,Dana Farber Cancer Institute;Leland Stanford Junior University,WO2025129172A1,PGDB_AS000292,% Degradation,luminescence,standardized
PGDB_C005945,CCCC[C@H]1CC[C@@H](NCc2ccc3c(c2)CN(C2CCC(=O)NC2=O)C3=O)CC1,IKZF1,,30.0,=,0,HEK293,Gilead Sciences,AU2022419982A1,PGDB_AS000645,% Degradation,luminescence,standardized
PGDB_C005945,CCCC[C@H]1CC[C@@H](NCc2ccc3c(c2)CN(C2CCC(=O)NC2=O)C3=O)CC1,IKZF2,,69.0,=,0,HEK293,Gilead Sciences,AU2022419982A1,PGDB_AS000473,% Degradation,,standardized
PGDB_C019879,CCCOC(=O)C1=C(C)N(CC)C(=O)NC1c1ccccc1[N+](=O)[O-],FBXW7,,0.09,=,0,,University Of Washington;Scripps Research Institute;Fred Hutchinson Cancer Center,WO2019200310A1,PGDB_AS000856,biochemical,,standardized
PGDB_C005941,CCCO[C@H]1CC[C@@H](NCc2ccc3c(c2)CN(C2CCC(=O)NC2=O)C3=O)CC1,IKZF1,,49.0,=,0,HEK293,Gilead Sciences,AU2022419982A1,PGDB_AS000645,% Degradation,luminescence,standardized
PGDB_C005941,CCCO[C@H]1CC[C@@H](NCc2ccc3c(c2)CN(C2CCC(=O)NC2=O)C3=O)CC1,IKZF2,,90.0,=,1,HEK293,Gilead Sciences,AU2022419982A1,PGDB_AS000473,% Degradation,,standardized
PGDB_C021157,CCCOc1ccc(C2C(C(=O)OC)=CN(CCOC)C=C2C(=O)OC(F)(F)F)cc1,FBXW7,,0.31,=,0,,University Of Washington;Scripps Research Institute;Fred Hutchinson Cancer Center,WO2019200310A1,PGDB_AS000856,biochemical,,standardized
PGDB_C012174,CCCn1cc(F)cc(N2CCC(c3cccc(C4CCC(=O)NC4=O)c3Cl)CC2)c1=O,VAV1,,93.634,=,1,Jurkat,Monte Rosa Therapeutics,WO2026013577A1,PGDB_AS002157,% Degradation,luminescence,standardized
PGDB_C012190,CCCn1cc(F)cc(N2CCN(c3cccc(C4CCC(=O)NC4=O)c3Cl)CC2)c1=O,VAV1,,83.339,=,1,Jurkat,Monte Rosa Therapeutics,WO2026013577A1,PGDB_AS002157,% Degradation,luminescence,standardized
PGDB_C012160,CCCn1cccc(N2CCC(c3cccc(C4CCC(=O)NC4=O)c3Cl)CC2)c1=O,VAV1,,98.098,=,1,Jurkat,Monte Rosa Therapeutics,WO2026013577A1,PGDB_AS002157,% Degradation,luminescence,standardized
PGDB_C012171,CCCn1cccc(N2CCN(c3cccc(C4CCC(=O)NC4=O)c3Cl)CC2)c1=O,VAV1,,94.835,=,1,Jurkat,Monte Rosa Therapeutics,WO2026013577A1,PGDB_AS002157,% Degradation,luminescence,standardized
PGDB_C012182,CCCn1cncc(N2CCC(c3cccc(C4CCC(=O)NC4=O)c3Cl)CC2)c1=O,VAV1,,91.071,=,1,Jurkat,Monte Rosa Therapeutics,WO2026013577A1,PGDB_AS002157,% Degradation,luminescence,standardized
PGDB_C012189,CCCn1cncc(N2CCN(c3cccc(C4CCC(=O)NC4=O)c3Cl)CC2)c1=O,VAV1,,83.808,=,1,Jurkat,Monte Rosa Therapeutics,WO2026013577A1,PGDB_AS002157,% Degradation,luminescence,standardized
PGDB_C012197,CCCn1nccc(N2CCC(c3cccc(C4CCC(=O)NC4=O)c3Cl)CC2)c1=O,VAV1,,76.622,=,0,Jurkat,Monte Rosa Therapeutics,WO2026013577A1,PGDB_AS002157,% Degradation,luminescence,standardized
PGDB_C029670,CCN(C)C(=O)Nc1c(C)cc(-c2cccc(C3CCC(=O)NC3=O)c2Cl)cc1F,VAV1,,98.8,=,1,,Shanghai Qilu Pharmaceutical Research And Development Centre,WO2026051943A1,PGDB_AS000777,% Degradation,luminescence,standardized
PGDB_C029608,CCN(C)C(=O)Nc1ccc(-c2cccc(C3CCC(=O)NC3=O)c2Cl)cc1C,VAV1,,98.6,=,1,,Shanghai Qilu Pharmaceutical Research And Development Centre,WO2026051943A1,PGDB_AS000777,% Degradation,luminescence,standardized
PGDB_C032932,CCN(C)C(=O)c1cccc2cc(-c3cccc(C4CCC(=O)NC4=O)c3Cl)ccc12,VAV1,,90.0,>,1,Jurkat,,WO2026145172A1,PGDB_AS002599,% Degradation,luminescence,standardized
PGDB_C032996,CCN(CC)C(=O)c1ccc2cc(-c3cccc(C4CCC(=O)NC4=O)c3Cl)ccc2c1,VAV1,,90.0,>,1,Jurkat,,WO2026145172A1,PGDB_AS002599,% Degradation,luminescence,standardized
PGDB_C008370,CCN(CC)C1CCN(Cc2ccc3ccccc3c2)CC1Oc1ccc2c(c1)CN(C1CCC(=O)NC1=O)C2=O,IKZF2,,98.0,=,1,HEK293,Gilead Sciences,JP7834866B2,PGDB_AS002372,% Degradation,,standardized
PGDB_C008322,CCN(CC)C1CCN(Cc2ccccc2)CC1Oc1ccc2c(c1)CN(C1CCC(=O)NC1=O)C2=O,IKZF2,,90.0,=,1,HEK293,Gilead Sciences,JP7834866B2,PGDB_AS001425,% Degradation,luminescence,standardized
PGDB_C008378,CCN(CC)[C@H]1CCN(Cc2ccc(F)cc2)C[C@@H]1Oc1ccc2c(c1)CN(C1CCC(=O)NC1=O)C2=O,IKZF2,,99.0,=,1,HEK293,Gilead Sciences,JP2025129253A,PGDB_AS002322,% Degradation,luminescence,standardized
PGDB_C019889,CCN(CC)c1ccc2c(c1)OC(N)=C(C#N)C2c1ccccc1,FBXW7,,0.22,=,0,,University Of Washington;Scripps Research Institute;Fred Hutchinson Cancer Center,WO2019200310A1,PGDB_AS000856,biochemical,,standardized
PGDB_C019873,CCN(CC)c1ccc2cc(-c3ccccn3)c(=O)oc2c1,FBXW7,,0.43,=,0,,University Of Washington;Scripps Research Institute;Fred Hutchinson Cancer Center,WO2019200310A1,PGDB_AS000856,biochemical,,standardized
PGDB_C019888,CCN(CC)c1ccc2cc(-c3nc(C)cs3)c(=O)oc2c1,FBXW7,,0.77,=,0,,University Of Washington;Scripps Research Institute;Fred Hutchinson Cancer Center,WO2019200310A1,PGDB_AS000856,biochemical,,standardized
PGDB_C021158,CCN(Cc1ccccc1)C(=O)c1cc2c(=O)n3ccc(C)c(C)c3nc2n1C,FBXW7,,0.79,=,0,,University Of Washington;Scripps Research Institute;Fred Hutchinson Cancer Center,WO2019200310A1,PGDB_AS000856,biochemical,,standardized
PGDB_C032072,CCN1C(=O)CCc2cc(-c3cccc(C4CCC(=O)NC4=O)c3Cl)sc21,VAV1,,80.0,=,1,,Changchun Genescience Pharmaceutical Co Ltd,WO2026119120A1,PGDB_AS000657,% Degradation,luminescence,standardized
PGDB_C019882,CCN1C(=O)c2cccc3c(N4CCCC4)ccc(c23)C1=O,FBXW7,,0.35,=,0,,University Of Washington;Scripps Research Institute;Fred Hutchinson Cancer Center,WO2019200310A1,PGDB_AS000856,biochemical,,standardized
PGDB_C005915,CCN1CCC(NCc2ccc3c(c2)CN(C2CCC(=O)NC2=O)C3=O)CC1,IKZF1,,25.0,=,0,HEK293,Gilead Sciences,AU2022419982A1,PGDB_AS000645,% Degradation,luminescence,standardized
PGDB_C005915,CCN1CCC(NCc2ccc3c(c2)CN(C2CCC(=O)NC2=O)C3=O)CC1,IKZF2,,32.0,=,0,HEK293,Gilead Sciences,AU2022419982A1,PGDB_AS000473,% Degradation,,standardized
PGDB_C008315,CCN1CCC(NCc2ccccc2)C(Oc2ccc3c(c2)CN(C2CCC(=O)NC2=O)C3=O)C1,IKZF2,,51.0,=,0,HEK293,Gilead Sciences,JP7834866B2,PGDB_AS001425,% Degradation,luminescence,standardized
PGDB_C010162,CCN1CCC(O)(c2ccc3c(n2)CN(C2CCC(=O)NC2=O)C3=O)C(CC)(CC)C1,ARNT,,30.0,<,0,7860-O,Neomorph,WO2025097092,PGDB_AS001935,% Degradation,luminescence,manual_curated
PGDB_C024877,CCN1CCc2cc(-c3cccc(C4CCC(=O)NC4=O)c3Cl)ccc2C(=O)N1,VAV1,,101.9,=,1,Jurkat,Shanghai Meiyue Biotech Development,CN121698875A,PGDB_AS000398,% Degradation,,standardized
PGDB_C029647,CCNC(=O)N(c1ccc(-c2cccc(C3CCC(=O)NC3=O)c2Cl)cc1)C12CC(C1)C2,VAV1,,98.7,=,1,,Shanghai Qilu Pharmaceutical Research And Development Centre,WO2026051943A1,PGDB_AS000777,% Degradation,luminescence,standardized
PGDB_C029669,CCNC(=O)N(c1ccc(-c2cccc(C3CCC(=O)NC3=O)c2Cl)cc1)C1CC1,VAV1,,98.8,=,1,,Shanghai Qilu Pharmaceutical Research And Development Centre,WO2026051943A1,PGDB_AS000777,% Degradation,luminescence,standardized
PGDB_C029446,CCNC(=O)N1CCCOc2cc(-c3cccc(C4CCC(=O)NC4=O)c3Cl)ccc21,VAV1,,97.2,=,1,,Shanghai Qilu Pharmaceutical Research And Development Centre,WO2026051943A1,PGDB_AS000777,% Degradation,luminescence,standardized
PGDB_C029513,CCNC(=O)N1CCOCc2cc(-c3cccc(C4CCC(=O)NC4=O)c3Cl)ccc21,VAV1,,97.42,=,1,,Shanghai Qilu Pharmaceutical Research And Development Centre,WO2026051943A1,PGDB_AS000777,% Degradation,luminescence,standardized
PGDB_C029678,CCNC(=O)Nc1c(C)cc(-c2cccc(C3CCC(=O)NC3=O)c2Cl)cc1C#N,VAV1,,98.7,=,1,,Shanghai Qilu Pharmaceutical Research And Development Centre,WO2026051943A1,PGDB_AS000777,% Degradation,luminescence,standardized
PGDB_C029680,CCNC(=O)Nc1c(C)cc(-c2cccc(C3CCC(=O)NC3=O)c2Cl)cc1OC,VAV1,,98.3,=,1,,Shanghai Qilu Pharmaceutical Research And Development Centre,WO2026051943A1,PGDB_AS000777,% Degradation,luminescence,standardized
PGDB_C029682,CCNC(=O)Nc1c(Cl)cc(-c2cccc(C3CCC(=O)NC3=O)c2Cl)cc1OC,VAV1,,98.4,=,1,,Shanghai Qilu Pharmaceutical Research And Development Centre,WO2026051943A1,PGDB_AS000777,% Degradation,luminescence,standardized
PGDB_C029644,CCNC(=O)Nc1c(F)cc(-c2cccc(C3CCC(=O)NC3=O)c2Cl)cc1F,VAV1,,97.56,=,1,,Shanghai Qilu Pharmaceutical Research And Development Centre,WO2026051943A1,PGDB_AS000777,% Degradation,luminescence,standardized
PGDB_C033062,CCNC(=O)c1ccc2cc(-c3cccc(C4CCC(=O)NC4=O)c3Cl)ccc2c1,VAV1,,90.0,>,1,Jurkat,,WO2026145172A1,PGDB_AS002599,% Degradation,luminescence,standardized
PGDB_C033046,CCNC(=O)c1cccc2cc(-c3cccc(C4CCC(=O)NC4=O)c3Cl)ccc12,VAV1,,90.0,>,1,Jurkat,,WO2026145172A1,PGDB_AS002599,% Degradation,luminescence,standardized
PGDB_C008338,CCNC1CCN(Cc2ccc(F)cc2)CC1Oc1ccc2c(c1)CN(C1CCC(=O)NC1=O)C2=O,IKZF2,,92.0,=,1,HEK293,Gilead Sciences,JP2025129253A,PGDB_AS002322,% Degradation,luminescence,standardized
PGDB_C008349,CCNC1CCN(Cc2ccc(F)cc2F)CC1Oc1ccc2c(c1)CN(C1CCC(=O)NC1=O)C2=O,IKZF2,,97.0,=,1,HEK293,Gilead Sciences,JP2025129253A,PGDB_AS002322,% Degradation,luminescence,standardized
PGDB_C008369,CCNC1CCN(Cc2ccc3ccccc3c2)CC1Oc1ccc2c(c1)CN(C1CCC(=O)NC1=O)C2=O,IKZF2,,96.0,=,1,HEK293,Gilead Sciences,JP2025129253A,PGDB_AS002322,% Degradation,luminescence,standardized
PGDB_C008373,CCNC1CCN(Cc2cccc(-c3ccccc3)c2)CC1Oc1ccc2c(c1)CN(C1CCC(=O)NC1=O)C2=O,IKZF2,,83.0,=,1,HEK293,Gilead Sciences,JP2025129253A,PGDB_AS002322,% Degradation,luminescence,standardized
PGDB_C008323,CCNC1CCN(Cc2ccccc2)CC1Oc1ccc2c(c1)CN(C1CCC(=O)NC1=O)C2=O,IKZF2,,97.0,=,1,HEK293,Gilead Sciences,JP2025129253A,PGDB_AS002322,% Degradation,luminescence,standardized
PGDB_C008416,CCN[C@H]1CCCC[C@@H]1Cc1ccc2c(c1)CN(C1CCC(=O)NC1=O)C2=O,IKZF1,,31.0,=,0,HEK293,Gilead Sciences,JP2026020265A,PGDB_AS000216,% Degradation,luminescence,standardized
PGDB_C008416,CCN[C@H]1CCCC[C@@H]1Cc1ccc2c(c1)CN(C1CCC(=O)NC1=O)C2=O,IKZF2,,94.0,=,1,HEK293,Gilead Sciences,JP2026020265A,PGDB_AS000211,% Degradation,luminescence,standardized
PGDB_C008707,CCN[C@H]1CCCC[C@@H]1Oc1ccc2c(c1)CN(C1CCC(=O)NC1=O)C2=O,IKZF2,,93.0,=,1,HEK293,Gilead Sciences,JP2026020265A,PGDB_AS000211,% Degradation,luminescence,standardized
PGDB_C008377,CCN[C@H]1CCN(Cc2ccc(F)cc2)C[C@@H]1Oc1ccc2c(c1)CN(C1CCC(=O)NC1=O)C2=O,IKZF2,,98.0,=,1,HEK293,Gilead Sciences,JP2025129253A,PGDB_AS002322,% Degradation,luminescence,standardized
PGDB_C019891,CCOC(=O)C1=CN(Cc2ccc(OC)cc2)C=C(C(=O)OCC)C1c1ccccc1OCc1ccccc1,FBXW7,,2.45,=,0,,University Of Washington;Scripps Research Institute;Fred Hutchinson Cancer Center,WO2019200310A1,PGDB_AS000856,biochemical,,standardized
PGDB_C019884,CCOC(=O)N1CCC(C(=O)Nc2ccc(NC(=O)N3CCC(C(=O)OCC(F)(F)F)CC3)cc2)CC1,FBXW7,,1.76,=,0,,University Of Washington;Scripps Research Institute;Fred Hutchinson Cancer Center,WO2019200310A1,PGDB_AS000546,biochemical,luminescence,standardized
PGDB_C019893,CCOC(=O)c1sc2ncn(CC(=O)NCCC3=CCCCC3)c(=O)c2c1C,FBXW7,,0.13,=,0,,University Of Washington;Scripps Research Institute;Fred Hutchinson Cancer Center,WO2019200310A1,PGDB_AS000856,biochemical,,standardized
PGDB_C008456,CCOC1CC(N[C@H]2CCCC[C@@H]2Cc2ccc3c(c2)CN(C2CCC(=O)NC2=O)C3=O)C1,IKZF1,,51.0,=,0,HEK293,Gilead Sciences,JP2026020265A,PGDB_AS000216,% Degradation,luminescence,standardized
PGDB_C008456,CCOC1CC(N[C@H]2CCCC[C@@H]2Cc2ccc3c(c2)CN(C2CCC(=O)NC2=O)C3=O)C1,IKZF2,,95.0,=,1,HEK293,Gilead Sciences,JP2026020265A,PGDB_AS000211,% Degradation,luminescence,standardized
PGDB_C008371,CCOC1CN(C2CCN(Cc3ccccc3)CC2Oc2ccc3c(c2)CN(C2CCC(=O)NC2=O)C3=O)C1,IKZF2,,96.0,=,1,HEK293,Gilead Sciences,JP7834866B2,PGDB_AS002372,% Degradation,,standardized
PGDB_C008412,CCOC1CN([C@H]2CCCC[C@@H]2Cc2ccc3c(c2)CN(C2CCC(=O)NC2=O)C3=O)C1,IKZF2,,85.0,=,1,HEK293,Gilead Sciences,JP2026020265A,PGDB_AS000211,% Degradation,luminescence,standardized
PGDB_C008459,CCOCC(C)N[C@H]1CCCC[C@@H]1Cc1ccc2c(c1)CN(C1CCC(=O)NC1=O)C2=O,IKZF2,,92.0,=,1,HEK293,Gilead Sciences,JP2026020265A,PGDB_AS000211,% Degradation,luminescence,standardized
PGDB_C012167,CCOCCn1cccc(N2CCN(c3cccc(C4CCC(=O)NC4=O)c3Cl)CC2)c1=O,VAV1,,96.428,=,1,Jurkat,Monte Rosa Therapeutics,WO2026013577A1,PGDB_AS002157,% Degradation,luminescence,standardized
PGDB_C032854,CCOc1cc(C(F)(F)F)n(-c2cccc(-n3ncc4c(C5CCC(=O)NC5=O)cccc43)c2)c(=O)c1,VAV1,,90.0,>,1,Jurkat,,WO2026145172A1,PGDB_AS002624,% Degradation,luminescence,standardized
PGDB_C032852,CCOc1cc(CCC(F)(F)F)n(-c2ccc(-c3cccc(N4CCC(=O)NC4=O)c3Cl)cc2)c(=O)c1,VAV1,,90.0,>,1,Jurkat,,WO2026145172A1,PGDB_AS002624,% Degradation,luminescence,standardized
PGDB_C032875,CCOc1cc(CCC(F)(F)F)n(-c2cccc(-n3ncc4c(C5CCC(=O)NC5=O)cccc43)c2)c(=O)c1,VAV1,,90.0,>,1,Jurkat,,WO2026145172A1,PGDB_AS002624,% Degradation,luminescence,standardized
PGDB_C011349,CCOc1cc(Cl)ccc1-c1nnc(NC2(c3cc(Cl)c4c(c3)C(=O)N(C3CCC(=O)NC3=O)C4)CC2)o1,CDK2,,54.8,=,0,HEK293,Monte Rosa Therapeutics,WO2025181261A1,PGDB_AS000913,% Degradation,luminescence,standardized
PGDB_C011349,CCOc1cc(Cl)ccc1-c1nnc(NC2(c3cc(Cl)c4c(c3)C(=O)N(C3CCC(=O)NC3=O)C4)CC2)o1,GSPT1,,6.9,=,0,HEK293,Monte Rosa Therapeutics,WO2025181261A1,PGDB_AS001674,% Degradation,luminescence,standardized
PGDB_C032889,CCOc1cc(OCC(F)(F)F)n(-c2cccc(-n3ncc4c(C5CCC(=O)NC5=O)cccc43)c2)c(=O)c1,VAV1,,90.0,>,1,Jurkat,,WO2026145172A1,PGDB_AS002599,% Degradation,luminescence,standardized
PGDB_C033013,CCOc1cc(OCCC(F)(F)F)n(-c2cccc(-n3ncc4c(C5CCC(=O)NC5=O)cccc43)c2)c(=O)c1,VAV1,,90.0,>,1,Jurkat,,WO2026145172A1,PGDB_AS002627,% Degradation,luminescence,standardized
PGDB_C019905,CCOc1ccc(Br)cc1C1C2=C(CCCC2=O)N(CC(=O)O)C2=C1C(=O)CCC2,FBXW7,,1.87,=,0,,University Of Washington;Scripps Research Institute;Fred Hutchinson Cancer Center,WO2019200310A1,PGDB_AS000546,biochemical,luminescence,standardized
PGDB_C011351,CCOc1nc(C)ccc1-c1nnc(NC2(c3cc(Cl)c4c(c3)C(=O)N(C3CCC(=O)NC3=O)C4)CC2)o1,CDK2,,51.3,=,0,HEK293,Monte Rosa Therapeutics,WO2025181261A1,PGDB_AS000913,% Degradation,luminescence,standardized
PGDB_C011351,CCOc1nc(C)ccc1-c1nnc(NC2(c3cc(Cl)c4c(c3)C(=O)N(C3CCC(=O)NC3=O)C4)CC2)o1,GSPT1,,4.8,=,0,HEK293,Monte Rosa Therapeutics,WO2025181261A1,PGDB_AS001674,% Degradation,luminescence,standardized
PGDB_C011339,CCOc1ncc(-c2nnc(NC3(c4cc(Cl)c5c(c4)C(=O)N(C4CCC(=O)NC4=O)C5)CC3)o2)nn1,CDK2,,49.9,=,0,HEK293,Monte Rosa Therapeutics,WO2025181261A1,PGDB_AS000913,% Degradation,luminescence,standardized
PGDB_C011339,CCOc1ncc(-c2nnc(NC3(c4cc(Cl)c5c(c4)C(=O)N(C4CCC(=O)NC4=O)C5)CC3)o2)nn1,GSPT1,,2.9,=,0,HEK293,Monte Rosa Therapeutics,WO2025181261A1,PGDB_AS001674,% Degradation,luminescence,standardized
PGDB_C012231,CCOc1ncccc1N1CCN(c2cccc(C3CCC(=O)NC3=O)c2Cl)CC1,VAV1,,31.931,=,0,Jurkat,Monte Rosa Therapeutics,WO2026013577A1,PGDB_AS002157,% Degradation,luminescence,standardized
PGDB_C019886,CCS(=O)(=O)NCC(c1cccs1)S(=O)(=O)c1ccc(C)cc1,FBXW7,,0.21,=,0,,University Of Washington;Scripps Research Institute;Fred Hutchinson Cancer Center,WO2019200310A1,PGDB_AS000856,biochemical,,standardized
PGDB_C019910,CCSCCOC(=O)C1=C(C)NC2=C(C(=O)CC(C)C2)C1c1ccc(Br)cc1,FBXW7,,0.21,=,0,,University Of Washington;Scripps Research Institute;Fred Hutchinson Cancer Center,WO2019200310A1,PGDB_AS000856,biochemical,,standardized
PGDB_C019909,CCSCCOC(=O)C1=C(C)NC2=C(C(=O)CC(c3ccccc3)C2)C1c1ccc(OC)cc1OC,FBXW7,,0.91,=,0,,University Of Washington;Scripps Research Institute;Fred Hutchinson Cancer Center,WO2019200310A1,PGDB_AS000546,biochemical,luminescence,standardized
PGDB_C019871,CCSc1nnc(C2CCN(CC(=O)Nc3cccc4cc(C)ccc34)CC2)n1C,FBXW7,,0.22,=,0,,University Of Washington;Scripps Research Institute;Fred Hutchinson Cancer Center,WO2019200310A1,PGDB_AS000856,biochemical,,standardized
PGDB_C006015,CC[C@@H]1CCCC[C@H]1NCc1ccc2c(c1)CN(C1CCC(=O)NC1=O)C2=O,IKZF2,,35.0,=,0,HEK293,Gilead Sciences,AU2022419982A1,PGDB_AS000473,% Degradation,,standardized
PGDB_C010079,CC[C@H](Cc1ccccc1)OC(=O)NCc1ccc2c(c1)C(=O)N(C1CCC(=O)NC1=O)C2,CDK2,,10.0,<=,0,HEK293,Monte Rosa Therapeutics,WO2023069700A1,PGDB_AS000204,% Degradation,luminescence,standardized
PGDB_C006014,CC[C@H]1CCCC[C@H]1NCc1ccc2c(c1)CN(C1CCC(=O)NC1=O)C2=O,IKZF1,,38.0,=,0,HEK293,Gilead Sciences,AU2022419982A1,PGDB_AS000645,% Degradation,luminescence,standardized
PGDB_C006014,CC[C@H]1CCCC[C@H]1NCc1ccc2c(c1)CN(C1CCC(=O)NC1=O)C2=O,IKZF2,,43.0,=,0,HEK293,Gilead Sciences,AU2022419982A1,PGDB_AS000473,% Degradation,,standardized
PGDB_C008657,CC[C@H]1CC[C@H](NC2CCC(F)(F)CC2)[C@@H](Cc2ccc3c(c2)CN(C2CCC(=O)NC2=O)C3=O)C1,IKZF2,,95.0,=,1,HEK293,Gilead Sciences,JP2026020265A,PGDB_AS000211,% Degradation,luminescence,standardized
PGDB_C008163,CCc1c(F)ccc(S(=O)(=O)Nc2ccc3c(c2)C(=O)N(C2CCC(=O)NC2=O)C3=O)c1Cl,GSPT1,,70.5,=,0,HEK293,Cyrus Therapeutics;Wooseok Han;Joonwoo Nam;Min Sung Joo;Dong Hyuk Ki;Kim Eun Jung;Jaeyung Lee,IL323841A,PGDB_AS002464,% Degradation,luminescence,standardized
PGDB_C027635,CCc1cc(-c2cccc(C3CCC(=O)NC3=O)c2Cl)ccc1N,VAV1,,95.98,=,1,Jurkat,Monte Rosa Therapeutics,WO2024151547A1,PGDB_AS000862,% Degradation,luminescence,standardized
PGDB_C032014,CCc1cc(-c2cccc(C3CCC(=O)NC3=O)c2Cl)sc1-n1ccccc1=O,VAV1,,97.8,=,1,,Changchun Genescience Pharmaceutical Co Ltd,WO2026119120A1,PGDB_AS000657,% Degradation,luminescence,standardized
PGDB_C032053,CCc1cc(-c2cccc(C3CCC(=O)NC3=O)c2Cl)sc1NC(C)=O,VAV1,,97.7,=,1,,Changchun Genescience Pharmaceutical Co Ltd,WO2026119120A1,PGDB_AS000657,% Degradation,luminescence,standardized
PGDB_C011387,CCc1cc(OC)ccc1-c1nnc(NC2(c3cc(Cl)c4c(c3)C(=O)N(C3CCC(=O)NC3=O)C4)CC2)o1,CDK2,,60.3,=,0,HEK293,Monte Rosa Therapeutics,WO2025181261A1,PGDB_AS000913,% Degradation,luminescence,standardized
PGDB_C011387,CCc1cc(OC)ccc1-c1nnc(NC2(c3cc(Cl)c4c(c3)C(=O)N(C3CCC(=O)NC3=O)C4)CC2)o1,GSPT1,,7.3,=,0,HEK293,Monte Rosa Therapeutics,WO2025181261A1,PGDB_AS001674,% Degradation,luminescence,standardized
PGDB_C019874,CCc1ccc(-c2cnc(N3CCN(C(=O)c4cccs4)CC3)c3nccn23)cc1,FBXW7,,0.65,=,0,,University Of Washington;Scripps Research Institute;Fred Hutchinson Cancer Center,WO2019200310A1,PGDB_AS000546,biochemical,luminescence,standardized
PGDB_C019881,CCc1ccc(N2CC(C(=O)NCC(C)(C)CNC(=O)C3CC(=O)N(c4ccc(CC)cc4)C3)CC2=O)cc1,FBXW7,,2.4,=,0,,University Of Washington;Scripps Research Institute;Fred Hutchinson Cancer Center,WO2019200310A1,PGDB_AS000546,biochemical,luminescence,standardized
PGDB_C032792,CCc1cccc(=O)n1-c1ccc(-c2cccc(N3CCC(=O)NC3=O)c2Cl)cc1,VAV1,,90.0,>,1,Jurkat,,WO2026145172A1,PGDB_AS002622,% Degradation,,standardized
PGDB_C032768,CCc1cccc(=O)n1-c1cccc(-n2ncc3c(C4CCC(=O)NC4=O)cccc32)c1,VAV1,,90.0,>,1,Jurkat,,WO2026145172A1,PGDB_AS002622,% Degradation,,standardized
PGDB_C008167,CCc1cccc(S(=O)(=O)Nc2ccc3c(c2)C(=O)N(C2CCC(=O)NC2=O)C3=O)c1Br,GSPT1,,81.9,=,1,HEK293,Cyrus Therapeutics;Wooseok Han;Joonwoo Nam;Min Sung Joo;Dong Hyuk Ki;Kim Eun Jung;Jaeyung Lee,IL323841A,PGDB_AS002464,% Degradation,luminescence,standardized
PGDB_C008162,CCc1cccc(S(=O)(=O)Nc2ccc3c(c2)C(=O)N(C2CCC(=O)NC2=O)C3=O)c1Cl,GSPT1,,55.3,=,0,HEK293,Cyrus Therapeutics;Wooseok Han;Joonwoo Nam;Min Sung Joo;Dong Hyuk Ki;Kim Eun Jung;Jaeyung Lee,IL323841A,PGDB_AS002464,% Degradation,luminescence,standardized
PGDB_C008161,CCc1cccc(S(=O)(=O)Nc2ccc3c(c2)C(=O)N(C2CCC(=O)NC2=O)C3=O)c1OC(F)F,GSPT1,,71.4,=,0,HEK293,Cyrus Therapeutics;Wooseok Han;Joonwoo Nam;Min Sung Joo;Dong Hyuk Ki;Kim Eun Jung;Jaeyung Lee,IL323841A,PGDB_AS002464,% Degradation,luminescence,standardized
PGDB_C029318,CCc1cn(C2CCC3(CC2)CCN(CC2CCN(c4ccc(N5C6CCC5CN(c5cc(-c7ccccc7O)nnc5N)C6)c(F)c4)CC2)CC3)c2ncc(N3CCC(=O)NC3=O)cc12,SMARCA2,,72.7,=,0,,AstraZeneca,WO2026120044,PGDB_AS000411,% Degradation,,standardized
PGDB_C029316,CCc1cn(C2CCC3(CC2)CCN(CC2CCN(c4ccc(N5C6CCC5CN(c5cc(-c7ccccc7O)nnc5N)C6)cc4)CC2)CC3)c2ncc(N3CCC(=O)NC3=O)cc12,SMARCA2,,78.2,=,0,,AstraZeneca,WO2026120044,PGDB_AS000411,% Degradation,,standardized
PGDB_C029313,CCc1cn(C2CCC3(CC2)CCN(CC2CCN(c4ccc(N5C6CCC5CN(c5cc(-c7ccccc7O)nnc5N)C6)cc4F)CC2)CC3)c2ncc(N3CCC(=O)NC3=O)cc12,SMARCA2,,80.7,=,1,,AstraZeneca,WO2026120044,PGDB_AS000411,% Degradation,,standardized
PGDB_C029244,CCc1cn(C2CCN(CC3(F)CCN(C(=O)c4ccc(N5C6CCC5CN(c5cc(-c7ccccc7O)nnc5N)C6)cc4)CC3)CC2)c2ccc(N3CCC(=O)NC3=O)cc12,SMARCA2,,72.1,=,0,,AstraZeneca,WO2026120044,PGDB_AS001542,% Degradation,,standardized
PGDB_C029244,CCc1cn(C2CCN(CC3(F)CCN(C(=O)c4ccc(N5C6CCC5CN(c5cc(-c7ccccc7O)nnc5N)C6)cc4)CC3)CC2)c2ccc(N3CCC(=O)NC3=O)cc12,SMARCA4,,4.4,=,0,,AstraZeneca,WO2026120044,PGDB_AS000549,% Degradation,,standardized
PGDB_C029319,CCc1cn(C2COC3(CCN(CC4CCN(c5ccc(N6C7CCC6CN(c6cc(-c8ccccc8O)nnc6N)C7)cc5F)CC4)CC3)CO2)c2ncc(N3CCC(=O)NC3=O)cc12,SMARCA2,,69.3,=,0,,AstraZeneca,WO2026120044,PGDB_AS000411,% Degradation,,standardized
PGDB_C011374,CCc1cnc(-c2nnc(NC3(c4cc(Cl)c5c(c4)C(=O)N(C4CCC(=O)NC4=O)C5)CC3)o2)nc1,CDK2,,38.9,=,0,HEK293,Monte Rosa Therapeutics,WO2025181261A1,PGDB_AS000913,% Degradation,luminescence,standardized
PGDB_C011374,CCc1cnc(-c2nnc(NC3(c4cc(Cl)c5c(c4)C(=O)N(C4CCC(=O)NC4=O)C5)CC3)o2)nc1,GSPT1,,5.3,=,0,HEK293,Monte Rosa Therapeutics,WO2025181261A1,PGDB_AS001674,% Degradation,luminescence,standardized
PGDB_C011330,CCc1ncc(-c2nnc(NC3(c4cc(Cl)c5c(c4)C(=O)N(C4CCC(=O)NC4=O)C5)CC3)o2)c(C)n1,CDK2,,33.8,=,0,HEK293,Monte Rosa Therapeutics,WO2025181261A1,PGDB_AS000913,% Degradation,luminescence,standardized
PGDB_C011330,CCc1ncc(-c2nnc(NC3(c4cc(Cl)c5c(c4)C(=O)N(C4CCC(=O)NC4=O)C5)CC3)o2)c(C)n1,GSPT1,,10.9,=,0,HEK293,Monte Rosa Therapeutics,WO2025181261A1,PGDB_AS001674,% Degradation,luminescence,standardized
PGDB_C011321,CCc1ncc(-c2nnc(NC3(c4cc(Cl)c5c(c4)C(=O)N(C4CCC(=O)NC4=O)C5)CC3)o2)cn1,CDK2,,36.1,=,0,HEK293,Monte Rosa Therapeutics,WO2025181261A1,PGDB_AS000913,% Degradation,luminescence,standardized
PGDB_C011321,CCc1ncc(-c2nnc(NC3(c4cc(Cl)c5c(c4)C(=O)N(C4CCC(=O)NC4=O)C5)CC3)o2)cn1,GSPT1,,2.6,=,0,HEK293,Monte Rosa Therapeutics,WO2025181261A1,PGDB_AS001674,% Degradation,luminescence,standardized
PGDB_C011385,CCn1cc(-c2nnc(NC3(c4cc(Cl)c5c(c4)C(=O)N(C4CCC(=O)NC4=O)C5)CC3)o2)c(C2CC2)n1,CDK2,,49.3,=,0,HEK293,Monte Rosa Therapeutics,WO2025181261A1,PGDB_AS000913,% Degradation,luminescence,standardized
PGDB_C011385,CCn1cc(-c2nnc(NC3(c4cc(Cl)c5c(c4)C(=O)N(C4CCC(=O)NC4=O)C5)CC3)o2)c(C2CC2)n1,GSPT1,,13.6,=,0,HEK293,Monte Rosa Therapeutics,WO2025181261A1,PGDB_AS001674,% Degradation,luminescence,standardized
PGDB_C012127,CCn1cc(F)c(N2CCC(CN3CCN(Cc4ccn5nc(F)c(N6CCC(=O)NC6=O)c5c4)C[C@@H]3C)CC2)n1,WIZ,,93.5,=,1,HT-1080,Linkcure Therapeutics,WO2025256460A1,PGDB_AS002062,% Degradation,luminescence,standardized
PGDB_C012195,CCn1cc(F)cc(N2CCC(c3cccc(C4CCC(=O)NC4=O)c3Cl)CC2)c1=O,VAV1,,77.837,=,0,Jurkat,Monte Rosa Therapeutics,WO2026013577A1,PGDB_AS002157,% Degradation,luminescence,standardized
PGDB_C012140,CCn1ccc(C2CCC(N3CCN(Cc4ccn5nc(F)c(N6CCC(=O)NC6=O)c5c4)C[C@@H]3C)CC2)n1,WIZ,,86.4,=,1,HT-1080,Linkcure Therapeutics,WO2025256460A1,PGDB_AS002062,% Degradation,luminescence,standardized
PGDB_C012172,CCn1ccc(F)c(N2CCC(c3cccc(C4CCC(=O)NC4=O)c3Cl)CC2)c1=O,VAV1,,94.794,=,1,Jurkat,Monte Rosa Therapeutics,WO2026013577A1,PGDB_AS002157,% Degradation,luminescence,standardized
PGDB_C012177,CCn1ccc(F)c(N2CCN(c3cccc(C4CCC(=O)NC4=O)c3Cl)CC2)c1=O,VAV1,,92.995,=,1,Jurkat,Monte Rosa Therapeutics,WO2026013577A1,PGDB_AS002157,% Degradation,luminescence,standardized
PGDB_C012120,CCn1ccc(N2CCC(CN3CCN(Cc4ccn5nc(F)c(N6CCC(=O)NC6=O)c5c4)C[C@@H]3C)CC2)n1,WIZ,,93.4,=,1,HT-1080,Linkcure Therapeutics,WO2025256460A1,PGDB_AS002062,% Degradation,luminescence,standardized
PGDB_C033045,CCn1ccc(OCC(F)(F)F)c(-c2ccc(-c3cccc(C4CCC(=O)NC4=O)c3Cl)cc2)c1=O,VAV1,,90.0,>,1,Jurkat,,WO2026145172A1,PGDB_AS002627,% Degradation,luminescence,standardized
PGDB_C032945,CCn1ccc(OCC(F)(F)F)c(-c2cccc(-n3ncc4c(C5CCC(=O)NC5=O)cccc43)c2)c1=O,VAV1,,90.0,>,1,Jurkat,,WO2026145172A1,PGDB_AS002627,% Degradation,luminescence,standardized
PGDB_C032926,CCn1ccc(OCCC(F)(F)F)c(-c2cccc(-n3ncc4c(C5CCC(=O)NC5=O)cccc43)c2)c1=O,VAV1,,90.0,>,1,Jurkat,,WO2026145172A1,PGDB_AS002627,% Degradation,luminescence,standardized
PGDB_C012175,CCn1cccc(N2CCC(c3cccc(C4CCC(=O)NC4=O)c3Cl)CC2)c1=O,VAV1,,93.606,=,1,Jurkat,Monte Rosa Therapeutics,WO2026013577A1,PGDB_AS002157,% Degradation,luminescence,standardized
PGDB_C012194,CCn1cccc(N2CCN(c3cccc(C4CCC(=O)NC4=O)c3Cl)CC2)c1=O,VAV1,,79.267,=,0,Jurkat,Monte Rosa Therapeutics,WO2026013577A1,PGDB_AS002157,% Degradation,luminescence,standardized
PGDB_C012208,CCn1cncc(N2CCN(c3cccc(C4CCC(=O)NC4=O)c3Cl)CC2)c1=O,VAV1,,55.155,=,0,Jurkat,Monte Rosa Therapeutics,WO2026013577A1,PGDB_AS002157,% Degradation,luminescence,standardized
PGDB_C024770,CCn1ncc2c1CCc1cc(-c3cccc(C4CCC(=O)NC4=O)c3Cl)ccc1-2,VAV1,,99.3,=,1,Jurkat,Shanghai Meiyue Biotech Development,CN121698875A,PGDB_AS000398,% Degradation,,standardized
PGDB_C012218,CCn1nccc(N2CCC(c3cccc(C4CCC(=O)NC4=O)c3Cl)CC2)c1=O,VAV1,,40.092,=,0,Jurkat,Monte Rosa Therapeutics,WO2026013577A1,PGDB_AS002157,% Degradation,luminescence,standardized
PGDB_C012223,CCn1nccc(N2CCN(c3cccc(C4CCC(=O)NC4=O)c3Cl)CC2)c1=O,VAV1,,25.502,=,0,Jurkat,Monte Rosa Therapeutics,WO2026013577A1,PGDB_AS002157,% Degradation,luminescence,standardized
PGDB_C029633,CN(C)C(=O)C[C@H]1CCCN1C(=O)Nc1ccc(-c2cccc(C3CCC(=O)NC3=O)c2Cl)cc1,VAV1,,97.5,=,1,,Shanghai Qilu Pharmaceutical Research And Development Centre,WO2026051943A1,PGDB_AS000777,% Degradation,luminescence,standardized
PGDB_C024883,CN(C)C(=O)Cn1cc2c(ccc3cc(-c4cccc(C5CCC(=O)NC5=O)c4Cl)ccc32)n1,VAV1,,99.91,=,1,Jurkat,Shanghai Meiyue Biotech Development,CN121698875A,PGDB_AS000398,% Degradation,,standardized
PGDB_C024851,CN(C)C(=O)Cn1cc2c(n1)-c1ccc(-c3cccc(C4CCC(=O)NC4=O)c3Cl)cc1CC2,VAV1,,101.9,=,1,Jurkat,Shanghai Meiyue Biotech Development,CN121698875A,PGDB_AS000398,% Degradation,,standardized
PGDB_C024825,CN(C)C(=O)Cn1ncc2c1CCc1cc(-c3cccc(C4CCC(=O)NC4=O)c3Cl)ccc1-2,VAV1,,96.6,=,1,Jurkat,Shanghai Meiyue Biotech Development,CN121698875A,PGDB_AS000398,% Degradation,,standardized
PGDB_C029518,CN(C)C(=O)N(Cc1ccn(C)n1)c1ccc(-c2cccc(C3CCC(=O)NC3=O)c2Cl)cc1,VAV1,,98.82,=,1,,Shanghai Qilu Pharmaceutical Research And Development Centre,WO2026051943A1,PGDB_AS000777,% Degradation,luminescence,standardized
PGDB_C029643,CN(C)C(=O)Nc1c(F)cc(-c2cccc(C3CCC(=O)NC3=O)c2Cl)cc1F,VAV1,,97.31,=,1,,Shanghai Qilu Pharmaceutical Research And Development Centre,WO2026051943A1,PGDB_AS000777,% Degradation,luminescence,standardized
PGDB_C029573,CN(C)C(=O)Nc1ccc(-c2cccc(C3CCC(=O)NC3=O)c2Cl)cc1C(F)F,VAV1,,98.0,=,1,,Shanghai Qilu Pharmaceutical Research And Development Centre,WO2026051943A1,PGDB_AS000777,% Degradation,luminescence,standardized
PGDB_C029593,CN(C)C(=O)Nc1ccc(-c2cccc(C3CCC(=O)NC3=O)c2Cl)cc1C1CC1,VAV1,,98.09,=,1,,Shanghai Qilu Pharmaceutical Research And Development Centre,WO2026051943A1,PGDB_AS000777,% Degradation,luminescence,standardized
PGDB_C029605,CN(C)C(=O)Nc1ccc(-c2cccc(C3CCC(=O)NC3=O)c2Cl)cc1CC(F)F,VAV1,,97.3,=,1,,Shanghai Qilu Pharmaceutical Research And Development Centre,WO2026051943A1,PGDB_AS000777,% Degradation,luminescence,standardized
PGDB_C029585,CN(C)C(=O)Nc1cccn(-c2ccc(-c3cccc(C4CCC(=O)NC4=O)c3Cl)cc2)c1=O,VAV1,,97.6,=,1,,Shanghai Qilu Pharmaceutical Research And Development Centre,WO2026051943A1,PGDB_AS000777,% Degradation,luminescence,standardized
PGDB_C029436,CN(C)C(=O)Oc1ccc(-c2cccc(C3CCC(=O)NC3=O)c2Cl)cc1,VAV1,,96.12,=,1,,Shanghai Qilu Pharmaceutical Research And Development Centre,WO2026051943A1,PGDB_AS000777,% Degradation,luminescence,standardized
PGDB_C029483,CN(C)C(=O)Oc1ccc(-c2cccc(C3CCC(=O)NC3=O)c2Cl)cc1C(F)F,VAV1,,96.75,=,1,,Shanghai Qilu Pharmaceutical Research And Development Centre,WO2026051943A1,PGDB_AS000777,% Degradation,luminescence,standardized
PGDB_C032964,CN(C)C(=O)c1ccc2cc(-c3cccc(C4CCC(=O)NC4=O)c3Cl)ccc2c1,VAV1,,90.0,>,1,Jurkat,,WO2026145172A1,PGDB_AS002627,% Degradation,luminescence,standardized
PGDB_C033028,CN(C)CCN(C)C(=O)c1ccc2cc(-c3cccc(C4CCC(=O)NC4=O)c3Cl)ccc2c1,VAV1,,90.0,>,1,Jurkat,,WO2026145172A1,PGDB_AS002599,% Degradation,luminescence,standardized
PGDB_C033000,CN(C)CCN(C)C(=O)c1cccc2cc(-c3cccc(C4CCC(=O)NC4=O)c3Cl)ccc12,VAV1,,90.0,>,1,Jurkat,,WO2026145172A1,PGDB_AS002599,% Degradation,luminescence,standardized
PGDB_C033049,CN(C)CCNC(=O)c1ccc2cc(-c3cccc(C4CCC(=O)NC4=O)c3Cl)ccc2c1,VAV1,,90.0,>,1,Jurkat,,WO2026145172A1,PGDB_AS002599,% Degradation,luminescence,standardized
PGDB_C033031,CN(C)CCNC(=O)c1cccc2cc(-c3cccc(C4CCC(=O)NC4=O)c3Cl)ccc12,VAV1,,90.0,>,1,Jurkat,,WO2026145172A1,PGDB_AS002599,% Degradation,luminescence,standardized
PGDB_C024823,CN(C)CCn1cc2c(n1)CCc1cc(-c3cccc(C4CCC(=O)NC4=O)c3Cl)ccc1-2,VAV1,,91.4,=,1,Jurkat,Shanghai Meiyue Biotech Development,CN121698875A,PGDB_AS000398,% Degradation,,standardized
PGDB_C011281,CN(C)S(=O)(=O)c1ccc(-c2nnc(NC3(c4cc(Cl)c5c(c4)C(=O)N(C4CCC(=O)NC4=O)C5)CC3)o2)cc1,CDK2,,49.2,=,0,HEK293,Monte Rosa Therapeutics,WO2025181261A1,PGDB_AS000913,% Degradation,luminescence,standardized
PGDB_C011281,CN(C)S(=O)(=O)c1ccc(-c2nnc(NC3(c4cc(Cl)c5c(c4)C(=O)N(C4CCC(=O)NC4=O)C5)CC3)o2)cc1,GSPT1,,8.9,=,0,HEK293,Monte Rosa Therapeutics,WO2025181261A1,PGDB_AS001674,% Degradation,luminescence,standardized
PGDB_C033141,CN(C)[C@H]1CC[C@H](NC(=O)c2ccc(N3CCC(F)(CN4CCC5(CC4)COc4c5cc(Cl)c5c4CN([C@H]4CCC(=O)NC4=O)C5=O)CC3)c(F)c2)CC1,CSNK1A1,,50.0,<,0,HEK293,,WO2026139085A1,PGDB_AS002607,% Degradation,luminescence,standardized
PGDB_C032827,CN(C)c1cc(C(F)(F)F)n(-c2cccc(-n3ncc4c(C5CCC(=O)NC5=O)cccc43)c2)c(=O)c1,VAV1,,90.0,>,1,Jurkat,,WO2026145172A1,PGDB_AS002624,% Degradation,luminescence,standardized
PGDB_C008127,CN(C)c1ccc2cnn([C@H]3C[C@H](OC(=O)NCc4ccc5c(c4F)C(=O)N(C4CCC(=O)NC4=O)C5)C3)c2c1,CDK2,,55.0,=,0,HEK293,Genentech,WO2025043225,PGDB_AS000554,% Degradation,luminescence,standardized
PGDB_C008127,CN(C)c1ccc2cnn([C@H]3C[C@H](OC(=O)NCc4ccc5c(c4F)C(=O)N(C4CCC(=O)NC4=O)C5)C3)c2c1,GSPT1,,3.9,=,0,HEK293,Genentech,WO2025043225,PGDB_AS000025,% Degradation,,standardized
PGDB_C032773,CN(C)c1cccc(=O)n1-c1cccc(-n2ncc3c(C4CCC(=O)NC4=O)cccc32)c1,VAV1,,90.0,>,1,Jurkat,,WO2026145172A1,PGDB_AS002622,% Degradation,,standardized
PGDB_C011217,CN(C1CCC(F)(F)CC1)[C@H]1CCCC[C@@H]1Cc1ccc2c(c1)CN(C1CCC(=O)NC1=O)C2=O,IKZF2,,88.0,=,1,HEK293,Gilead Sciences,JP2026020265A,PGDB_AS000211,% Degradation,luminescence,standardized
PGDB_C010323,CN(C1CCC(F)(F)CC1)[C@H]1CCCC[C@@H]1Cc1ccc2c(c1F)CN(C1CCC(=O)NC1=O)C2=O,IKZF2,,94.0,=,1,HEK293,Gilead Sciences,JP2026020265A,PGDB_AS000211,% Degradation,luminescence,standardized
PGDB_C032933,CN(CCN)C(=O)c1ccc2cc(-c3cccc(C4CCC(=O)NC4=O)c3Cl)ccc2c1,VAV1,,90.0,>,1,Jurkat,,WO2026145172A1,PGDB_AS002627,% Degradation,luminescence,standardized
PGDB_C033022,CN(CCN)C(=O)c1cccc2cc(-c3cccc(C4CCC(=O)NC4=O)c3Cl)ccc12,VAV1,,80.0,>=,1,Jurkat,,WO2026145172A1,PGDB_AS002627,% Degradation,luminescence,standardized
PGDB_C029542,CN(CCO)C(=O)Oc1ccc(-c2cccc(C3CCC(=O)NC3=O)c2Cl)cc1C1CC1,VAV1,,96.37,=,1,,Shanghai Qilu Pharmaceutical Research And Development Centre,WO2026051943A1,PGDB_AS000777,% Degradation,luminescence,standardized
PGDB_C033050,CN(CCO)C(=O)c1ccc2cc(-c3cccc(C4CCC(=O)NC4=O)c3Cl)ccc2c1,VAV1,,90.0,>,1,Jurkat,,WO2026145172A1,PGDB_AS002599,% Degradation,luminescence,standardized
PGDB_C032912,CN(CCO)C(=O)c1cccc2cc(-c3cccc(C4CCC(=O)NC4=O)c3Cl)ccc12,VAV1,,80.0,>=,1,Jurkat,,WO2026145172A1,PGDB_AS002627,% Degradation,luminescence,standardized
PGDB_C011112,CN(C[C@](C)(O)C(=O)Nc1ccc(C#N)c(C(F)(F)F)c1)c1ccc(C#N)cc1,CDK2,,49.2,=,0,HEK293T,Plexium,WO2026064643A1,PGDB_AS000752,% Degradation,luminescence,standardized
PGDB_C005885,CN(Cc1ccc2c(c1)CN(C1CCC(=O)NC1=O)C2=O)C1CCN(Cc2ccccc2)CC1,IKZF2,,21.0,=,0,HEK293,Gilead Sciences,AU2022419982A1,PGDB_AS000473,% Degradation,,standardized
PGDB_C008402,CN(Cc1ccccc1)[C@H]1CCCC[C@@H]1Cc1ccc2c(c1)CN(C1CCC(=O)NC1=O)C2=O,IKZF2,,49.0,=,0,HEK293,Gilead Sciences,JP2026020265A,PGDB_AS000211,% Degradation,luminescence,standardized
PGDB_C010098,CN1C(=O)CCC1COC(=O)NCc1ccc2c(c1)C(=O)N(C1CCC(=O)NC1=O)C2,CDK2,,10.0,<=,0,HEK293,Monte Rosa Therapeutics,WO2023069720A1,PGDB_AS001399,% Degradation,luminescence,standardized
PGDB_C008098,CN1C(=O)Cc2cccc([C@H]3C[C@@H](OC(=O)NCc4ccc5c(c4F)C(=O)N(C4CCC(=O)NC4=O)C5)C3)c21,CDK2,,66.0,=,0,HEK293,Genentech,WO2025043225,PGDB_AS000554,% Degradation,luminescence,standardized
PGDB_C008098,CN1C(=O)Cc2cccc([C@H]3C[C@@H](OC(=O)NCc4ccc5c(c4F)C(=O)N(C4CCC(=O)NC4=O)C5)C3)c21,GSPT1,,10.0,=,0,HEK293,Genentech,WO2025043225,PGDB_AS000025,% Degradation,,standardized
PGDB_C008099,CN1C(=O)Cc2cccc([C@H]3C[C@H](OC(=O)NCc4ccc5c(c4F)C(=O)N(C4CCC(=O)NC4=O)C5)C3)c21,CDK2,,55.0,=,0,HEK293,Genentech,WO2025043225,PGDB_AS000554,% Degradation,luminescence,standardized
PGDB_C008099,CN1C(=O)Cc2cccc([C@H]3C[C@H](OC(=O)NCc4ccc5c(c4F)C(=O)N(C4CCC(=O)NC4=O)C5)C3)c21,GSPT1,,13.0,=,0,HEK293,Genentech,WO2025043225,PGDB_AS000025,% Degradation,,standardized
PGDB_C029252,CN1CC(c2cn(C3CCN(CC4(F)CCN(C(=O)c5ccc(N6C7CCC6CN(c6cc(-c8ccccc8O)nnc6N)C7)cc5)CC4)CC3)c3ccc(N4CCC(=O)NC4=O)cc23)C1,SMARCA4,,0.6,=,0,,AstraZeneca,WO2026120044,PGDB_AS000549,% Degradation,,standardized
PGDB_C010101,CN1CCC(COC(=O)NCc2ccc3c(c2)C(=O)N(C2CCC(=O)NC2=O)C3)C1,CDK2,,10.0,<=,0,HEK293,Monte Rosa Therapeutics,WO2023069720A1,PGDB_AS001399,% Degradation,luminescence,standardized
PGDB_C010096,CN1CCC(COC(=O)NCc2ccc3c(c2)C(=O)N(C2CCC(=O)NC2=O)C3)CC1,CDK2,,10.0,<=,0,HEK293,Monte Rosa Therapeutics,WO2023069720A1,PGDB_AS001399,% Degradation,luminescence,standardized
PGDB_C008312,CN1CCC(NCc2ccccc2)C(Oc2ccc3c(c2)CN(C2CCC(=O)NC2=O)C3=O)C1,IKZF2,,53.0,=,0,HEK293,Gilead Sciences,JP7834866B2,PGDB_AS001425,% Degradation,luminescence,standardized
PGDB_C010102,CN1CCC(OC(=O)NCc2ccc3c(c2)C(=O)N(C2CCC(=O)NC2=O)C3)C1,CDK2,,10.0,<=,0,HEK293,Monte Rosa Therapeutics,WO2023069720A1,PGDB_AS001399,% Degradation,luminescence,standardized
PGDB_C024818,CN1CCC2(CC1)Cc1nc3cn(-c4ccc(-c5cccc(C6CCC(=O)NC6=O)c5Cl)cc4)c(=O)cc3n1C2,VAV1,,103.9,=,1,Jurkat,Shanghai Meiyue Biotech Development Co Ltd,WO2026061428A1,PGDB_AS000765,% Degradation,fluorescence,standardized
PGDB_C029448,CN1CCC2(COc3cc(-c4cccc(C5CCC(=O)NC5=O)c4Cl)ccc32)C1=O,VAV1,,93.73,=,1,,Shanghai Qilu Pharmaceutical Research And Development Centre,WO2026051943A1,PGDB_AS000777,% Degradation,luminescence,standardized
PGDB_C012214,CN1CCCC(N2CCN(c3cccc(C4CCC(=O)NC4=O)c3Cl)CC2)C1=O,VAV1,,45.222,=,0,Jurkat,Monte Rosa Therapeutics,WO2026013577A1,PGDB_AS002157,% Degradation,luminescence,standardized
PGDB_C031187,CN1CCC[C@]2(COc3cc(-c4cccc([C@H]5CCC(=O)NC5=O)c4Cl)ccc32)C1=O,VAV1,,104.0,=,1,,Jiangsu Hengrui Pharmaceuticals Co Ltd;Shanghai Hengrui Pharmaceutical,WO2026098493A1,PGDB_AS001990,% Degradation,luminescence,standardized
PGDB_C032032,CN1CCCc2cc(-c3cccc(C4CCC(=O)NC4=O)c3Cl)ccc2C1,VAV1,,87.8,=,1,,Changchun Genescience Pharmaceutical Co Ltd,WO2026119120A1,PGDB_AS000657,% Degradation,luminescence,standardized
PGDB_C027638,CN1CCN(CCOc2ccc(-c3cccc(C4CCC(=O)NC4=O)c3Cl)cc2)CC1,VAV1,,81.73,=,1,Jurkat,Monte Rosa Therapeutics,WO2024151547A1,PGDB_AS000862,% Degradation,luminescence,standardized
PGDB_C001819,CN1CCN(c2ccc([C@@H](NC(=O)c3ccc4c(c3)CN(C3CCC(=O)NC3=O)C4=O)C3CCC3)cc2)CC1,CSNK1A1,CRBN,60.6,=,0,HT-1080,Hangzhou Glubio Pharmaceutical,WO2022257897A1,PGDB_AS000920,% Degradation,,standardized
PGDB_C001819,CN1CCN(c2ccc([C@@H](NC(=O)c3ccc4c(c3)CN(C3CCC(=O)NC3=O)C4=O)C3CCC3)cc2)CC1,GSPT1,CRBN,20.6,=,0,HT-1080,Hangzhou Glubio Pharmaceutical,WO2022257897A1,PGDB_AS000618,% Degradation,,standardized
PGDB_C032940,CN1CC[C@@H](Oc2cc(C(F)(F)F)cc(=O)n2-c2cccc(-n3ncc4c(C5CCC(=O)NC5=O)cccc43)c2)C1,VAV1,,90.0,>,1,Jurkat,,WO2026145172A1,PGDB_AS002599,% Degradation,luminescence,standardized
PGDB_C032965,CN1CC[C@H](Oc2cc(C(F)(F)F)cc(=O)n2-c2cccc(-n3ncc4c(C5CCC(=O)NC5=O)cccc43)c2)C1,VAV1,,90.0,>,1,Jurkat,,WO2026145172A1,PGDB_AS002627,% Degradation,luminescence,standardized
PGDB_C024833,CN1CCc2cc(-c3cccc(C4CCC(=O)NC4=O)c3Cl)ccc2C(=O)N1,VAV1,,93.3,=,1,Jurkat,Shanghai Meiyue Biotech Development,CN121698875A,PGDB_AS000398,% Degradation,,standardized
PGDB_C029476,CN1CCc2cc(-c3cccc(C4CCC(=O)NC4=O)c3Cl)ccc2N(Cc2ccn(C)n2)C1=O,VAV1,,91.4,=,1,,Shanghai Qilu Pharmaceutical Research And Development Centre,WO2026051943A1,PGDB_AS000777,% Degradation,luminescence,standardized
PGDB_C029447,CN1CCc2cc(-c3cccc(C4CCC(=O)NC4=O)c3Cl)ccc2NC1=O,VAV1,,92.4,=,1,,Shanghai Qilu Pharmaceutical Research And Development Centre,WO2026051943A1,PGDB_AS000777,% Degradation,luminescence,standardized
PGDB_C007995,CN1CCn2nc(COC(=O)NCc3cc(Cl)c4c(c3F)C(=O)N(C3CCC(=O)NC3=O)C4)cc2C1,CDK2,,59.0,=,0,HEK293,Genentech,WO2025043225,PGDB_AS000677,% Degradation,luminescence,standardized
PGDB_C007995,CN1CCn2nc(COC(=O)NCc3cc(Cl)c4c(c3F)C(=O)N(C3CCC(=O)NC3=O)C4)cc2C1,GSPT1,,5.9,=,0,HEK293,Genentech,WO2025043225,PGDB_AS000429,% Degradation,,standardized
PGDB_C008016,CN1Cc2cccc(COC(=O)NCc3cc(Cl)c4c(c3F)C(=O)N(C3CCC(=O)NC3=O)C4)c2C1=O,CDK2,,76.0,=,0,HEK293,Genentech,WO2025043225,PGDB_AS000677,% Degradation,luminescence,standardized
PGDB_C008016,CN1Cc2cccc(COC(=O)NCc3cc(Cl)c4c(c3F)C(=O)N(C3CCC(=O)NC3=O)C4)c2C1=O,GSPT1,,5.4,=,0,HEK293,Genentech,WO2025043225,PGDB_AS000429,% Degradation,,standardized
PGDB_C029442,CNC(=O)CN1C(=O)CCOc2cc(-c3cccc(C4CCC(=O)NC4=O)c3Cl)ccc21,VAV1,,89.3,=,1,,Shanghai Qilu Pharmaceutical Research And Development Centre,WO2026051943A1,PGDB_AS000777,% Degradation,luminescence,standardized
PGDB_C024911,CNC(=O)Cn1cc2c(ccc3cc(-c4cccc(C5CCC(=O)NC5=O)c4Cl)ccc32)n1,VAV1,,90.82,=,1,Jurkat,Shanghai Meiyue Biotech Development,CN121698875A,PGDB_AS000398,% Degradation,,standardized
PGDB_C024852,CNC(=O)Cn1cc2c(n1)-c1ccc(-c3cccc(C4CCC(=O)NC4=O)c3Cl)cc1CC2,VAV1,,98.8,=,1,Jurkat,Shanghai Meiyue Biotech Development,CN121698875A,PGDB_AS000398,% Degradation,,standardized
PGDB_C024876,CNC(=O)Cn1ncc2c1-c1ccc(-c3cccc(C4CCC(=O)NC4=O)c3Cl)cc1CC2,VAV1,,99.17,=,1,Jurkat,Shanghai Meiyue Biotech Development,CN121698875A,PGDB_AS000398,% Degradation,,standardized
PGDB_C029486,CNC(=O)N(C)c1ccc(-c2cccc(C3CCC(=O)NC3=O)c2Cl)cc1,VAV1,,97.41,=,1,,Shanghai Qilu Pharmaceutical Research And Development Centre,WO2026051943A1,PGDB_AS000777,% Degradation,luminescence,standardized
PGDB_C029534,CNC(=O)N(CC1CC1)c1ccc(-c2cccc(C3CCC(=O)NC3=O)c2Cl)cc1,VAV1,,98.58,=,1,,Shanghai Qilu Pharmaceutical Research And Development Centre,WO2026051943A1,PGDB_AS000777,% Degradation,luminescence,standardized
PGDB_C029528,CNC(=O)N(CCO)c1ccc(-c2cccc(C3CCC(=O)NC3=O)c2Cl)cc1C,VAV1,,97.1,=,1,,Shanghai Qilu Pharmaceutical Research And Development Centre,WO2026051943A1,PGDB_AS000777,% Degradation,luminescence,standardized
PGDB_C029663,CNC(=O)N(c1ccc(-c2cccc(C3CCC(=O)NC3=O)c2Cl)cc1)C(C)C,VAV1,,98.4,=,1,,Shanghai Qilu Pharmaceutical Research And Development Centre,WO2026051943A1,PGDB_AS000777,% Degradation,luminescence,standardized
PGDB_C029508,CNC(=O)N(c1ccc(-c2cccc(C3CCC(=O)NC3=O)c2Cl)cc1)C1(C)CC1,VAV1,,98.96,=,1,,Shanghai Qilu Pharmaceutical Research And Development Centre,WO2026051943A1,PGDB_AS000777,% Degradation,luminescence,standardized
PGDB_C029502,CNC(=O)N(c1ccc(-c2cccc(C3CCC(=O)NC3=O)c2Cl)cc1)C1CC1,VAV1,,98.79,=,1,,Shanghai Qilu Pharmaceutical Research And Development Centre,WO2026051943A1,PGDB_AS000777,% Degradation,luminescence,standardized
PGDB_C029509,CNC(=O)N(c1ccc(-c2cccc(C3CCC(=O)NC3=O)c2Cl)cc1)C1CCC1,VAV1,,98.89,=,1,,Shanghai Qilu Pharmaceutical Research And Development Centre,WO2026051943A1,PGDB_AS000777,% Degradation,luminescence,standardized
PGDB_C029475,CNC(=O)N1CCCOc2cc(-c3cccc(C4CCC(=O)NC4=O)c3Cl)ccc21,VAV1,,97.7,=,1,,Shanghai Qilu Pharmaceutical Research And Development Centre,WO2026051943A1,PGDB_AS000777,% Degradation,luminescence,standardized
PGDB_C029671,CNC(=O)Nc1c(C)cc(-c2cccc(C3CCC(=O)NC3=O)c2Cl)cc1F,VAV1,,98.85,=,1,,Shanghai Qilu Pharmaceutical Research And Development Centre,WO2026051943A1,PGDB_AS000777,% Degradation,luminescence,standardized
PGDB_C029679,CNC(=O)Nc1c(C)cc(-c2cccc(C3CCC(=O)NC3=O)c2Cl)cc1OC,VAV1,,98.6,=,1,,Shanghai Qilu Pharmaceutical Research And Development Centre,WO2026051943A1,PGDB_AS000777,% Degradation,luminescence,standardized
PGDB_C029684,CNC(=O)Nc1c(Cl)cc(-c2cccc(C3CCC(=O)NC3=O)c2Cl)cc1OC,VAV1,,98.6,=,1,,Shanghai Qilu Pharmaceutical Research And Development Centre,WO2026051943A1,PGDB_AS000777,% Degradation,luminescence,standardized
PGDB_C029675,CNC(=O)Nc1c(F)cc(-c2cccc(C3CCC(=O)NC3=O)c2Cl)cc1F,VAV1,,98.22,=,1,,Shanghai Qilu Pharmaceutical Research And Development Centre,WO2026051943A1,PGDB_AS000777,% Degradation,luminescence,standardized
PGDB_C029505,CNC(=O)Nc1ccc(-c2cccc(C3CCC(=O)NC3=O)c2Cl)cc1C,VAV1,,98.42,=,1,,Shanghai Qilu Pharmaceutical Research And Development Centre,WO2026051943A1,PGDB_AS000777,% Degradation,luminescence,standardized
PGDB_C033021,CNC(=O)c1ccc2cc(-c3cccc(C4CCC(=O)NC4=O)c3Cl)ccc2c1,VAV1,,90.0,>,1,Jurkat,,WO2026145172A1,PGDB_AS002599,% Degradation,luminescence,standardized
PGDB_C033075,CNC(=O)c1cccc2cc(-c3cccc(C4CCC(=O)NC4=O)c3Cl)ccc12,VAV1,,90.0,>,1,Jurkat,,WO2026145172A1,PGDB_AS002599,% Degradation,luminescence,standardized
PGDB_C032998,CNCCN(C)C(=O)c1ccc2cc(-c3cccc(C4CCC(=O)NC4=O)c3Cl)ccc2c1,VAV1,,90.0,>,1,Jurkat,,WO2026145172A1,PGDB_AS002599,% Degradation,luminescence,standardized
PGDB_C032954,CNCCN(C)C(=O)c1cccc2cc(-c3cccc(C4CCC(=O)NC4=O)c3Cl)ccc12,VAV1,,80.0,>=,1,Jurkat,,WO2026145172A1,PGDB_AS002599,% Degradation,luminescence,standardized
PGDB_C024885,CNCCn1cc2ccc3cc(-c4cccc(C5CCC(=O)NC5=O)c4Cl)ccc3c2n1,VAV1,,86.46,=,1,Jurkat,Shanghai Meiyue Biotech Development,CN121698875A,PGDB_AS000398,% Degradation,,standardized
PGDB_C008158,CNCc1cccc(S(=O)(=O)Nc2ccc3c(c2)C(=O)NC3=O)c1Cl,GSPT1,,18.0,=,0,HEK293,Cyrus Therapeutics;Wooseok Han;Joonwoo Nam;Min Sung Joo;Dong Hyuk Ki;Kim Eun Jung;Jaeyung Lee,IL323841A,PGDB_AS002464,% Degradation,luminescence,standardized
PGDB_C032755,CN[C@H]1CC[C@H](NC(=O)c2ccc(N3CCC(F)(CN4CCC5(CC4)COc4c5cc(Cl)c5c4CN([C@H]4CCC(=O)NC4=O)C5=O)CC3)c(F)c2)CC1,CSNK1A1,,50.0,<,0,HEK293,,WO2026139085A1,PGDB_AS002607,% Degradation,luminescence,standardized
PGDB_C029673,CNc1ccc(-c2cccc(C3CCC(=O)NC3=O)c2Cl)cc1C,VAV1,,97.3,=,1,,Shanghai Qilu Pharmaceutical Research And Development Centre,WO2026051943A1,PGDB_AS000777,% Degradation,luminescence,standardized
PGDB_C029202,CNc1cn(-c2ccc(N3CCN(CC4(F)CCN(C(=O)c5ccc(N6C7CCC6CN(c6cc(-c8ccccc8O)nnc6N)C7)cc5)CC4)CC3)c(C#N)c2)c(=O)[nH]1,SMARCA2,,63.6,=,0,,AstraZeneca,WO2026120044,PGDB_AS001542,% Degradation,,standardized
PGDB_C029202,CNc1cn(-c2ccc(N3CCN(CC4(F)CCN(C(=O)c5ccc(N6C7CCC6CN(c6cc(-c8ccccc8O)nnc6N)C7)cc5)CC4)CC3)c(C#N)c2)c(=O)[nH]1,SMARCA4,,0.1,=,0,,AstraZeneca,WO2026120044,PGDB_AS000549,% Degradation,,standardized
PGDB_C006010,COC(=O)C1(C)CCCC(NCc2ccc3c(c2)CN(C2CCC(=O)NC2=O)C3=O)C1,IKZF1,,50.0,=,0,HEK293,Gilead Sciences,AU2022419982A1,PGDB_AS000645,% Degradation,luminescence,standardized
PGDB_C006010,COC(=O)C1(C)CCCC(NCc2ccc3c(c2)CN(C2CCC(=O)NC2=O)C3=O)C1,IKZF2,,88.0,=,1,HEK293,Gilead Sciences,AU2022419982A1,PGDB_AS000473,% Degradation,,standardized
PGDB_C011019,COC(=O)CNc1c(-c2ccc3c(c2)CN(C2CCC(=O)NC2=O)C3=O)nc2ccccn12,WEE1,,84.0,=,1,,Dana Farber Cancer Institute;Leland Stanford Junior University,WO2025129172A1,PGDB_AS000292,% Degradation,luminescence,standardized
PGDB_C019876,COC(=O)Cc1cc(-c2ccnc(N)n2)ccc1NC(=O)[C@H]1COc2ccccc2O1,FBXW7,,19.27,=,0,,University Of Washington;Scripps Research Institute;Fred Hutchinson Cancer Center,WO2019200310A1,PGDB_AS001280,biochemical,,standardized
PGDB_C029496,COC(=O)N(CCO)c1ccc(-c2cccc(C3CCC(=O)NC3=O)c2Cl)cc1C,VAV1,,97.34,=,1,,Shanghai Qilu Pharmaceutical Research And Development Centre,WO2026051943A1,PGDB_AS000777,% Degradation,luminescence,standardized
PGDB_C029501,COC(=O)N(c1ccc(-c2cccc(C3CCC(=O)NC3=O)c2Cl)cc1)C(C)C,VAV1,,98.81,=,1,,Shanghai Qilu Pharmaceutical Research And Development Centre,WO2026051943A1,PGDB_AS000777,% Degradation,luminescence,standardized
PGDB_C029507,COC(=O)N(c1ccc(-c2cccc(C3CCC(=O)NC3=O)c2Cl)cc1)C1CC1,VAV1,,97.5,=,1,,Shanghai Qilu Pharmaceutical Research And Development Centre,WO2026051943A1,PGDB_AS000777,% Degradation,luminescence,standardized
PGDB_C029468,COC(=O)N1CCCOc2cc(-c3cccc(C4CCC(=O)NC4=O)c3Cl)ccc21,VAV1,,96.86,=,1,,Shanghai Qilu Pharmaceutical Research And Development Centre,WO2026051943A1,PGDB_AS000777,% Degradation,luminescence,standardized
PGDB_C029482,COC(=O)Nc1ccc(-c2cccc(C3CCC(=O)NC3=O)c2Cl)cc1C,VAV1,,98.31,=,1,,Shanghai Qilu Pharmaceutical Research And Development Centre,WO2026051943A1,PGDB_AS000777,% Degradation,luminescence,standardized
PGDB_C032042,COC(=O)Nc1sc(-c2cccc(C3CCC(=O)NC3=O)c2Cl)cc1C,VAV1,,95.2,=,1,,Changchun Genescience Pharmaceutical Co Ltd,WO2026119120A1,PGDB_AS000657,% Degradation,luminescence,standardized
PGDB_C008514,COC(C)(C)CCN[C@H]1CCCC[C@@H]1Cc1ccc2c(c1)CN(C1CCC(=O)NC1=O)C2=O,IKZF2,,97.0,=,1,HEK293,Gilead Sciences,JP2026020265A,PGDB_AS000211,% Degradation,luminescence,standardized
PGDB_C008650,COC1(C)CCC(N[C@H]2CCCO[C@@H]2Cc2ccc3c(c2F)CN(C2CCC(=O)NC2=O)C3=O)CC1,IKZF1,,33.0,=,0,HEK293,Gilead Sciences,JP2026020265A,PGDB_AS000216,% Degradation,luminescence,standardized
PGDB_C008650,COC1(C)CCC(N[C@H]2CCCO[C@@H]2Cc2ccc3c(c2F)CN(C2CCC(=O)NC2=O)C3=O)CC1,IKZF2,,95.0,=,1,HEK293,Gilead Sciences,JP2026020265A,PGDB_AS000211,% Degradation,luminescence,standardized
PGDB_C029629,COC1(C)CCN(C(=O)Nc2ccc(-c3cccc(C4CCC(=O)NC4=O)c3Cl)cc2C)CC1,VAV1,,98.1,=,1,,Shanghai Qilu Pharmaceutical Research And Development Centre,WO2026051943A1,PGDB_AS000777,% Degradation,luminescence,standardized
PGDB_C029624,COC1(CN(C)C(=O)Nc2ccc(-c3cccc(C4CCC(=O)NC4=O)c3Cl)cc2C)CC1,VAV1,,98.7,=,1,,Shanghai Qilu Pharmaceutical Research And Development Centre,WO2026051943A1,PGDB_AS000777,% Degradation,luminescence,standardized
PGDB_C029214,COC1(CN2CCC(n3ccc4cc(N5CCC(=O)NC5=O)ccc43)CC2)CCN(C(=O)c2ccc(N3C4CCC3CN(c3cc(-c5ccccc5O)nnc3N)C4)cc2)CC1,SMARCA2,,54.9,=,0,,AstraZeneca,WO2026120044,PGDB_AS001542,% Degradation,,standardized
PGDB_C033106,COC1(CN2CCC3(CC2)COc2c3cc(Cl)c3c2CN([C@H]2CCC(=O)NC2=O)C3=O)CCN(c2ccc(C(=O)N[C@H]3CC[C@H](OC(C)C)CC3)cc2F)CC1,CSNK1A1,,90.0,>,1,HEK293,,WO2026139085A1,PGDB_AS002607,% Degradation,luminescence,standardized
PGDB_C033110,COC1(CN2CCC3(CC2)COc2c3cc(Cl)c3c2CN([C@H]2CCC(=O)NC2=O)C3=O)CCN(c2ncc(C(=O)N[C@H]3CC[C@H](OC(C)C)CC3)cc2F)CC1,CSNK1A1,,90.0,>,1,HEK293,,WO2026139085A1,PGDB_AS002607,% Degradation,luminescence,standardized
PGDB_C033104,COC1(CN2CCC3(CC2)COc2c3cc(Cl)c3c2CN([C@H]2CCC(=O)NC2=O)C3=O)CCN(c2ncc(C(=O)N[C@H]3CC[C@H](OC(C)C)CC3)cn2)CC1,CSNK1A1,,90.0,>,1,HEK293,,WO2026139085A1,PGDB_AS002607,% Degradation,luminescence,standardized
PGDB_C033136,COC1(CN2CCC3(CC2)OCc2c3cc(Cl)c3c2CN([C@H]2CCC(=O)NC2=O)C3=O)CCN(c2ccc(C(=O)N[C@H]3CC[C@H](Oc4ccccc4Cl)CC3)cc2F)CC1,CSNK1A1,,90.0,>,1,HEK293,,WO2026139085A1,PGDB_AS002607,% Degradation,luminescence,standardized
PGDB_C010134,COC12CC(c3nnc(N[C@H]4CN(c5cc(F)c(C6CCC(=O)NC6=O)c(F)c5)[C@@H]4C)o3)(C1)C2,CDK2,,47.5,=,0,HEK293,Monte Rosa Therapeutics,WO2025090727A1,PGDB_AS002016,% Degradation,luminescence,standardized
PGDB_C008627,COC1CCC(N[C@H]2CCCC[C@@H]2Cc2ccc3c(c2)CN(C2CCC(=O)NC2=O)C3=O)CC1,IKZF1,,37.0,=,0,HEK293,Gilead Sciences,JP2026020265A,PGDB_AS000216,% Degradation,luminescence,standardized
PGDB_C008627,COC1CCC(N[C@H]2CCCC[C@@H]2Cc2ccc3c(c2)CN(C2CCC(=O)NC2=O)C3=O)CC1,IKZF2,,98.0,=,1,HEK293,Gilead Sciences,JP2026020265A,PGDB_AS000211,% Degradation,luminescence,standardized
PGDB_C008534,COC1CCC(N[C@H]2CCCO[C@@H]2Cc2ccc3c(c2F)CN(C2CCC(=O)NC2=O)C3=O)CC1,IKZF2,,100.0,=,1,HEK293,Gilead Sciences,JP2026020265A,PGDB_AS000211,% Degradation,luminescence,standardized
PGDB_C029662,COC1CCN(C(=O)Nc2c(C)cc(-c3cccc(C4CCC(=O)NC4=O)c3Cl)cc2F)CC1,VAV1,,98.9,=,1,,Shanghai Qilu Pharmaceutical Research And Development Centre,WO2026051943A1,PGDB_AS000777,% Degradation,luminescence,standardized
PGDB_C029554,COC1CCN(C(=O)Nc2ccc(-c3cccc(C4CCC(=O)NC4=O)c3Cl)cc2C)CC1,VAV1,,98.46,=,1,,Shanghai Qilu Pharmaceutical Research And Development Centre,WO2026051943A1,PGDB_AS000777,% Degradation,luminescence,standardized
PGDB_C029563,COC1CN(C(=O)Nc2ccc(-c3cccc(C4CCC(=O)NC4=O)c3Cl)cc2C)C1,VAV1,,99.1,=,1,,Shanghai Qilu Pharmaceutical Research And Development Centre,WO2026051943A1,PGDB_AS000777,% Degradation,luminescence,standardized
PGDB_C029626,COCC1(C)CN(C(=O)Nc2ccc(-c3cccc(C4CCC(=O)NC4=O)c3Cl)cc2C)C1,VAV1,,99.7,=,1,,Shanghai Qilu Pharmaceutical Research And Development Centre,WO2026051943A1,PGDB_AS000777,% Degradation,luminescence,standardized
PGDB_C029600,COCC1(N(C)C(=O)Nc2ccc(-c3cccc(C4CCC(=O)NC4=O)c3Cl)cc2C)CC1,VAV1,,98.2,=,1,,Shanghai Qilu Pharmaceutical Research And Development Centre,WO2026051943A1,PGDB_AS000777,% Degradation,luminescence,standardized
PGDB_C006020,COCC1(NCc2ccc3c(c2)CN(C2CCC(=O)NC2=O)C3=O)CCCCC1,IKZF2,,47.0,=,0,HEK293,Gilead Sciences,AU2022419982A1,PGDB_AS000473,% Degradation,,standardized
PGDB_C010451,COCC1CCC(N[C@H]2CCCC[C@@H]2Cc2ccc3c(c2)CN(C2CCC(=O)NC2=O)C3=O)CC1,IKZF1,,31.0,=,0,HEK293,Gilead Sciences,JP2026020265A,PGDB_AS000216,% Degradation,luminescence,standardized
PGDB_C010451,COCC1CCC(N[C@H]2CCCC[C@@H]2Cc2ccc3c(c2)CN(C2CCC(=O)NC2=O)C3=O)CC1,IKZF2,,98.0,=,1,HEK293,Gilead Sciences,JP2026020265A,PGDB_AS000211,% Degradation,luminescence,standardized
PGDB_C008621,COCC1CCC(N[C@H]2CCCO[C@@H]2Cc2ccc3c(c2F)CN(C2CCC(=O)NC2=O)C3=O)CC1,IKZF2,,96.0,=,1,HEK293,Gilead Sciences,JP2026020265A,PGDB_AS000211,% Degradation,luminescence,standardized
PGDB_C012169,COCC1CCc2ccc(N3CCC(c4cccc(C5CCC(=O)NC5=O)c4Cl)CC3)c(=O)n21,VAV1,,96.056,=,1,Jurkat,Monte Rosa Therapeutics,WO2026013577A1,PGDB_AS002157,% Degradation,luminescence,standardized
PGDB_C029674,COCC1CN(C(=O)Nc2c(C)cc(-c3cccc(C4CCC(=O)NC4=O)c3Cl)cc2F)C1,VAV1,,99.8,=,1,,Shanghai Qilu Pharmaceutical Research And Development Centre,WO2026051943A1,PGDB_AS000777,% Degradation,luminescence,standardized
PGDB_C029625,COCC1CN(C(=O)Nc2ccc(-c3cccc(C4CCC(=O)NC4=O)c3Cl)cc2C)C1,VAV1,,99.7,=,1,,Shanghai Qilu Pharmaceutical Research And Development Centre,WO2026051943A1,PGDB_AS000777,% Degradation,luminescence,standardized
PGDB_C029527,COCCN(C)C(=O)Nc1ccc(-c2cccc(C3CCC(=O)NC3=O)c2Cl)cc1,VAV1,,96.85,=,1,,Shanghai Qilu Pharmaceutical Research And Development Centre,WO2026051943A1,PGDB_AS000777,% Degradation,luminescence,standardized
PGDB_C029506,COCCN(C)C(=O)Nc1ccc(-c2cccc(C3CCC(=O)NC3=O)c2Cl)cc1C,VAV1,,98.67,=,1,,Shanghai Qilu Pharmaceutical Research And Development Centre,WO2026051943A1,PGDB_AS000777,% Degradation,luminescence,standardized
PGDB_C029489,COCCN(C)C(=O)Oc1ccc(-c2cccc(C3CCC(=O)NC3=O)c2Cl)cc1C,VAV1,,98.65,=,1,,Shanghai Qilu Pharmaceutical Research And Development Centre,WO2026051943A1,PGDB_AS000777,% Degradation,luminescence,standardized
PGDB_C032948,COCCN(C)C(=O)c1ccc2cc(-c3cccc(C4CCC(=O)NC4=O)c3Cl)ccc2c1,VAV1,,90.0,>,1,Jurkat,,WO2026145172A1,PGDB_AS002599,% Degradation,luminescence,standardized
PGDB_C032947,COCCN(C)C(=O)c1cccc2cc(-c3cccc(C4CCC(=O)NC4=O)c3Cl)ccc12,VAV1,,90.0,>,1,Jurkat,,WO2026145172A1,PGDB_AS002599,% Degradation,luminescence,standardized
PGDB_C029637,COCCNC(=O)N(c1ccc(-c2cccc(C3CCC(=O)NC3=O)c2Cl)cc1)C1CC1,VAV1,,99.0,=,1,,Shanghai Qilu Pharmaceutical Research And Development Centre,WO2026051943A1,PGDB_AS000777,% Degradation,luminescence,standardized
PGDB_C029541,COCCNC(=O)Nc1ccc(-c2cccc(C3CCC(=O)NC3=O)c2Cl)cc1C,VAV1,,98.62,=,1,,Shanghai Qilu Pharmaceutical Research And Development Centre,WO2026051943A1,PGDB_AS000777,% Degradation,luminescence,standardized
PGDB_C008445,COCCN[C@H]1CCCC[C@@H]1Cc1ccc2c(c1)CN(C1CCC(=O)NC1=O)C2=O,IKZF2,,73.0,=,0,HEK293,Gilead Sciences,JP2026020265A,PGDB_AS000211,% Degradation,luminescence,standardized
PGDB_C011032,COCCNc1c(-c2ccc3c(c2)CN(C2CCC(=O)NC2=O)C3=O)nc2ccccn12,WEE1,,91.0,=,1,,Dana Farber Cancer Institute;Leland Stanford Junior University,WO2025129172A1,PGDB_AS000292,% Degradation,luminescence,standardized
PGDB_C019906,COCCOC(=O)C1=C(C)NC2=C(C(=O)CC(c3ccccc3)C2)C1c1ccc(OCc2ccccc2)cc1,FBXW7,,3.0,=,0,,University Of Washington;Scripps Research Institute;Fred Hutchinson Cancer Center,WO2019200310A1,PGDB_AS000546,biochemical,luminescence,standardized
PGDB_C029537,COCCOC(=O)Nc1ccc(-c2cccc(C3CCC(=O)NC3=O)c2Cl)cc1C,VAV1,,98.52,=,1,,Shanghai Qilu Pharmaceutical Research And Development Centre,WO2026051943A1,PGDB_AS000777,% Degradation,luminescence,standardized
PGDB_C032910,COCCOc1cc(C(F)(F)F)cc(=O)n1-c1cccc(-n2ncc3c(C4CCC(=O)NC4=O)cccc32)c1,VAV1,,90.0,>,1,Jurkat,,WO2026145172A1,PGDB_AS002627,% Degradation,luminescence,standardized
PGDB_C012168,COCCn1c(C)ccc(N2CCN(c3cccc(C4CCC(=O)NC4=O)c3Cl)CC2)c1=O,VAV1,,96.122,=,1,Jurkat,Monte Rosa Therapeutics,WO2026013577A1,PGDB_AS002157,% Degradation,luminescence,standardized
PGDB_C012176,COCCn1c(F)ccc(N2CCN(c3cccc(C4CCC(=O)NC4=O)c3Cl)CC2)c1=O,VAV1,,93.219,=,1,Jurkat,Monte Rosa Therapeutics,WO2026013577A1,PGDB_AS002157,% Degradation,luminescence,standardized
PGDB_C012183,COCCn1cc(C)cc(N2CCN(c3cccc(C4CCC(=O)NC4=O)c3Cl)CC2)c1=O,VAV1,,90.953,=,1,Jurkat,Monte Rosa Therapeutics,WO2026013577A1,PGDB_AS002157,% Degradation,luminescence,standardized
PGDB_C012181,COCCn1cc(F)cc(N2CCC(c3cccc(C4CCC(=O)NC4=O)c3Cl)CC2)c1=O,VAV1,,91.175,=,1,Jurkat,Monte Rosa Therapeutics,WO2026013577A1,PGDB_AS002157,% Degradation,luminescence,standardized
PGDB_C012187,COCCn1cc(F)cc(N2CCN(c3cccc(C4CCC(=O)NC4=O)c3Cl)CC2)c1=O,VAV1,,88.254,=,1,Jurkat,Monte Rosa Therapeutics,WO2026013577A1,PGDB_AS002157,% Degradation,luminescence,standardized
PGDB_C024845,COCCn1cc2c(n1)-c1ccc(-c3cccc(C4CCC(=O)NC4=O)c3Cl)cc1CC2,VAV1,,104.4,=,1,Jurkat,Shanghai Meiyue Biotech Development,CN121698875A,PGDB_AS000398,% Degradation,,standardized
PGDB_C024804,COCCn1cc2c(n1)CCc1cc(-c3cccc(C4CCC(=O)NC4=O)c3Cl)ccc1-2,VAV1,,95.8,=,1,Jurkat,Shanghai Meiyue Biotech Development Co Ltd,WO2026061428A1,PGDB_AS000765,% Degradation,fluorescence,standardized
PGDB_C024863,COCCn1cc2ccc3cc(-c4cccc(C5CCC(=O)NC5=O)c4Cl)ccc3c2n1,VAV1,,99.96,=,1,Jurkat,Shanghai Meiyue Biotech Development,CN121698875A,PGDB_AS000398,% Degradation,,standardized
PGDB_C012166,COCCn1ccc(F)c(N2CCN(c3cccc(C4CCC(=O)NC4=O)c3Cl)CC2)c1=O,VAV1,,96.461,=,1,Jurkat,Monte Rosa Therapeutics,WO2026013577A1,PGDB_AS002157,% Degradation,luminescence,standardized
PGDB_C012163,COCCn1cccc(N2CCC(c3cccc(C4CCC(=O)NC4=O)c3Cl)CC2)c1=O,VAV1,,96.937,=,1,Jurkat,Monte Rosa Therapeutics,WO2026013577A1,PGDB_AS002157,% Degradation,luminescence,standardized
PGDB_C012170,COCCn1cccc(N2CCN(c3cccc(C4CCC(=O)NC4=O)c3Cl)CC2)c1=O,VAV1,,95.478,=,1,Jurkat,Monte Rosa Therapeutics,WO2026013577A1,PGDB_AS002157,% Degradation,luminescence,standardized
PGDB_C024847,COCCn1ncc2c1-c1ccc(-c3cccc(C4CCC(=O)NC4=O)c3Cl)cc1CC2,VAV1,,98.2,=,1,Jurkat,Shanghai Meiyue Biotech Development,CN121698875A,PGDB_AS000398,% Degradation,,standardized
PGDB_C024805,COCCn1ncc2c1CCc1cc(-c3cccc(C4CCC(=O)NC4=O)c3Cl)ccc1-2,VAV1,,102.4,=,1,Jurkat,Shanghai Meiyue Biotech Development Co Ltd,WO2026061428A1,PGDB_AS000765,% Degradation,fluorescence,standardized
PGDB_C029556,COC[C@@H](C)N(C)C(=O)Nc1ccc(-c2cccc(C3CCC(=O)NC3=O)c2Cl)cc1C,VAV1,,99.05,=,1,,Shanghai Qilu Pharmaceutical Research And Development Centre,WO2026051943A1,PGDB_AS000777,% Degradation,luminescence,standardized
PGDB_C006024,COC[C@@H]1CCCC[C@@H]1NCc1ccc2c(c1)CN(C1CCC(=O)NC1=O)C2=O,IKZF1,,85.0,=,1,HEK293,Gilead Sciences,AU2022419982A1,PGDB_AS000645,% Degradation,luminescence,standardized
PGDB_C006024,COC[C@@H]1CCCC[C@@H]1NCc1ccc2c(c1)CN(C1CCC(=O)NC1=O)C2=O,IKZF2,,93.0,=,1,HEK293,Gilead Sciences,AU2022419982A1,PGDB_AS000473,% Degradation,,standardized
PGDB_C029485,COC[C@@H]1CCCN1C(=O)Nc1ccc(-c2cccc(C3CCC(=O)NC3=O)c2Cl)cc1C,VAV1,,98.56,=,1,,Shanghai Qilu Pharmaceutical Research And Development Centre,WO2026051943A1,PGDB_AS000777,% Degradation,luminescence,standardized
PGDB_C029642,COC[C@@H]1CCCN1S(=O)(=O)Nc1ccc(-c2cccc(C3CCC(=O)NC3=O)c2Cl)cc1C,VAV1,,96.2,=,1,,Shanghai Qilu Pharmaceutical Research And Development Centre,WO2026051943A1,PGDB_AS000777,% Degradation,luminescence,standardized
PGDB_C029493,COC[C@@H]1CCN1C(=O)Nc1ccc(-c2cccc(C3CCC(=O)NC3=O)c2Cl)cc1C,VAV1,,98.52,=,1,,Shanghai Qilu Pharmaceutical Research And Development Centre,WO2026051943A1,PGDB_AS000777,% Degradation,luminescence,standardized
PGDB_C029667,COC[C@@H]1CN(C(=O)Nc2ccc(-c3cccc(C4CCC(=O)NC4=O)c3Cl)cc2C)CCO1,VAV1,,98.1,=,1,,Shanghai Qilu Pharmaceutical Research And Development Centre,WO2026051943A1,PGDB_AS000777,% Degradation,luminescence,standardized
PGDB_C010191,COC[C@@H]1CN(Cc2ccc(C(F)(F)F)cc2)CC[C@]1(O)c1ccc2c(n1)CN(C1CCC(=O)NC1=O)C2=O,ARNT,,60.0,<=,0,7860-O,Neomorph,WO2025097092,PGDB_AS001935,% Degradation,luminescence,manual_curated
PGDB_C029456,COC[C@@H]1COCCN1C(=O)Nc1ccc(-c2cccc(C3CCC(=O)NC3=O)c2Cl)cc1C,VAV1,,97.92,=,1,,Shanghai Qilu Pharmaceutical Research And Development Centre,WO2026051943A1,PGDB_AS000777,% Degradation,luminescence,standardized
PGDB_C029557,COC[C@@H]1C[C@@H](O)CN1C(=O)Nc1ccc(-c2cccc(C3CCC(=O)NC3=O)c2Cl)cc1C,VAV1,,98.88,=,1,,Shanghai Qilu Pharmaceutical Research And Development Centre,WO2026051943A1,PGDB_AS000777,% Degradation,luminescence,standardized
PGDB_C029589,COC[C@@H]1C[C@H](O)CN1C(=O)Nc1ccc(-c2cccc(C3CCC(=O)NC3=O)c2Cl)cc1C,VAV1,,98.61,=,1,,Shanghai Qilu Pharmaceutical Research And Development Centre,WO2026051943A1,PGDB_AS000777,% Degradation,luminescence,standardized
PGDB_C029588,COC[C@H](C)N(C)C(=O)Nc1ccc(-c2cccc(C3CCC(=O)NC3=O)c2Cl)cc1C,VAV1,,98.82,=,1,,Shanghai Qilu Pharmaceutical Research And Development Centre,WO2026051943A1,PGDB_AS000777,% Degradation,luminescence,standardized
PGDB_C029492,COC[C@H]1CCCN1C(=O)Nc1ccc(-c2cccc(C3CCC(=O)NC3=O)c2Cl)cc1C,VAV1,,98.77,=,1,,Shanghai Qilu Pharmaceutical Research And Development Centre,WO2026051943A1,PGDB_AS000777,% Degradation,luminescence,standardized
PGDB_C029525,COC[C@H]1CCN1C(=O)Nc1ccc(-c2cccc(C3CCC(=O)NC3=O)c2Cl)cc1C,VAV1,,98.61,=,1,,Shanghai Qilu Pharmaceutical Research And Development Centre,WO2026051943A1,PGDB_AS000777,% Degradation,luminescence,standardized
PGDB_C029634,COC[C@H]1CN(C(=O)Nc2ccc(-c3cccc(C4CCC(=O)NC4=O)c3Cl)cc2C)CCO1,VAV1,,97.8,=,1,,Shanghai Qilu Pharmaceutical Research And Development Centre,WO2026051943A1,PGDB_AS000777,% Degradation,luminescence,standardized
PGDB_C029495,COC[C@H]1COCCN1C(=O)Nc1ccc(-c2cccc(C3CCC(=O)NC3=O)c2Cl)cc1C,VAV1,,98.54,=,1,,Shanghai Qilu Pharmaceutical Research And Development Centre,WO2026051943A1,PGDB_AS000777,% Degradation,luminescence,standardized
PGDB_C029590,COC[C@H]1C[C@@H](O)CN1C(=O)Nc1ccc(-c2cccc(C3CCC(=O)NC3=O)c2Cl)cc1C,VAV1,,98.73,=,1,,Shanghai Qilu Pharmaceutical Research And Development Centre,WO2026051943A1,PGDB_AS000777,% Degradation,luminescence,standardized
PGDB_C011310,COCc1cc(C)ccc1-c1nnc(NC2(c3cc(C)c4c(c3)C(=O)N(C3CCC(=O)NC3=O)C4)CC2)o1,CDK2,,51.2,=,0,HEK293,Monte Rosa Therapeutics,WO2025181261A1,PGDB_AS000913,% Degradation,luminescence,standardized
PGDB_C011310,COCc1cc(C)ccc1-c1nnc(NC2(c3cc(C)c4c(c3)C(=O)N(C3CCC(=O)NC3=O)C4)CC2)o1,GSPT1,,4.0,=,0,HEK293,Monte Rosa Therapeutics,WO2025181261A1,PGDB_AS001674,% Degradation,luminescence,standardized
PGDB_C011312,COCc1cc(C)ccc1-c1nnc(NC2(c3cc(Cl)c4c(c3)C(=O)N(C3CCC(=O)NC3=O)C4)CC2)o1,CDK2,,52.1,=,0,HEK293,Monte Rosa Therapeutics,WO2025181261A1,PGDB_AS000913,% Degradation,luminescence,standardized
PGDB_C011312,COCc1cc(C)ccc1-c1nnc(NC2(c3cc(Cl)c4c(c3)C(=O)N(C3CCC(=O)NC3=O)C4)CC2)o1,GSPT1,,8.4,=,0,HEK293,Monte Rosa Therapeutics,WO2025181261A1,PGDB_AS001674,% Degradation,luminescence,standardized
PGDB_C011361,COCc1cc(C)ccc1-c1nnc(NC2(c3cc4c(c(C(F)F)c3)CN(C3CCC(=O)NC3=O)C4=O)CC2)o1,CDK2,,52.3,=,0,HEK293,Monte Rosa Therapeutics,WO2025181261A1,PGDB_AS000913,% Degradation,luminescence,standardized
PGDB_C011361,COCc1cc(C)ccc1-c1nnc(NC2(c3cc4c(c(C(F)F)c3)CN(C3CCC(=O)NC3=O)C4=O)CC2)o1,GSPT1,,9.3,=,0,HEK293,Monte Rosa Therapeutics,WO2025181261A1,PGDB_AS001674,% Degradation,luminescence,standardized
PGDB_C012199,COCc1cc(N2CCN(c3cccc(C4CCC(=O)NC4=O)c3Cl)CC2)c(=O)n(C)c1,VAV1,,73.683,=,0,Jurkat,Monte Rosa Therapeutics,WO2026013577A1,PGDB_AS002157,% Degradation,luminescence,standardized
PGDB_C012236,COCc1cc2cccc(N3CCN(c4cccc(C5CCC(=O)NC5=O)c4Cl)CC3)n2n1,VAV1,,97.746,=,1,Jurkat,Monte Rosa Therapeutics,WO2026013577A1,PGDB_AS002157,% Degradation,luminescence,standardized
PGDB_C012204,COCc1ccc(N2CCN(c3cccc(C4CCC(=O)NC4=O)c3Cl)CC2)c(=O)n1C,VAV1,,67.554,=,0,Jurkat,Monte Rosa Therapeutics,WO2026013577A1,PGDB_AS002157,% Degradation,luminescence,standardized
PGDB_C012240,COCc1ccc(N2CCN(c3cccc(C4CCC(=O)NC4=O)c3Cl)CC2)n2nccc12,VAV1,,92.386,=,1,Jurkat,Monte Rosa Therapeutics,WO2026013577A1,PGDB_AS002157,% Degradation,luminescence,standardized
PGDB_C012238,COCc1cnn2c(N3CCN(c4cccc(C5CCC(=O)NC5=O)c4Cl)CC3)cccc12,VAV1,,94.837,=,1,Jurkat,Monte Rosa Therapeutics,WO2026013577A1,PGDB_AS002157,% Degradation,luminescence,standardized
PGDB_C032909,CON(C)C(=O)c1cccc2cc(-c3cccc(C4CCC(=O)NC4=O)c3Cl)ccc12,VAV1,,90.0,>,1,Jurkat,,WO2026145172A1,PGDB_AS002599,% Degradation,luminescence,standardized
PGDB_C029533,CONC(=O)Nc1ccc(-c2cccc(C3CCC(=O)NC3=O)c2Cl)cc1C,VAV1,,98.37,=,1,,Shanghai Qilu Pharmaceutical Research And Development Centre,WO2026051943A1,PGDB_AS000777,% Degradation,luminescence,standardized
PGDB_C005974,CO[C@@H]1CCCC[C@@H]1NCc1ccc2c(c1)CN(C1CCC(=O)NC1=O)C2=O,IKZF1,,89.0,=,1,HEK293,Gilead Sciences,AU2022419982A1,PGDB_AS000645,% Degradation,luminescence,standardized
PGDB_C005974,CO[C@@H]1CCCC[C@@H]1NCc1ccc2c(c1)CN(C1CCC(=O)NC1=O)C2=O,IKZF2,,96.0,=,1,HEK293,Gilead Sciences,AU2022419982A1,PGDB_AS000473,% Degradation,,standardized
PGDB_C005993,CO[C@@H]1CCCC[C@H]1NCc1ccc2c(c1)CN(C1CCC(=O)NC1=O)C2=O,IKZF1,,57.0,=,0,HEK293,Gilead Sciences,AU2022419982A1,PGDB_AS000645,% Degradation,luminescence,standardized
PGDB_C005993,CO[C@@H]1CCCC[C@H]1NCc1ccc2c(c1)CN(C1CCC(=O)NC1=O)C2=O,IKZF2,,85.0,=,1,HEK293,Gilead Sciences,AU2022419982A1,PGDB_AS000473,% Degradation,,standardized
PGDB_C008540,CO[C@@H]1CCC[C@H](Cc2ccc3c(c2)CN(C2CCC(=O)NC2=O)C3=O)[C@H]1NC1CCC(F)(F)CC1,IKZF2,,83.0,=,1,HEK293,Gilead Sciences,JP2026020265A,PGDB_AS000211,% Degradation,luminescence,standardized
PGDB_C029660,CO[C@@H]1CCN(C(=O)Nc2c(C)cc(-c3cccc(C4CCC(=O)NC4=O)c3Cl)cc2F)C1,VAV1,,99.0,=,1,,Shanghai Qilu Pharmaceutical Research And Development Centre,WO2026051943A1,PGDB_AS000777,% Degradation,luminescence,standardized
PGDB_C029545,CO[C@@H]1CCN(C(=O)Nc2ccc(-c3cccc(C4CCC(=O)NC4=O)c3Cl)cc2C)C1,VAV1,,98.71,=,1,,Shanghai Qilu Pharmaceutical Research And Development Centre,WO2026051943A1,PGDB_AS000777,% Degradation,luminescence,standardized
PGDB_C029651,CO[C@@H]1CN(C(=O)Nc2ccc(-c3cccc(C4CCC(=O)NC4=O)c3Cl)cc2C)C[C@@H]1F,VAV1,,98.0,=,1,,Shanghai Qilu Pharmaceutical Research And Development Centre,WO2026051943A1,PGDB_AS000777,% Degradation,luminescence,standardized
PGDB_C029618,CO[C@@H]1CN(C(=O)Nc2ccc(-c3cccc(C4CCC(=O)NC4=O)c3Cl)cc2C)C[C@H]1F,VAV1,,99.1,=,1,,Shanghai Qilu Pharmaceutical Research And Development Centre,WO2026051943A1,PGDB_AS000777,% Degradation,luminescence,standardized
PGDB_C029574,CO[C@@H]1CN(C(=O)Nc2ccc(-c3cccc(C4CCC(=O)NC4=O)c3Cl)cc2C)C[C@H]1OC,VAV1,,98.9,=,1,,Shanghai Qilu Pharmaceutical Research And Development Centre,WO2026051943A1,PGDB_AS000777,% Degradation,luminescence,standardized
PGDB_C029659,CO[C@@]1(C)CCN(C(=O)Nc2ccc(-c3cccc(C4CCC(=O)NC4=O)c3Cl)cc2C)C1,VAV1,,98.8,=,1,,Shanghai Qilu Pharmaceutical Research And Development Centre,WO2026051943A1,PGDB_AS000777,% Degradation,luminescence,standardized
PGDB_C029650,CO[C@@]1(O)CN(C(=O)Nc2ccc(-c3cccc(C4CCC(=O)NC4=O)c3Cl)cc2C)C[C@@H]1F,VAV1,,98.5,=,1,,Shanghai Qilu Pharmaceutical Research And Development Centre,WO2026051943A1,PGDB_AS000777,% Degradation,luminescence,standardized
PGDB_C005973,CO[C@H]1CCCC[C@H]1NCc1ccc2c(c1)CN(C1CCC(=O)NC1=O)C2=O,IKZF1,,38.0,=,0,HEK293,Gilead Sciences,AU2022419982A1,PGDB_AS000645,% Degradation,luminescence,standardized
PGDB_C005973,CO[C@H]1CCCC[C@H]1NCc1ccc2c(c1)CN(C1CCC(=O)NC1=O)C2=O,IKZF2,,28.0,=,0,HEK293,Gilead Sciences,AU2022419982A1,PGDB_AS000473,% Degradation,,standardized
PGDB_C029628,CO[C@H]1CCN(C(=O)Nc2c(C)cc(-c3cccc(C4CCC(=O)NC4=O)c3Cl)cc2F)C1,VAV1,,99.1,=,1,,Shanghai Qilu Pharmaceutical Research And Development Centre,WO2026051943A1,PGDB_AS000777,% Degradation,luminescence,standardized
PGDB_C029516,CO[C@H]1CCN(C(=O)Nc2ccc(-c3cccc(C4CCC(=O)NC4=O)c3Cl)cc2C)C1,VAV1,,98.76,=,1,,Shanghai Qilu Pharmaceutical Research And Development Centre,WO2026051943A1,PGDB_AS000777,% Degradation,luminescence,standardized
PGDB_C005952,CO[C@H]1CC[C@@H](NCc2ccc3c(c2)CN(C2CCC(=O)NC2=O)C3=O)CC1,IKZF1,,73.0,=,0,HEK293,Gilead Sciences,AU2022419982A1,PGDB_AS000645,% Degradation,luminescence,standardized
PGDB_C005952,CO[C@H]1CC[C@@H](NCc2ccc3c(c2)CN(C2CCC(=O)NC2=O)C3=O)CC1,IKZF2,,83.0,=,1,HEK293,Gilead Sciences,AU2022419982A1,PGDB_AS000473,% Degradation,,standardized
PGDB_C008675,CO[C@H]1CC[C@H](Cc2ccc3c(c2)CN(C2CCC(=O)NC2=O)C3=O)[C@@H](NC2CCC(F)(F)CC2)C1,IKZF1,,51.0,=,0,HEK293,Gilead Sciences,JP2026020265A,PGDB_AS000216,% Degradation,luminescence,standardized
PGDB_C008675,CO[C@H]1CC[C@H](Cc2ccc3c(c2)CN(C2CCC(=O)NC2=O)C3=O)[C@@H](NC2CCC(F)(F)CC2)C1,IKZF2,,93.0,=,1,HEK293,Gilead Sciences,JP2026020265A,PGDB_AS000211,% Degradation,luminescence,standardized
PGDB_C005942,CO[C@H]1CC[C@H](NCc2ccc3c(c2)CN(C2CCC(=O)NC2=O)C3=O)CC1,IKZF1,,51.0,=,0,HEK293,Gilead Sciences,AU2022419982A1,PGDB_AS000645,% Degradation,luminescence,standardized
PGDB_C005942,CO[C@H]1CC[C@H](NCc2ccc3c(c2)CN(C2CCC(=O)NC2=O)C3=O)CC1,IKZF2,,90.0,=,1,HEK293,Gilead Sciences,AU2022419982A1,PGDB_AS000473,% Degradation,,standardized
PGDB_C029617,CO[C@H]1CN(C(=O)Nc2ccc(-c3cccc(C4CCC(=O)NC4=O)c3Cl)cc2C)C[C@H]1F,VAV1,,98.6,=,1,,Shanghai Qilu Pharmaceutical Research And Development Centre,WO2026051943A1,PGDB_AS000777,% Degradation,luminescence,standardized
PGDB_C029606,CO[C@H]1CN(C(=O)Nc2ccc(-c3cccc(C4CCC(=O)NC4=O)c3Cl)cc2C)C[C@H]1OC,VAV1,,98.6,=,1,,Shanghai Qilu Pharmaceutical Research And Development Centre,WO2026051943A1,PGDB_AS000777,% Degradation,luminescence,standardized
PGDB_C010090,CO[C@H]1C[C@@H](OC(=O)NCc2ccc3c(c2)C(=O)N(C2CCC(=O)NC2=O)C3)C1,CDK2,,10.0,<=,0,HEK293,Monte Rosa Therapeutics,WO2023069720A1,PGDB_AS001399,% Degradation,luminescence,standardized
PGDB_C029627,CO[C@]1(C)CCN(C(=O)Nc2ccc(-c3cccc(C4CCC(=O)NC4=O)c3Cl)cc2C)C1,VAV1,,99.0,=,1,,Shanghai Qilu Pharmaceutical Research And Development Centre,WO2026051943A1,PGDB_AS000777,% Degradation,luminescence,standardized
PGDB_C029305,COc1c(N2CCC(=O)NC2=O)cnc2c1ccn2C1CCN(CC2(F)CCN(C(=O)c3ccc(N4C5CCC4CN(c4cc(-c6ccccc6O)nnc4N)C5)cc3)CC2)CC1,SMARCA2,,84.5,=,1,,AstraZeneca,WO2026120044,PGDB_AS000411,% Degradation,,standardized
PGDB_C029648,COc1cc(-c2cccc(C3CCC(=O)NC3=O)c2Cl)cc(C)c1NC(=O)N(C)C,VAV1,,97.9,=,1,,Shanghai Qilu Pharmaceutical Research And Development Centre,WO2026051943A1,PGDB_AS000777,% Degradation,luminescence,standardized
PGDB_C029683,COc1cc(-c2cccc(C3CCC(=O)NC3=O)c2Cl)cc(C)c1NC(=O)N1CCCC1,VAV1,,98.4,=,1,,Shanghai Qilu Pharmaceutical Research And Development Centre,WO2026051943A1,PGDB_AS000777,% Degradation,luminescence,standardized
PGDB_C029681,COc1cc(-c2cccc(C3CCC(=O)NC3=O)c2Cl)cc(Cl)c1NC(=O)N(C)C,VAV1,,98.1,=,1,,Shanghai Qilu Pharmaceutical Research And Development Centre,WO2026051943A1,PGDB_AS000777,% Degradation,luminescence,standardized
PGDB_C029487,COc1cc(-c2cccc(C3CCC(=O)NC3=O)c2Cl)ccc1OC(=O)N(C)C,VAV1,,95.22,=,1,,Shanghai Qilu Pharmaceutical Research And Development Centre,WO2026051943A1,PGDB_AS000777,% Degradation,luminescence,standardized
PGDB_C011295,COc1cc(-c2nnc(NC3(c4cc(Cl)c5c(c4)C(=O)N(C4CCC(=O)NC4=O)C5)CC3)o2)ccc1F,CDK2,,45.1,=,0,HEK293,Monte Rosa Therapeutics,WO2025181261A1,PGDB_AS000913,% Degradation,luminescence,standardized
PGDB_C011295,COc1cc(-c2nnc(NC3(c4cc(Cl)c5c(c4)C(=O)N(C4CCC(=O)NC4=O)C5)CC3)o2)ccc1F,GSPT1,,13.3,=,0,HEK293,Monte Rosa Therapeutics,WO2025181261A1,PGDB_AS001674,% Degradation,luminescence,standardized
PGDB_C011395,COc1cc(-c2nnc(NC3(c4cc(Cl)c5c(c4)C(=O)N(C4CCC(=O)NC4=O)C5)CC3)o2)on1,CDK2,,38.9,=,0,HEK293,Monte Rosa Therapeutics,WO2025181261A1,PGDB_AS000913,% Degradation,luminescence,standardized
PGDB_C011395,COc1cc(-c2nnc(NC3(c4cc(Cl)c5c(c4)C(=O)N(C4CCC(=O)NC4=O)C5)CC3)o2)on1,GSPT1,,2.4,=,0,HEK293,Monte Rosa Therapeutics,WO2025181261A1,PGDB_AS001674,% Degradation,luminescence,standardized
PGDB_C032918,COc1cc(C(F)(F)F)n(-c2ccc(-c3cccc(C4CCC(=O)NC4=O)c3C#C[Si](C)(C)C)cc2)c(=O)c1,VAV1,,90.0,>,1,Jurkat,,WO2026145172A1,PGDB_AS002624,% Degradation,luminescence,standardized
PGDB_C032824,COc1cc(C(F)(F)F)n(-c2ccc(-c3cccc(N4CCC(=O)NC4=O)c3Cl)cc2)c(=O)c1,VAV1,,90.0,>,1,Jurkat,,WO2026145172A1,PGDB_AS002624,% Degradation,luminescence,standardized
PGDB_C032818,COc1cc(C(F)(F)F)n(-c2cccc(-n3ncc4c(C5CCC(=O)NC5=O)cccc43)c2)c(=O)c1,VAV1,,90.0,>,1,Jurkat,,WO2026145172A1,PGDB_AS002624,% Degradation,luminescence,standardized
PGDB_C011335,COc1cc(C)c(-c2nnc(NC3(c4cc(Cl)c5c(c4)C(=O)N(C4CCC(=O)NC4=O)C5)CC3)o2)cn1,CDK2,,51.4,=,0,HEK293,Monte Rosa Therapeutics,WO2025181261A1,PGDB_AS000913,% Degradation,luminescence,standardized
PGDB_C011335,COc1cc(C)c(-c2nnc(NC3(c4cc(Cl)c5c(c4)C(=O)N(C4CCC(=O)NC4=O)C5)CC3)o2)cn1,GSPT1,,17.4,=,0,HEK293,Monte Rosa Therapeutics,WO2025181261A1,PGDB_AS001674,% Degradation,luminescence,standardized
PGDB_C019895,COc1cc(C)c(C)cc1N1C(=O)c2ccc(C(=O)Nc3cc([N+](=O)[O-])ccc3O)cc2C1=O,FBXW7,,0.49,=,0,,University Of Washington;Scripps Research Institute;Fred Hutchinson Cancer Center,WO2019200310A1,PGDB_AS000856,biochemical,,standardized
PGDB_C011313,COc1cc(C)ccc1-c1nnc(NC2(c3cc(Cl)c4c(c3)C(=O)N(C3CCC(=O)NC3=O)C4)CC2)o1,CDK2,,56.3,=,0,HEK293,Monte Rosa Therapeutics,WO2025181261A1,PGDB_AS000913,% Degradation,luminescence,standardized
PGDB_C011313,COc1cc(C)ccc1-c1nnc(NC2(c3cc(Cl)c4c(c3)C(=O)N(C3CCC(=O)NC3=O)C4)CC2)o1,GSPT1,,6.0,=,0,HEK293,Monte Rosa Therapeutics,WO2025181261A1,PGDB_AS001674,% Degradation,luminescence,standardized
PGDB_C032817,COc1cc(C)n(-c2ccc(F)c(-n3ncc4c(C5CCC(=O)NC5=O)cccc43)c2)c(=O)c1,VAV1,,80.0,>=,1,Jurkat,,WO2026145172A1,PGDB_AS002624,% Degradation,luminescence,standardized
PGDB_C032813,COc1cc(C)n(-c2cccc(-n3ncc4c(C5CCC(=O)NC5=O)cccc43)c2)c(=O)c1,VAV1,,90.0,>,1,Jurkat,,WO2026145172A1,PGDB_AS002624,% Degradation,luminescence,standardized
PGDB_C032834,COc1cc(CCC(F)(F)F)n(-c2ccc(-c3cccc(N4CCC(=O)NC4=O)c3Cl)cc2)c(=O)c1,VAV1,,90.0,>,1,Jurkat,,WO2026145172A1,PGDB_AS002624,% Degradation,luminescence,standardized
PGDB_C032874,COc1cc(CCC(F)(F)F)n(-c2cccc(-n3ncc4c(C5CCC(=O)NC5=O)cccc43)c2)c(=O)c1,VAV1,,90.0,>,1,Jurkat,,WO2026145172A1,PGDB_AS002624,% Degradation,luminescence,standardized
PGDB_C011315,COc1cc(F)ccc1-c1nnc(NC2(c3cc(Cl)c4c(c3)C(=O)N(C3CCC(=O)NC3=O)C4)CC2)o1,CDK2,,51.8,=,0,HEK293,Monte Rosa Therapeutics,WO2025181261A1,PGDB_AS000913,% Degradation,luminescence,standardized
PGDB_C011315,COc1cc(F)ccc1-c1nnc(NC2(c3cc(Cl)c4c(c3)C(=O)N(C3CCC(=O)NC3=O)C4)CC2)o1,GSPT1,,17.6,=,0,HEK293,Monte Rosa Therapeutics,WO2025181261A1,PGDB_AS001674,% Degradation,luminescence,standardized
PGDB_C012255,COc1cc(N2CCN(c3cccc(C4CCC(=O)NC4=O)c3Cl)CC2)n2nccc2n1,VAV1,,60.479,=,0,Jurkat,Monte Rosa Therapeutics,WO2026013577A1,PGDB_AS002157,% Degradation,luminescence,standardized
PGDB_C032890,COc1cc(OC(C)C(F)(F)F)n(-c2cccc(-n3ncc4c(C5CCC(=O)NC5=O)cccc43)c2)c(=O)c1,VAV1,,90.0,>,1,Jurkat,,WO2026145172A1,PGDB_AS002627,% Degradation,luminescence,standardized
PGDB_C033064,COc1cc(OCC(F)(F)F)n(-c2cccc(-n3ncc4c(C5CCC(=O)NC5=O)cccc43)c2)c(=O)c1,VAV1,,90.0,>,1,Jurkat,,WO2026145172A1,PGDB_AS002627,% Degradation,luminescence,standardized
PGDB_C019883,COc1cc2c(cc1OC)C(COc1ccc([N+](=O)[O-])cc1)N(C(=O)c1ccc3c(c1)OCO3)CC2,FBXW7,,1.58,=,0,,University Of Washington;Scripps Research Institute;Fred Hutchinson Cancer Center,WO2019200310A1,PGDB_AS000546,biochemical,luminescence,standardized
PGDB_C001059,COc1cc2c(cn1)OCC21CCN(CCCCCc2cccc3c2CN(C2CCC(=O)NC2=O)C3=O)CC1,CSNK1A1,,80.0,>,1,MV-4-11,Guangdong Hongye Pharmaceutical Technology;Shanghai Institute Of Materia Medica Of Cas,CN121471230A,PGDB_AS001131,% Degradation,Western_blot,standardized
PGDB_C012237,COc1cc2cccc(N3CCN(c4cccc(C5CCC(=O)NC5=O)c4Cl)CC3)n2n1,VAV1,,95.634,=,1,Jurkat,Monte Rosa Therapeutics,WO2026013577A1,PGDB_AS002157,% Degradation,luminescence,standardized
PGDB_C027642,COc1ccc(-c2cccc(C3CCC(=O)NC3=O)c2Cl)cc1OC(F)F,VAV1,,47.81,=,0,Jurkat,Monte Rosa Therapeutics,WO2024151547A1,PGDB_AS000862,% Degradation,luminescence,standardized
PGDB_C011314,COc1ccc(-c2nnc(NC3(c4cc(Cl)c5c(c4)C(=O)N(C4CCC(=O)NC4=O)C5)CC3)o2)c(C)c1,CDK2,,55.0,=,0,HEK293,Monte Rosa Therapeutics,WO2025181261A1,PGDB_AS000913,% Degradation,luminescence,standardized
PGDB_C011314,COc1ccc(-c2nnc(NC3(c4cc(Cl)c5c(c4)C(=O)N(C4CCC(=O)NC4=O)C5)CC3)o2)c(C)c1,GSPT1,,14.6,=,0,HEK293,Monte Rosa Therapeutics,WO2025181261A1,PGDB_AS001674,% Degradation,luminescence,standardized
PGDB_C011334,COc1ccc(-c2nnc(NC3(c4cc(Cl)c5c(c4)C(=O)N(C4CCC(=O)NC4=O)C5)CC3)o2)c(C)n1,CDK2,,46.2,=,0,HEK293,Monte Rosa Therapeutics,WO2025181261A1,PGDB_AS000913,% Degradation,luminescence,standardized
PGDB_C011334,COc1ccc(-c2nnc(NC3(c4cc(Cl)c5c(c4)C(=O)N(C4CCC(=O)NC4=O)C5)CC3)o2)c(C)n1,GSPT1,,3.8,=,0,HEK293,Monte Rosa Therapeutics,WO2025181261A1,PGDB_AS001674,% Degradation,luminescence,standardized
PGDB_C011316,COc1ccc(-c2nnc(NC3(c4cc(Cl)c5c(c4)C(=O)N(C4CCC(=O)NC4=O)C5)CC3)o2)c(F)c1,CDK2,,56.4,=,0,HEK293,Monte Rosa Therapeutics,WO2025181261A1,PGDB_AS000913,% Degradation,luminescence,standardized
PGDB_C011316,COc1ccc(-c2nnc(NC3(c4cc(Cl)c5c(c4)C(=O)N(C4CCC(=O)NC4=O)C5)CC3)o2)c(F)c1,GSPT1,,8.3,=,0,HEK293,Monte Rosa Therapeutics,WO2025181261A1,PGDB_AS001674,% Degradation,luminescence,standardized
PGDB_C011273,COc1ccc(-c2nnc(NC3(c4cc(Cl)c5c(c4)C(=O)N(C4CCC(=O)NC4=O)C5)CC3)o2)cc1,CDK2,,54.0,=,0,HEK293,Monte Rosa Therapeutics,WO2025181261A1,PGDB_AS000913,% Degradation,luminescence,standardized
PGDB_C011273,COc1ccc(-c2nnc(NC3(c4cc(Cl)c5c(c4)C(=O)N(C4CCC(=O)NC4=O)C5)CC3)o2)cc1,GSPT1,,6.6,=,0,HEK293,Monte Rosa Therapeutics,WO2025181261A1,PGDB_AS001674,% Degradation,luminescence,standardized
PGDB_C011294,COc1ccc(-c2nnc(NC3(c4cc(Cl)c5c(c4)C(=O)N(C4CCC(=O)NC4=O)C5)CC3)o2)cc1F,CDK2,,39.7,=,0,HEK293,Monte Rosa Therapeutics,WO2025181261A1,PGDB_AS000913,% Degradation,luminescence,standardized
PGDB_C011294,COc1ccc(-c2nnc(NC3(c4cc(Cl)c5c(c4)C(=O)N(C4CCC(=O)NC4=O)C5)CC3)o2)cc1F,GSPT1,,10.6,=,0,HEK293,Monte Rosa Therapeutics,WO2025181261A1,PGDB_AS001674,% Degradation,luminescence,standardized
PGDB_C011390,COc1ccc(-c2nnc(NC3(c4cc(Cl)c5c(c4)C(=O)N(C4CCC(=O)NC4=O)C5)CC3)o2)cn1,CDK2,,55.8,=,0,HEK293,Monte Rosa Therapeutics,WO2025181261A1,PGDB_AS000913,% Degradation,luminescence,standardized
PGDB_C011390,COc1ccc(-c2nnc(NC3(c4cc(Cl)c5c(c4)C(=O)N(C4CCC(=O)NC4=O)C5)CC3)o2)cn1,GSPT1,,3.9,=,0,HEK293,Monte Rosa Therapeutics,WO2025181261A1,PGDB_AS001674,% Degradation,luminescence,standardized
PGDB_C011325,COc1ccc(-c2nnc(NC3(c4cc(Cl)c5c(c4)C(=O)N(C4CCC(=O)NC4=O)C5)CC3)o2)nc1,CDK2,,42.5,=,0,HEK293,Monte Rosa Therapeutics,WO2025181261A1,PGDB_AS000913,% Degradation,luminescence,standardized
PGDB_C011325,COc1ccc(-c2nnc(NC3(c4cc(Cl)c5c(c4)C(=O)N(C4CCC(=O)NC4=O)C5)CC3)o2)nc1,GSPT1,,12.2,=,0,HEK293,Monte Rosa Therapeutics,WO2025181261A1,PGDB_AS001674,% Degradation,luminescence,standardized
PGDB_C011284,COc1ccc(-c2nnc(NC3(c4cc(Cl)c5c(c4)C(=O)N(C4CCC(=O)NC4=O)C5)CC3)o2)nn1,CDK2,,35.0,=,0,HEK293,Monte Rosa Therapeutics,WO2025181261A1,PGDB_AS000913,% Degradation,luminescence,standardized
PGDB_C011284,COc1ccc(-c2nnc(NC3(c4cc(Cl)c5c(c4)C(=O)N(C4CCC(=O)NC4=O)C5)CC3)o2)nn1,GSPT1,,7.0,=,0,HEK293,Monte Rosa Therapeutics,WO2025181261A1,PGDB_AS001674,% Degradation,luminescence,standardized
PGDB_C008344,COc1ccc(CN2CCC(NCc3ccccc3)C(Oc3ccc4c(c3)CN(C3CCC(=O)NC3=O)C4=O)C2)cc1,IKZF2,,94.0,=,1,HEK293,Gilead Sciences,JP2025129253A,PGDB_AS002322,% Degradation,luminescence,standardized
PGDB_C008395,COc1ccc(CN[C@H]2CCCC[C@@H]2Cc2ccc3c(c2)CN(C2CCC(=O)NC2=O)C3=O)cc1,IKZF2,,88.0,=,1,HEK293,Gilead Sciences,JP2026020265A,PGDB_AS000211,% Degradation,luminescence,standardized
PGDB_C019903,COc1ccc(COC(=O)C2=C(C)NC3=C(C(=O)CC(C)(C)C3)C2c2ccccc2)cc1,FBXW7,,1.53,=,0,,University Of Washington;Scripps Research Institute;Fred Hutchinson Cancer Center,WO2019200310A1,PGDB_AS000546,biochemical,luminescence,standardized
PGDB_C019901,COc1ccc(N2C(=O)CC(SCCN)C2=O)cc1,FBXW7,,1.48,=,0,,University Of Washington;Scripps Research Institute;Fred Hutchinson Cancer Center,WO2019200310A1,PGDB_AS000546,biochemical,luminescence,standardized
PGDB_C012060,COc1ccc(N2CCC(CN3CCN(Cc4ccn5ncc(N6CCC(=O)NC6=O)c5c4)C[C@@H]3C)CC2)nc1,WIZ,,79.9,=,0,HT-1080,Linkcure Therapeutics,WO2025256460A1,PGDB_AS002062,% Degradation,luminescence,standardized
PGDB_C012243,COc1ccc(N2CCN(c3cccc(C4CCC(=O)NC4=O)c3Cl)CC2)n2nccc12,VAV1,,89.311,=,1,Jurkat,Monte Rosa Therapeutics,WO2026013577A1,PGDB_AS002157,% Degradation,luminescence,standardized
PGDB_C019897,COc1ccc(NC(=O)c2cc(S(=O)(=O)N3CCN(c4ccc(C)cn4)CC3)ccc2F)cc1,FBXW7,,1.99,=,0,,University Of Washington;Scripps Research Institute;Fred Hutchinson Cancer Center,WO2019200310A1,PGDB_AS000546,biochemical,luminescence,standardized
PGDB_C019914,COc1ccc(OC)c(/C=C2/N=C(c3cccc([N+](=O)[O-])c3)OC2=O)c1,FBXW7,,0.02,=,0,,University Of Washington;Scripps Research Institute;Fred Hutchinson Cancer Center,WO2019200310A1,PGDB_AS000856,biochemical,,standardized
PGDB_C019898,COc1ccc(SCC(=O)NNC(=S)Nc2ccccc2)cc1,FBXW7,,2.56,=,0,,University Of Washington;Scripps Research Institute;Fred Hutchinson Cancer Center,WO2019200310A1,PGDB_AS000546,biochemical,luminescence,standardized
PGDB_C011054,COc1ccc2c(c1)sc1nc(-c3ccc4c(c3)C(=O)N(C3CCC(=O)NC3=O)C4=O)c(NCc3ccccc3)n12,WEE1,,79.0,=,0,,Dana Farber Cancer Institute;Leland Stanford Junior University,WO2025129172A1,PGDB_AS000292,% Degradation,luminescence,standardized
PGDB_C011051,COc1ccc2c(c1)sc1nc(-c3ccc4c(c3)CN(C3CCC(=O)NC3=O)C4=O)c(NC(C)(C)C)n12,WEE1,,94.0,=,1,,Dana Farber Cancer Institute;Leland Stanford Junior University,WO2025129172A1,PGDB_AS000292,% Degradation,luminescence,standardized
PGDB_C011052,COc1ccc2c(c1)sc1nc(-c3ccc4c(c3)CN(C3CCC(=O)NC3=O)C4=O)c(NC(C)(C)CC(C)(C)C)n12,WEE1,,92.0,=,1,,Dana Farber Cancer Institute;Leland Stanford Junior University,WO2025129172A1,PGDB_AS000292,% Degradation,luminescence,standardized
PGDB_C011050,COc1ccc2c(c1)sc1nc(-c3ccc4c(c3)CN(C3CCC(=O)NC3=O)C4=O)c(NC34CC5CC(CC(C5)C3)C4)n12,WEE1,,93.0,=,1,,Dana Farber Cancer Institute;Leland Stanford Junior University,WO2025129172A1,PGDB_AS000292,% Degradation,luminescence,standardized
PGDB_C011049,COc1ccc2c(c1)sc1nc(-c3ccc4c(c3)CN(C3CCC(=O)NC3=O)C4=O)c(Nc3ccc4c(c3)OCCO4)n12,WEE1,,54.0,=,0,,Dana Farber Cancer Institute;Leland Stanford Junior University,WO2025129172A1,PGDB_AS000292,% Degradation,luminescence,standardized
PGDB_C010050,COc1ccc2cc(COC(=O)NCc3ccc4c(c3)C(=O)N(C3CCC(=O)NC3=O)C4)ccc2c1,CDK2,,10.0,<=,0,HEK293,Monte Rosa Therapeutics,WO2023069700A1,PGDB_AS000204,% Degradation,luminescence,standardized
PGDB_C019872,COc1cccc(/C=N/c2cnn(C)c2C(N)=O)c1O,FBXW7,,0.18,=,0,,University Of Washington;Scripps Research Institute;Fred Hutchinson Cancer Center,WO2019200310A1,PGDB_AS000856,biochemical,,standardized
PGDB_C032772,COc1cccc(=O)n1-c1cccc(-n2ncc3c(C4CCC(=O)NC4=O)cccc32)c1,VAV1,,80.0,>=,1,Jurkat,,WO2026145172A1,PGDB_AS002622,% Degradation,,standardized
PGDB_C019867,COc1cccc(C=O)c1OC(=O)c1cccc(Cl)c1,FBXW7,,0.61,=,0,,University Of Washington;Scripps Research Institute;Fred Hutchinson Cancer Center,WO2019200310A1,PGDB_AS000856,biochemical,,standardized
PGDB_C001830,COc1cccc([C@@H](NC(=O)c2ccc3c(c2)CN(C2CCC(=O)NC2=O)C3=O)C2CC2)c1,CSNK1A1,CRBN,59.3,=,0,HT-1080,Hangzhou Glubio Pharmaceutical,WO2022257897A1,PGDB_AS000920,% Degradation,,standardized
PGDB_C001830,COc1cccc([C@@H](NC(=O)c2ccc3c(c2)CN(C2CCC(=O)NC2=O)C3=O)C2CC2)c1,GSPT1,CRBN,36.3,=,0,HT-1080,Hangzhou Glubio Pharmaceutical,WO2022257897A1,PGDB_AS000618,% Degradation,,standardized
PGDB_C001829,COc1cccc([C@H](NC(=O)c2ccc3c(c2)CN(C2CCC(=O)NC2=O)C3=O)C2CC2)c1,CSNK1A1,CRBN,48.1,=,0,HT-1080,Hangzhou Glubio Pharmaceutical,WO2022257897A1,PGDB_AS000920,% Degradation,,standardized
PGDB_C001829,COc1cccc([C@H](NC(=O)c2ccc3c(c2)CN(C2CCC(=O)NC2=O)C3=O)C2CC2)c1,GSPT1,CRBN,60.0,=,0,HT-1080,Hangzhou Glubio Pharmaceutical,WO2022257897A1,PGDB_AS000618,% Degradation,,standardized
PGDB_C011063,COc1cccc2nc(-c3ccc4c(c3)C(=O)N(C3CCC(=O)NC3=O)C4=O)c(NC(C)(C)CC(C)(C)C)n12,WEE1,,86.0,=,1,,Dana Farber Cancer Institute;Leland Stanford Junior University,WO2025129172A1,PGDB_AS000292,% Degradation,luminescence,standardized
PGDB_C029209,COc1ccccc1-c1cc(N2CC3CCC(C2)N3c2ccc(C(=O)N3CC4(CC(CN5CCC(n6ccc7cc(N8CCC(=O)NNC8=O)ccc76)CC5)C4)C3)cc2)c(N)nn1,SMARCA2,,62.8,=,0,,AstraZeneca,WO2026120044,PGDB_AS001542,% Degradation,,standardized
PGDB_C019870,COc1ccccc1-c1ccc(N2CCN(C(=O)COc3ccccc3)CC2)nn1,FBXW7,,0.32,=,0,,University Of Washington;Scripps Research Institute;Fred Hutchinson Cancer Center,WO2019200310A1,PGDB_AS000856,biochemical,,standardized
PGDB_C001799,COc1ccccc1C(NC(=O)c1ccc2c(c1)CN(C1CCC(=O)NC1=O)C2=O)C1CC1,CSNK1A1,CRBN,73.2,=,0,HT-1080,Hangzhou Glubio Pharmaceutical,WO2022257897A1,PGDB_AS000920,% Degradation,,standardized
PGDB_C001799,COc1ccccc1C(NC(=O)c1ccc2c(c1)CN(C1CCC(=O)NC1=O)C2=O)C1CC1,GSPT1,CRBN,24.5,=,0,HT-1080,Hangzhou Glubio Pharmaceutical,WO2022257897A1,PGDB_AS000618,% Degradation,,standardized
PGDB_C019894,COc1ccccc1C1C(C(=O)OC2CCCC2)=C(C)NC2=C1C(=O)CC(c1ccccc1)C2,FBXW7,,0.14,=,0,,University Of Washington;Scripps Research Institute;Fred Hutchinson Cancer Center,WO2019200310A1,PGDB_AS000856,biochemical,,standardized
PGDB_C008029,COc1ccccc1C1CC(OC(=O)NCc2ccc3c(c2)C(=O)N(C2CCC(=O)NC2=O)C3)C1,CDK2,,40.0,=,0,HEK293,Genentech,WO2025043225,PGDB_AS000735,% Degradation,luminescence,standardized
PGDB_C008457,COc1ccccc1CCN[C@H]1CCCC[C@@H]1Cc1ccc2c(c1)CN(C1CCC(=O)NC1=O)C2=O,IKZF2,,84.0,=,1,HEK293,Gilead Sciences,JP2026020265A,PGDB_AS000211,% Degradation,luminescence,standardized
PGDB_C033107,COc1ccccc1O[C@H]1CC[C@H](NC(=O)c2ccc(N3CCC(CN4CCC5(CC4)COc4c5cc(Cl)c5c4CN([C@H]4CCC(=O)NC4=O)C5=O)CC3)c(F)c2)CC1,CSNK1A1,,90.0,>,1,HEK293,,WO2026139085A1,PGDB_AS002607,% Degradation,luminescence,standardized
PGDB_C032035,COc1cccn(-c2ccc(-c3cccc(C4CCC(=O)NC4=O)c3Cl)s2)c1=O,VAV1,,94.2,=,1,,Changchun Genescience Pharmaceutical Co Ltd,WO2026119120A1,PGDB_AS000657,% Degradation,luminescence,standardized
PGDB_C032044,COc1cccn(-c2sc(-c3cccc(C4CCC(=O)NC4=O)c3Cl)cc2C)c1=O,VAV1,,96.5,=,1,,Changchun Genescience Pharmaceutical Co Ltd,WO2026119120A1,PGDB_AS000657,% Degradation,luminescence,standardized
PGDB_C032045,COc1ccn(-c2sc(-c3cccc(C4CCC(=O)NC4=O)c3Cl)cc2C)c(=O)c1,VAV1,,96.0,=,1,,Changchun Genescience Pharmaceutical Co Ltd,WO2026119120A1,PGDB_AS000657,% Degradation,luminescence,standardized
PGDB_C011364,COc1cnc(-c2nnc(NC3(c4cc(Cl)c5c(c4)C(=O)N(C4CCC(=O)NC4=O)C5)CC3)o2)c(C)c1,CDK2,,36.3,=,0,HEK293,Monte Rosa Therapeutics,WO2025181261A1,PGDB_AS000913,% Degradation,luminescence,standardized
PGDB_C011364,COc1cnc(-c2nnc(NC3(c4cc(Cl)c5c(c4)C(=O)N(C4CCC(=O)NC4=O)C5)CC3)o2)c(C)c1,GSPT1,,7.5,=,0,HEK293,Monte Rosa Therapeutics,WO2025181261A1,PGDB_AS001674,% Degradation,luminescence,standardized
PGDB_C011367,COc1cnc(-c2nnc(NC3(c4cc(Cl)c5c(c4)C(=O)N(C4CCC(=O)NC4=O)C5)CC3)o2)c(F)c1,CDK2,,47.8,=,0,HEK293,Monte Rosa Therapeutics,WO2025181261A1,PGDB_AS000913,% Degradation,luminescence,standardized
PGDB_C011367,COc1cnc(-c2nnc(NC3(c4cc(Cl)c5c(c4)C(=O)N(C4CCC(=O)NC4=O)C5)CC3)o2)c(F)c1,GSPT1,,11.1,=,0,HEK293,Monte Rosa Therapeutics,WO2025181261A1,PGDB_AS001674,% Degradation,luminescence,standardized
PGDB_C011326,COc1cnc(-c2nnc(NC3(c4cc(Cl)c5c(c4)C(=O)N(C4CCC(=O)NC4=O)C5)CC3)o2)cn1,CDK2,,43.9,=,0,HEK293,Monte Rosa Therapeutics,WO2025181261A1,PGDB_AS000913,% Degradation,luminescence,standardized
PGDB_C011326,COc1cnc(-c2nnc(NC3(c4cc(Cl)c5c(c4)C(=O)N(C4CCC(=O)NC4=O)C5)CC3)o2)cn1,GSPT1,,3.7,=,0,HEK293,Monte Rosa Therapeutics,WO2025181261A1,PGDB_AS001674,% Degradation,luminescence,standardized
PGDB_C012242,COc1cnn2c(N3CCN(c4cccc(C5CCC(=O)NC5=O)c4Cl)CC3)cccc12,VAV1,,91.028,=,1,Jurkat,Monte Rosa Therapeutics,WO2026013577A1,PGDB_AS002157,% Degradation,luminescence,standardized
PGDB_C011366,COc1nc(C)ccc1-c1nnc(NC2(c3cc(Cl)c4c(c3)C(=O)N(C3CCC(=O)NC3=O)C4)CC2)o1,CDK2,,56.6,=,0,HEK293,Monte Rosa Therapeutics,WO2025181261A1,PGDB_AS000913,% Degradation,luminescence,standardized
PGDB_C011366,COc1nc(C)ccc1-c1nnc(NC2(c3cc(Cl)c4c(c3)C(=O)N(C3CCC(=O)NC3=O)C4)CC2)o1,GSPT1,,6.4,=,0,HEK293,Monte Rosa Therapeutics,WO2025181261A1,PGDB_AS001674,% Degradation,luminescence,standardized
PGDB_C012264,COc1nc(C)ccc1N1CCC(c2cccc(C3CCC(=O)NC3=O)c2Cl)CC1,VAV1,,46.407,=,0,Jurkat,Monte Rosa Therapeutics,WO2026013577A1,PGDB_AS002157,% Degradation,luminescence,standardized
PGDB_C012235,COc1nc(C)ccc1N1CCN(c2cccc(C3CCC(=O)NC3=O)c2Cl)CC1,VAV1,,25.807,=,0,Jurkat,Monte Rosa Therapeutics,WO2026013577A1,PGDB_AS002157,% Degradation,luminescence,standardized
PGDB_C012226,COc1ncccc1N1CCC(c2cccc(C3CCC(=O)NC3=O)c2Cl)CC1,VAV1,,48.598,=,0,Jurkat,Monte Rosa Therapeutics,WO2026013577A1,PGDB_AS002157,% Degradation,luminescence,standardized
PGDB_C011388,COc1nnc(-c2nnc(NC3(c4cc(Cl)c5c(c4)C(=O)N(C4CCC(=O)NC4=O)C5)CC3)o2)c(C)n1,CDK2,,33.8,=,0,HEK293,Monte Rosa Therapeutics,WO2025181261A1,PGDB_AS000913,% Degradation,luminescence,standardized
PGDB_C011388,COc1nnc(-c2nnc(NC3(c4cc(Cl)c5c(c4)C(=O)N(C4CCC(=O)NC4=O)C5)CC3)o2)c(C)n1,GSPT1,,9.8,=,0,HEK293,Monte Rosa Therapeutics,WO2025181261A1,PGDB_AS001674,% Degradation,luminescence,standardized
PGDB_C011348,COc1nnc(-c2nnc(NC3(c4cc(Cl)c5c(c4)C(=O)N(C4CCC(=O)NC4=O)C5)CC3)o2)nc1C,CDK2,,45.6,=,0,HEK293,Monte Rosa Therapeutics,WO2025181261A1,PGDB_AS000913,% Degradation,luminescence,standardized
PGDB_C011348,COc1nnc(-c2nnc(NC3(c4cc(Cl)c5c(c4)C(=O)N(C4CCC(=O)NC4=O)C5)CC3)o2)nc1C,GSPT1,,2.0,=,0,HEK293,Monte Rosa Therapeutics,WO2025181261A1,PGDB_AS001674,% Degradation,luminescence,standardized
PGDB_C024858,CS(=O)(=O)CCn1cc2c(n1)-c1ccc(-c3cccc(C4CCC(=O)NC4=O)c3Cl)cc1CC2,VAV1,,106.8,=,1,Jurkat,Shanghai Meiyue Biotech Development,CN121698875A,PGDB_AS000398,% Degradation,,standardized
PGDB_C021305,CS(=O)(=O)NC1CCN(Cc2ccccc2)CC1Oc1ccc2c(c1)CN(C1CCC(=O)NC1=O)C2=O,IKZF2,,62.0,=,0,HEK293,Gilead Sciences,JP2025129253A,PGDB_AS002322,% Degradation,luminescence,standardized
PGDB_C008393,CS(=O)(=O)c1ccc(CN[C@H]2CCCC[C@@H]2Cc2ccc3c(c2)CN(C2CCC(=O)NC2=O)C3=O)cc1,IKZF2,,85.0,=,1,HEK293,Gilead Sciences,JP2026020265A,PGDB_AS000211,% Degradation,luminescence,standardized
PGDB_C005920,C[C@@H](CO)NCc1ccc2c(c1)CN(C1CCC(=O)NC1=O)C2=O,IKZF1,,24.0,=,0,HEK293,Gilead Sciences,AU2022419982A1,PGDB_AS000645,% Degradation,luminescence,standardized
PGDB_C005920,C[C@@H](CO)NCc1ccc2c(c1)CN(C1CCC(=O)NC1=O)C2=O,IKZF2,,20.0,=,0,HEK293,Gilead Sciences,AU2022419982A1,PGDB_AS000473,% Degradation,,standardized
PGDB_C005883,C[C@@H](NCc1ccc2c(c1)CN(C1CCC(=O)NC1=O)C2=O)c1ccccc1,IKZF1,,71.0,=,0,HEK293,Gilead Sciences,AU2022419982A1,PGDB_AS000645,% Degradation,luminescence,standardized
PGDB_C005883,C[C@@H](NCc1ccc2c(c1)CN(C1CCC(=O)NC1=O)C2=O)c1ccccc1,IKZF2,,54.0,=,0,HEK293,Gilead Sciences,AU2022419982A1,PGDB_AS000473,% Degradation,,standardized
PGDB_C008728,C[C@@H](N[C@H]1CCCC[C@@H]1Cc1ccc2c(c1)CN(C1CCC(=O)NC1=O)C2=O)c1ccccc1,IKZF2,,95.0,=,1,HEK293,Gilead Sciences,JP2026020265A,PGDB_AS000211,% Degradation,luminescence,standardized
PGDB_C024789,C[C@@H](O)Cn1cc2c(n1)-c1ccc(-c3cccc(C4CCC(=O)NC4=O)c3Cl)cc1CC2,VAV1,,102.2,=,1,Jurkat,Shanghai Meiyue Biotech Development,CN121698875A,PGDB_AS000398,% Degradation,,standardized
PGDB_C024787,C[C@@H](O)Cn1cc2c(n1)CCc1cc(-c3cccc(C4CCC(=O)NC4=O)c3Cl)ccc1-2,VAV1,,100.9,=,1,Jurkat,Shanghai Meiyue Biotech Development,CN121698875A,PGDB_AS000398,% Degradation,,standardized
PGDB_C024790,C[C@@H](O)Cn1ncc2c1-c1ccc(-c3cccc(C4CCC(=O)NC4=O)c3Cl)cc1CC2,VAV1,,112.2,=,1,Jurkat,Shanghai Meiyue Biotech Development,CN121698875A,PGDB_AS000398,% Degradation,,standardized
PGDB_C024788,C[C@@H](O)Cn1ncc2c1CCc1cc(-c3cccc(C4CCC(=O)NC4=O)c3Cl)ccc1-2,VAV1,,96.2,=,1,Jurkat,Shanghai Meiyue Biotech Development,CN121698875A,PGDB_AS000398,% Degradation,,standardized
PGDB_C033152,C[C@@H](Oc1cc(C(F)(F)F)cc(=O)n1-c1cccc(-n2ncc3c(C4CCC(=O)NC4=O)cccc32)c1)C(F)(F)F,VAV1,,90.0,>,1,Jurkat,,WO2026145172A1,PGDB_AS002599,% Degradation,luminescence,standardized
PGDB_C008360,C[C@@H](c1ccccc1)N1CCC(NCc2ccccc2)C(Oc2ccc3c(c2)CN(C2CCC(=O)NC2=O)C3=O)C1,IKZF2,,71.0,=,0,HEK293,Gilead Sciences,JP2025129253A,PGDB_AS002322,% Degradation,luminescence,standardized
PGDB_C005894,C[C@@H](c1ccccc1)N1CCC[C@@H](NCc2ccc3c(c2)CN(C2CCC(=O)NC2=O)C3=O)C1,IKZF1,,94.0,=,1,HEK293,Gilead Sciences,AU2022419982A1,PGDB_AS000645,% Degradation,luminescence,standardized
PGDB_C005894,C[C@@H](c1ccccc1)N1CCC[C@@H](NCc2ccc3c(c2)CN(C2CCC(=O)NC2=O)C3=O)C1,IKZF2,,93.0,=,1,HEK293,Gilead Sciences,AU2022419982A1,PGDB_AS000473,% Degradation,,standardized
PGDB_C024873,C[C@@H]1C=Cc2cc(-c3cccc(C4CCC(=O)NC4=O)c3Cl)ccc2C(=O)N1,VAV1,,104.3,=,1,Jurkat,Shanghai Meiyue Biotech Development,CN121698875A,PGDB_AS000398,% Degradation,,standardized
PGDB_C005913,C[C@@H]1CCCC[C@@H]1NCc1ccc2c(c1)CN(C1CCC(=O)NC1=O)C2=O,IKZF1,,36.0,=,0,HEK293,Gilead Sciences,AU2022419982A1,PGDB_AS000645,% Degradation,luminescence,standardized
PGDB_C005913,C[C@@H]1CCCC[C@@H]1NCc1ccc2c(c1)CN(C1CCC(=O)NC1=O)C2=O,IKZF2,,76.0,=,0,HEK293,Gilead Sciences,AU2022419982A1,PGDB_AS000473,% Degradation,,standardized
PGDB_C005967,C[C@@H]1CCCC[C@H]1NCc1ccc2c(c1)CN(C1CCC(=O)NC1=O)C2=O,IKZF1,,23.0,=,0,HEK293,Gilead Sciences,AU2022419982A1,PGDB_AS000645,% Degradation,luminescence,standardized
PGDB_C005967,C[C@@H]1CCCC[C@H]1NCc1ccc2c(c1)CN(C1CCC(=O)NC1=O)C2=O,IKZF2,,71.0,=,0,HEK293,Gilead Sciences,AU2022419982A1,PGDB_AS000473,% Degradation,,standardized
PGDB_C008640,C[C@@H]1CCCC[C@H]1N[C@H]1CCCC[C@@H]1Cc1ccc2c(c1)CN(C1CCC(=O)NC1=O)C2=O,IKZF2,,82.0,=,1,HEK293,Gilead Sciences,JP2026020265A,PGDB_AS000211,% Degradation,luminescence,standardized
PGDB_C007980,C[C@@H]1CCCc2nc(COC(=O)NCc3ccc4c(c3F)C(=O)N(C3CCC(=O)NC3=O)C4)sc21,CDK2,,78.0,=,0,HEK293,Genentech,WO2025043225,PGDB_AS000677,% Degradation,luminescence,standardized
PGDB_C007980,C[C@@H]1CCCc2nc(COC(=O)NCc3ccc4c(c3F)C(=O)N(C3CCC(=O)NC3=O)C4)sc21,GSPT1,,0.25,=,0,HEK293,Genentech,WO2025043225,PGDB_AS000429,% Degradation,,standardized
PGDB_C006004,C[C@@H]1CC[C@@H](NCc2ccc3c(c2)CN(C2CCC(=O)NC2=O)C3=O)CN1Cc1ccccc1,IKZF1,,92.0,=,1,HEK293,Gilead Sciences,AU2022419982A1,PGDB_AS000645,% Degradation,luminescence,standardized
PGDB_C006004,C[C@@H]1CC[C@@H](NCc2ccc3c(c2)CN(C2CCC(=O)NC2=O)C3=O)CN1Cc1ccccc1,IKZF2,,83.0,=,1,HEK293,Gilead Sciences,AU2022419982A1,PGDB_AS000473,% Degradation,,standardized
PGDB_C029285,C[C@@H]1CN(CC2(F)CCN(C(=O)c3ccc(N4C5CCC4CN(c4cc(-c6ccccc6O)nnc4N)C5)cc3)CC2)CC[C@@H]1n1cc(C2CC2)c2cc(N3CCC(=O)NC3=O)cnc21,SMARCA2,,82.1,=,1,,AstraZeneca,WO2026120044,PGDB_AS001542,% Degradation,,standardized
PGDB_C006000,C[C@@H]1[C@@H](NCc2ccc3c(c2)CN(C2CCC(=O)NC2=O)C3=O)C[C@H]2C[C@@H]1C2(C)C,IKZF2,,89.0,=,1,HEK293,Gilead Sciences,AU2022419982A1,PGDB_AS000473,% Degradation,,standardized
PGDB_C010135,C[C@@H]1[C@@H](Nc2nnc(-c3ccc(C(F)(F)F)cc3)o2)CN1c1cc(F)c(C2CCC(=O)NC2=O)c(F)c1,CDK2,,67.6,=,0,HEK293,Monte Rosa Therapeutics,WO2025090727A1,PGDB_AS002016,% Degradation,luminescence,standardized
PGDB_C010138,C[C@@H]1[C@@H](Nc2nnc(-c3ccc(OC(F)(F)F)cc3)o2)CN1c1cc(F)c(C2CCC(=O)NC2=O)c(F)c1,CDK2,,63.5,=,0,HEK293,Monte Rosa Therapeutics,WO2025090727A1,PGDB_AS002016,% Degradation,luminescence,standardized
PGDB_C010139,C[C@@H]1[C@@H](Nc2nnc(C34CC(C(F)(F)F)(C3)C4)o2)CN1c1cc(F)c(C2CCC(=O)NC2=O)c(F)c1,CDK2,,62.0,=,0,HEK293,Monte Rosa Therapeutics,WO2025090727A1,PGDB_AS002016,% Degradation,luminescence,standardized
PGDB_C010141,C[C@@H]1[C@@H](Nc2nnc(C34CC(C(F)(F)F)(C3)C4)o2)CN1c1cc(F)c([C@@H]2CCC(=O)NC2=O)c(F)c1,CDK2,,62.6,=,0,HEK293,Monte Rosa Therapeutics,WO2025090727A1,PGDB_AS002016,% Degradation,luminescence,standardized
PGDB_C010140,C[C@@H]1[C@@H](Nc2nnc(C34CC(C(F)(F)F)(C3)C4)o2)CN1c1cc(F)c([C@H]2CCC(=O)NC2=O)c(F)c1,CDK2,,62.2,=,0,HEK293,Monte Rosa Therapeutics,WO2025090727A1,PGDB_AS002016,% Degradation,luminescence,standardized
PGDB_C010136,C[C@@H]1[C@@H](Nc2nnc(C3CC4(CCC4)C3)o2)CN1c1cc(F)c(C2CCC(=O)NC2=O)c(F)c1,CDK2,,65.0,=,0,HEK293,Monte Rosa Therapeutics,WO2025090727A1,PGDB_AS002016,% Degradation,luminescence,standardized
PGDB_C005972,C[C@@H]1[C@H](NCc2ccc3c(c2)CN(C2CCC(=O)NC2=O)C3=O)CCCN1Cc1ccccc1,IKZF1,,86.0,=,1,HEK293,Gilead Sciences,AU2022419982A1,PGDB_AS000645,% Degradation,luminescence,standardized
PGDB_C005972,C[C@@H]1[C@H](NCc2ccc3c(c2)CN(C2CCC(=O)NC2=O)C3=O)CCCN1Cc1ccccc1,IKZF2,,43.0,=,0,HEK293,Gilead Sciences,AU2022419982A1,PGDB_AS000473,% Degradation,,standardized
PGDB_C006005,C[C@@H]1[C@H]2C[C@@H](C[C@H]1NCc1ccc3c(c1)CN(C1CCC(=O)NC1=O)C3=O)C2(C)C,IKZF2,,26.0,=,0,HEK293,Gilead Sciences,AU2022419982A1,PGDB_AS000473,% Degradation,,standardized
PGDB_C006022,C[C@@]1(NCc2ccc3c(c2)CN(C2CCC(=O)NC2=O)C3=O)CCCN(Cc2ccccc2)C1,IKZF1,,92.0,=,1,HEK293,Gilead Sciences,AU2022419982A1,PGDB_AS000645,% Degradation,luminescence,standardized
PGDB_C006022,C[C@@]1(NCc2ccc3c(c2)CN(C2CCC(=O)NC2=O)C3=O)CCCN(Cc2ccccc2)C1,IKZF2,,96.0,=,1,HEK293,Gilead Sciences,AU2022419982A1,PGDB_AS000473,% Degradation,,standardized
PGDB_C008532,C[C@@]1(O)CC[C@H](NC2CCC(F)(F)CC2)[C@@H](Cc2ccc3c(c2)CN(C2CCC(=O)NC2=O)C3=O)C1,IKZF2,,90.0,=,1,HEK293,Gilead Sciences,JP2026020265A,PGDB_AS000211,% Degradation,luminescence,standardized
PGDB_C005918,C[C@H](CO)NCc1ccc2c(c1)CN(C1CCC(=O)NC1=O)C2=O,IKZF1,,36.0,=,0,HEK293,Gilead Sciences,AU2022419982A1,PGDB_AS000645,% Degradation,luminescence,standardized
PGDB_C005918,C[C@H](CO)NCc1ccc2c(c1)CN(C1CCC(=O)NC1=O)C2=O,IKZF2,,17.0,=,0,HEK293,Gilead Sciences,AU2022419982A1,PGDB_AS000473,% Degradation,,standardized
PGDB_C008447,C[C@H](N[C@H]1CCCC[C@@H]1Cc1ccc2c(c1)CN(C1CCC(=O)NC1=O)C2=O)c1ccccc1,IKZF2,,89.0,=,1,HEK293,Gilead Sciences,JP2026020265A,PGDB_AS000211,% Degradation,luminescence,standardized
PGDB_C032963,C[C@H](Oc1cc(C(F)(F)F)cc(=O)n1-c1ccc(-c2cccc(C3CCC(=O)NC3=O)c2Cl)cc1)C(F)(F)F,VAV1,,90.0,>,1,Jurkat,,WO2026145172A1,PGDB_AS002627,% Degradation,luminescence,standardized
PGDB_C032888,C[C@H](Oc1cc(C(F)(F)F)cc(=O)n1-c1cccc(-n2ncc3c(C4CCC(=O)NC4=O)cccc32)c1)C(F)(F)F,VAV1,,90.0,>,1,Jurkat,,WO2026145172A1,PGDB_AS002599,% Degradation,luminescence,standardized
PGDB_C033025,C[C@H](Oc1cc(C(F)F)cc(=O)n1-c1cccc(-n2ncc3c(C4CCC(=O)NC4=O)cccc32)c1)C(F)(F)F,VAV1,,90.0,>,1,Jurkat,,WO2026145172A1,PGDB_AS002599,% Degradation,luminescence,standardized
PGDB_C008361,C[C@H](c1ccccc1)N1CCC(NCc2ccccc2)C(Oc2ccc3c(c2)CN(C2CCC(=O)NC2=O)C3=O)C1,IKZF2,,57.0,=,0,HEK293,Gilead Sciences,JP7834866B2,PGDB_AS002372,% Degradation,,standardized
PGDB_C005895,C[C@H](c1ccccc1)N1CCC[C@@H](NCc2ccc3c(c2)CN(C2CCC(=O)NC2=O)C3=O)C1,IKZF1,,94.0,=,1,HEK293,Gilead Sciences,AU2022419982A1,PGDB_AS000645,% Degradation,luminescence,standardized
PGDB_C005895,C[C@H](c1ccccc1)N1CCC[C@@H](NCc2ccc3c(c2)CN(C2CCC(=O)NC2=O)C3=O)C1,IKZF2,,93.0,=,1,HEK293,Gilead Sciences,AU2022419982A1,PGDB_AS000473,% Degradation,,standardized
PGDB_C024872,C[C@H]1C=Cc2cc(-c3cccc(C4CCC(=O)NC4=O)c3Cl)ccc2C(=O)N1,VAV1,,102.1,=,1,Jurkat,Shanghai Meiyue Biotech Development,CN121698875A,PGDB_AS000398,% Degradation,,standardized
PGDB_C005968,C[C@H]1CCCC[C@@H]1NCc1ccc2c(c1)CN(C1CCC(=O)NC1=O)C2=O,IKZF1,,23.0,=,0,HEK293,Gilead Sciences,AU2022419982A1,PGDB_AS000645,% Degradation,luminescence,standardized
PGDB_C005968,C[C@H]1CCCC[C@@H]1NCc1ccc2c(c1)CN(C1CCC(=O)NC1=O)C2=O,IKZF2,,69.0,=,0,HEK293,Gilead Sciences,AU2022419982A1,PGDB_AS000473,% Degradation,,standardized
PGDB_C005944,C[C@H]1CCCC[C@H]1NCc1ccc2c(c1)CN(C1CCC(=O)NC1=O)C2=O,IKZF1,,30.0,=,0,HEK293,Gilead Sciences,AU2022419982A1,PGDB_AS000645,% Degradation,luminescence,standardized
PGDB_C005944,C[C@H]1CCCC[C@H]1NCc1ccc2c(c1)CN(C1CCC(=O)NC1=O)C2=O,IKZF2,,81.0,=,1,HEK293,Gilead Sciences,AU2022419982A1,PGDB_AS000473,% Degradation,,standardized
PGDB_C029469,C[C@H]1CCCN1C(=O)Oc1ccc(-c2cccc(C3CCC(=O)NC3=O)c2Cl)cc1,VAV1,,96.88,=,1,,Shanghai Qilu Pharmaceutical Research And Development Centre,WO2026051943A1,PGDB_AS000777,% Degradation,luminescence,standardized
PGDB_C010436,C[C@H]1CCC[C@H](N[C@H]2CCCC[C@@H]2Cc2ccc3c(c2)CN(C2CCC(=O)NC2=O)C3=O)C1,IKZF1,,34.0,=,0,HEK293,Gilead Sciences,JP2026020265A,PGDB_AS000216,% Degradation,luminescence,standardized
PGDB_C010436,C[C@H]1CCC[C@H](N[C@H]2CCCC[C@@H]2Cc2ccc3c(c2)CN(C2CCC(=O)NC2=O)C3=O)C1,IKZF2,,98.0,=,1,HEK293,Gilead Sciences,JP2026020265A,PGDB_AS000211,% Degradation,luminescence,standardized
PGDB_C007979,C[C@H]1CCCc2nc(COC(=O)NCc3ccc4c(c3F)C(=O)N(C3CCC(=O)NC3=O)C4)sc21,CDK2,,67.0,=,0,HEK293,Genentech,WO2025043225,PGDB_AS000677,% Degradation,luminescence,standardized
PGDB_C007979,C[C@H]1CCCc2nc(COC(=O)NCc3ccc4c(c3F)C(=O)N(C3CCC(=O)NC3=O)C4)sc21,GSPT1,,0.71,=,0,HEK293,Genentech,WO2025043225,PGDB_AS000429,% Degradation,,standardized
PGDB_C005955,C[C@H]1CC[C@@H](NCc2ccc3c(c2)CN(C2CCC(=O)NC2=O)C3=O)CC1,IKZF1,,42.0,=,0,HEK293,Gilead Sciences,AU2022419982A1,PGDB_AS000645,% Degradation,luminescence,standardized
PGDB_C005955,C[C@H]1CC[C@@H](NCc2ccc3c(c2)CN(C2CCC(=O)NC2=O)C3=O)CC1,IKZF2,,76.0,=,0,HEK293,Gilead Sciences,AU2022419982A1,PGDB_AS000473,% Degradation,,standardized
PGDB_C005985,C[C@H]1CC[C@@H](NCc2ccc3c(c2)CN(C2CCC(=O)NC2=O)C3=O)CN1Cc1ccccc1,IKZF1,,94.0,=,1,HEK293,Gilead Sciences,AU2022419982A1,PGDB_AS000645,% Degradation,luminescence,standardized
PGDB_C005985,C[C@H]1CC[C@@H](NCc2ccc3c(c2)CN(C2CCC(=O)NC2=O)C3=O)CN1Cc1ccccc1,IKZF2,,93.0,=,1,HEK293,Gilead Sciences,AU2022419982A1,PGDB_AS000473,% Degradation,,standardized
PGDB_C005914,C[C@H]1CC[C@H](NCc2ccc3c(c2)CN(C2CCC(=O)NC2=O)C3=O)CC1,IKZF1,,41.0,=,0,HEK293,Gilead Sciences,AU2022419982A1,PGDB_AS000645,% Degradation,luminescence,standardized
PGDB_C005914,C[C@H]1CC[C@H](NCc2ccc3c(c2)CN(C2CCC(=O)NC2=O)C3=O)CC1,IKZF2,,82.0,=,1,HEK293,Gilead Sciences,AU2022419982A1,PGDB_AS000473,% Degradation,,standardized
PGDB_C029189,C[C@H]1CN(CC2(F)CCN(C(=O)c3ccc(N4C5CCC4CN(c4cc(-c6ccccc6O)nnc4N)C5)cc3)CC2)CCN1[C@H]1C=Cc2cc(N3CCC(=O)NC3=O)ccc21,SMARCA2,,78.9,=,0,,AstraZeneca,WO2026120044,PGDB_AS001542,% Degradation,,standardized
PGDB_C029276,C[C@H]1CN(CC2(F)CCN(C(=O)c3ccc(N4C5CCC4CN(c4cc(-c6ccccc6O)nnc4N)C5)cc3)CC2)CC[C@@H]1n1cc(C2CC2)c2cc(N3CCC(=O)NC3=O)ccc21,SMARCA2,,89.5,=,1,,AstraZeneca,WO2026120044,PGDB_AS001542,% Degradation,,standardized
PGDB_C029276,C[C@H]1CN(CC2(F)CCN(C(=O)c3ccc(N4C5CCC4CN(c4cc(-c6ccccc6O)nnc4N)C5)cc3)CC2)CC[C@@H]1n1cc(C2CC2)c2cc(N3CCC(=O)NC3=O)ccc21,SMARCA4,,21.8,=,0,,AstraZeneca,WO2026120044,PGDB_AS000549,% Degradation,,standardized
PGDB_C029287,C[C@H]1CN(CC2(F)CCN(C(=O)c3ccc(N4C5CCC4CN(c4cc(-c6ccccc6O)nnc4N)C5)cc3)CC2)CC[C@@H]1n1cc(C2CC2)c2cc(N3CCC(=O)NC3=O)cnc21,SMARCA2,,80.4,=,1,,AstraZeneca,WO2026120044,PGDB_AS001542,% Degradation,,standardized
PGDB_C029287,C[C@H]1CN(CC2(F)CCN(C(=O)c3ccc(N4C5CCC4CN(c4cc(-c6ccccc6O)nnc4N)C5)cc3)CC2)CC[C@@H]1n1cc(C2CC2)c2cc(N3CCC(=O)NC3=O)cnc21,SMARCA4,,15.5,=,0,,AstraZeneca,WO2026120044,PGDB_AS000549,% Degradation,,standardized
PGDB_C029288,C[C@H]1CN(CC2(F)CCN(C(=O)c3ccc(N4C5CCC4CN(c4cc(-c6ccccc6O)nnc4N)C5)cc3)CC2)CC[C@H]1n1cc(C2CC2)c2cc(N3CCC(=O)NC3=O)cnc21,SMARCA2,,76.6,=,0,,AstraZeneca,WO2026120044,PGDB_AS001542,% Degradation,,standardized
PGDB_C029288,C[C@H]1CN(CC2(F)CCN(C(=O)c3ccc(N4C5CCC4CN(c4cc(-c6ccccc6O)nnc4N)C5)cc3)CC2)CC[C@H]1n1cc(C2CC2)c2cc(N3CCC(=O)NC3=O)cnc21,SMARCA4,,7.6,=,0,,AstraZeneca,WO2026120044,PGDB_AS000549,% Degradation,,standardized
PGDB_C012075,C[C@H]1CN(Cc2ccc3occ(N4CCC(=O)NC4=O)c3c2)CCN1CC1CCN(c2ccc(C#N)cc2)CC1,WIZ,,90.6,=,1,HT-1080,Linkcure Therapeutics,WO2025256460A1,PGDB_AS002062,% Degradation,luminescence,standardized
PGDB_C012057,C[C@H]1CN(Cc2ccc3occ(N4CCC(=O)NC4=O)c3c2)CCN1CC1CCN(c2ccc(C#N)cn2)CC1,WIZ,,92.2,=,1,HT-1080,Linkcure Therapeutics,WO2025256460A1,PGDB_AS002062,% Degradation,luminescence,standardized
PGDB_C012074,C[C@H]1CN(Cc2ccc3occ(N4CCC(=O)NC4=O)c3c2)CCN1CC1CCN(c2ccc(Cl)cn2)CC1,WIZ,,90.9,=,1,HT-1080,Linkcure Therapeutics,WO2025256460A1,PGDB_AS002062,% Degradation,luminescence,standardized
PGDB_C012079,C[C@H]1CN(Cc2ccc3occ(N4CCC(=O)NC4=O)c3c2)CCN1CC1CCN(c2ccc(F)cc2F)CC1,WIZ,,82.5,=,1,HT-1080,Linkcure Therapeutics,WO2025256460A1,PGDB_AS002062,% Degradation,luminescence,standardized
PGDB_C012078,C[C@H]1CN(Cc2ccc3occ(N4CCC(=O)NC4=O)c3c2)CCN1CC1CCN(c2ccc(F)cn2)CC1,WIZ,,87.9,=,1,HT-1080,Linkcure Therapeutics,WO2025256460A1,PGDB_AS002062,% Degradation,luminescence,standardized
PGDB_C012077,C[C@H]1CN(Cc2ccc3occ(N4CCC(=O)NC4=O)c3c2)CCN1CC1CCN(c2ncc(Cl)cn2)CC1,WIZ,,91.3,=,1,HT-1080,Linkcure Therapeutics,WO2025256460A1,PGDB_AS002062,% Degradation,luminescence,standardized
PGDB_C012076,C[C@H]1CN(Cc2ccc3occ(N4CCC(=O)NC4=O)c3c2)CCN1CC1CCN(c2ncccn2)CC1,WIZ,,87.0,=,1,HT-1080,Linkcure Therapeutics,WO2025256460A1,PGDB_AS002062,% Degradation,luminescence,standardized
PGDB_C012081,C[C@H]1CN(Cc2ccc3onc(N4CCC(=O)NC4=O)c3c2)CCN1CC1CCN(c2ccc(C#N)cc2)CC1,WIZ,,91.7,=,1,HT-1080,Linkcure Therapeutics,WO2025256460A1,PGDB_AS002062,% Degradation,luminescence,standardized
PGDB_C012056,C[C@H]1CN(Cc2ccc3onc(N4CCC(=O)NC4=O)c3c2)CCN1CC1CCN(c2ccc(C#N)cn2)CC1,WIZ,,92.2,=,1,HT-1080,Linkcure Therapeutics,WO2025256460A1,PGDB_AS002062,% Degradation,luminescence,standardized
PGDB_C012080,C[C@H]1CN(Cc2ccc3onc(N4CCC(=O)NC4=O)c3c2)CCN1CC1CCN(c2ccc(Cl)cn2)CC1,WIZ,,90.4,=,1,HT-1080,Linkcure Therapeutics,WO2025256460A1,PGDB_AS002062,% Degradation,luminescence,standardized
PGDB_C012142,C[C@H]1CN(Cc2ccn3nc(F)c(N4CCC(=O)NC4=O)c3c2)CCN1C1CCC(c2ccn(C(F)F)n2)CC1,WIZ,,87.7,=,1,HT-1080,Linkcure Therapeutics,WO2025256460A1,PGDB_AS002062,% Degradation,luminescence,standardized
PGDB_C012141,C[C@H]1CN(Cc2ccn3nc(F)c(N4CCC(=O)NC4=O)c3c2)CCN1C1CCC(c2ccn(C)n2)CC1,WIZ,,87.7,=,1,HT-1080,Linkcure Therapeutics,WO2025256460A1,PGDB_AS002062,% Degradation,luminescence,standardized
PGDB_C012146,C[C@H]1CN(Cc2ccn3nc(F)c(N4CCC(=O)NC4=O)c3c2)CCN1C1CCN(c2ccc(C#N)cc2Cl)CC1,WIZ,,89.6,=,1,HT-1080,Linkcure Therapeutics,WO2025256460A1,PGDB_AS002062,% Degradation,luminescence,standardized
PGDB_C012143,C[C@H]1CN(Cc2ccn3nc(F)c(N4CCC(=O)NC4=O)c3c2)CCN1C1CCN(c2ccc(C#N)cc2F)CC1,WIZ,,89.8,=,1,HT-1080,Linkcure Therapeutics,WO2025256460A1,PGDB_AS002062,% Degradation,luminescence,standardized
PGDB_C012144,C[C@H]1CN(Cc2ccn3nc(F)c(N4CCC(=O)NC4=O)c3c2)CCN1C1CCN(c2ccc(F)cc2)CC1,WIZ,,88.5,=,1,HT-1080,Linkcure Therapeutics,WO2025256460A1,PGDB_AS002062,% Degradation,luminescence,standardized
PGDB_C012145,C[C@H]1CN(Cc2ccn3nc(F)c(N4CCC(=O)NC4=O)c3c2)CCN1C1CCN(c2ccc(F)cc2F)CC1,WIZ,,88.5,=,1,HT-1080,Linkcure Therapeutics,WO2025256460A1,PGDB_AS002062,% Degradation,luminescence,standardized
PGDB_C012101,C[C@H]1CN(Cc2ccn3nc(F)c(N4CCC(=O)NC4=O)c3c2)CCN1CC1CC2CCC(C1)N2c1ncccn1,WIZ,,93.7,=,1,HT-1080,Linkcure Therapeutics,WO2025256460A1,PGDB_AS002062,% Degradation,luminescence,standardized
PGDB_C012134,C[C@H]1CN(Cc2ccn3nc(F)c(N4CCC(=O)NC4=O)c3c2)CCN1CC1CCC(c2cc3n(n2)CCC3)CC1,WIZ,,92.0,=,1,HT-1080,Linkcure Therapeutics,WO2025256460A1,PGDB_AS002062,% Degradation,luminescence,standardized
PGDB_C012136,C[C@H]1CN(Cc2ccn3nc(F)c(N4CCC(=O)NC4=O)c3c2)CCN1CC1CCC(c2ccn(C(F)F)n2)CC1,WIZ,,90.5,=,1,HT-1080,Linkcure Therapeutics,WO2025256460A1,PGDB_AS002062,% Degradation,luminescence,standardized
PGDB_C012128,C[C@H]1CN(Cc2ccn3nc(F)c(N4CCC(=O)NC4=O)c3c2)CCN1CC1CCC(c2ccn(C)n2)CC1,WIZ,,93.1,=,1,HT-1080,Linkcure Therapeutics,WO2025256460A1,PGDB_AS002062,% Degradation,luminescence,standardized
PGDB_C012137,C[C@H]1CN(Cc2ccn3nc(F)c(N4CCC(=O)NC4=O)c3c2)CCN1CC1CCC(c2ccn(C3CC3)n2)CC1,WIZ,,94.1,=,1,HT-1080,Linkcure Therapeutics,WO2025256460A1,PGDB_AS002062,% Degradation,luminescence,standardized
PGDB_C012132,C[C@H]1CN(Cc2ccn3nc(F)c(N4CCC(=O)NC4=O)c3c2)CCN1CC1CCC(c2ccnn2C)CC1,WIZ,,90.2,=,1,HT-1080,Linkcure Therapeutics,WO2025256460A1,PGDB_AS002062,% Degradation,luminescence,standardized
PGDB_C012131,C[C@H]1CN(Cc2ccn3nc(F)c(N4CCC(=O)NC4=O)c3c2)CCN1CC1CCC(c2cnn(C)c2)CC1,WIZ,,92.0,=,1,HT-1080,Linkcure Therapeutics,WO2025256460A1,PGDB_AS002062,% Degradation,luminescence,standardized
PGDB_C012138,C[C@H]1CN(Cc2ccn3nc(F)c(N4CCC(=O)NC4=O)c3c2)CCN1CC1CCC(c2nn(C)cc2F)CC1,WIZ,,94.0,=,1,HT-1080,Linkcure Therapeutics,WO2025256460A1,PGDB_AS002062,% Degradation,luminescence,standardized
PGDB_C012150,C[C@H]1CN(Cc2ccn3nc(F)c(N4CCC(=O)NC4=O)c3c2)CCN1CC1CCC(n2cc(C(F)(F)F)cn2)CC1,WIZ,,94.0,=,1,HT-1080,Linkcure Therapeutics,WO2025256460A1,PGDB_AS002062,% Degradation,luminescence,standardized
PGDB_C012151,C[C@H]1CN(Cc2ccn3nc(F)c(N4CCC(=O)NC4=O)c3c2)CCN1CC1CCC(n2cc(Cl)cn2)CC1,WIZ,,91.6,=,1,HT-1080,Linkcure Therapeutics,WO2025256460A1,PGDB_AS002062,% Degradation,luminescence,standardized
PGDB_C012153,C[C@H]1CN(Cc2ccn3nc(F)c(N4CCC(=O)NC4=O)c3c2)CCN1CC1CCC(n2ccc(C(F)(F)F)n2)CC1,WIZ,,90.0,=,1,HT-1080,Linkcure Therapeutics,WO2025256460A1,PGDB_AS002062,% Degradation,luminescence,standardized
PGDB_C012152,C[C@H]1CN(Cc2ccn3nc(F)c(N4CCC(=O)NC4=O)c3c2)CCN1CC1CCC(n2ccc(C3CC3)n2)CC1,WIZ,,91.4,=,1,HT-1080,Linkcure Therapeutics,WO2025256460A1,PGDB_AS002062,% Degradation,luminescence,standardized
PGDB_C012157,C[C@H]1CN(Cc2ccn3nc(F)c(N4CCC(=O)NC4=O)c3c2)CCN1CC1CCN(C(=O)C2CC2)CC1,WIZ,,88.2,=,1,HT-1080,Linkcure Therapeutics,WO2025256460A1,PGDB_AS002062,% Degradation,luminescence,standardized
PGDB_C012159,C[C@H]1CN(Cc2ccn3nc(F)c(N4CCC(=O)NC4=O)c3c2)CCN1CC1CCN(C(=O)N(C)C)CC1,WIZ,,89.1,=,1,HT-1080,Linkcure Therapeutics,WO2025256460A1,PGDB_AS002062,% Degradation,luminescence,standardized
PGDB_C012126,C[C@H]1CN(Cc2ccn3nc(F)c(N4CCC(=O)NC4=O)c3c2)CCN1CC1CCN(c2cc(C(F)(F)F)n(C)n2)CC1,WIZ,,95.6,=,1,HT-1080,Linkcure Therapeutics,WO2025256460A1,PGDB_AS002062,% Degradation,luminescence,standardized
PGDB_C012111,C[C@H]1CN(Cc2ccn3nc(F)c(N4CCC(=O)NC4=O)c3c2)CCN1CC1CCN(c2cc(F)c(F)cc2F)CC1,WIZ,,93.5,=,1,HT-1080,Linkcure Therapeutics,WO2025256460A1,PGDB_AS002062,% Degradation,luminescence,standardized
PGDB_C012110,C[C@H]1CN(Cc2ccn3nc(F)c(N4CCC(=O)NC4=O)c3c2)CCN1CC1CCN(c2ccc(C#N)c(Cl)c2)CC1,WIZ,,92.0,=,1,HT-1080,Linkcure Therapeutics,WO2025256460A1,PGDB_AS002062,% Degradation,luminescence,standardized
PGDB_C012092,C[C@H]1CN(Cc2ccn3nc(F)c(N4CCC(=O)NC4=O)c3c2)CCN1CC1CCN(c2ccc(C#N)cc2)CC1,WIZ,,93.4,=,1,HT-1080,Linkcure Therapeutics,WO2025256460A1,PGDB_AS002062,% Degradation,luminescence,standardized
PGDB_C012109,C[C@H]1CN(Cc2ccn3nc(F)c(N4CCC(=O)NC4=O)c3c2)CCN1CC1CCN(c2ccc(C#N)cc2Cl)CC1,WIZ,,90.6,=,1,HT-1080,Linkcure Therapeutics,WO2025256460A1,PGDB_AS002062,% Degradation,luminescence,standardized
PGDB_C012091,C[C@H]1CN(Cc2ccn3nc(F)c(N4CCC(=O)NC4=O)c3c2)CCN1CC1CCN(c2ccc(C#N)cc2F)CC1,WIZ,,92.5,=,1,HT-1080,Linkcure Therapeutics,WO2025256460A1,PGDB_AS002062,% Degradation,luminescence,standardized
PGDB_C012089,C[C@H]1CN(Cc2ccn3nc(F)c(N4CCC(=O)NC4=O)c3c2)CCN1CC1CCN(c2ccc(C#N)cn2)CC1,WIZ,,93.0,=,1,HT-1080,Linkcure Therapeutics,WO2025256460A1,PGDB_AS002062,% Degradation,luminescence,standardized
PGDB_C012097,C[C@H]1CN(Cc2ccn3nc(F)c(N4CCC(=O)NC4=O)c3c2)CCN1CC1CCN(c2ccc(C#N)nc2)CC1,WIZ,,92.8,=,1,HT-1080,Linkcure Therapeutics,WO2025256460A1,PGDB_AS002062,% Degradation,luminescence,standardized
PGDB_C012113,C[C@H]1CN(Cc2ccn3nc(F)c(N4CCC(=O)NC4=O)c3c2)CCN1CC1CCN(c2ccc(C(F)(F)F)cc2F)CC1,WIZ,,93.7,=,1,HT-1080,Linkcure Therapeutics,WO2025256460A1,PGDB_AS002062,% Degradation,luminescence,standardized
PGDB_C012099,C[C@H]1CN(Cc2ccn3nc(F)c(N4CCC(=O)NC4=O)c3c2)CCN1CC1CCN(c2ccc(C(F)(F)F)cn2)CC1,WIZ,,93.3,=,1,HT-1080,Linkcure Therapeutics,WO2025256460A1,PGDB_AS002062,% Degradation,luminescence,standardized
PGDB_C012088,C[C@H]1CN(Cc2ccn3nc(F)c(N4CCC(=O)NC4=O)c3c2)CCN1CC1CCN(c2ccc(Cl)cn2)CC1,WIZ,,95.0,=,1,HT-1080,Linkcure Therapeutics,WO2025256460A1,PGDB_AS002062,% Degradation,luminescence,standardized
PGDB_C012094,C[C@H]1CN(Cc2ccn3nc(F)c(N4CCC(=O)NC4=O)c3c2)CCN1CC1CCN(c2ccc(F)cc2)CC1,WIZ,,92.3,=,1,HT-1080,Linkcure Therapeutics,WO2025256460A1,PGDB_AS002062,% Degradation,luminescence,standardized
PGDB_C012095,C[C@H]1CN(Cc2ccn3nc(F)c(N4CCC(=O)NC4=O)c3c2)CCN1CC1CCN(c2ccc(F)cc2F)CC1,WIZ,,92.3,=,1,HT-1080,Linkcure Therapeutics,WO2025256460A1,PGDB_AS002062,% Degradation,luminescence,standardized
PGDB_C012108,C[C@H]1CN(Cc2ccn3nc(F)c(N4CCC(=O)NC4=O)c3c2)CCN1CC1CCN(c2ccc3nn(C)cc3c2)CC1,WIZ,,92.3,=,1,HT-1080,Linkcure Therapeutics,WO2025256460A1,PGDB_AS002062,% Degradation,luminescence,standardized
PGDB_C012115,C[C@H]1CN(Cc2ccn3nc(F)c(N4CCC(=O)NC4=O)c3c2)CCN1CC1CCN(c2ccn(C)n2)CC1,WIZ,,90.1,=,1,HT-1080,Linkcure Therapeutics,WO2025256460A1,PGDB_AS002062,% Degradation,luminescence,standardized
PGDB_C012125,C[C@H]1CN(Cc2ccn3nc(F)c(N4CCC(=O)NC4=O)c3c2)CCN1CC1CCN(c2ccn(C3CC3)n2)CC1,WIZ,,93.4,=,1,HT-1080,Linkcure Therapeutics,WO2025256460A1,PGDB_AS002062,% Degradation,luminescence,standardized
PGDB_C012123,C[C@H]1CN(Cc2ccn3nc(F)c(N4CCC(=O)NC4=O)c3c2)CCN1CC1CCN(c2ccn(CC(F)(F)F)n2)CC1,WIZ,,89.8,=,1,HT-1080,Linkcure Therapeutics,WO2025256460A1,PGDB_AS002062,% Degradation,luminescence,standardized
PGDB_C012117,C[C@H]1CN(Cc2ccn3nc(F)c(N4CCC(=O)NC4=O)c3c2)CCN1CC1CCN(c2cscn2)CC1,WIZ,,92.5,=,1,HT-1080,Linkcure Therapeutics,WO2025256460A1,PGDB_AS002062,% Degradation,luminescence,standardized
PGDB_C012103,C[C@H]1CN(Cc2ccn3nc(F)c(N4CCC(=O)NC4=O)c3c2)CCN1CC1CCN(c2ncc(C(F)(F)F)cn2)CC1,WIZ,,95.0,=,1,HT-1080,Linkcure Therapeutics,WO2025256460A1,PGDB_AS002062,% Degradation,luminescence,standardized
PGDB_C012105,C[C@H]1CN(Cc2ccn3nc(F)c(N4CCC(=O)NC4=O)c3c2)CCN1CC1CCN(c2ncc(C3CC3)cn2)CC1,WIZ,,94.9,=,1,HT-1080,Linkcure Therapeutics,WO2025256460A1,PGDB_AS002062,% Degradation,luminescence,standardized
PGDB_C012090,C[C@H]1CN(Cc2ccn3nc(F)c(N4CCC(=O)NC4=O)c3c2)CCN1CC1CCN(c2ncc(Cl)cn2)CC1,WIZ,,94.9,=,1,HT-1080,Linkcure Therapeutics,WO2025256460A1,PGDB_AS002062,% Degradation,luminescence,standardized
PGDB_C012102,C[C@H]1CN(Cc2ccn3nc(F)c(N4CCC(=O)NC4=O)c3c2)CCN1CC1CCN(c2ncc(F)cn2)CC1,WIZ,,91.0,=,1,HT-1080,Linkcure Therapeutics,WO2025256460A1,PGDB_AS002062,% Degradation,luminescence,standardized
PGDB_C012093,C[C@H]1CN(Cc2ccn3nc(F)c(N4CCC(=O)NC4=O)c3c2)CCN1CC1CCN(c2ncccc2Cl)CC1,WIZ,,92.4,=,1,HT-1080,Linkcure Therapeutics,WO2025256460A1,PGDB_AS002062,% Degradation,luminescence,standardized
PGDB_C012096,C[C@H]1CN(Cc2ccn3nc(F)c(N4CCC(=O)NC4=O)c3c2)CCN1CC1CCN(c2ncccc2F)CC1,WIZ,,92.9,=,1,HT-1080,Linkcure Therapeutics,WO2025256460A1,PGDB_AS002062,% Degradation,luminescence,standardized
PGDB_C012087,C[C@H]1CN(Cc2ccn3nc(F)c(N4CCC(=O)NC4=O)c3c2)CCN1CC1CCN(c2ncccn2)CC1,WIZ,,91.6,=,1,HT-1080,Linkcure Therapeutics,WO2025256460A1,PGDB_AS002062,% Degradation,luminescence,standardized
PGDB_C012118,C[C@H]1CN(Cc2ccn3nc(F)c(N4CCC(=O)NC4=O)c3c2)CCN1CC1CCN(c2ncn(C)n2)CC1,WIZ,,93.1,=,1,HT-1080,Linkcure Therapeutics,WO2025256460A1,PGDB_AS002062,% Degradation,luminescence,standardized
PGDB_C012116,C[C@H]1CN(Cc2ccn3nc(F)c(N4CCC(=O)NC4=O)c3c2)CCN1CC1CCN(c2ncns2)CC1,WIZ,,92.9,=,1,HT-1080,Linkcure Therapeutics,WO2025256460A1,PGDB_AS002062,% Degradation,luminescence,standardized
PGDB_C012106,C[C@H]1CN(Cc2ccn3nc(F)c(N4CCC(=O)NC4=O)c3c2)CCN1C[C@@H]1[C@@H]2C[C@H]1CN(c1ncccn1)C2,WIZ,,92.7,=,1,HT-1080,Linkcure Therapeutics,WO2025256460A1,PGDB_AS002062,% Degradation,luminescence,standardized
PGDB_C012129,C[C@H]1CN(Cc2ccn3nc(F)c(N4CCC(=O)NC4=O)c3c2)CCN1C[C@H]1CC[C@@H](c2ccn(C)n2)CC1,WIZ,,93.4,=,1,HT-1080,Linkcure Therapeutics,WO2025256460A1,PGDB_AS002062,% Degradation,luminescence,standardized
PGDB_C012149,C[C@H]1CN(Cc2ccn3nc(F)c(N4CCC(=O)NC4=O)c3c2)CCN1C[C@H]1CC[C@@H](n2cc(F)cn2)CC1,WIZ,,90.8,=,1,HT-1080,Linkcure Therapeutics,WO2025256460A1,PGDB_AS002062,% Degradation,luminescence,standardized
PGDB_C012130,C[C@H]1CN(Cc2ccn3nc(F)c(N4CCC(=O)NC4=O)c3c2)CCN1C[C@H]1CC[C@H](c2ccn(C)n2)CC1,WIZ,,91.3,=,1,HT-1080,Linkcure Therapeutics,WO2025256460A1,PGDB_AS002062,% Degradation,luminescence,standardized
PGDB_C012133,C[C@H]1CN(Cc2ccn3nc(F)c(N4CCC(=O)NC4=O)c3c2)CCN1C[C@H]1CC[C@H](c2ccnn2C)CC1,WIZ,,94.3,=,1,HT-1080,Linkcure Therapeutics,WO2025256460A1,PGDB_AS002062,% Degradation,luminescence,standardized
PGDB_C012148,C[C@H]1CN(Cc2ccn3nc(F)c(N4CCC(=O)NC4=O)c3c2)CCN1C[C@H]1CC[C@H](n2cc(F)cn2)CC1,WIZ,,92.1,=,1,HT-1080,Linkcure Therapeutics,WO2025256460A1,PGDB_AS002062,% Degradation,luminescence,standardized
PGDB_C012107,C[C@H]1CN(Cc2ccn3nc(F)c(N4CCC(=O)NC4=O)c3c2)CCN1C[C@H]1[C@@H]2C[C@H]1CN(c1ncccn1)C2,WIZ,,91.6,=,1,HT-1080,Linkcure Therapeutics,WO2025256460A1,PGDB_AS002062,% Degradation,luminescence,standardized
PGDB_C012065,C[C@H]1CN(Cc2ccn3ncc(N4CCC(=O)NC4=O)c3c2)CCN1CC1CCN(c2cc(Cl)ccn2)CC1,WIZ,,83.3,=,1,HT-1080,Linkcure Therapeutics,WO2025256460A1,PGDB_AS002062,% Degradation,luminescence,standardized
PGDB_C012059,C[C@H]1CN(Cc2ccn3ncc(N4CCC(=O)NC4=O)c3c2)CCN1CC1CCN(c2ccc(C#N)c(F)c2)CC1,WIZ,,81.2,=,1,HT-1080,Linkcure Therapeutics,WO2025256460A1,PGDB_AS002062,% Degradation,luminescence,standardized
PGDB_C012052,C[C@H]1CN(Cc2ccn3ncc(N4CCC(=O)NC4=O)c3c2)CCN1CC1CCN(c2ccc(C#N)cc2)CC1,WIZ,,86.2,=,1,HT-1080,Linkcure Therapeutics,WO2025256460A1,PGDB_AS002062,% Degradation,luminescence,standardized
PGDB_C012045,C[C@H]1CN(Cc2ccn3ncc(N4CCC(=O)NC4=O)c3c2)CCN1CC1CCN(c2ccc(C#N)cc2F)CC1,WIZ,,84.0,=,1,HT-1080,Linkcure Therapeutics,WO2025256460A1,PGDB_AS002062,% Degradation,luminescence,standardized
PGDB_C012047,C[C@H]1CN(Cc2ccn3ncc(N4CCC(=O)NC4=O)c3c2)CCN1CC1CCN(c2ccc(C#N)cn2)CC1,WIZ,,84.9,=,1,HT-1080,Linkcure Therapeutics,WO2025256460A1,PGDB_AS002062,% Degradation,luminescence,standardized
PGDB_C012054,C[C@H]1CN(Cc2ccn3ncc(N4CCC(=O)NC4=O)c3c2)CCN1CC1CCN(c2ccc(C#N)nc2)CC1,WIZ,,83.0,=,1,HT-1080,Linkcure Therapeutics,WO2025256460A1,PGDB_AS002062,% Degradation,luminescence,standardized
PGDB_C012048,C[C@H]1CN(Cc2ccn3ncc(N4CCC(=O)NC4=O)c3c2)CCN1CC1CCN(c2ccc(Cl)c(F)c2)CC1,WIZ,,87.6,=,1,HT-1080,Linkcure Therapeutics,WO2025256460A1,PGDB_AS002062,% Degradation,luminescence,standardized
PGDB_C012061,C[C@H]1CN(Cc2ccn3ncc(N4CCC(=O)NC4=O)c3c2)CCN1CC1CCN(c2ccc(Cl)cc2)CC1,WIZ,,81.2,=,1,HT-1080,Linkcure Therapeutics,WO2025256460A1,PGDB_AS002062,% Degradation,luminescence,standardized
PGDB_C012050,C[C@H]1CN(Cc2ccn3ncc(N4CCC(=O)NC4=O)c3c2)CCN1CC1CCN(c2ccc(Cl)cc2F)CC1,WIZ,,84.7,=,1,HT-1080,Linkcure Therapeutics,WO2025256460A1,PGDB_AS002062,% Degradation,luminescence,standardized
PGDB_C012053,C[C@H]1CN(Cc2ccn3ncc(N4CCC(=O)NC4=O)c3c2)CCN1CC1CCN(c2ccc(Cl)cn2)CC1,WIZ,,88.9,=,1,HT-1080,Linkcure Therapeutics,WO2025256460A1,PGDB_AS002062,% Degradation,luminescence,standardized
PGDB_C012049,C[C@H]1CN(Cc2ccn3ncc(N4CCC(=O)NC4=O)c3c2)CCN1CC1CCN(c2ccc(F)c(Cl)c2)CC1,WIZ,,81.5,=,1,HT-1080,Linkcure Therapeutics,WO2025256460A1,PGDB_AS002062,% Degradation,luminescence,standardized
PGDB_C012046,C[C@H]1CN(Cc2ccn3ncc(N4CCC(=O)NC4=O)c3c2)CCN1CC1CCN(c2ccc(F)cc2)CC1,WIZ,,82.1,=,1,HT-1080,Linkcure Therapeutics,WO2025256460A1,PGDB_AS002062,% Degradation,luminescence,standardized
PGDB_C012064,C[C@H]1CN(Cc2ccn3ncc(N4CCC(=O)NC4=O)c3c2)CCN1CC1CCN(c2ccc(F)cc2F)CC1,WIZ,,74.6,=,0,HT-1080,Linkcure Therapeutics,WO2025256460A1,PGDB_AS002062,% Degradation,luminescence,standardized
PGDB_C012051,C[C@H]1CN(Cc2ccn3ncc(N4CCC(=O)NC4=O)c3c2)CCN1CC1CCN(c2ccc(F)cn2)CC1,WIZ,,86.4,=,1,HT-1080,Linkcure Therapeutics,WO2025256460A1,PGDB_AS002062,% Degradation,luminescence,standardized
PGDB_C012073,C[C@H]1CN(Cc2ccn3ncc(N4CCC(=O)NC4=O)c3c2)CCN1CC1CCN(c2cccnn2)CC1,WIZ,,79.5,=,0,HT-1080,Linkcure Therapeutics,WO2025256460A1,PGDB_AS002062,% Degradation,luminescence,standardized
PGDB_C012055,C[C@H]1CN(Cc2ccn3ncc(N4CCC(=O)NC4=O)c3c2)CCN1CC1CCN(c2ccncc2F)CC1,WIZ,,83.8,=,1,HT-1080,Linkcure Therapeutics,WO2025256460A1,PGDB_AS002062,% Degradation,luminescence,standardized
PGDB_C012068,C[C@H]1CN(Cc2ccn3ncc(N4CCC(=O)NC4=O)c3c2)CCN1CC1CCN(c2ccncn2)CC1,WIZ,,74.0,=,0,HT-1080,Linkcure Therapeutics,WO2025256460A1,PGDB_AS002062,% Degradation,luminescence,standardized
PGDB_C012069,C[C@H]1CN(Cc2ccn3ncc(N4CCC(=O)NC4=O)c3c2)CCN1CC1CCN(c2cnccn2)CC1,WIZ,,80.4,=,1,HT-1080,Linkcure Therapeutics,WO2025256460A1,PGDB_AS002062,% Degradation,luminescence,standardized
PGDB_C012063,C[C@H]1CN(Cc2ccn3ncc(N4CCC(=O)NC4=O)c3c2)CCN1CC1CCN(c2ncc(Cl)cn2)CC1,WIZ,,83.4,=,1,HT-1080,Linkcure Therapeutics,WO2025256460A1,PGDB_AS002062,% Degradation,luminescence,standardized
PGDB_C012062,C[C@H]1CN(Cc2ccn3ncc(N4CCC(=O)NC4=O)c3c2)CCN1CC1CCN(c2ncccn2)CC1,WIZ,,80.6,=,1,HT-1080,Linkcure Therapeutics,WO2025256460A1,PGDB_AS002062,% Degradation,luminescence,standardized
PGDB_C012070,C[C@H]1CN(Cc2ccn3ncc(N4CCC(=O)NC4=O)c3c2)CCN1CC1CCN(c2nccs2)CC1,WIZ,,31.6,=,0,HT-1080,Linkcure Therapeutics,WO2025256460A1,PGDB_AS002062,% Degradation,luminescence,standardized
PGDB_C012114,C[C@H]1CN(Cc2cnn3nc(F)c(N4CCC(=O)NC4=O)c3c2)CCN1CC1CCN(c2ccc3c(cnn3C)c2)CC1,WIZ,,93.4,=,1,HT-1080,Linkcure Therapeutics,WO2025256460A1,PGDB_AS002062,% Degradation,luminescence,standardized
PGDB_C010095,C[C@H]1COC[C@@H]1OC(=O)NCc1ccc2c(c1)C(=O)N(C1CCC(=O)NC1=O)C2,CDK2,,10.0,<=,0,HEK293,Monte Rosa Therapeutics,WO2023069720A1,PGDB_AS001399,% Degradation,luminescence,standardized
PGDB_C010091,C[C@H]1C[C@@H]1COC(=O)NCc1ccc2c(c1)C(=O)N(C1CCC(=O)NC1=O)C2,CDK2,,10.0,<=,0,HEK293,Monte Rosa Therapeutics,WO2023069720A1,PGDB_AS001399,% Degradation,luminescence,standardized
PGDB_C008014,C[C@H]1OCCn2nc(COC(=O)NCc3cc(Cl)c4c(c3F)C(=O)N(C3CCC(=O)NC3=O)C4)cc21,CDK2,,73.0,=,0,HEK293,Genentech,WO2025043225,PGDB_AS000677,% Degradation,luminescence,standardized
PGDB_C008014,C[C@H]1OCCn2nc(COC(=O)NCc3cc(Cl)c4c(c3F)C(=O)N(C3CCC(=O)NC3=O)C4)cc21,GSPT1,,5.3,=,0,HEK293,Genentech,WO2025043225,PGDB_AS000429,% Degradation,,standardized
PGDB_C026003,C[C@](O)(CN(Cc1ccccc1)c1ccc(C#N)cc1)C(=O)Nc1ccc(C#N)c(C(F)(F)F)c1,CDK2,,56.9,=,0,HEK293T,Plexium,WO2026064643A1,PGDB_AS000752,% Degradation,luminescence,standardized
PGDB_C026001,C[C@](O)(CNc1ccc(C#N)c(-c2ccccc2)c1)C(=O)Nc1ccc(C#N)c(C(F)(F)F)c1,CDK2,,33.0,=,0,HEK293T,Plexium,WO2026064643A1,PGDB_AS000752,% Degradation,luminescence,standardized
PGDB_C025999,C[C@](O)(CNc1ccc(C#N)cc1)C(=O)Nc1ccc(C#N)c(C(F)(F)F)c1,CDK2,,67.0,=,0,HEK293T,Plexium,WO2026064643A1,PGDB_AS000752,% Degradation,luminescence,standardized
PGDB_C011110,C[C@](O)(CNc1ccc(C#N)cc1-c1ccccc1)C(=O)Nc1ccc(C#N)c(C(F)(F)F)c1,CDK2,,67.3,=,0,HEK293T,Plexium,WO2026064643A1,PGDB_AS000752,% Degradation,luminescence,standardized
PGDB_C006021,C[C@]1(NCc2ccc3c(c2)CN(C2CCC(=O)NC2=O)C3=O)CCCN(Cc2ccccc2)C1,IKZF1,,61.0,=,0,HEK293,Gilead Sciences,AU2022419982A1,PGDB_AS000645,% Degradation,luminescence,standardized
PGDB_C006021,C[C@]1(NCc2ccc3c(c2)CN(C2CCC(=O)NC2=O)C3=O)CCCN(Cc2ccccc2)C1,IKZF2,,87.0,=,1,HEK293,Gilead Sciences,AU2022419982A1,PGDB_AS000473,% Degradation,,standardized
PGDB_C008533,C[C@]1(O)CC[C@H](NC2CCC(F)(F)CC2)[C@@H](Cc2ccc3c(c2)CN(C2CCC(=O)NC2=O)C3=O)C1,IKZF1,,27.0,=,0,HEK293,Gilead Sciences,JP2026020265A,PGDB_AS000216,% Degradation,luminescence,standardized
PGDB_C008533,C[C@]1(O)CC[C@H](NC2CCC(F)(F)CC2)[C@@H](Cc2ccc3c(c2)CN(C2CCC(=O)NC2=O)C3=O)C1,IKZF2,,97.0,=,1,HEK293,Gilead Sciences,JP2026020265A,PGDB_AS000211,% Degradation,luminescence,standardized
PGDB_C009986,C[C@]12COc3cc(C#N)ccc3N1CCN(Cc1ccc(COc3cccc4c3CN([C@H]3CCC(=O)NC3=O)C4=O)cc1)C2,IKZF1,CRBN,94.6,=,1,HT-1080,Hangzhou Glubio Pharmaceutical,WO2023025136A1,PGDB_AS000619,% Degradation,luminescence,standardized
PGDB_C009986,C[C@]12COc3cc(C#N)ccc3N1CCN(Cc1ccc(COc3cccc4c3CN([C@H]3CCC(=O)NC3=O)C4=O)cc1)C2,SALL4,CRBN,70.4,=,0,HT-1080,Hangzhou Glubio Pharmaceutical,WO2023025136A1,PGDB_AS001792,% Degradation,luminescence,standardized
PGDB_C011044,C[Si](C)(C)CNc1c(-c2ccc3c(c2)CN(C2CCC(=O)NC2=O)C3=O)nc2ccccn12,WEE1,,50.0,=,0,,Dana Farber Cancer Institute;Leland Stanford Junior University,WO2025129172A1,PGDB_AS000292,% Degradation,luminescence,standardized
PGDB_C011386,Cc1c(-c2nnc(NC3(c4cc(Cl)c5c(c4)C(=O)N(C4CCC(=O)NC4=O)C5)CC3)o2)nn2c1CCCC2,CDK2,,50.6,=,0,HEK293,Monte Rosa Therapeutics,WO2025181261A1,PGDB_AS000913,% Degradation,luminescence,standardized
PGDB_C011386,Cc1c(-c2nnc(NC3(c4cc(Cl)c5c(c4)C(=O)N(C4CCC(=O)NC4=O)C5)CC3)o2)nn2c1CCCC2,GSPT1,,7.1,=,0,HEK293,Monte Rosa Therapeutics,WO2025181261A1,PGDB_AS001674,% Degradation,luminescence,standardized
PGDB_C011373,Cc1c(-c2nnc(NC3(c4cc(Cl)c5c(c4)C(=O)N(C4CCC(=O)NC4=O)C5)CC3)o2)noc1C1CC1,CDK2,,54.8,=,0,HEK293,Monte Rosa Therapeutics,WO2025181261A1,PGDB_AS000913,% Degradation,luminescence,standardized
PGDB_C011373,Cc1c(-c2nnc(NC3(c4cc(Cl)c5c(c4)C(=O)N(C4CCC(=O)NC4=O)C5)CC3)o2)noc1C1CC1,GSPT1,,11.4,=,0,HEK293,Monte Rosa Therapeutics,WO2025181261A1,PGDB_AS001674,% Degradation,luminescence,standardized
PGDB_C029229,Cc1c(C)n(C2CCN(CC3(F)CCN(C(=O)c4ccc(N5C6CCC5CN(c5cc(-c7ccccc7O)nnc5N)C6)cc4)CC3)CC2)c2ccc(N3CCC(=O)NC3=O)cc12,SMARCA2,,52.8,=,0,,AstraZeneca,WO2026120044,PGDB_AS001542,% Degradation,,standardized
PGDB_C019545,Cc1c(Cl)cccc1S(=O)(=O)Nc1ccc2c(c1)C(=O)N(C1CCC(=O)NC1=O)C2=O,GSPT1,,42.8,=,0,HEK293,Cyrus Therapeutics;Wooseok Han;Joonwoo Nam;Min Sung Joo;Dong Hyuk Ki;Kim Eun Jung;Jaeyung Lee,IL323841A,PGDB_AS002464,% Degradation,luminescence,standardized
PGDB_C008078,Cc1c(F)cc2scnc2c1C1CC(OC(=O)NCc2ccc3c(c2F)C(=O)N(C2CCC(=O)NC2=O)C3)C1,CDK2,,74.0,=,0,HEK293,Genentech,WO2025043225,PGDB_AS000554,% Degradation,luminescence,standardized
PGDB_C008078,Cc1c(F)cc2scnc2c1C1CC(OC(=O)NCc2ccc3c(c2F)C(=O)N(C2CCC(=O)NC2=O)C3)C1,GSPT1,,19.0,=,0,HEK293,Genentech,WO2025043225,PGDB_AS000025,% Degradation,,standardized
PGDB_C008081,Cc1c(F)cc2scnc2c1[C@H]1C[C@@H](OC(=O)NCc2ccc3c(c2F)C(=O)N(C2CCC(=O)NC2=O)C3)C1,CDK2,,77.0,=,0,HEK293,Genentech,WO2025043225,PGDB_AS000554,% Degradation,luminescence,standardized
PGDB_C008081,Cc1c(F)cc2scnc2c1[C@H]1C[C@@H](OC(=O)NCc2ccc3c(c2F)C(=O)N(C2CCC(=O)NC2=O)C3)C1,GSPT1,,10.0,=,0,HEK293,Genentech,WO2025043225,PGDB_AS000025,% Degradation,,standardized
PGDB_C032766,Cc1c(F)ccc(=O)n1-c1cccc(-n2ncc3c(C4CCC(=O)NC4=O)cccc32)c1,VAV1,,80.0,>=,1,Jurkat,,WO2026145172A1,PGDB_AS002622,% Degradation,,standardized
PGDB_C008168,Cc1c(F)ccc(S(=O)(=O)Nc2ccc3c(c2)C(=O)N(C2CCC(=O)NC2=O)C3=O)c1Br,GSPT1,,89.5,=,1,HEK293,Cyrus Therapeutics;Wooseok Han;Joonwoo Nam;Min Sung Joo;Dong Hyuk Ki;Kim Eun Jung;Jaeyung Lee,IL323841A,PGDB_AS002464,% Degradation,luminescence,standardized
PGDB_C008155,Cc1c(F)ccc(S(=O)(=O)Nc2ccc3c(c2)C(=O)N(C2CCC(=O)NC2=O)C3=O)c1C,GSPT1,,49.6,=,0,HEK293,Cyrus Therapeutics;Wooseok Han;Joonwoo Nam;Min Sung Joo;Dong Hyuk Ki;Kim Eun Jung;Jaeyung Lee,IL323841A,PGDB_AS002464,% Degradation,luminescence,standardized
PGDB_C008153,Cc1c(F)ccc(S(=O)(=O)Nc2ccc3c(c2)C(=O)N(C2CCC(=O)NC2=O)C3=O)c1Cl,GSPT1,,88.6,=,1,HEK293,Cyrus Therapeutics;Wooseok Han;Joonwoo Nam;Min Sung Joo;Dong Hyuk Ki;Kim Eun Jung;Jaeyung Lee,IL323841A,PGDB_AS002464,% Degradation,luminescence,standardized
PGDB_C008164,Cc1c(F)ccc(S(=O)(=O)Nc2ccc3c(c2)C(=O)N(C2CCC(=O)NC2=O)C3=O)c1OC(F)(F)F,GSPT1,,76.5,=,0,HEK293,Cyrus Therapeutics;Wooseok Han;Joonwoo Nam;Min Sung Joo;Dong Hyuk Ki;Kim Eun Jung;Jaeyung Lee,IL323841A,PGDB_AS002464,% Degradation,luminescence,standardized
PGDB_C008149,Cc1c(F)ccc(S(=O)(=O)Nc2ccc3c(c2)C(=O)N(C2CCC(=O)NC2=O)C3=O)c1OC(F)F,GSPT1,,78.4,=,0,HEK293,Cyrus Therapeutics;Wooseok Han;Joonwoo Nam;Min Sung Joo;Dong Hyuk Ki;Kim Eun Jung;Jaeyung Lee,IL323841A,PGDB_AS002464,% Degradation,luminescence,standardized
PGDB_C029190,Cc1c(N2CCC(=O)NC2=O)ccc2c1ccn2C1CCN(CC2(F)CCN(C(=O)c3ccc(N4C5CCC4CN(c4cc(-c6ccccc6O)nnc4N)C5)cc3)CC2)CC1,SMARCA2,,79.3,=,0,,AstraZeneca,WO2026120044,PGDB_AS001542,% Degradation,,standardized
PGDB_C029653,Cc1c(NC(=O)N(C)C)ccc(-c2cccc(C3CCC(=O)NC3=O)c2Cl)c1F,VAV1,,98.0,=,1,,Shanghai Qilu Pharmaceutical Research And Development Centre,WO2026051943A1,PGDB_AS000777,% Degradation,luminescence,standardized
PGDB_C032906,Cc1cc(-c2c(C)noc2C)n(-c2cccc(-n3ncc4c(C5CCC(=O)NC5=O)cccc43)c2)c(=O)c1,VAV1,,90.0,>,1,Jurkat,,WO2026145172A1,PGDB_AS002599,% Degradation,luminescence,standardized
PGDB_C029655,Cc1cc(-c2cccc(C3CCC(=O)NC3=O)c2Cl)c(F)cc1NC(=O)N(C)C,VAV1,,95.7,=,1,,Shanghai Qilu Pharmaceutical Research And Development Centre,WO2026051943A1,PGDB_AS000777,% Degradation,luminescence,standardized
PGDB_C029558,Cc1cc(-c2cccc(C3CCC(=O)NC3=O)c2Cl)cc(F)c1NC(=O)N(C)C,VAV1,,98.78,=,1,,Shanghai Qilu Pharmaceutical Research And Development Centre,WO2026051943A1,PGDB_AS000777,% Degradation,luminescence,standardized
PGDB_C029685,Cc1cc(-c2cccc(C3CCC(=O)NC3=O)c2Cl)cc(F)c1NC(=O)N1CCC(F)(F)C1,VAV1,,98.8,=,1,,Shanghai Qilu Pharmaceutical Research And Development Centre,WO2026051943A1,PGDB_AS000777,% Degradation,luminescence,standardized
PGDB_C029661,Cc1cc(-c2cccc(C3CCC(=O)NC3=O)c2Cl)cc(F)c1NC(=O)N1CCCC1,VAV1,,99.1,=,1,,Shanghai Qilu Pharmaceutical Research And Development Centre,WO2026051943A1,PGDB_AS000777,% Degradation,luminescence,standardized
PGDB_C029641,Cc1cc(-c2cccc(C3CCC(=O)NC3=O)c2Cl)cc(F)c1NC(=O)N1CC[C@H](F)C1,VAV1,,98.94,=,1,,Shanghai Qilu Pharmaceutical Research And Development Centre,WO2026051943A1,PGDB_AS000777,% Degradation,luminescence,standardized
PGDB_C029638,Cc1cc(-c2cccc(C3CCC(=O)NC3=O)c2Cl)cc(F)c1NC(=O)N1CC[C@H](OC(F)F)C1,VAV1,,98.84,=,1,,Shanghai Qilu Pharmaceutical Research And Development Centre,WO2026051943A1,PGDB_AS000777,% Degradation,luminescence,standardized
PGDB_C029630,Cc1cc(-c2cccc(C3CCC(=O)NC3=O)c2Cl)ccc1N1CCC(OC(F)F)C1=O,VAV1,,98.8,=,1,,Shanghai Qilu Pharmaceutical Research And Development Centre,WO2026051943A1,PGDB_AS000777,% Degradation,luminescence,standardized
PGDB_C029564,Cc1cc(-c2cccc(C3CCC(=O)NC3=O)c2Cl)ccc1NC(=O)C(=O)N(C)C,VAV1,,98.9,=,1,,Shanghai Qilu Pharmaceutical Research And Development Centre,WO2026051943A1,PGDB_AS000777,% Degradation,luminescence,standardized
PGDB_C029455,Cc1cc(-c2cccc(C3CCC(=O)NC3=O)c2Cl)ccc1NC(=O)N(C)C,VAV1,,98.62,=,1,,Shanghai Qilu Pharmaceutical Research And Development Centre,WO2026051943A1,PGDB_AS000777,% Degradation,luminescence,standardized
PGDB_C029514,Cc1cc(-c2cccc(C3CCC(=O)NC3=O)c2Cl)ccc1NC(=O)N(C)C1(CO)CC1,VAV1,,98.43,=,1,,Shanghai Qilu Pharmaceutical Research And Development Centre,WO2026051943A1,PGDB_AS000777,% Degradation,luminescence,standardized
PGDB_C029551,Cc1cc(-c2cccc(C3CCC(=O)NC3=O)c2Cl)ccc1NC(=O)N(C)C1CC1,VAV1,,98.47,=,1,,Shanghai Qilu Pharmaceutical Research And Development Centre,WO2026051943A1,PGDB_AS000777,% Degradation,luminescence,standardized
PGDB_C029597,Cc1cc(-c2cccc(C3CCC(=O)NC3=O)c2Cl)ccc1NC(=O)N(C)CC(=O)N(C)C,VAV1,,99.3,=,1,,Shanghai Qilu Pharmaceutical Research And Development Centre,WO2026051943A1,PGDB_AS000777,% Degradation,luminescence,standardized
PGDB_C029565,Cc1cc(-c2cccc(C3CCC(=O)NC3=O)c2Cl)ccc1NC(=O)N(C)CC(C)(C)O,VAV1,,99.2,=,1,,Shanghai Qilu Pharmaceutical Research And Development Centre,WO2026051943A1,PGDB_AS000777,% Degradation,luminescence,standardized
PGDB_C029576,Cc1cc(-c2cccc(C3CCC(=O)NC3=O)c2Cl)ccc1NC(=O)N(C)CC(F)F,VAV1,,98.6,=,1,,Shanghai Qilu Pharmaceutical Research And Development Centre,WO2026051943A1,PGDB_AS000777,% Degradation,luminescence,standardized
PGDB_C029611,Cc1cc(-c2cccc(C3CCC(=O)NC3=O)c2Cl)ccc1NC(=O)N(C)CCC#N,VAV1,,98.7,=,1,,Shanghai Qilu Pharmaceutical Research And Development Centre,WO2026051943A1,PGDB_AS000777,% Degradation,luminescence,standardized
PGDB_C029512,Cc1cc(-c2cccc(C3CCC(=O)NC3=O)c2Cl)ccc1NC(=O)N(C)CCN(C)C,VAV1,,98.24,=,1,,Shanghai Qilu Pharmaceutical Research And Development Centre,WO2026051943A1,PGDB_AS000777,% Degradation,luminescence,standardized
PGDB_C029519,Cc1cc(-c2cccc(C3CCC(=O)NC3=O)c2Cl)ccc1NC(=O)N(C)CCO,VAV1,,98.73,=,1,,Shanghai Qilu Pharmaceutical Research And Development Centre,WO2026051943A1,PGDB_AS000777,% Degradation,luminescence,standardized
PGDB_C029612,Cc1cc(-c2cccc(C3CCC(=O)NC3=O)c2Cl)ccc1NC(=O)N(C)CCOC(F)F,VAV1,,98.8,=,1,,Shanghai Qilu Pharmaceutical Research And Development Centre,WO2026051943A1,PGDB_AS000777,% Degradation,luminescence,standardized
PGDB_C029579,Cc1cc(-c2cccc(C3CCC(=O)NC3=O)c2Cl)ccc1NC(=O)N(C)CCS(C)(=O)=O,VAV1,,98.7,=,1,,Shanghai Qilu Pharmaceutical Research And Development Centre,WO2026051943A1,PGDB_AS000777,% Degradation,luminescence,standardized
PGDB_C029601,Cc1cc(-c2cccc(C3CCC(=O)NC3=O)c2Cl)ccc1NC(=O)N(C)[C@@H]1CCOC1,VAV1,,98.4,=,1,,Shanghai Qilu Pharmaceutical Research And Development Centre,WO2026051943A1,PGDB_AS000777,% Degradation,luminescence,standardized
PGDB_C029568,Cc1cc(-c2cccc(C3CCC(=O)NC3=O)c2Cl)ccc1NC(=O)N(C)[C@H]1CCOC1,VAV1,,98.6,=,1,,Shanghai Qilu Pharmaceutical Research And Development Centre,WO2026051943A1,PGDB_AS000777,% Degradation,luminescence,standardized
PGDB_C029604,Cc1cc(-c2cccc(C3CCC(=O)NC3=O)c2Cl)ccc1NC(=O)N(C)c1cnn(C)c1,VAV1,,98.3,=,1,,Shanghai Qilu Pharmaceutical Research And Development Centre,WO2026051943A1,PGDB_AS000777,% Degradation,luminescence,standardized
PGDB_C029536,Cc1cc(-c2cccc(C3CCC(=O)NC3=O)c2Cl)ccc1NC(=O)N1CC(C#N)C1,VAV1,,97.87,=,1,,Shanghai Qilu Pharmaceutical Research And Development Centre,WO2026051943A1,PGDB_AS000777,% Degradation,luminescence,standardized
PGDB_C029614,Cc1cc(-c2cccc(C3CCC(=O)NC3=O)c2Cl)ccc1NC(=O)N1CC(C(F)F)C1,VAV1,,98.2,=,1,,Shanghai Qilu Pharmaceutical Research And Development Centre,WO2026051943A1,PGDB_AS000777,% Degradation,luminescence,standardized
PGDB_C029658,Cc1cc(-c2cccc(C3CCC(=O)NC3=O)c2Cl)ccc1NC(=O)N1CC(C)(CO)C1,VAV1,,98.8,=,1,,Shanghai Qilu Pharmaceutical Research And Development Centre,WO2026051943A1,PGDB_AS000777,% Degradation,luminescence,standardized
PGDB_C029591,Cc1cc(-c2cccc(C3CCC(=O)NC3=O)c2Cl)ccc1NC(=O)N1CC(C)(O)C1,VAV1,,98.92,=,1,,Shanghai Qilu Pharmaceutical Research And Development Centre,WO2026051943A1,PGDB_AS000777,% Degradation,luminescence,standardized
PGDB_C029581,Cc1cc(-c2cccc(C3CCC(=O)NC3=O)c2Cl)ccc1NC(=O)N1CC(C)C1,VAV1,,98.2,=,1,,Shanghai Qilu Pharmaceutical Research And Development Centre,WO2026051943A1,PGDB_AS000777,% Degradation,luminescence,standardized
PGDB_C029657,Cc1cc(-c2cccc(C3CCC(=O)NC3=O)c2Cl)ccc1NC(=O)N1CC(CO)C1,VAV1,,98.7,=,1,,Shanghai Qilu Pharmaceutical Research And Development Centre,WO2026051943A1,PGDB_AS000777,% Degradation,luminescence,standardized
PGDB_C029559,Cc1cc(-c2cccc(C3CCC(=O)NC3=O)c2Cl)ccc1NC(=O)N1CC(F)(F)C1,VAV1,,98.27,=,1,,Shanghai Qilu Pharmaceutical Research And Development Centre,WO2026051943A1,PGDB_AS000777,% Degradation,luminescence,standardized
PGDB_C029592,Cc1cc(-c2cccc(C3CCC(=O)NC3=O)c2Cl)ccc1NC(=O)N1CC(F)C1,VAV1,,98.55,=,1,,Shanghai Qilu Pharmaceutical Research And Development Centre,WO2026051943A1,PGDB_AS000777,% Degradation,luminescence,standardized
PGDB_C029544,Cc1cc(-c2cccc(C3CCC(=O)NC3=O)c2Cl)ccc1NC(=O)N1CC(N(C)C)C1,VAV1,,98.52,=,1,,Shanghai Qilu Pharmaceutical Research And Development Centre,WO2026051943A1,PGDB_AS000777,% Degradation,luminescence,standardized
PGDB_C029560,Cc1cc(-c2cccc(C3CCC(=O)NC3=O)c2Cl)ccc1NC(=O)N1CC(O)C1,VAV1,,98.81,=,1,,Shanghai Qilu Pharmaceutical Research And Development Centre,WO2026051943A1,PGDB_AS000777,% Degradation,luminescence,standardized
PGDB_C029540,Cc1cc(-c2cccc(C3CCC(=O)NC3=O)c2Cl)ccc1NC(=O)N1CC(S(C)(=O)=O)C1,VAV1,,98.6,=,1,,Shanghai Qilu Pharmaceutical Research And Development Centre,WO2026051943A1,PGDB_AS000777,% Degradation,luminescence,standardized
PGDB_C029567,Cc1cc(-c2cccc(C3CCC(=O)NC3=O)c2Cl)ccc1NC(=O)N1CC2(CC2)C1,VAV1,,98.3,=,1,,Shanghai Qilu Pharmaceutical Research And Development Centre,WO2026051943A1,PGDB_AS000777,% Degradation,luminescence,standardized
PGDB_C029599,Cc1cc(-c2cccc(C3CCC(=O)NC3=O)c2Cl)ccc1NC(=O)N1CC2(COC2)C1,VAV1,,98.7,=,1,,Shanghai Qilu Pharmaceutical Research And Development Centre,WO2026051943A1,PGDB_AS000777,% Degradation,luminescence,standardized
PGDB_C029555,Cc1cc(-c2cccc(C3CCC(=O)NC3=O)c2Cl)ccc1NC(=O)N1CCC(C)(O)CC1,VAV1,,98.33,=,1,,Shanghai Qilu Pharmaceutical Research And Development Centre,WO2026051943A1,PGDB_AS000777,% Degradation,luminescence,standardized
PGDB_C029619,Cc1cc(-c2cccc(C3CCC(=O)NC3=O)c2Cl)ccc1NC(=O)N1CCC(F)(F)C1,VAV1,,98.0,=,1,,Shanghai Qilu Pharmaceutical Research And Development Centre,WO2026051943A1,PGDB_AS000777,% Degradation,luminescence,standardized
PGDB_C029586,Cc1cc(-c2cccc(C3CCC(=O)NC3=O)c2Cl)ccc1NC(=O)N1CCC(O)CC1,VAV1,,98.44,=,1,,Shanghai Qilu Pharmaceutical Research And Development Centre,WO2026051943A1,PGDB_AS000777,% Degradation,luminescence,standardized
PGDB_C029504,Cc1cc(-c2cccc(C3CCC(=O)NC3=O)c2Cl)ccc1NC(=O)N1CCC1,VAV1,,98.58,=,1,,Shanghai Qilu Pharmaceutical Research And Development Centre,WO2026051943A1,PGDB_AS000777,% Degradation,luminescence,standardized
PGDB_C029583,Cc1cc(-c2cccc(C3CCC(=O)NC3=O)c2Cl)ccc1NC(=O)N1CCCC1,VAV1,,98.37,=,1,,Shanghai Qilu Pharmaceutical Research And Development Centre,WO2026051943A1,PGDB_AS000777,% Degradation,luminescence,standardized
PGDB_C029665,Cc1cc(-c2cccc(C3CCC(=O)NC3=O)c2Cl)ccc1NC(=O)N1CCC[C@@H]1C(F)F,VAV1,,98.5,=,1,,Shanghai Qilu Pharmaceutical Research And Development Centre,WO2026051943A1,PGDB_AS000777,% Degradation,luminescence,standardized
PGDB_C029578,Cc1cc(-c2cccc(C3CCC(=O)NC3=O)c2Cl)ccc1NC(=O)N1CCC[C@@H]1CC#N,VAV1,,98.3,=,1,,Shanghai Qilu Pharmaceutical Research And Development Centre,WO2026051943A1,PGDB_AS000777,% Degradation,luminescence,standardized
PGDB_C029632,Cc1cc(-c2cccc(C3CCC(=O)NC3=O)c2Cl)ccc1NC(=O)N1CCC[C@H]1C(F)F,VAV1,,97.9,=,1,,Shanghai Qilu Pharmaceutical Research And Development Centre,WO2026051943A1,PGDB_AS000777,% Degradation,luminescence,standardized
PGDB_C029610,Cc1cc(-c2cccc(C3CCC(=O)NC3=O)c2Cl)ccc1NC(=O)N1CCC[C@H]1CC#N,VAV1,,98.9,=,1,,Shanghai Qilu Pharmaceutical Research And Development Centre,WO2026051943A1,PGDB_AS000777,% Degradation,luminescence,standardized
PGDB_C029546,Cc1cc(-c2cccc(C3CCC(=O)NC3=O)c2Cl)ccc1NC(=O)N1CCC[C@H]1CO,VAV1,,98.46,=,1,,Shanghai Qilu Pharmaceutical Research And Development Centre,WO2026051943A1,PGDB_AS000777,% Degradation,luminescence,standardized
PGDB_C029613,Cc1cc(-c2cccc(C3CCC(=O)NC3=O)c2Cl)ccc1NC(=O)N1CCN(C)C(=O)C1,VAV1,,97.8,=,1,,Shanghai Qilu Pharmaceutical Research And Development Centre,WO2026051943A1,PGDB_AS000777,% Degradation,luminescence,standardized
PGDB_C029561,Cc1cc(-c2cccc(C3CCC(=O)NC3=O)c2Cl)ccc1NC(=O)N1CCN(C)CC1,VAV1,,98.8,=,1,,Shanghai Qilu Pharmaceutical Research And Development Centre,WO2026051943A1,PGDB_AS000777,% Degradation,luminescence,standardized
PGDB_C029587,Cc1cc(-c2cccc(C3CCC(=O)NC3=O)c2Cl)ccc1NC(=O)N1CCOCC1,VAV1,,97.97,=,1,,Shanghai Qilu Pharmaceutical Research And Development Centre,WO2026051943A1,PGDB_AS000777,% Degradation,luminescence,standardized
PGDB_C029631,Cc1cc(-c2cccc(C3CCC(=O)NC3=O)c2Cl)ccc1NC(=O)N1CCOC[C@@H]1CC#N,VAV1,,98.3,=,1,,Shanghai Qilu Pharmaceutical Research And Development Centre,WO2026051943A1,PGDB_AS000777,% Degradation,luminescence,standardized
PGDB_C029596,Cc1cc(-c2cccc(C3CCC(=O)NC3=O)c2Cl)ccc1NC(=O)N1CCOC[C@@H]1CO,VAV1,,99.3,=,1,,Shanghai Qilu Pharmaceutical Research And Development Centre,WO2026051943A1,PGDB_AS000777,% Degradation,luminescence,standardized
PGDB_C029664,Cc1cc(-c2cccc(C3CCC(=O)NC3=O)c2Cl)ccc1NC(=O)N1CCOC[C@H]1CC#N,VAV1,,98.3,=,1,,Shanghai Qilu Pharmaceutical Research And Development Centre,WO2026051943A1,PGDB_AS000777,% Degradation,luminescence,standardized
PGDB_C029666,Cc1cc(-c2cccc(C3CCC(=O)NC3=O)c2Cl)ccc1NC(=O)N1CCOC[C@H]1CF,VAV1,,98.7,=,1,,Shanghai Qilu Pharmaceutical Research And Development Centre,WO2026051943A1,PGDB_AS000777,% Degradation,luminescence,standardized
PGDB_C029517,Cc1cc(-c2cccc(C3CCC(=O)NC3=O)c2Cl)ccc1NC(=O)N1CCOC[C@H]1CO,VAV1,,98.3,=,1,,Shanghai Qilu Pharmaceutical Research And Development Centre,WO2026051943A1,PGDB_AS000777,% Degradation,luminescence,standardized
PGDB_C029580,Cc1cc(-c2cccc(C3CCC(=O)NC3=O)c2Cl)ccc1NC(=O)N1CCOC[C@H]1COC(F)F,VAV1,,98.6,=,1,,Shanghai Qilu Pharmaceutical Research And Development Centre,WO2026051943A1,PGDB_AS000777,% Degradation,luminescence,standardized
PGDB_C029598,Cc1cc(-c2cccc(C3CCC(=O)NC3=O)c2Cl)ccc1NC(=O)N1CCS(=O)(=O)CC1,VAV1,,98.8,=,1,,Shanghai Qilu Pharmaceutical Research And Development Centre,WO2026051943A1,PGDB_AS000777,% Degradation,luminescence,standardized
PGDB_C029623,Cc1cc(-c2cccc(C3CCC(=O)NC3=O)c2Cl)ccc1NC(=O)N1CC[C@@H](C(F)F)C1,VAV1,,98.0,=,1,,Shanghai Qilu Pharmaceutical Research And Development Centre,WO2026051943A1,PGDB_AS000777,% Degradation,luminescence,standardized
PGDB_C029616,Cc1cc(-c2cccc(C3CCC(=O)NC3=O)c2Cl)ccc1NC(=O)N1CC[C@@H](F)C1,VAV1,,98.0,=,1,,Shanghai Qilu Pharmaceutical Research And Development Centre,WO2026051943A1,PGDB_AS000777,% Degradation,luminescence,standardized
PGDB_C029549,Cc1cc(-c2cccc(C3CCC(=O)NC3=O)c2Cl)ccc1NC(=O)N1CC[C@@H](N(C)C)C1,VAV1,,97.89,=,1,,Shanghai Qilu Pharmaceutical Research And Development Centre,WO2026051943A1,PGDB_AS000777,% Degradation,luminescence,standardized
PGDB_C029511,Cc1cc(-c2cccc(C3CCC(=O)NC3=O)c2Cl)ccc1NC(=O)N1CC[C@@H](O)C1,VAV1,,98.51,=,1,,Shanghai Qilu Pharmaceutical Research And Development Centre,WO2026051943A1,PGDB_AS000777,% Degradation,luminescence,standardized
PGDB_C029582,Cc1cc(-c2cccc(C3CCC(=O)NC3=O)c2Cl)ccc1NC(=O)N1CC[C@@H](OC(F)F)C1,VAV1,,98.5,=,1,,Shanghai Qilu Pharmaceutical Research And Development Centre,WO2026051943A1,PGDB_AS000777,% Degradation,luminescence,standardized
PGDB_C029620,Cc1cc(-c2cccc(C3CCC(=O)NC3=O)c2Cl)ccc1NC(=O)N1CC[C@@](C)(O)C1,VAV1,,98.7,=,1,,Shanghai Qilu Pharmaceutical Research And Development Centre,WO2026051943A1,PGDB_AS000777,% Degradation,luminescence,standardized
PGDB_C029656,Cc1cc(-c2cccc(C3CCC(=O)NC3=O)c2Cl)ccc1NC(=O)N1CC[C@H](C(F)F)C1,VAV1,,97.9,=,1,,Shanghai Qilu Pharmaceutical Research And Development Centre,WO2026051943A1,PGDB_AS000777,% Degradation,luminescence,standardized
PGDB_C029649,Cc1cc(-c2cccc(C3CCC(=O)NC3=O)c2Cl)ccc1NC(=O)N1CC[C@H](F)C1,VAV1,,98.5,=,1,,Shanghai Qilu Pharmaceutical Research And Development Centre,WO2026051943A1,PGDB_AS000777,% Degradation,luminescence,standardized
PGDB_C029584,Cc1cc(-c2cccc(C3CCC(=O)NC3=O)c2Cl)ccc1NC(=O)N1CC[C@H](N(C)C)C1,VAV1,,98.07,=,1,,Shanghai Qilu Pharmaceutical Research And Development Centre,WO2026051943A1,PGDB_AS000777,% Degradation,luminescence,standardized
PGDB_C029515,Cc1cc(-c2cccc(C3CCC(=O)NC3=O)c2Cl)ccc1NC(=O)N1CC[C@H](O)C1,VAV1,,98.87,=,1,,Shanghai Qilu Pharmaceutical Research And Development Centre,WO2026051943A1,PGDB_AS000777,% Degradation,luminescence,standardized
PGDB_C029615,Cc1cc(-c2cccc(C3CCC(=O)NC3=O)c2Cl)ccc1NC(=O)N1CC[C@H](OC(F)F)C1,VAV1,,98.8,=,1,,Shanghai Qilu Pharmaceutical Research And Development Centre,WO2026051943A1,PGDB_AS000777,% Degradation,luminescence,standardized
PGDB_C029652,Cc1cc(-c2cccc(C3CCC(=O)NC3=O)c2Cl)ccc1NC(=O)N1CC[C@](C)(O)C1,VAV1,,98.7,=,1,,Shanghai Qilu Pharmaceutical Research And Development Centre,WO2026051943A1,PGDB_AS000777,% Degradation,luminescence,standardized
PGDB_C029607,Cc1cc(-c2cccc(C3CCC(=O)NC3=O)c2Cl)ccc1NC(=O)N1C[C@@H]2OCCO[C@@H]2C1,VAV1,,99.0,=,1,,Shanghai Qilu Pharmaceutical Research And Development Centre,WO2026051943A1,PGDB_AS000777,% Degradation,luminescence,standardized
PGDB_C029672,Cc1cc(-c2cccc(C3CCC(=O)NC3=O)c2Cl)ccc1NC(=O)N1C[C@H]2COC[C@@H]2C1,VAV1,,98.3,=,1,,Shanghai Qilu Pharmaceutical Research And Development Centre,WO2026051943A1,PGDB_AS000777,% Degradation,luminescence,standardized
PGDB_C029639,Cc1cc(-c2cccc(C3CCC(=O)NC3=O)c2Cl)ccc1NC(=O)N1C[C@H]2COC[C@H]2C1,VAV1,,97.8,=,1,,Shanghai Qilu Pharmaceutical Research And Development Centre,WO2026051943A1,PGDB_AS000777,% Degradation,luminescence,standardized
PGDB_C029575,Cc1cc(-c2cccc(C3CCC(=O)NC3=O)c2Cl)ccc1NC(=O)N1C[C@H]2OCCO[C@@H]2C1,VAV1,,99.5,=,1,,Shanghai Qilu Pharmaceutical Research And Development Centre,WO2026051943A1,PGDB_AS000777,% Degradation,luminescence,standardized
PGDB_C029595,Cc1cc(-c2cccc(C3CCC(=O)NC3=O)c2Cl)ccc1NC(=O)NC1CC1,VAV1,,99.3,=,1,,Shanghai Qilu Pharmaceutical Research And Development Centre,WO2026051943A1,PGDB_AS000777,% Degradation,luminescence,standardized
PGDB_C029539,Cc1cc(-c2cccc(C3CCC(=O)NC3=O)c2Cl)ccc1NC(=O)OC1CN(C)C1,VAV1,,93.88,=,1,,Shanghai Qilu Pharmaceutical Research And Development Centre,WO2026051943A1,PGDB_AS000777,% Degradation,luminescence,standardized
PGDB_C029569,Cc1cc(-c2cccc(C3CCC(=O)NC3=O)c2Cl)ccc1NC(=O)OCCO,VAV1,,97.9,=,1,,Shanghai Qilu Pharmaceutical Research And Development Centre,WO2026051943A1,PGDB_AS000777,% Degradation,luminescence,standardized
PGDB_C029497,Cc1cc(-c2cccc(C3CCC(=O)NC3=O)c2Cl)ccc1NC(=O)O[C@@H]1CCOC1,VAV1,,96.85,=,1,,Shanghai Qilu Pharmaceutical Research And Development Centre,WO2026051943A1,PGDB_AS000777,% Degradation,luminescence,standardized
PGDB_C029529,Cc1cc(-c2cccc(C3CCC(=O)NC3=O)c2Cl)ccc1NC(=O)O[C@H]1CCOC1,VAV1,,96.93,=,1,,Shanghai Qilu Pharmaceutical Research And Development Centre,WO2026051943A1,PGDB_AS000777,% Degradation,luminescence,standardized
PGDB_C029571,Cc1cc(-c2cccc(C3CCC(=O)NC3=O)c2Cl)ccc1NC(N)=O,VAV1,,98.7,=,1,,Shanghai Qilu Pharmaceutical Research And Development Centre,WO2026051943A1,PGDB_AS000777,% Degradation,luminescence,standardized
PGDB_C029441,Cc1cc(-c2cccc(C3CCC(=O)NC3=O)c2Cl)ccc1OC(=O)N(C)C,VAV1,,98.03,=,1,,Shanghai Qilu Pharmaceutical Research And Development Centre,WO2026051943A1,PGDB_AS000777,% Degradation,luminescence,standardized
PGDB_C029510,Cc1cc(-c2cccc(C3CCC(=O)NC3=O)c2Cl)ccc1OC(=O)N(C)C1(CO)CC1,VAV1,,98.36,=,1,,Shanghai Qilu Pharmaceutical Research And Development Centre,WO2026051943A1,PGDB_AS000777,% Degradation,luminescence,standardized
PGDB_C029538,Cc1cc(-c2cccc(C3CCC(=O)NC3=O)c2Cl)ccc1OC(=O)N(C)CCN(C)C,VAV1,,98.29,=,1,,Shanghai Qilu Pharmaceutical Research And Development Centre,WO2026051943A1,PGDB_AS000777,% Degradation,luminescence,standardized
PGDB_C029453,Cc1cc(-c2cccc(C3CCC(=O)NC3=O)c2Cl)ccc1OC(=O)N(C)CCO,VAV1,,98.68,=,1,,Shanghai Qilu Pharmaceutical Research And Development Centre,WO2026051943A1,PGDB_AS000777,% Degradation,luminescence,standardized
PGDB_C029503,Cc1cc(-c2cccc(C3CCC(=O)NC3=O)c2Cl)ccc1OC(=O)N(C)[C@@H](C)CO,VAV1,,97.99,=,1,,Shanghai Qilu Pharmaceutical Research And Development Centre,WO2026051943A1,PGDB_AS000777,% Degradation,luminescence,standardized
PGDB_C029535,Cc1cc(-c2cccc(C3CCC(=O)NC3=O)c2Cl)ccc1OC(=O)N(C)[C@H](C)CO,VAV1,,98.12,=,1,,Shanghai Qilu Pharmaceutical Research And Development Centre,WO2026051943A1,PGDB_AS000777,% Degradation,luminescence,standardized
PGDB_C029521,Cc1cc(-c2cccc(C3CCC(=O)NC3=O)c2Cl)ccc1OC(=O)N1CC(O)C1,VAV1,,98.22,=,1,,Shanghai Qilu Pharmaceutical Research And Development Centre,WO2026051943A1,PGDB_AS000777,% Degradation,luminescence,standardized
PGDB_C029524,Cc1cc(-c2cccc(C3CCC(=O)NC3=O)c2Cl)ccc1OC(=O)N1CCC(N(C)C)C1,VAV1,,97.75,=,1,,Shanghai Qilu Pharmaceutical Research And Development Centre,WO2026051943A1,PGDB_AS000777,% Degradation,luminescence,standardized
PGDB_C029499,Cc1cc(-c2cccc(C3CCC(=O)NC3=O)c2Cl)ccc1OC(=O)N1CCC1,VAV1,,98.07,=,1,,Shanghai Qilu Pharmaceutical Research And Development Centre,WO2026051943A1,PGDB_AS000777,% Degradation,luminescence,standardized
PGDB_C029465,Cc1cc(-c2cccc(C3CCC(=O)NC3=O)c2Cl)ccc1OC(=O)N1CCCC1,VAV1,,98.1,=,1,,Shanghai Qilu Pharmaceutical Research And Development Centre,WO2026051943A1,PGDB_AS000777,% Degradation,luminescence,standardized
PGDB_C029471,Cc1cc(-c2cccc(C3CCC(=O)NC3=O)c2Cl)ccc1OC(=O)N1CCC[C@@H]1CO,VAV1,,97.93,=,1,,Shanghai Qilu Pharmaceutical Research And Development Centre,WO2026051943A1,PGDB_AS000777,% Degradation,luminescence,standardized
PGDB_C029440,Cc1cc(-c2cccc(C3CCC(=O)NC3=O)c2Cl)ccc1OC(=O)N1CCC[C@H]1CO,VAV1,,97.93,=,1,,Shanghai Qilu Pharmaceutical Research And Development Centre,WO2026051943A1,PGDB_AS000777,% Degradation,luminescence,standardized
PGDB_C029531,Cc1cc(-c2cccc(C3CCC(=O)NC3=O)c2Cl)ccc1OC(=O)N1CCN(C)CC1,VAV1,,96.2,=,1,,Shanghai Qilu Pharmaceutical Research And Development Centre,WO2026051943A1,PGDB_AS000777,% Degradation,luminescence,standardized
PGDB_C029488,Cc1cc(-c2cccc(C3CCC(=O)NC3=O)c2Cl)ccc1OC(=O)N1CCOCC1,VAV1,,96.2,=,1,,Shanghai Qilu Pharmaceutical Research And Development Centre,WO2026051943A1,PGDB_AS000777,% Degradation,luminescence,standardized
PGDB_C029530,Cc1cc(-c2cccc(C3CCC(=O)NC3=O)c2Cl)ccc1OC(=O)N1CCOC[C@@H]1CO,VAV1,,96.58,=,1,,Shanghai Qilu Pharmaceutical Research And Development Centre,WO2026051943A1,PGDB_AS000777,% Degradation,luminescence,standardized
PGDB_C029498,Cc1cc(-c2cccc(C3CCC(=O)NC3=O)c2Cl)ccc1OC(=O)N1CCOC[C@H]1CO,VAV1,,98.08,=,1,,Shanghai Qilu Pharmaceutical Research And Development Centre,WO2026051943A1,PGDB_AS000777,% Degradation,luminescence,standardized
PGDB_C029523,Cc1cc(-c2cccc(C3CCC(=O)NC3=O)c2Cl)ccc1OC(=O)N1CCS(=O)(=O)CC1,VAV1,,96.05,=,1,,Shanghai Qilu Pharmaceutical Research And Development Centre,WO2026051943A1,PGDB_AS000777,% Degradation,luminescence,standardized
PGDB_C029491,Cc1cc(-c2cccc(C3CCC(=O)NC3=O)c2Cl)ccc1OC(=O)N1CC[C@@H](N(C)C)C1,VAV1,,97.95,=,1,,Shanghai Qilu Pharmaceutical Research And Development Centre,WO2026051943A1,PGDB_AS000777,% Degradation,luminescence,standardized
PGDB_C029522,Cc1cc(-c2cccc(C3CCC(=O)NC3=O)c2Cl)ccc1OC(=O)N1CC[C@@H](O)C1,VAV1,,98.48,=,1,,Shanghai Qilu Pharmaceutical Research And Development Centre,WO2026051943A1,PGDB_AS000777,% Degradation,luminescence,standardized
PGDB_C029484,Cc1cc(-c2cccc(C3CCC(=O)NC3=O)c2Cl)ccc1OC(=O)N1CC[C@@H]1CO,VAV1,,98.6,=,1,,Shanghai Qilu Pharmaceutical Research And Development Centre,WO2026051943A1,PGDB_AS000777,% Degradation,luminescence,standardized
PGDB_C029490,Cc1cc(-c2cccc(C3CCC(=O)NC3=O)c2Cl)ccc1OC(=O)N1CC[C@H](O)C1,VAV1,,98.39,=,1,,Shanghai Qilu Pharmaceutical Research And Development Centre,WO2026051943A1,PGDB_AS000777,% Degradation,luminescence,standardized
PGDB_C029454,Cc1cc(-c2cccc(C3CCC(=O)NC3=O)c2Cl)ccc1OC(=O)N1CC[C@H]1CO,VAV1,,98.63,=,1,,Shanghai Qilu Pharmaceutical Research And Development Centre,WO2026051943A1,PGDB_AS000777,% Degradation,luminescence,standardized
PGDB_C029494,Cc1cc(-c2cccc(C3CCC(=O)NC3=O)c2Cl)ccc1OC(=O)N[C@@H]1CCOC1,VAV1,,96.23,=,1,,Shanghai Qilu Pharmaceutical Research And Development Centre,WO2026051943A1,PGDB_AS000777,% Degradation,luminescence,standardized
PGDB_C029526,Cc1cc(-c2cccc(C3CCC(=O)NC3=O)c2Cl)ccc1OC(=O)N[C@H]1CCOC1,VAV1,,96.44,=,1,,Shanghai Qilu Pharmaceutical Research And Development Centre,WO2026051943A1,PGDB_AS000777,% Degradation,luminescence,standardized
PGDB_C032055,Cc1cc(-c2cccc(C3CCC(=O)NC3=O)c2Cl)sc1-n1cc(F)ccc1=O,VAV1,,96.8,=,1,,Changchun Genescience Pharmaceutical Co Ltd,WO2026119120A1,PGDB_AS000657,% Degradation,luminescence,standardized
PGDB_C032046,Cc1cc(-c2cccc(C3CCC(=O)NC3=O)c2Cl)sc1-n1ccc(C2CC2)cc1=O,VAV1,,97.6,=,1,,Changchun Genescience Pharmaceutical Co Ltd,WO2026119120A1,PGDB_AS000657,% Degradation,luminescence,standardized
PGDB_C032056,Cc1cc(-c2cccc(C3CCC(=O)NC3=O)c2Cl)sc1-n1ccc(F)cc1=O,VAV1,,96.9,=,1,,Changchun Genescience Pharmaceutical Co Ltd,WO2026119120A1,PGDB_AS000657,% Degradation,luminescence,standardized
PGDB_C032021,Cc1cc(-c2cccc(C3CCC(=O)NC3=O)c2Cl)sc1-n1cccc(C)c1=O,VAV1,,95.8,=,1,,Changchun Genescience Pharmaceutical Co Ltd,WO2026119120A1,PGDB_AS000657,% Degradation,luminescence,standardized
PGDB_C032022,Cc1cc(-c2cccc(C3CCC(=O)NC3=O)c2Cl)sc1-n1cccc(F)c1=O,VAV1,,96.8,=,1,,Changchun Genescience Pharmaceutical Co Ltd,WO2026119120A1,PGDB_AS000657,% Degradation,luminescence,standardized
PGDB_C032005,Cc1cc(-c2cccc(C3CCC(=O)NC3=O)c2Cl)sc1-n1ccccc1=O,VAV1,,96.8,=,1,,Changchun Genescience Pharmaceutical Co Ltd,WO2026119120A1,PGDB_AS000657,% Degradation,luminescence,standardized
PGDB_C032043,Cc1cc(-c2cccc(C3CCC(=O)NC3=O)c2Cl)sc1-n1ccncc1=O,VAV1,,94.2,=,1,,Changchun Genescience Pharmaceutical Co Ltd,WO2026119120A1,PGDB_AS000657,% Degradation,luminescence,standardized
PGDB_C032047,Cc1cc(-c2cccc(C3CCC(=O)NC3=O)c2Cl)sc1N1CCOC1=O,VAV1,,95.4,=,1,,Changchun Genescience Pharmaceutical Co Ltd,WO2026119120A1,PGDB_AS000657,% Degradation,luminescence,standardized
PGDB_C032039,Cc1cc(-c2cccc(C3CCC(=O)NC3=O)c2Cl)sc1NC(=O)C1CC1,VAV1,,96.8,=,1,,Changchun Genescience Pharmaceutical Co Ltd,WO2026119120A1,PGDB_AS000657,% Degradation,luminescence,standardized
PGDB_C032040,Cc1cc(-c2cccc(C3CCC(=O)NC3=O)c2Cl)sc1NC(=O)c1ccccc1,VAV1,,94.1,=,1,,Changchun Genescience Pharmaceutical Co Ltd,WO2026119120A1,PGDB_AS000657,% Degradation,luminescence,standardized
PGDB_C032041,Cc1cc(-c2cccc(C3CCC(=O)NC3=O)c2Cl)sc1NC(=O)c1ccn(C)n1,VAV1,,96.4,=,1,,Changchun Genescience Pharmaceutical Co Ltd,WO2026119120A1,PGDB_AS000657,% Degradation,luminescence,standardized
PGDB_C032008,Cc1cc(-c2cccc(C3CCC(=O)NC3=O)c2Cl)sc1Oc1ccccn1,VAV1,,95.6,=,1,,Changchun Genescience Pharmaceutical Co Ltd,WO2026119120A1,PGDB_AS000657,% Degradation,luminescence,standardized
PGDB_C032061,Cc1cc(-c2cccc(C3CCC(=O)NC3=O)c2Cl)sc1Oc1ccncn1,VAV1,,95.3,=,1,,Changchun Genescience Pharmaceutical Co Ltd,WO2026119120A1,PGDB_AS000657,% Degradation,luminescence,standardized
PGDB_C032062,Cc1cc(-c2cccc(C3CCC(=O)NC3=O)c2Cl)sc1Oc1cnccn1,VAV1,,94.5,=,1,,Changchun Genescience Pharmaceutical Co Ltd,WO2026119120A1,PGDB_AS000657,% Degradation,luminescence,standardized
PGDB_C032069,Cc1cc(-c2cccc(C3CCC(=O)NC3=O)c2Cl)sc1Oc1ncc(Cl)cn1,VAV1,,94.8,=,1,,Changchun Genescience Pharmaceutical Co Ltd,WO2026119120A1,PGDB_AS000657,% Degradation,luminescence,standardized
PGDB_C032070,Cc1cc(-c2cccc(C3CCC(=O)NC3=O)c2Cl)sc1Oc1ncc(F)cn1,VAV1,,96.6,=,1,,Changchun Genescience Pharmaceutical Co Ltd,WO2026119120A1,PGDB_AS000657,% Degradation,luminescence,standardized
PGDB_C032060,Cc1cc(-c2cccc(C3CCC(=O)NC3=O)c2Cl)sc1Oc1ncccn1,VAV1,,95.6,=,1,,Changchun Genescience Pharmaceutical Co Ltd,WO2026119120A1,PGDB_AS000657,% Degradation,luminescence,standardized
PGDB_C032063,Cc1cc(-c2cccc(C3CCC(=O)NC3=O)c2Cl)sc1Oc1nccnc1C,VAV1,,95.8,=,1,,Changchun Genescience Pharmaceutical Co Ltd,WO2026119120A1,PGDB_AS000657,% Degradation,luminescence,standardized
PGDB_C032863,Cc1cc(-c2ccccc2)n(-c2cccc(-n3ncc4c(C5CCC(=O)NC5=O)cccc43)c2)c(=O)c1,VAV1,,90.0,>,1,Jurkat,,WO2026145172A1,PGDB_AS002624,% Degradation,luminescence,standardized
PGDB_C032905,Cc1cc(-c2ccoc2)n(-c2cccc(-n3ncc4c(C5CCC(=O)NC5=O)cccc43)c2)c(=O)c1,VAV1,,90.0,>,1,Jurkat,,WO2026145172A1,PGDB_AS002599,% Degradation,luminescence,standardized
PGDB_C033066,Cc1cc(-c2cnco2)n(-c2cccc(-n3ncc4c(C5CCC(=O)NC5=O)cccc43)c2)c(=O)c1,VAV1,,90.0,>,1,Jurkat,,WO2026145172A1,PGDB_AS002627,% Degradation,luminescence,standardized
PGDB_C032985,Cc1cc(-c2cscn2)n(-c2cccc(-n3ncc4c(C5CCC(=O)NC5=O)cccc43)c2)c(=O)c1,VAV1,,90.0,>,1,Jurkat,,WO2026145172A1,PGDB_AS002599,% Degradation,luminescence,standardized
PGDB_C011323,Cc1cc(-c2nnc(NC3(c4cc(Cl)c5c(c4)C(=O)N(C4CCC(=O)NC4=O)C5)CC3)o2)nn1C(F)F,CDK2,,46.6,=,0,HEK293,Monte Rosa Therapeutics,WO2025181261A1,PGDB_AS000913,% Degradation,luminescence,standardized
PGDB_C011323,Cc1cc(-c2nnc(NC3(c4cc(Cl)c5c(c4)C(=O)N(C4CCC(=O)NC4=O)C5)CC3)o2)nn1C(F)F,GSPT1,,0.9,=,0,HEK293,Monte Rosa Therapeutics,WO2025181261A1,PGDB_AS001674,% Degradation,luminescence,standardized
PGDB_C011392,Cc1cc(-c2nnc(NC3(c4cc(Cl)c5c(c4)C(=O)N(C4CCC(=O)NC4=O)C5)CC3)o2)no1,CDK2,,43.5,=,0,HEK293,Monte Rosa Therapeutics,WO2025181261A1,PGDB_AS000913,% Degradation,luminescence,standardized
PGDB_C011392,Cc1cc(-c2nnc(NC3(c4cc(Cl)c5c(c4)C(=O)N(C4CCC(=O)NC4=O)C5)CC3)o2)no1,GSPT1,,9.9,=,0,HEK293,Monte Rosa Therapeutics,WO2025181261A1,PGDB_AS001674,% Degradation,luminescence,standardized
PGDB_C011396,Cc1cc(-c2nnc(NC3(c4cc(Cl)c5c(c4)C(=O)N(C4CCC(=O)NC4=O)C5)CC3)o2)on1,CDK2,,41.6,=,0,HEK293,Monte Rosa Therapeutics,WO2025181261A1,PGDB_AS000913,% Degradation,luminescence,standardized
PGDB_C011396,Cc1cc(-c2nnc(NC3(c4cc(Cl)c5c(c4)C(=O)N(C4CCC(=O)NC4=O)C5)CC3)o2)on1,GSPT1,,6.3,=,0,HEK293,Monte Rosa Therapeutics,WO2025181261A1,PGDB_AS001674,% Degradation,luminescence,standardized
PGDB_C032855,Cc1cc(-n2cc(F)c(F)c2)n(-c2cccc(-n3ncc4c(C5CCC(=O)NC5=O)cccc43)c2)c(=O)c1,VAV1,,90.0,>,1,Jurkat,,WO2026145172A1,PGDB_AS002624,% Degradation,luminescence,standardized
PGDB_C033006,Cc1cc(=O)n(-c2ccc(-c3cccc(C4CCC(=O)NC4=O)c3Cl)cc2)c2c1CCCCCC2,VAV1,,90.0,>,1,Jurkat,,WO2026145172A1,PGDB_AS002627,% Degradation,luminescence,standardized
PGDB_C024813,Cc1cc(=O)n(-c2ccc(-c3cccc(C4CCC(=O)NC4=O)c3Cl)cc2)c2c1nc1n2CCC1,VAV1,,98.6,=,1,Jurkat,Shanghai Meiyue Biotech Development Co Ltd,WO2026061428A1,PGDB_AS000765,% Degradation,fluorescence,standardized
PGDB_C032843,Cc1cc(=O)n(-c2ccc(-c3cccc(N4CCC(=O)NC4=O)c3Cl)cc2)c(C)c1C,VAV1,,90.0,>,1,Jurkat,,WO2026145172A1,PGDB_AS002624,% Degradation,luminescence,standardized
PGDB_C032841,Cc1cc(=O)n(-c2cccc(-n3ncc4c(C5CCC(=O)NC5=O)cccc43)c2)c(C)c1C,VAV1,,90.0,>,1,Jurkat,,WO2026145172A1,PGDB_AS002624,% Degradation,luminescence,standardized
PGDB_C032989,Cc1cc(B2OC(C)(C)C(C)(C)O2)c(Cl)c(C2CCC(=O)NC2=O)c1,VAV1,,90.0,>,1,Jurkat,,WO2026145172A1,PGDB_AS002627,% Degradation,luminescence,standardized
PGDB_C033118,Cc1cc(C(=O)N[C@H]2CC[C@H](OC(C)C)CC2)ccc1N1CCC(F)(CN2CCC3(CC2)COc2c3cc(Cl)c3c2CN([C@H]2CCC(=O)NC2=O)C3=O)CC1,CSNK1A1,,90.0,>,1,HEK293,,WO2026139085A1,PGDB_AS002607,% Degradation,luminescence,standardized
PGDB_C032885,Cc1cc(C(F)(F)C(F)(F)F)n(-c2cccc(-n3ncc4c(C5CCC(=O)NC5=O)cccc43)c2)c(=O)c1,VAV1,,90.0,>,1,Jurkat,,WO2026145172A1,PGDB_AS002624,% Degradation,luminescence,standardized
PGDB_C032806,Cc1cc(C(F)(F)F)cc(=O)n1-c1ccc(F)c(-n2ncc3c(C4CCC(=O)NC4=O)cccc32)c1,VAV1,,79.0,<=,0,Jurkat,,WO2026145172A1,PGDB_AS002624,% Degradation,luminescence,standardized
PGDB_C032797,Cc1cc(C(F)(F)F)n(-c2ccc(-c3cccc(N4CCC(=O)NC4=O)c3Cl)cc2)c(=O)c1,VAV1,,90.0,>,1,Jurkat,,WO2026145172A1,PGDB_AS002622,% Degradation,,standardized
PGDB_C032780,Cc1cc(C(F)(F)F)n(-c2ccc(F)c(-n3ncc4c(C5CCC(=O)NC5=O)cccc43)c2)c(=O)c1,VAV1,,80.0,>=,1,Jurkat,,WO2026145172A1,PGDB_AS002622,% Degradation,,standardized
PGDB_C032778,Cc1cc(C(F)(F)F)n(-c2cccc(-n3ncc4c(C5CCC(=O)NC5=O)cccc43)c2)c(=O)c1,VAV1,,90.0,>,1,Jurkat,,WO2026145172A1,PGDB_AS002622,% Degradation,,standardized
PGDB_C008083,Cc1cc(C(F)(F)F)n([C@H]2C[C@@H](OC(=O)NCc3ccc4c(c3F)C(=O)N(C3CCC(=O)NC3=O)C4)C2)n1,CDK2,,66.0,=,0,HEK293,Genentech,WO2025043225,PGDB_AS000554,% Degradation,luminescence,standardized
PGDB_C008083,Cc1cc(C(F)(F)F)n([C@H]2C[C@@H](OC(=O)NCc3ccc4c(c3F)C(=O)N(C3CCC(=O)NC3=O)C4)C2)n1,GSPT1,,14.0,=,0,HEK293,Genentech,WO2025043225,PGDB_AS000025,% Degradation,,standardized
PGDB_C008088,Cc1cc(C(F)(F)F)n([C@H]2C[C@H](OC(=O)NCc3ccc4c(c3F)C(=O)N(C3CCC(=O)NC3=O)C4)C2)n1,CDK2,,63.0,=,0,HEK293,Genentech,WO2025043225,PGDB_AS000554,% Degradation,luminescence,standardized
PGDB_C008088,Cc1cc(C(F)(F)F)n([C@H]2C[C@H](OC(=O)NCc3ccc4c(c3F)C(=O)N(C3CCC(=O)NC3=O)C4)C2)n1,GSPT1,,5.9,=,0,HEK293,Genentech,WO2025043225,PGDB_AS000025,% Degradation,,standardized
PGDB_C032915,Cc1cc(C(F)(F)F)nc(=O)n1-c1cccc(-n2ncc3c(C4CCC(=O)NC4=O)cccc32)c1,VAV1,,80.0,>=,1,Jurkat,,WO2026145172A1,PGDB_AS002599,% Degradation,luminescence,standardized
PGDB_C008085,Cc1cc(C(F)(F)F)nn1[C@H]1C[C@@H](OC(=O)NCc2ccc3c(c2F)C(=O)N(C2CCC(=O)NC2=O)C3)C1,CDK2,,58.0,=,0,HEK293,Genentech,WO2025043225,PGDB_AS000554,% Degradation,luminescence,standardized
PGDB_C008085,Cc1cc(C(F)(F)F)nn1[C@H]1C[C@@H](OC(=O)NCc2ccc3c(c2F)C(=O)N(C2CCC(=O)NC2=O)C3)C1,GSPT1,,4.5,=,0,HEK293,Genentech,WO2025043225,PGDB_AS000025,% Degradation,,standardized
PGDB_C008087,Cc1cc(C(F)(F)F)nn1[C@H]1C[C@H](OC(=O)NCc2ccc3c(c2F)C(=O)N(C2CCC(=O)NC2=O)C3)C1,CDK2,,67.0,=,0,HEK293,Genentech,WO2025043225,PGDB_AS000554,% Degradation,luminescence,standardized
PGDB_C008087,Cc1cc(C(F)(F)F)nn1[C@H]1C[C@H](OC(=O)NCc2ccc3c(c2F)C(=O)N(C2CCC(=O)NC2=O)C3)C1,GSPT1,,1.7,=,0,HEK293,Genentech,WO2025043225,PGDB_AS000025,% Degradation,,standardized
PGDB_C032058,Cc1cc(C)n(-c2cc(-c3cccc(C4CCC(=O)NC4=O)c3Cl)cs2)c(=O)c1,VAV1,,96.2,=,1,,Changchun Genescience Pharmaceutical Co Ltd,WO2026119120A1,PGDB_AS000657,% Degradation,luminescence,standardized
PGDB_C032048,Cc1cc(C)n(-c2ccc(-c3cccc(C4CCC(=O)NC4=O)c3Cl)s2)c(=O)c1,VAV1,,98.1,=,1,,Changchun Genescience Pharmaceutical Co Ltd,WO2026119120A1,PGDB_AS000657,% Degradation,luminescence,standardized
PGDB_C032073,Cc1cc(C)n(-c2ccc(-c3cccc(C4CCC(=O)NC4=O)c3Cl)s2)c(=O)c1C#N,VAV1,,95.2,=,1,,Changchun Genescience Pharmaceutical Co Ltd,WO2026119120A1,PGDB_AS000657,% Degradation,luminescence,standardized
PGDB_C032807,Cc1cc(C)n(-c2ccc(F)c(-n3ncc4c(C5CCC(=O)NC5=O)cccc43)c2)c(=O)c1,VAV1,,80.0,>=,1,Jurkat,,WO2026145172A1,PGDB_AS002624,% Degradation,luminescence,standardized
PGDB_C032990,Cc1cc(C)n(-c2cccc(-n3ncc4c(C5CCC(=O)NC5=O)cccc43)c2)c(=O)c1,VAV1,,90.0,>,1,Jurkat,,WO2026145172A1,PGDB_AS002599,% Degradation,luminescence,standardized
PGDB_C032969,Cc1cc(C)n(-c2cccc(-n3ncc4c(C5CCC(=O)NC5=O)cccc43)c2)c(=O)n1,VAV1,,80.0,>=,1,Jurkat,,WO2026145172A1,PGDB_AS002599,% Degradation,luminescence,standardized
PGDB_C032059,Cc1cc(C)n(-c2csc(-c3cccc(C4CCC(=O)NC4=O)c3Cl)c2)c(=O)c1,VAV1,,96.6,=,1,,Changchun Genescience Pharmaceutical Co Ltd,WO2026119120A1,PGDB_AS000657,% Degradation,luminescence,standardized
PGDB_C011302,Cc1cc(C2(Nc3nnc(-c4ccc(C5CC5)nc4)o3)CC2)cc2c1CN(C1CCC(=O)NC1=O)C2=O,CDK2,,54.1,=,0,HEK293,Monte Rosa Therapeutics,WO2025181261A1,PGDB_AS000913,% Degradation,luminescence,standardized
PGDB_C011302,Cc1cc(C2(Nc3nnc(-c4ccc(C5CC5)nc4)o3)CC2)cc2c1CN(C1CCC(=O)NC1=O)C2=O,GSPT1,,14.4,=,0,HEK293,Monte Rosa Therapeutics,WO2025181261A1,PGDB_AS001674,% Degradation,luminescence,standardized
PGDB_C011280,Cc1cc(C2(Nc3nnc(-c4ccc(OC(F)(F)F)cc4)o3)CC2)cc2c1CN(C1CCC(=O)NC1=O)C2=O,CDK2,,65.1,=,0,HEK293,Monte Rosa Therapeutics,WO2025181261A1,PGDB_AS000913,% Degradation,luminescence,standardized
PGDB_C011280,Cc1cc(C2(Nc3nnc(-c4ccc(OC(F)(F)F)cc4)o3)CC2)cc2c1CN(C1CCC(=O)NC1=O)C2=O,GSPT1,,5.7,=,0,HEK293,Monte Rosa Therapeutics,WO2025181261A1,PGDB_AS001674,% Degradation,luminescence,standardized
PGDB_C011306,Cc1cc(C2(Nc3nnc(-c4ccc(OC(F)F)nc4)o3)CC2)cc2c1CN(C1CCC(=O)NC1=O)C2=O,CDK2,,44.9,=,0,HEK293,Monte Rosa Therapeutics,WO2025181261A1,PGDB_AS000913,% Degradation,luminescence,standardized
PGDB_C011306,Cc1cc(C2(Nc3nnc(-c4ccc(OC(F)F)nc4)o3)CC2)cc2c1CN(C1CCC(=O)NC1=O)C2=O,GSPT1,,5.1,=,0,HEK293,Monte Rosa Therapeutics,WO2025181261A1,PGDB_AS001674,% Degradation,luminescence,standardized
PGDB_C011305,Cc1cc(C2(Nc3nnc(-c4ccc(OC5CC5)nc4)o3)CC2)cc2c1CN(C1CCC(=O)NC1=O)C2=O,CDK2,,49.8,=,0,HEK293,Monte Rosa Therapeutics,WO2025181261A1,PGDB_AS000913,% Degradation,luminescence,standardized
PGDB_C011305,Cc1cc(C2(Nc3nnc(-c4ccc(OC5CC5)nc4)o3)CC2)cc2c1CN(C1CCC(=O)NC1=O)C2=O,GSPT1,,10.9,=,0,HEK293,Monte Rosa Therapeutics,WO2025181261A1,PGDB_AS001674,% Degradation,luminescence,standardized
PGDB_C011300,Cc1cc(C2(Nc3nnc(-c4ccc(OC5CC5)nc4C)o3)CC2)cc2c1CN(C1CCC(=O)NC1=O)C2=O,CDK2,,51.5,=,0,HEK293,Monte Rosa Therapeutics,WO2025181261A1,PGDB_AS000913,% Degradation,luminescence,standardized
PGDB_C011300,Cc1cc(C2(Nc3nnc(-c4ccc(OC5CC5)nc4C)o3)CC2)cc2c1CN(C1CCC(=O)NC1=O)C2=O,GSPT1,,8.1,=,0,HEK293,Monte Rosa Therapeutics,WO2025181261A1,PGDB_AS001674,% Degradation,luminescence,standardized
PGDB_C011377,Cc1cc(C2CC2)cnc1-c1nnc(NC2(c3cc(Cl)c4c(c3)C(=O)N(C3CCC(=O)NC3=O)C4)CC2)o1,CDK2,,49.7,=,0,HEK293,Monte Rosa Therapeutics,WO2025181261A1,PGDB_AS000913,% Degradation,luminescence,standardized
PGDB_C011377,Cc1cc(C2CC2)cnc1-c1nnc(NC2(c3cc(Cl)c4c(c3)C(=O)N(C3CCC(=O)NC3=O)C4)CC2)o1,GSPT1,,7.1,=,0,HEK293,Monte Rosa Therapeutics,WO2025181261A1,PGDB_AS001674,% Degradation,luminescence,standardized
PGDB_C032823,Cc1cc(C2CC2)n(-c2ccc(-c3cccc(N4CCC(=O)NC4=O)c3Cl)cc2)c(=O)c1,VAV1,,90.0,>,1,Jurkat,,WO2026145172A1,PGDB_AS002624,% Degradation,luminescence,standardized
PGDB_C032777,Cc1cc(C2CC2)n(-c2cccc(-n3ncc4c(C5CCC(=O)NC5=O)cccc43)c2)c(=O)c1,VAV1,,90.0,>,1,Jurkat,,WO2026145172A1,PGDB_AS002622,% Degradation,,standardized
PGDB_C011375,Cc1cc(C2CC2)ncc1-c1nnc(NC2(c3cc(Cl)c4c(c3)C(=O)N(C3CCC(=O)NC3=O)C4)CC2)o1,CDK2,,50.1,=,0,HEK293,Monte Rosa Therapeutics,WO2025181261A1,PGDB_AS000913,% Degradation,luminescence,standardized
PGDB_C011375,Cc1cc(C2CC2)ncc1-c1nnc(NC2(c3cc(Cl)c4c(c3)C(=O)N(C3CCC(=O)NC3=O)C4)CC2)o1,GSPT1,,8.1,=,0,HEK293,Monte Rosa Therapeutics,WO2025181261A1,PGDB_AS001674,% Degradation,luminescence,standardized
PGDB_C032840,Cc1cc(C2CCCCC2)n(-c2cccc(-n3ncc4c(C5CCC(=O)NC5=O)cccc43)c2)c(=O)c1,VAV1,,90.0,>,1,Jurkat,,WO2026145172A1,PGDB_AS002624,% Degradation,luminescence,standardized
PGDB_C032870,Cc1cc(CC(F)(F)F)n(-c2ccc(-c3cccc(N4CCC(=O)NC4=O)c3Cl)cc2)c(=O)c1,VAV1,,90.0,>,1,Jurkat,,WO2026145172A1,PGDB_AS002624,% Degradation,luminescence,standardized
PGDB_C032871,Cc1cc(CCC(F)(F)F)n(-c2ccc(-c3cccc(N4CCC(=O)NC4=O)c3Cl)cc2)c(=O)c1,VAV1,,90.0,>,1,Jurkat,,WO2026145172A1,PGDB_AS002624,% Degradation,luminescence,standardized
PGDB_C032886,Cc1cc(CCC(F)(F)F)n(-c2cccc(-n3ncc4c(C5CCC(=O)NC5=O)cccc43)c2)c(=O)c1,VAV1,,90.0,>,1,Jurkat,,WO2026145172A1,PGDB_AS002624,% Degradation,luminescence,standardized
PGDB_C029460,Cc1cc(CN2C(=O)CCOc3cc(-c4cccc(C5CCC(=O)NC5=O)c4Cl)ccc32)n[nH]1,VAV1,,97.7,=,1,,Shanghai Qilu Pharmaceutical Research And Development Centre,WO2026051943A1,PGDB_AS000777,% Degradation,luminescence,standardized
PGDB_C008007,Cc1cc(CNC(=O)OCc2cc3n(n2)CCCC3)c(F)c2c1CN(C1CCC(=O)NC1=O)C2=O,CDK2,,66.0,=,0,HEK293,Genentech,WO2025043225,PGDB_AS000677,% Degradation,luminescence,standardized
PGDB_C008007,Cc1cc(CNC(=O)OCc2cc3n(n2)CCCC3)c(F)c2c1CN(C1CCC(=O)NC1=O)C2=O,GSPT1,,3.8,=,0,HEK293,Genentech,WO2025043225,PGDB_AS000429,% Degradation,,standardized
PGDB_C008001,Cc1cc(COC(=O)NCc2cc(Cl)c3c(c2F)C(=O)N(C2CCC(=O)NC2=O)C3)nn1C1CCC1,CDK2,,75.0,=,0,HEK293,Genentech,WO2025043225,PGDB_AS000677,% Degradation,luminescence,standardized
PGDB_C008001,Cc1cc(COC(=O)NCc2cc(Cl)c3c(c2F)C(=O)N(C2CCC(=O)NC2=O)C3)nn1C1CCC1,GSPT1,,5.7,=,0,HEK293,Genentech,WO2025043225,PGDB_AS000429,% Degradation,,standardized
PGDB_C008002,Cc1cc(COC(=O)NCc2ccc3c(c2F)C(=O)N(C2CCC(=O)NC2=O)C3)cnc1C,CDK2,,57.0,=,0,HEK293,Genentech,WO2025043225,PGDB_AS000677,% Degradation,luminescence,standardized
PGDB_C008002,Cc1cc(COC(=O)NCc2ccc3c(c2F)C(=O)N(C2CCC(=O)NC2=O)C3)cnc1C,GSPT1,,1.4,=,0,HEK293,Genentech,WO2025043225,PGDB_AS000429,% Degradation,,standardized
PGDB_C009990,Cc1cc(COc2cccc3c2CN([C@H]2CCC(=O)NC2=O)C3=O)ccc1CN1CCN2c3ccc(C#N)cc3OCC2C1,IKZF1,CRBN,92.9,=,1,HT-1080,Hangzhou Glubio Pharmaceutical,WO2023025136A1,PGDB_AS000619,% Degradation,luminescence,standardized
PGDB_C009990,Cc1cc(COc2cccc3c2CN([C@H]2CCC(=O)NC2=O)C3=O)ccc1CN1CCN2c3ccc(C#N)cc3OCC2C1,SALL4,CRBN,64.2,=,0,HT-1080,Hangzhou Glubio Pharmaceutical,WO2023025136A1,PGDB_AS001792,% Degradation,luminescence,standardized
PGDB_C009991,Cc1cc(COc2cccc3c2CN([C@H]2CCC(=O)NC2=O)C3=O)ccc1CN1CCN2c3ccc(C#N)cc3OC[C@H]2C1,IKZF1,CRBN,94.6,=,1,HT-1080,Hangzhou Glubio Pharmaceutical,WO2023025136A1,PGDB_AS000619,% Degradation,luminescence,standardized
PGDB_C009991,Cc1cc(COc2cccc3c2CN([C@H]2CCC(=O)NC2=O)C3=O)ccc1CN1CCN2c3ccc(C#N)cc3OC[C@H]2C1,SALL4,CRBN,63.0,=,0,HT-1080,Hangzhou Glubio Pharmaceutical,WO2023025136A1,PGDB_AS001792,% Degradation,luminescence,standardized
PGDB_C032049,Cc1cc(Cl)cc(=O)n1-c1ccc(-c2cccc(C3CCC(=O)NC3=O)c2Cl)s1,VAV1,,97.5,=,1,,Changchun Genescience Pharmaceutical Co Ltd,WO2026119120A1,PGDB_AS000657,% Degradation,luminescence,standardized
PGDB_C012071,Cc1cc(Cl)cnc1N1CCC(CN2CCN(Cc3ccn4ncc(N5CCC(=O)NC5=O)c4c3)C[C@@H]2C)CC1,WIZ,,81.0,=,1,HT-1080,Linkcure Therapeutics,WO2025256460A1,PGDB_AS002062,% Degradation,luminescence,standardized
PGDB_C029264,Cc1cc(N2C3CCC2CN(c2cc(-c4ccccc4O)nnc2N)C3)cc(F)c1C(=O)N1CCC(F)(CN2CCC(c3cn(C4CCC4)c4cc(N5CCC(=O)NC5=O)ccc34)CC2)CC1,SMARCA2,,79.9,=,0,,AstraZeneca,WO2026120044,PGDB_AS001542,% Degradation,,standardized
PGDB_C029264,Cc1cc(N2C3CCC2CN(c2cc(-c4ccccc4O)nnc2N)C3)cc(F)c1C(=O)N1CCC(F)(CN2CCC(c3cn(C4CCC4)c4cc(N5CCC(=O)NC5=O)ccc34)CC2)CC1,SMARCA4,,21.4,=,0,,AstraZeneca,WO2026120044,PGDB_AS000549,% Degradation,,standardized
PGDB_C029258,Cc1cc(N2C3CCC2CN(c2cc(-c4ccccc4O)nnc2N)C3)cc(F)c1C(=O)N1CCC(F)(CN2CCC(n3cc(C4CC4)c4cc(N5CCC(=O)NC5=O)cnc43)CC2)CC1,SMARCA2,,85.9,=,1,,AstraZeneca,WO2026120044,PGDB_AS001542,% Degradation,,standardized
PGDB_C029294,Cc1cc(N2C3CCC2CN(c2cc(-c4ccccc4O)nnc2N)C3)ccc1C(=O)N1CCC(CN2CCC(c3cn(C4CCC4)c4cc(N5CCC(=O)NC5=O)ccc34)CC2)CC1,SMARCA2,,87.9,=,1,,AstraZeneca,WO2026120044,PGDB_AS001542,% Degradation,,standardized
PGDB_C029294,Cc1cc(N2C3CCC2CN(c2cc(-c4ccccc4O)nnc2N)C3)ccc1C(=O)N1CCC(CN2CCC(c3cn(C4CCC4)c4cc(N5CCC(=O)NC5=O)ccc34)CC2)CC1,SMARCA4,,23.6,=,0,,AstraZeneca,WO2026120044,PGDB_AS000549,% Degradation,,standardized
PGDB_C029277,Cc1cc(N2C3CCC2CN(c2cc(-c4ccccc4O)nnc2N)C3)ccc1C(=O)N1CCC(F)(CN2CCC(c3cn(C4CCC4)c4c(F)c(N5CCC(=O)NC5=O)ccc34)CC2)CC1,SMARCA2,,90.1,=,1,,AstraZeneca,WO2026120044,PGDB_AS001542,% Degradation,,standardized
PGDB_C029172,Cc1cc(N2C3CCC2CN(c2cc(-c4ccccc4O)nnc2N)C3)ccc1C(=O)N1CCC(F)(CN2CCC(n3cc(C)c4cc(N5CCC(=O)NC5=O)ccc43)CC2)CC1,SMARCA2,,80.8,=,1,,AstraZeneca,WO2026120044,PGDB_AS001542,% Degradation,,standardized
PGDB_C029293,Cc1cc(N2C3CCC2CN(c2cc(-c4ccccc4O)nnc2N)C3)ccc1C(=O)N1CCC(F)(CN2CCN(c3cc4c(C5CC5)cn(C5CCC(=O)NC5=O)c4cn3)CC2)CC1,SMARCA2,,84.2,=,1,,AstraZeneca,WO2026120044,PGDB_AS001542,% Degradation,,standardized
PGDB_C029265,Cc1cc(N2C3CCC2CN(c2cc(-c4ccccc4O)nnc2N)C3)ccc1C(=O)N1CCN(CN2CCC(c3cn(C4CC4)c4cc(N5CCC(=O)NC5=O)ccc34)CC2)CC1,SMARCA2,,74.1,=,0,,AstraZeneca,WO2026120044,PGDB_AS001542,% Degradation,,standardized
PGDB_C029265,Cc1cc(N2C3CCC2CN(c2cc(-c4ccccc4O)nnc2N)C3)ccc1C(=O)N1CCN(CN2CCC(c3cn(C4CC4)c4cc(N5CCC(=O)NC5=O)ccc34)CC2)CC1,SMARCA4,,3.3,=,0,,AstraZeneca,WO2026120044,PGDB_AS000549,% Degradation,,standardized
PGDB_C029259,Cc1cc(N2C3CCC2CN(c2cc(-c4ccccc4O)nnc2N)C3)ccc1C(=O)N1CCN(CN2CCC(c3cn(C4CCC4)c4cc(N5CCC(=O)NC5=O)cnc34)CC2)CC1,SMARCA2,,84.2,=,1,,AstraZeneca,WO2026120044,PGDB_AS001542,% Degradation,,standardized
PGDB_C029259,Cc1cc(N2C3CCC2CN(c2cc(-c4ccccc4O)nnc2N)C3)ccc1C(=O)N1CCN(CN2CCC(c3cn(C4CCC4)c4cc(N5CCC(=O)NC5=O)cnc34)CC2)CC1,SMARCA4,,14.7,=,0,,AstraZeneca,WO2026120044,PGDB_AS000549,% Degradation,,standardized
PGDB_C032866,Cc1cc(N2CC3CC3C2)n(-c2cccc(-n3ncc4c(C5CCC(=O)NC5=O)cccc43)c2)c(=O)c1,VAV1,,90.0,>,1,Jurkat,,WO2026145172A1,PGDB_AS002624,% Degradation,luminescence,standardized
PGDB_C032848,Cc1cc(N2CC3CCC2C3)n(-c2cccc(-n3ncc4c(C5CCC(=O)NC5=O)cccc43)c2)c(=O)c1,VAV1,,90.0,>,1,Jurkat,,WO2026145172A1,PGDB_AS002624,% Degradation,luminescence,standardized
PGDB_C029178,Cc1cc(N2CCC(=O)NC2=O)c2ccn(C3CCN(CC4CCN(C(=O)c5ccc(N6C7CCC6CN(c6cc(-c8ccccc8O)nnc6N)C7)cc5)CC4)CC3)c2c1,SMARCA2,,80.3,=,1,,AstraZeneca,WO2026120044,PGDB_AS001542,% Degradation,,standardized
PGDB_C029191,Cc1cc(N2CCC(=O)NC2=O)cc2ccn(C3CCN(CC4(F)CCN(C(=O)c5ccc(N6C7CCC6CN(c6cc(-c8ccccc8O)nnc6N)C7)cc5)CC4)CC3)c12,SMARCA2,,70.9,=,0,,AstraZeneca,WO2026120044,PGDB_AS001542,% Degradation,,standardized
PGDB_C012119,Cc1cc(N2CCC(CN3CCC(Cc4ccn5nc(F)c(N6CCC(=O)NC6=O)c5c4)C[C@@H]3C)CC2)nn1C,WIZ,,93.7,=,1,HT-1080,Linkcure Therapeutics,WO2025256460A1,PGDB_AS002062,% Degradation,luminescence,standardized
PGDB_C012124,Cc1cc(N2CCC(CN3CCN(Cc4ccn5nc(F)c(N6CCC(=O)NC6=O)c5c4)C[C@@H]3C)CC2)nn1C(C)C,WIZ,,90.2,=,1,HT-1080,Linkcure Therapeutics,WO2025256460A1,PGDB_AS002062,% Degradation,luminescence,standardized
PGDB_C012121,Cc1cc(N2CCC(CN3CCN(Cc4ccn5nc(F)c(N6CCC(=O)NC6=O)c5c4)C[C@@H]3C)CC2)no1,WIZ,,90.5,=,1,HT-1080,Linkcure Therapeutics,WO2025256460A1,PGDB_AS002062,% Degradation,luminescence,standardized
PGDB_C012067,Cc1cc(N2CCC(CN3CCN(Cc4ccn5ncc(N6CCC(=O)NC6=O)c5c4)C[C@@H]3C)CC2)ncc1Cl,WIZ,,81.2,=,1,HT-1080,Linkcure Therapeutics,WO2025256460A1,PGDB_AS002062,% Degradation,luminescence,standardized
PGDB_C033121,Cc1cc(N2CCC(F)(CN3CCC4(CC3)COc3c4cc(Cl)c4c3CN([C@H]3CCC(=O)NC3=O)C4=O)CC2)ccc1C(=O)N[C@H]1CC[C@H](OC(C)C)CC1,CSNK1A1,,90.0,>,1,HEK293,,WO2026139085A1,PGDB_AS002607,% Degradation,luminescence,standardized
PGDB_C032831,Cc1cc(N2CCC(F)(F)CC2)n(-c2cccc(-n3ncc4c(C5CCC(=O)NC5=O)cccc43)c2)c(=O)c1,VAV1,,90.0,>,1,Jurkat,,WO2026145172A1,PGDB_AS002624,% Degradation,luminescence,standardized
PGDB_C032884,Cc1cc(N2CCC3(CC3)C2)n(-c2cccc(-n3ncc4c(C5CCC(=O)NC5=O)cccc43)c2)c(=O)c1,VAV1,,90.0,>,1,Jurkat,,WO2026145172A1,PGDB_AS002624,% Degradation,luminescence,standardized
PGDB_C032846,Cc1cc(N2CCC3CC32)n(-c2cccc(-n3ncc4c(C5CCC(=O)NC5=O)cccc43)c2)c(=O)c1,VAV1,,90.0,>,1,Jurkat,,WO2026145172A1,PGDB_AS002624,% Degradation,luminescence,standardized
PGDB_C032865,Cc1cc(N2CCCCC2)n(-c2cccc(-n3ncc4c(C5CCC(=O)NC5=O)cccc43)c2)c(=O)c1,VAV1,,90.0,>,1,Jurkat,,WO2026145172A1,PGDB_AS002624,% Degradation,luminescence,standardized
PGDB_C012206,Cc1cc(N2CCN(c3cccc(C4CCC(=O)NC4=O)c3Cl)CC2)c(=O)n(C)c1,VAV1,,62.788,=,0,Jurkat,Monte Rosa Therapeutics,WO2026013577A1,PGDB_AS002157,% Degradation,luminescence,standardized
PGDB_C032829,Cc1cc(N2CCOCC2)n(-c2cccc(-n3ncc4c(C5CCC(=O)NC5=O)cccc43)c2)c(=O)c1,VAV1,,90.0,>,1,Jurkat,,WO2026145172A1,PGDB_AS002624,% Degradation,luminescence,standardized
PGDB_C029171,Cc1cc(NC2CCN(c3cc(-c4ccccc4C)nnc3C)C2)ccc1C(=O)N1CCC(CN2CCN(c3ccc(N4CCC(=O)NC4=O)cc3)CC2)CC1,SMARCA2,,87.3,=,1,,AstraZeneca,WO2026120044,PGDB_AS001542,% Degradation,,standardized
PGDB_C011318,Cc1cc(OC2CC2)cnc1-c1nnc(NC2(c3cc(Cl)c4c(c3)C(=O)N(C3CCC(=O)NC3=O)C4)CC2)o1,CDK2,,42.8,=,0,HEK293,Monte Rosa Therapeutics,WO2025181261A1,PGDB_AS000913,% Degradation,luminescence,standardized
PGDB_C011318,Cc1cc(OC2CC2)cnc1-c1nnc(NC2(c3cc(Cl)c4c(c3)C(=O)N(C3CCC(=O)NC3=O)C4)CC2)o1,GSPT1,,3.9,=,0,HEK293,Monte Rosa Therapeutics,WO2025181261A1,PGDB_AS001674,% Degradation,luminescence,standardized
PGDB_C032887,Cc1cc(OC2CCOC2)n(-c2cccc(-n3ncc4c(C5CCC(=O)NC5=O)cccc43)c2)c(=O)c1,VAV1,,90.0,>,1,Jurkat,,WO2026145172A1,PGDB_AS002624,% Degradation,luminescence,standardized
PGDB_C019908,Cc1cc(OCC(=O)Nc2ccc3oc(-c4ccccc4Br)nc3c2)cc(C)c1Cl,FBXW7,,0.02,=,0,,University Of Washington;Scripps Research Institute;Fred Hutchinson Cancer Center,WO2019200310A1,PGDB_AS000856,biochemical,,standardized
PGDB_C032864,Cc1cc(OCC(F)(F)F)n(-c2ccc(-c3cccc(N4CCC(=O)NC4=O)c3Cl)cc2)c(=O)c1,VAV1,,90.0,>,1,Jurkat,,WO2026145172A1,PGDB_AS002624,% Degradation,luminescence,standardized
PGDB_C032828,Cc1cc(OCC(F)(F)F)n(-c2cccc(-n3ncc4c(C5CCC(=O)NC5=O)cccc43)c2)c(=O)c1,VAV1,,90.0,>,1,Jurkat,,WO2026145172A1,PGDB_AS002624,% Degradation,luminescence,standardized
PGDB_C029169,Cc1cc2c(N3CCC(=O)NC3=O)cccc2n1C1CCN(CC2CCN(C(=O)c3ccc(N4C5CCC4CN(c4cc(-c6ccccc6O)nnc4N)C5)cc3)CC2)CC1,SMARCA2,,91.5,=,1,,AstraZeneca,WO2026120044,PGDB_AS001542,% Degradation,,standardized
PGDB_C033123,Cc1cc2c(c3c1C(=O)N([C@H]1CCC(=O)NC1=O)C3)OCC21CCN(CC2CCN(c3ccc(C(=O)NC4CCC(Oc5ccccc5Cl)CC4)cc3F)CC2)CC1,CSNK1A1,,50.0,<,0,HEK293,,WO2026139085A1,PGDB_AS002607,% Degradation,luminescence,standardized
PGDB_C033120,Cc1cc2c(c3c1C(=O)N([C@H]1CCC(=O)NC1=O)C3)OCC21CCN(CC2CCN(c3ccc(C(=O)N[C@H]4CC[C@H](Oc5ccc(Cl)cc5)CC4)cc3F)CC2)CC1,CSNK1A1,,50.0,<,0,HEK293,,WO2026139085A1,PGDB_AS002607,% Degradation,luminescence,standardized
PGDB_C029195,Cc1cc2c(ccn2C2CCN(CC3(F)CCN(C(=O)c4ccc(N5C6CCC5CN(c5cc(-c7ccccc7O)nnc5N)C6)cc4)CC3)CC2)cc1N1CCC(=O)NC1=O,SMARCA2,,69.5,=,0,,AstraZeneca,WO2026120044,PGDB_AS001542,% Degradation,,standardized
PGDB_C001057,Cc1cc2c(cn1)OCC21CCN(CCCCCc2cccc3c2CN(C2CCC(=O)NC2=O)C3=O)CC1,CSNK1A1,,80.0,>,1,MV-4-11,Guangdong Hongye Pharmaceutical Technology;Shanghai Institute Of Materia Medica Of Cas,CN121471230A,PGDB_AS001131,% Degradation,Western_blot,standardized
PGDB_C012239,Cc1cc2cccc(N3CCN(c4cccc(C5CCC(=O)NC5=O)c4Cl)CC3)n2n1,VAV1,,93.303,=,1,Jurkat,Monte Rosa Therapeutics,WO2026013577A1,PGDB_AS002157,% Degradation,luminescence,standardized
PGDB_C031438,Cc1cc2n(n1)CC1(CC1)N(c1ccc(-c3cccc(C4CCC(=O)NC4=O)c3Cl)cc1)C2=O,VAV1,,98.7,=,1,Jurkat,,WO2026139100A1,PGDB_AS002618,% Degradation,luminescence,standardized
PGDB_C024794,Cc1cc2n(n1)CCc1cc(-c3cccc([C@@H]4CCC(=O)NC4=O)c3Cl)ccc1-2,VAV1,,93.03,=,1,Jurkat,Shanghai Meiyue Biotech Development,CN121698875A,PGDB_AS000398,% Degradation,,standardized
PGDB_C024795,Cc1cc2n(n1)CCc1cc(-c3cccc([C@H]4CCC(=O)NC4=O)c3Cl)ccc1-2,VAV1,,109.6,=,1,Jurkat,Shanghai Meiyue Biotech Development,CN121698875A,PGDB_AS000398,% Degradation,,standardized
PGDB_C024836,Cc1cc2nc3n(c2n(-c2ccc(-c4cccc(C5CCC(=O)NC5=O)c4Cl)cc2)c1=O)CCC3,VAV1,,87.8,=,1,Jurkat,Shanghai Meiyue Biotech Development,CN121698875A,PGDB_AS000398,% Degradation,,standardized
PGDB_C019925,Cc1ccc(-c2ccc(C)c3cnc(Nc4ccc(-n5cnc(-c6ccccn6)n5)cc4)nc23)cn1,FBXW7,,29.69,=,0,,University Of Washington;Scripps Research Institute;Fred Hutchinson Cancer Center,WO2019200310A1,PGDB_AS000546,biochemical,luminescence,standardized
PGDB_C019880,Cc1ccc(-c2nnc(N3CCN(C(=O)c4ccco4)CC3)c3ccccc23)cc1,FBXW7,,1.77,=,0,,University Of Washington;Scripps Research Institute;Fred Hutchinson Cancer Center,WO2019200310A1,PGDB_AS000856,biochemical,,standardized
PGDB_C011301,Cc1ccc(-c2nnc(NC3(c4cc(C)c5c(c4)C(=O)N(C4CCC(=O)NC4=O)C5)CC3)o2)cc1,CDK2,,54.7,=,0,HEK293,Monte Rosa Therapeutics,WO2025181261A1,PGDB_AS000913,% Degradation,luminescence,standardized
PGDB_C011301,Cc1ccc(-c2nnc(NC3(c4cc(C)c5c(c4)C(=O)N(C4CCC(=O)NC4=O)C5)CC3)o2)cc1,GSPT1,,7.7,=,0,HEK293,Monte Rosa Therapeutics,WO2025181261A1,PGDB_AS001674,% Degradation,luminescence,standardized
PGDB_C011307,Cc1ccc(-c2nnc(NC3(c4cc(Cl)c5c(c4)C(=O)N(C4CCC(=O)NC4=O)C5)CC3)o2)c(C)c1,CDK2,,58.3,=,0,HEK293,Monte Rosa Therapeutics,WO2025181261A1,PGDB_AS000913,% Degradation,luminescence,standardized
PGDB_C011307,Cc1ccc(-c2nnc(NC3(c4cc(Cl)c5c(c4)C(=O)N(C4CCC(=O)NC4=O)C5)CC3)o2)c(C)c1,GSPT1,,9.0,=,0,HEK293,Monte Rosa Therapeutics,WO2025181261A1,PGDB_AS001674,% Degradation,luminescence,standardized
PGDB_C011350,Cc1ccc(-c2nnc(NC3(c4cc(Cl)c5c(c4)C(=O)N(C4CCC(=O)NC4=O)C5)CC3)o2)c(C)n1,CDK2,,42.6,=,0,HEK293,Monte Rosa Therapeutics,WO2025181261A1,PGDB_AS000913,% Degradation,luminescence,standardized
PGDB_C011350,Cc1ccc(-c2nnc(NC3(c4cc(Cl)c5c(c4)C(=O)N(C4CCC(=O)NC4=O)C5)CC3)o2)c(C)n1,GSPT1,,6.8,=,0,HEK293,Monte Rosa Therapeutics,WO2025181261A1,PGDB_AS001674,% Degradation,luminescence,standardized
PGDB_C011384,Cc1ccc(-c2nnc(NC3(c4cc(Cl)c5c(c4)C(=O)N(C4CCC(=O)NC4=O)C5)CC3)o2)c(C2CC2)n1,CDK2,,60.2,=,0,HEK293,Monte Rosa Therapeutics,WO2025181261A1,PGDB_AS000913,% Degradation,luminescence,standardized
PGDB_C011384,Cc1ccc(-c2nnc(NC3(c4cc(Cl)c5c(c4)C(=O)N(C4CCC(=O)NC4=O)C5)CC3)o2)c(C2CC2)n1,GSPT1,,17.5,=,0,HEK293,Monte Rosa Therapeutics,WO2025181261A1,PGDB_AS001674,% Degradation,luminescence,standardized
PGDB_C011311,Cc1ccc(-c2nnc(NC3(c4cc(Cl)c5c(c4)C(=O)N(C4CCC(=O)NC4=O)C5)CC3)o2)c(F)c1,CDK2,,56.9,=,0,HEK293,Monte Rosa Therapeutics,WO2025181261A1,PGDB_AS000913,% Degradation,luminescence,standardized
PGDB_C011311,Cc1ccc(-c2nnc(NC3(c4cc(Cl)c5c(c4)C(=O)N(C4CCC(=O)NC4=O)C5)CC3)o2)c(F)c1,GSPT1,,7.2,=,0,HEK293,Monte Rosa Therapeutics,WO2025181261A1,PGDB_AS001674,% Degradation,luminescence,standardized
PGDB_C011271,Cc1ccc(-c2nnc(NC3(c4cc(Cl)c5c(c4)C(=O)N(C4CCC(=O)NC4=O)C5)CC3)o2)cc1,CDK2,,54.5,=,0,HEK293,Monte Rosa Therapeutics,WO2025181261A1,PGDB_AS000913,% Degradation,luminescence,standardized
PGDB_C011271,Cc1ccc(-c2nnc(NC3(c4cc(Cl)c5c(c4)C(=O)N(C4CCC(=O)NC4=O)C5)CC3)o2)cc1,GSPT1,,14.0,=,0,HEK293,Monte Rosa Therapeutics,WO2025181261A1,PGDB_AS001674,% Degradation,luminescence,standardized
PGDB_C011319,Cc1ccc(-c2nnc(NC3(c4cc(Cl)c5c(c4)C(=O)N(C4CCC(=O)NC4=O)C5)CC3)o2)cn1,CDK2,,46.3,=,0,HEK293,Monte Rosa Therapeutics,WO2025181261A1,PGDB_AS000913,% Degradation,luminescence,standardized
PGDB_C011319,Cc1ccc(-c2nnc(NC3(c4cc(Cl)c5c(c4)C(=O)N(C4CCC(=O)NC4=O)C5)CC3)o2)cn1,GSPT1,,18.0,=,0,HEK293,Monte Rosa Therapeutics,WO2025181261A1,PGDB_AS001674,% Degradation,luminescence,standardized
PGDB_C011399,Cc1ccc(-c2nnc(NC3(c4cc(F)c5c(c4)C(=O)N(C4CCC(=O)NC4=O)C5)CC3)o2)cc1,CDK2,,52.3,=,0,HEK293,Monte Rosa Therapeutics,WO2025181261A1,PGDB_AS000913,% Degradation,luminescence,standardized
PGDB_C011399,Cc1ccc(-c2nnc(NC3(c4cc(F)c5c(c4)C(=O)N(C4CCC(=O)NC4=O)C5)CC3)o2)cc1,GSPT1,,6.1,=,0,HEK293,Monte Rosa Therapeutics,WO2025181261A1,PGDB_AS001674,% Degradation,luminescence,standardized
PGDB_C011360,Cc1ccc(-c2nnc(NC3(c4cc5c(c(C(F)F)c4)CN(C4CCC(=O)NC4=O)C5=O)CC3)o2)cc1,CDK2,,57.3,=,0,HEK293,Monte Rosa Therapeutics,WO2025181261A1,PGDB_AS000913,% Degradation,luminescence,standardized
PGDB_C011360,Cc1ccc(-c2nnc(NC3(c4cc5c(c(C(F)F)c4)CN(C4CCC(=O)NC4=O)C5=O)CC3)o2)cc1,GSPT1,,6.8,=,0,HEK293,Monte Rosa Therapeutics,WO2025181261A1,PGDB_AS001674,% Degradation,luminescence,standardized
PGDB_C010137,Cc1ccc(-c2nnc(N[C@H]3CN(c4cc(F)c(C5CCC(=O)NC5=O)c(F)c4)[C@@H]3C)o2)cc1,CDK2,,59.4,=,0,HEK293,Monte Rosa Therapeutics,WO2025090727A1,PGDB_AS002016,% Degradation,luminescence,standardized
PGDB_C032794,Cc1ccc(=O)n(-c2cccc(-n3ncc4c(C5CCC(=O)NC5=O)cccc43)c2)c1,VAV1,,69.0,<=,0,Jurkat,,WO2026145172A1,PGDB_AS002622,% Degradation,,standardized
PGDB_C032024,Cc1ccc(=O)n(-c2sc(-c3cccc(C4CCC(=O)NC4=O)c3Cl)cc2C)c1,VAV1,,96.6,=,1,,Changchun Genescience Pharmaceutical Co Ltd,WO2026119120A1,PGDB_AS000657,% Degradation,luminescence,standardized
PGDB_C032952,Cc1ccc(C#N)c(=O)n1-c1cccc(-n2ncc3c(C4CCC(=O)NC4=O)cccc32)c1,VAV1,,79.0,<=,0,Jurkat,,WO2026145172A1,PGDB_AS002599,% Degradation,luminescence,standardized
PGDB_C032804,Cc1ccc(C)n(-c2cccc(-n3ncc4c(C5CCC(=O)NC5=O)cccc43)c2)c1=O,VAV1,,90.0,>,1,Jurkat,,WO2026145172A1,PGDB_AS002622,% Degradation,,standardized
PGDB_C008020,Cc1ccc(C2CC(OC(=O)NCc3ccc4c(c3)C(=O)N(C3CCC(=O)NC3=O)C4)C2)cc1,CDK2,,20.0,=,0,HEK293,Genentech,WO2025043225,PGDB_AS000735,% Degradation,luminescence,standardized
PGDB_C010051,Cc1ccc(COC(=O)NCc2ccc3c(c2)C(=O)N(C2CCC(=O)NC2=O)C3)cc1,CDK2,,10.0,<=,0,HEK293,Monte Rosa Therapeutics,WO2023069700A1,PGDB_AS000204,% Degradation,luminescence,standardized
PGDB_C019904,Cc1ccc(F)c(-n2nnnc2SCc2ccccc2F)c1,FBXW7,,1.65,=,0,,University Of Washington;Scripps Research Institute;Fred Hutchinson Cancer Center,WO2019200310A1,PGDB_AS000546,biochemical,luminescence,standardized
PGDB_C029257,Cc1ccc(N2CCC(=O)NC2=O)c2ccn(C3CCN(CC4CCN(C(=O)c5ccc(N6C7CCC6CN(c6cc(-c8ccccc8O)nnc6N)C7)cc5)CC4)CC3)c12,SMARCA2,,88.3,=,1,,AstraZeneca,WO2026120044,PGDB_AS001542,% Degradation,,standardized
PGDB_C012112,Cc1ccc(N2CCC(CN3CCN(Cc4ccn5nc(F)c(N6CCC(=O)NC6=O)c5c4)C[C@@H]3C)CC2)c(F)c1,WIZ,,92.3,=,1,HT-1080,Linkcure Therapeutics,WO2025256460A1,PGDB_AS002062,% Degradation,luminescence,standardized
PGDB_C012098,Cc1ccc(N2CCC(CN3CCN(Cc4ccn5nc(F)c(N6CCC(=O)NC6=O)c5c4)C[C@@H]3C)CC2)nc1,WIZ,,94.0,=,1,HT-1080,Linkcure Therapeutics,WO2025256460A1,PGDB_AS002062,% Degradation,luminescence,standardized
PGDB_C012066,Cc1ccc(N2CCC(CN3CCN(Cc4ccn5ncc(N6CCC(=O)NC6=O)c5c4)C[C@@H]3C)CC2)nc1,WIZ,,78.5,=,0,HT-1080,Linkcure Therapeutics,WO2025256460A1,PGDB_AS002062,% Degradation,luminescence,standardized
PGDB_C012203,Cc1ccc(N2CCN(c3cccc(C4CCC(=O)NC4=O)c3Cl)CC2)c(=O)n1C,VAV1,,67.826,=,0,Jurkat,Monte Rosa Therapeutics,WO2026013577A1,PGDB_AS002157,% Degradation,luminescence,standardized
PGDB_C000058,Cc1ccc(NC(=O)NCc2ccc3c(c2)CN(C2CCC(=O)NC2=O)C3=O)cc1Cl,CSNK1A1,CRBN,53.7,=,0,HT-1080,Hangzhou Glubio Pharmaceutical,WO2022257897A1,PGDB_AS000920,% Degradation,,standardized
PGDB_C000058,Cc1ccc(NC(=O)NCc2ccc3c(c2)CN(C2CCC(=O)NC2=O)C3=O)cc1Cl,GSPT1,CRBN,92.5,=,1,HT-1080,Hangzhou Glubio Pharmaceutical,WO2022257897A1,PGDB_AS000618,% Degradation,,standardized
PGDB_C029174,Cc1ccc2c(ccn2C2CCN(CC3CCN(C(=O)c4ccc(N5C6CCC5CN(c5cc(-c7ccccc7O)nnc5N)C6)cc4)CC3)CC2)c1N1CCC(=O)NC1=O,SMARCA2,,82.3,=,1,,AstraZeneca,WO2026120044,PGDB_AS001542,% Degradation,,standardized
PGDB_C024844,Cc1ccc2c(n1)-c1ccc(-c3cccc(C4CCC(=O)NC4=O)c3Cl)cc1CC2,VAV1,,97.6,=,1,Jurkat,Shanghai Meiyue Biotech Development,CN121698875A,PGDB_AS000398,% Degradation,,standardized
PGDB_C008077,Cc1ccc2ccnn2c1[C@H]1C[C@@H](OC(=O)NCc2ccc3c(c2F)C(=O)N(C2CCC(=O)NC2=O)C3)C1,CDK2,,75.0,=,0,HEK293,Genentech,WO2025043225,PGDB_AS000554,% Degradation,luminescence,standardized
PGDB_C008077,Cc1ccc2ccnn2c1[C@H]1C[C@@H](OC(=O)NCc2ccc3c(c2F)C(=O)N(C2CCC(=O)NC2=O)C3)C1,GSPT1,,15.0,=,0,HEK293,Genentech,WO2025043225,PGDB_AS000025,% Degradation,,standardized
PGDB_C011057,Cc1ccc2nc(-c3ccc4c(c3)C(=O)N(C3CCC(=O)NC3=O)C4=O)c(NC(C)(C)CC(C)(C)C)n2c1,WEE1,,87.0,=,1,,Dana Farber Cancer Institute;Leland Stanford Junior University,WO2025129172A1,PGDB_AS000292,% Degradation,luminescence,standardized
PGDB_C011062,Cc1ccc2nc(-c3ccc4c(c3)C(=O)N(C3CCC(=O)NC3=O)C4=O)c(NC(C)(C)CC(C)(C)C)n2c1C,WEE1,,83.0,=,1,,Dana Farber Cancer Institute;Leland Stanford Junior University,WO2025129172A1,PGDB_AS000292,% Degradation,luminescence,standardized
PGDB_C011058,Cc1ccc2nc(-c3ccc4c(c3)C(=O)N(C3CCC(=O)NC3=O)C4=O)c(NCc3ccccc3)n2c1,WEE1,,85.0,=,1,,Dana Farber Cancer Institute;Leland Stanford Junior University,WO2025129172A1,PGDB_AS000292,% Degradation,luminescence,standardized
PGDB_C011040,Cc1ccc2nc(-c3ccc4c(c3)CN(C3CCC(=O)NC3=O)C4=O)c(NC(C)(C)C)n2c1,WEE1,,96.0,=,1,,Dana Farber Cancer Institute;Leland Stanford Junior University,WO2025129172A1,PGDB_AS000292,% Degradation,luminescence,standardized
PGDB_C011037,Cc1ccc2nc(-c3ccc4c(c3)CN(C3CCC(=O)NC3=O)C4=O)c(Nc3ccc4c(c3)OCCO4)n2c1,WEE1,,66.0,=,0,,Dana Farber Cancer Institute;Leland Stanford Junior University,WO2025129172A1,PGDB_AS000292,% Degradation,luminescence,standardized
PGDB_C019896,Cc1ccc2nc(SCC(=O)Nc3ncc(C)s3)c(C#N)cc2c1,FBXW7,,0.24,=,0,,University Of Washington;Scripps Research Institute;Fred Hutchinson Cancer Center,WO2019200310A1,PGDB_AS000856,biochemical,,standardized
PGDB_C008056,Cc1ccc2scnc2c1[C@H]1C[C@@H](OC(=O)NCc2ccc3c(c2)C(=O)N(C2CCC(=O)NC2=O)C3)C1,CDK2,,71.0,=,0,HEK293,Genentech,WO2025043225,PGDB_AS000554,% Degradation,luminescence,standardized
PGDB_C008056,Cc1ccc2scnc2c1[C@H]1C[C@@H](OC(=O)NCc2ccc3c(c2)C(=O)N(C2CCC(=O)NC2=O)C3)C1,GSPT1,,14.0,=,0,HEK293,Genentech,WO2025043225,PGDB_AS000025,% Degradation,,standardized
PGDB_C008067,Cc1ccc2scnc2c1[C@H]1C[C@@H](OC(=O)NCc2ccc3c(c2F)C(=O)N(C2CCC(=O)NC2=O)C3)C1,CDK2,,77.0,=,0,HEK293,Genentech,WO2025043225,PGDB_AS000554,% Degradation,luminescence,standardized
PGDB_C008067,Cc1ccc2scnc2c1[C@H]1C[C@@H](OC(=O)NCc2ccc3c(c2F)C(=O)N(C2CCC(=O)NC2=O)C3)C1,GSPT1,,17.0,=,0,HEK293,Genentech,WO2025043225,PGDB_AS000025,% Degradation,,standardized
PGDB_C008055,Cc1ccc2scnc2c1[C@H]1C[C@H](OC(=O)NCc2ccc3c(c2)C(=O)N(C2CCC(=O)NC2=O)C3)C1,CDK2,,64.0,=,0,HEK293,Genentech,WO2025043225,PGDB_AS000554,% Degradation,luminescence,standardized
PGDB_C008055,Cc1ccc2scnc2c1[C@H]1C[C@H](OC(=O)NCc2ccc3c(c2)C(=O)N(C2CCC(=O)NC2=O)C3)C1,GSPT1,,21.0,=,0,HEK293,Genentech,WO2025043225,PGDB_AS000025,% Degradation,,standardized
PGDB_C008075,Cc1ccc2scnc2c1[C@H]1C[C@H](OC(=O)NCc2ccc3c(c2F)C(=O)N(C2CCC(=O)NC2=O)C3)C1,CDK2,,75.0,=,0,HEK293,Genentech,WO2025043225,PGDB_AS000554,% Degradation,luminescence,standardized
PGDB_C008075,Cc1ccc2scnc2c1[C@H]1C[C@H](OC(=O)NCc2ccc3c(c2F)C(=O)N(C2CCC(=O)NC2=O)C3)C1,GSPT1,,13.0,=,0,HEK293,Genentech,WO2025043225,PGDB_AS000025,% Degradation,,standardized
PGDB_C011274,Cc1cccc(-c2nnc(NC3(c4cc(Cl)c5c(c4)C(=O)N(C4CCC(=O)NC4=O)C5)CC3)o2)c1,CDK2,,57.6,=,0,HEK293,Monte Rosa Therapeutics,WO2025181261A1,PGDB_AS000913,% Degradation,luminescence,standardized
PGDB_C011274,Cc1cccc(-c2nnc(NC3(c4cc(Cl)c5c(c4)C(=O)N(C4CCC(=O)NC4=O)C5)CC3)o2)c1,GSPT1,,2.7,=,0,HEK293,Monte Rosa Therapeutics,WO2025181261A1,PGDB_AS001674,% Degradation,luminescence,standardized
PGDB_C033020,Cc1cccc(=O)n1-c1cc(F)cc(-n2ncc3c(C4CCC(=O)NC4=O)cccc32)c1,VAV1,,80.0,>=,1,Jurkat,,WO2026145172A1,PGDB_AS002624,% Degradation,luminescence,standardized
PGDB_C032025,Cc1cccc(=O)n1-c1ccc(-c2cccc(C3CCC(=O)NC3=O)c2Cl)s1,VAV1,,96.4,=,1,,Changchun Genescience Pharmaceutical Co Ltd,WO2026119120A1,PGDB_AS000657,% Degradation,luminescence,standardized
PGDB_C032791,Cc1cccc(=O)n1-c1ccc(-c2cccc(N3CCC(=O)NC3=O)c2Cl)cc1,VAV1,,90.0,>,1,Jurkat,,WO2026145172A1,PGDB_AS002622,% Degradation,,standardized
PGDB_C032808,Cc1cccc(=O)n1-c1ccc(F)c(-n2ncc3c(C4CCC(=O)NC4=O)cccc32)c1,VAV1,,90.0,>,1,Jurkat,,WO2026145172A1,PGDB_AS002624,% Degradation,luminescence,standardized
PGDB_C032769,Cc1cccc(=O)n1-c1cccc(-n2nc(F)c3c(C4CCC(=O)NC4=O)cccc32)c1,VAV1,,79.0,<=,0,Jurkat,,WO2026145172A1,PGDB_AS002622,% Degradation,,standardized
PGDB_C032978,Cc1cccc(=O)n1-c1cccc(-n2ncc3c(C4CCC(=O)NC4=O)cc(F)cc32)c1,VAV1,,90.0,>,1,Jurkat,,WO2026145172A1,PGDB_AS002599,% Degradation,luminescence,standardized
PGDB_C032820,Cc1cccc(=O)n1-c1cccc(-n2ncc3c(C4CCC(=O)NC4=O)ccc(F)c32)c1,VAV1,,69.0,<=,0,Jurkat,,WO2026145172A1,PGDB_AS002624,% Degradation,luminescence,standardized
PGDB_C032793,Cc1cccc(=O)n1-c1cccc(-n2ncc3c(C4CCC(=O)NC4=O)cccc32)c1,VAV1,,90.0,>,1,Jurkat,,WO2026145172A1,PGDB_AS002622,% Degradation,,standardized
PGDB_C019916,Cc1cccc(C(=O)N/C(=C/c2ccccc2)C(=O)Nc2c(C)n(C)n(-c3ccccc3)c2=O)c1,FBXW7,,0.11,=,0,,University Of Washington;Scripps Research Institute;Fred Hutchinson Cancer Center,WO2019200310A1,PGDB_AS000546,biochemical,luminescence,standardized
PGDB_C008151,Cc1cccc(S(=O)(=O)Nc2ccc3c(c2)C(=O)N(C2CCC(=O)NC2=O)C3=O)c1Br,GSPT1,,79.9,=,0,HEK293,Cyrus Therapeutics;Wooseok Han;Joonwoo Nam;Min Sung Joo;Dong Hyuk Ki;Kim Eun Jung;Jaeyung Lee,IL323841A,PGDB_AS002464,% Degradation,luminescence,standardized
PGDB_C008154,Cc1cccc(S(=O)(=O)Nc2ccc3c(c2)C(=O)N(C2CCC(=O)NC2=O)C3=O)c1C,GSPT1,,28.1,=,0,HEK293,Cyrus Therapeutics;Wooseok Han;Joonwoo Nam;Min Sung Joo;Dong Hyuk Ki;Kim Eun Jung;Jaeyung Lee,IL323841A,PGDB_AS002464,% Degradation,luminescence,standardized
PGDB_C008165,Cc1cccc(S(=O)(=O)Nc2ccc3c(c2)C(=O)N(C2CCC(=O)NC2=O)C3=O)c1C(F)(F)F,GSPT1,,88.3,=,1,HEK293,Cyrus Therapeutics;Wooseok Han;Joonwoo Nam;Min Sung Joo;Dong Hyuk Ki;Kim Eun Jung;Jaeyung Lee,IL323841A,PGDB_AS002464,% Degradation,luminescence,standardized
PGDB_C008150,Cc1cccc(S(=O)(=O)Nc2ccc3c(c2)C(=O)N(C2CCC(=O)NC2=O)C3=O)c1Cl,GSPT1,,59.8,=,0,HEK293,Cyrus Therapeutics;Wooseok Han;Joonwoo Nam;Min Sung Joo;Dong Hyuk Ki;Kim Eun Jung;Jaeyung Lee,IL323841A,PGDB_AS002464,% Degradation,luminescence,standardized
PGDB_C008157,Cc1cccc(S(=O)(=O)Nc2ccc3c(c2)C(=O)N(C2CCC(=O)NC2=O)C3=O)c1I,GSPT1,,86.7,=,1,HEK293,Cyrus Therapeutics;Wooseok Han;Joonwoo Nam;Min Sung Joo;Dong Hyuk Ki;Kim Eun Jung;Jaeyung Lee,IL323841A,PGDB_AS002464,% Degradation,luminescence,standardized
PGDB_C008166,Cc1cccc(S(=O)(=O)Nc2ccc3c(c2)C(=O)N(C2CCC(=O)NC2=O)C3=O)c1OC(F)(F)F,GSPT1,,72.9,=,0,HEK293,Cyrus Therapeutics;Wooseok Han;Joonwoo Nam;Min Sung Joo;Dong Hyuk Ki;Kim Eun Jung;Jaeyung Lee,IL323841A,PGDB_AS002464,% Degradation,luminescence,standardized
PGDB_C008152,Cc1cccc(S(=O)(=O)Nc2ccc3c(c2)C(=O)N(C2CCC(=O)NC2=O)C3=O)c1OC(F)F,GSPT1,,73.3,=,0,HEK293,Cyrus Therapeutics;Wooseok Han;Joonwoo Nam;Min Sung Joo;Dong Hyuk Ki;Kim Eun Jung;Jaeyung Lee,IL323841A,PGDB_AS002464,% Degradation,luminescence,standardized
PGDB_C001828,Cc1cccc([C@@H](NC(=O)c2ccc3c(c2)CN(C2CCC(=O)NC2=O)C3=O)C2CC2)c1,CSNK1A1,CRBN,47.9,=,0,HT-1080,Hangzhou Glubio Pharmaceutical,WO2022257897A1,PGDB_AS000920,% Degradation,,standardized
PGDB_C001828,Cc1cccc([C@@H](NC(=O)c2ccc3c(c2)CN(C2CCC(=O)NC2=O)C3=O)C2CC2)c1,GSPT1,CRBN,62.1,=,0,HT-1080,Hangzhou Glubio Pharmaceutical,WO2022257897A1,PGDB_AS000618,% Degradation,,standardized
PGDB_C001827,Cc1cccc([C@H](NC(=O)c2ccc3c(c2)CN(C2CCC(=O)NC2=O)C3=O)C2CC2)c1,CSNK1A1,CRBN,58.8,=,0,HT-1080,Hangzhou Glubio Pharmaceutical,WO2022257897A1,PGDB_AS000920,% Degradation,,standardized
PGDB_C001827,Cc1cccc([C@H](NC(=O)c2ccc3c(c2)CN(C2CCC(=O)NC2=O)C3=O)C2CC2)c1,GSPT1,CRBN,22.0,=,0,HT-1080,Hangzhou Glubio Pharmaceutical,WO2022257897A1,PGDB_AS000618,% Degradation,,standardized
PGDB_C008104,Cc1cccc2cnn([C@H]3C[C@@H](OC(=O)NCc4ccc5c(c4F)C(=O)N(C4CCC(=O)NC4=O)C5)C3)c12,CDK2,,51.0,=,0,HEK293,Genentech,WO2025043225,PGDB_AS000554,% Degradation,luminescence,standardized
PGDB_C008104,Cc1cccc2cnn([C@H]3C[C@@H](OC(=O)NCc4ccc5c(c4F)C(=O)N(C4CCC(=O)NC4=O)C5)C3)c12,GSPT1,,6.1,=,0,HEK293,Genentech,WO2025043225,PGDB_AS000025,% Degradation,,standardized
PGDB_C008102,Cc1cccc2cnn([C@H]3C[C@H](OC(=O)NCc4ccc5c(c4F)C(=O)N(C4CCC(=O)NC4=O)C5)C3)c12,CDK2,,75.0,=,0,HEK293,Genentech,WO2025043225,PGDB_AS000554,% Degradation,luminescence,standardized
PGDB_C008102,Cc1cccc2cnn([C@H]3C[C@H](OC(=O)NCc4ccc5c(c4F)C(=O)N(C4CCC(=O)NC4=O)C5)C3)c12,GSPT1,,15.0,=,0,HEK293,Genentech,WO2025043225,PGDB_AS000025,% Degradation,,standardized
PGDB_C011055,Cc1cccc2nc(-c3ccc4c(c3)C(=O)N(C3CCC(=O)NC3=O)C4=O)c(NC(C)(C)CC(C)(C)C)n12,WEE1,,80.0,=,1,,Dana Farber Cancer Institute;Leland Stanford Junior University,WO2025129172A1,PGDB_AS000292,% Degradation,luminescence,standardized
PGDB_C011039,Cc1cccc2nc(-c3ccc4c(c3)CN(C3CCC(=O)NC3=O)C4=O)c(NC(C)(C)C)n12,WEE1,,93.0,=,1,,Dana Farber Cancer Institute;Leland Stanford Junior University,WO2025129172A1,PGDB_AS000292,% Degradation,luminescence,standardized
PGDB_C011036,Cc1cccc2nc(-c3ccc4c(c3)CN(C3CCC(=O)NC3=O)C4=O)c(Nc3ccc4c(c3)OCCO4)n12,WEE1,,47.0,=,0,,Dana Farber Cancer Institute;Leland Stanford Junior University,WO2025129172A1,PGDB_AS000292,% Degradation,luminescence,standardized
PGDB_C007968,Cc1cccc2nc(COC(=O)NCc3ccc4c(c3)C(=O)N(C3CCC(=O)NC3=O)C4)sc12,CDK2,,30.0,=,0,HEK293,Genentech,WO2025043225,PGDB_AS002435,% Degradation,luminescence,standardized
PGDB_C007965,Cc1cccc2sc(COC(=O)NCc3ccc4c(c3)C(=O)N(C3CCC(=O)NC3=O)C4)nc12,CDK2,,26.0,=,0,HEK293,Genentech,WO2025043225,PGDB_AS002435,% Degradation,luminescence,standardized
PGDB_C029207,Cc1ccccc1-c1cc(N2CC3CCC(C2)N3c2ccc(C(=O)N3CCC(F)(CN4CCC(n5ccc6c(N7CCC(=O)NC7=O)c(C)ccc65)CC4)CC3)cc2)c(N)nn1,SMARCA2,,69.4,=,0,,AstraZeneca,WO2026120044,PGDB_AS001542,% Degradation,,standardized
PGDB_C008023,Cc1ccccc1C1CC(OC(=O)NCc2ccc3c(c2)C(=O)N(C2CCC(=O)NC2=O)C3)C1,CDK2,,48.0,=,0,HEK293,Genentech,WO2025043225,PGDB_AS000735,% Degradation,luminescence,standardized
PGDB_C001805,Cc1ccccc1[C@@H](NC(=O)c1ccc2c(c1)CN(C1CCC(=O)NC1=O)C2=O)C1CC1,CSNK1A1,CRBN,61.0,=,0,HT-1080,Hangzhou Glubio Pharmaceutical,WO2022257897A1,PGDB_AS000920,% Degradation,,standardized
PGDB_C001805,Cc1ccccc1[C@@H](NC(=O)c1ccc2c(c1)CN(C1CCC(=O)NC1=O)C2=O)C1CC1,GSPT1,CRBN,32.5,=,0,HT-1080,Hangzhou Glubio Pharmaceutical,WO2022257897A1,PGDB_AS000618,% Degradation,,standardized
PGDB_C032026,Cc1cccn(-c2ccc(-c3cccc(C4CCC(=O)NC4=O)c3Cl)s2)c1=O,VAV1,,91.9,=,1,,Changchun Genescience Pharmaceutical Co Ltd,WO2026119120A1,PGDB_AS000657,% Degradation,luminescence,standardized
PGDB_C011042,Cc1cccn2c(NC(C)(C)C)c(-c3ccc4c(c3)CN(C3CCC(=O)NC3=O)C4=O)nc12,WEE1,,91.0,=,1,,Dana Farber Cancer Institute;Leland Stanford Junior University,WO2025129172A1,PGDB_AS000292,% Degradation,luminescence,standardized
PGDB_C032029,Cc1ccn(-c2ccc(-c3cccc(C4CCC(=O)NC4=O)c3Cl)s2)c(=O)c1,VAV1,,94.9,=,1,,Changchun Genescience Pharmaceutical Co Ltd,WO2026119120A1,PGDB_AS000657,% Degradation,luminescence,standardized
PGDB_C032023,Cc1ccn(-c2sc(-c3cccc(C4CCC(=O)NC4=O)c3Cl)cc2C)c(=O)c1,VAV1,,97.3,=,1,,Changchun Genescience Pharmaceutical Co Ltd,WO2026119120A1,PGDB_AS000657,% Degradation,luminescence,standardized
PGDB_C032057,Cc1ccn(-c2sc(-c3cccc(C4CCC(=O)NC4=O)c3Cl)cc2Cl)c(=O)c1,VAV1,,96.0,=,1,,Changchun Genescience Pharmaceutical Co Ltd,WO2026119120A1,PGDB_AS000657,% Degradation,luminescence,standardized
PGDB_C032764,Cc1ccn(C)c(=O)c1-c1cccc(-n2ncc3c(C4CCC(=O)NC4=O)cccc32)c1,VAV1,,79.0,<=,0,Jurkat,,WO2026145172A1,PGDB_AS002622,% Degradation,,standardized
PGDB_C012219,Cc1ccn(C)c(=O)c1N1CC2CN(c3cccc(C4CCC(=O)NC4=O)c3Cl)CC2C1,VAV1,,38.588,=,0,Jurkat,Monte Rosa Therapeutics,WO2026013577A1,PGDB_AS002157,% Degradation,luminescence,standardized
PGDB_C012217,Cc1ccn(C)c(=O)c1N1CCN(c2cccc(C3CCC(=O)NC3=O)c2Cl)CC1,VAV1,,41.732,=,0,Jurkat,Monte Rosa Therapeutics,WO2026013577A1,PGDB_AS002157,% Degradation,luminescence,standardized
PGDB_C011041,Cc1ccn2c(NC(C)(C)C)c(-c3ccc4c(c3)CN(C3CCC(=O)NC3=O)C4=O)nc2c1,WEE1,,93.0,=,1,,Dana Farber Cancer Institute;Leland Stanford Junior University,WO2025129172A1,PGDB_AS000292,% Degradation,luminescence,standardized
PGDB_C011038,Cc1ccn2c(Nc3ccc4c(c3)OCCO4)c(-c3ccc4c(c3)CN(C3CCC(=O)NC3=O)C4=O)nc2c1,WEE1,,19.0,=,0,,Dana Farber Cancer Institute;Leland Stanford Junior University,WO2025129172A1,PGDB_AS000292,% Degradation,luminescence,standardized
PGDB_C019918,Cc1ccnc(N2CCC(C(=O)Nc3ccccc3Br)CC2)n1,FBXW7,,0.05,=,0,,University Of Washington;Scripps Research Institute;Fred Hutchinson Cancer Center,WO2019200310A1,PGDB_AS000856,biochemical,,standardized
PGDB_C012104,Cc1ccnc(N2CCC(CN3CCN(Cc4ccn5nc(F)c(N6CCC(=O)NC6=O)c5c4)C[C@@H]3C)CC2)n1,WIZ,,94.5,=,1,HT-1080,Linkcure Therapeutics,WO2025256460A1,PGDB_AS002062,% Degradation,luminescence,standardized
PGDB_C032067,Cc1ccnc(Oc2sc(-c3cccc(C4CCC(=O)NC4=O)c3Cl)cc2C)n1,VAV1,,95.7,=,1,,Changchun Genescience Pharmaceutical Co Ltd,WO2026119120A1,PGDB_AS000657,% Degradation,luminescence,standardized
PGDB_C012135,Cc1cn(C)nc1C1CCC(CN2CCN(Cc3ccn4nc(F)c(N5CCC(=O)NC5=O)c4c3)C[C@@H]2C)CC1,WIZ,,94.6,=,1,HT-1080,Linkcure Therapeutics,WO2025256460A1,PGDB_AS002062,% Degradation,luminescence,standardized
PGDB_C029308,Cc1cn(C2CC3(CCN(CC4CCN(c5ccc(N6C7CCC6CN(c6cc(-c8ccccc8O)nnc6N)C7)cc5)CC4)CC3)C2)c2ccc(N3CCC(=O)NC3=O)cc12,SMARCA2,,67.8,=,0,,AstraZeneca,WO2026120044,PGDB_AS000411,% Degradation,,standardized
PGDB_C029223,Cc1cn(C2CCC3(CC2)CCN(CC2(F)CCN(C(=O)c4ccc(N5C6CCC5CN(c5cc(-c7ccccc7O)nnc5N)C6)cc4)CC2)CC3)c2ccc(N3CCC(=O)NC3=O)cc12,SMARCA2,,58.8,=,0,,AstraZeneca,WO2026120044,PGDB_AS001542,% Degradation,,standardized
PGDB_C029310,Cc1cn(C2CCC3(CC2)CCN(CC2CCN(c4ccc(N5C6CCC5CN(c5cc(-c7ccccc7O)cnc5N)C6)cc4)CC2)CC3)c2ccc(N3CCC(=O)NC3=O)cc12,SMARCA2,,70.4,=,0,,AstraZeneca,WO2026120044,PGDB_AS000411,% Degradation,,standardized
PGDB_C029275,Cc1cn(C2CCN(CC3(F)CCN(C(=O)c4c(F)cc(N5C6CCC5CN(c5cc(-c7ccccc7O)nnc5N)C6)cc4C#N)CC3)CC2)c2ccc(N3CCC(=O)NC3=O)c(F)c12,SMARCA2,,77.3,=,0,,AstraZeneca,WO2026120044,PGDB_AS001542,% Degradation,,standardized
PGDB_C029275,Cc1cn(C2CCN(CC3(F)CCN(C(=O)c4c(F)cc(N5C6CCC5CN(c5cc(-c7ccccc7O)nnc5N)C6)cc4C#N)CC3)CC2)c2ccc(N3CCC(=O)NC3=O)c(F)c12,SMARCA4,,17.8,=,0,,AstraZeneca,WO2026120044,PGDB_AS000549,% Degradation,,standardized
PGDB_C029240,Cc1cn(C2CCN(CC3(F)CCN(C(=O)c4c(F)cc(N5C6CCC5CN(c5cc(-c7ccccc7O)nnc5N)C6)cc4C#N)CC3)CC2)c2ccc(N3CCC(=O)NC3=O)cc12,SMARCA2,,75.9,=,0,,AstraZeneca,WO2026120044,PGDB_AS001542,% Degradation,,standardized
PGDB_C029295,Cc1cn(C2CCN(CC3(F)CCN(C(=O)c4c(F)cc(N5C6CCC5CN(c5cc(-c7ccccc7O)nnc5N)C6)cc4F)CC3)CC2)c2ccc(N3CCC(=O)NC3=O)cc12,SMARCA2,,84.2,=,1,,AstraZeneca,WO2026120044,PGDB_AS001542,% Degradation,,standardized
PGDB_C029255,Cc1cn(C2CCN(CC3(F)CCN(C(=O)c4ccc(N5C6CCC5CN(c5cc(-c7c(O)cccc7F)nnc5N)C6)cc4)CC3)CC2)c2ccc(N3CCC(=O)NC3=O)cc12,SMARCA2,,65.8,=,0,,AstraZeneca,WO2026120044,PGDB_AS001542,% Degradation,,standardized
PGDB_C029272,Cc1cn(C2CCN(CC3(F)CCN(C(=O)c4ccc(N5C6CCC5CN(c5cc(-c7ccccc7O)nnc5N)C6)c(F)c4)CC3)CC2)c2ccc(N3CCC(=O)NC3=O)c(F)c12,SMARCA2,,79.1,=,0,,AstraZeneca,WO2026120044,PGDB_AS001542,% Degradation,,standardized
PGDB_C029262,Cc1cn(C2CCN(CC3(F)CCN(C(=O)c4ccc(N5C6CCC5CN(c5cc(-c7ccccc7O)nnc5N)C6)cc4)CC3)CC2)c2cc(F)c(N3CCC(=O)NC3=O)c(F)c12,SMARCA2,,84.9,=,1,,AstraZeneca,WO2026120044,PGDB_AS001542,% Degradation,,standardized
PGDB_C029245,Cc1cn(C2CCN(CC3(F)CCN(C(=O)c4ccc(N5C6CCC5CN(c5cc(-c7ccccc7O)nnc5N)C6)cc4)CC3)CC2)c2ccc(N3CCC(=O)N(COP(=O)(O)O)C3=O)cc12,SMARCA2,,79.8,=,0,,AstraZeneca,WO2026120044,PGDB_AS001542,% Degradation,,standardized
PGDB_C029245,Cc1cn(C2CCN(CC3(F)CCN(C(=O)c4ccc(N5C6CCC5CN(c5cc(-c7ccccc7O)nnc5N)C6)cc4)CC3)CC2)c2ccc(N3CCC(=O)N(COP(=O)(O)O)C3=O)cc12,SMARCA4,,15.8,=,0,,AstraZeneca,WO2026120044,PGDB_AS000549,% Degradation,,standardized
PGDB_C029182,Cc1cn(C2CCN(CC3(F)CCN(C(=O)c4ccc(N5C6CCC5CN(c5cc(-c7ccccc7O)nnc5N)C6)cc4)CC3)CC2)c2ccn(C3CCC(=O)NC3=O)c12,SMARCA2,,83.9,=,1,,AstraZeneca,WO2026120044,PGDB_AS001542,% Degradation,,standardized
PGDB_C029219,Cc1cn(C2CCN(CC3(F)CCN(C(=O)c4ccc(N5C6CCC5CN(c5cc(-c7ccccc7O)nnc5N)C6)cc4)CC3)CC2)c2ncc(N3CCC(=O)NC3=O)cc12,SMARCA2,,86.6,=,1,,AstraZeneca,WO2026120044,PGDB_AS001542,% Degradation,,standardized
PGDB_C029219,Cc1cn(C2CCN(CC3(F)CCN(C(=O)c4ccc(N5C6CCC5CN(c5cc(-c7ccccc7O)nnc5N)C6)cc4)CC3)CC2)c2ncc(N3CCC(=O)NC3=O)cc12,SMARCA4,,33.8,=,0,,AstraZeneca,WO2026120044,PGDB_AS000549,% Degradation,,standardized
PGDB_C029237,Cc1cn(C2CCN(CC3(F)CCN(C(=O)c4ccc(N5C6CCC5CN(c5cc(-c7ccccc7O)nnc5N)C6)cc4C#N)CC3)CC2)c2ccc(N3CCC(=O)NC3=O)c(F)c12,SMARCA2,,74.7,=,0,,AstraZeneca,WO2026120044,PGDB_AS001542,% Degradation,,standardized
PGDB_C029187,Cc1cn(C2CCN(CC3(F)CCN(C(=O)c4ccc(N5C6CCC5CN(c5cc(-c7ccccc7O)nnc5N)C6)cc4F)CC3)CC2)c2ccc(N3CCC(=O)NC3=O)cc12,SMARCA2,,82.7,=,1,,AstraZeneca,WO2026120044,PGDB_AS001542,% Degradation,,standardized
PGDB_C029246,Cc1cn(C2CCN(CC3(F)CCN(C(=O)c4ccc(N5C6CCC5N(Cc5cc(-c7ccccc7OCOP(=O)(O)O)nnc5N)C6)cc4)CC3)CC2)c2ccc(N3CCC(=O)NC3=O)cc12,SMARCA2,,83.6,=,1,,AstraZeneca,WO2026120044,PGDB_AS001542,% Degradation,,standardized
PGDB_C029246,Cc1cn(C2CCN(CC3(F)CCN(C(=O)c4ccc(N5C6CCC5N(Cc5cc(-c7ccccc7OCOP(=O)(O)O)nnc5N)C6)cc4)CC3)CC2)c2ccc(N3CCC(=O)NC3=O)cc12,SMARCA4,,19.2,=,0,,AstraZeneca,WO2026120044,PGDB_AS000549,% Degradation,,standardized
PGDB_C029230,Cc1cn(C2CCN(CC3(F)CCN(Cc4ccc(N5C6CCC5CN(c5cc(-c7ccccc7O)nnc5N)C6)cc4)CC3)CC2)c2ccc(N3CCC(=O)NC3=O)cc12,SMARCA2,,53.9,=,0,,AstraZeneca,WO2026120044,PGDB_AS001542,% Degradation,,standardized
PGDB_C029196,Cc1cn(C2CCN(CC3CCN(C(=O)c4ccc(N5C6CCC5CN(c5cc(-c7ccccc7O)nnc5N)C6)cc4)CC3)CC2)c2ccc(N3CCC(=O)NC3=O)cc12,SMARCA2,,69.6,=,0,,AstraZeneca,WO2026120044,PGDB_AS001542,% Degradation,,standardized
PGDB_C029321,Cc1cn(C2COC3(CCN(CC4CCN(c5ccc(N6C7CCC6CN(c6cc(-c8ccccc8O)nnc6N)C7)cc5F)CC4)CC3)CO2)c2ccc(N3CCC(=O)NC3=O)cc12,SMARCA2,,76.5,=,0,,AstraZeneca,WO2026120044,PGDB_AS000411,% Degradation,,standardized
PGDB_C008084,Cc1cn([C@H]2C[C@@H](OC(=O)NCc3ccc4c(c3F)C(=O)N(C3CCC(=O)NC3=O)C4)C2)nc1C(F)(F)F,CDK2,,52.0,=,0,HEK293,Genentech,WO2025043225,PGDB_AS000554,% Degradation,luminescence,standardized
PGDB_C008084,Cc1cn([C@H]2C[C@@H](OC(=O)NCc3ccc4c(c3F)C(=O)N(C3CCC(=O)NC3=O)C4)C2)nc1C(F)(F)F,GSPT1,,4.0,=,0,HEK293,Genentech,WO2025043225,PGDB_AS000025,% Degradation,,standardized
PGDB_C012246,Cc1cn2cccc(N3CCN(c4cccc(C5CCC(=O)NC5=O)c4Cl)CC3)c2n1,VAV1,,85.98,=,1,Jurkat,Monte Rosa Therapeutics,WO2026013577A1,PGDB_AS002157,% Degradation,luminescence,standardized
PGDB_C012086,Cc1cnc(N2CCC(CN3CCN(Cc4ccn5nc(F)c(N6CCC(=O)NC6=O)c5c4)C[C@@H]3C)CC2)nc1,WIZ,,93.8,=,1,HT-1080,Linkcure Therapeutics,WO2025256460A1,PGDB_AS002062,% Degradation,luminescence,standardized
PGDB_C012100,Cc1cnc(N2CC[C@@H](CN3CCN(Cc4ccn5nc(F)c(N6CCC(=O)NC6=O)c5c4)C[C@@H]3C)C2)nc1,WIZ,,90.1,=,1,HT-1080,Linkcure Therapeutics,WO2025256460A1,PGDB_AS002062,% Degradation,luminescence,standardized
PGDB_C032071,Cc1cnc(Oc2ccc(-c3cccc(C4CCC(=O)NC4=O)c3Cl)s2)nc1,VAV1,,87.0,=,1,,Changchun Genescience Pharmaceutical Co Ltd,WO2026119120A1,PGDB_AS000657,% Degradation,luminescence,standardized
PGDB_C032064,Cc1cnc(Oc2sc(-c3cccc(C4CCC(=O)NC4=O)c3Cl)cc2C)cn1,VAV1,,94.0,=,1,,Changchun Genescience Pharmaceutical Co Ltd,WO2026119120A1,PGDB_AS000657,% Degradation,luminescence,standardized
PGDB_C032066,Cc1cnc(Oc2sc(-c3cccc(C4CCC(=O)NC4=O)c3Cl)cc2C)nc1,VAV1,,96.1,=,1,,Changchun Genescience Pharmaceutical Co Ltd,WO2026119120A1,PGDB_AS000657,% Degradation,luminescence,standardized
PGDB_C032068,Cc1cnc(Oc2sc(-c3cccc(C4CCC(=O)NC4=O)c3Cl)cc2C)nc1C,VAV1,,94.7,=,1,,Changchun Genescience Pharmaceutical Co Ltd,WO2026119120A1,PGDB_AS000657,% Degradation,luminescence,standardized
PGDB_C008112,Cc1cnc([C@H]2C[C@@H](OC(=O)NCc3ccc4c(c3F)C(=O)N(C3CCC(=O)NC3=O)C4)C2)c2ncsc12,CDK2,,69.0,=,0,HEK293,Genentech,WO2025043225,PGDB_AS000554,% Degradation,luminescence,standardized
PGDB_C008112,Cc1cnc([C@H]2C[C@@H](OC(=O)NCc3ccc4c(c3F)C(=O)N(C3CCC(=O)NC3=O)C4)C2)c2ncsc12,GSPT1,,1.6,=,0,HEK293,Genentech,WO2025043225,PGDB_AS000025,% Degradation,,standardized
PGDB_C032790,Cc1cncc(=O)n1-c1cccc(-n2ncc3c(C4CCC(=O)NC4=O)cccc32)c1,VAV1,,80.0,>=,1,Jurkat,,WO2026145172A1,PGDB_AS002622,% Degradation,,standardized
PGDB_C032065,Cc1cncc(Oc2sc(-c3cccc(C4CCC(=O)NC4=O)c3Cl)cc2C)n1,VAV1,,94.4,=,1,,Changchun Genescience Pharmaceutical Co Ltd,WO2026119120A1,PGDB_AS000657,% Degradation,luminescence,standardized
PGDB_C033001,Cc1cnn(-c2cc(C(F)(F)F)cc(=O)n2-c2cccc(-n3ncc4c(C5CCC(=O)NC5=O)cccc43)c2)c1,VAV1,,90.0,>,1,Jurkat,,WO2026145172A1,PGDB_AS002599,% Degradation,luminescence,standardized
PGDB_C012155,Cc1cnn(C2CCC(N3CCN(Cc4ccn5nc(F)c(N6CCC(=O)NC6=O)c5c4)C[C@@H]3C)CC2)c1,WIZ,,92.2,=,1,HT-1080,Linkcure Therapeutics,WO2025256460A1,PGDB_AS002062,% Degradation,luminescence,standardized
PGDB_C008095,Cc1cnn([C@H]2C[C@@H](OC(=O)NCc3ccc4c(c3F)C(=O)N(C3CCC(=O)NC3=O)C4)C2)c1C(F)(F)F,CDK2,,62.0,=,0,HEK293,Genentech,WO2025043225,PGDB_AS000554,% Degradation,luminescence,standardized
PGDB_C008095,Cc1cnn([C@H]2C[C@@H](OC(=O)NCc3ccc4c(c3F)C(=O)N(C3CCC(=O)NC3=O)C4)C2)c1C(F)(F)F,GSPT1,,17.0,=,0,HEK293,Genentech,WO2025043225,PGDB_AS000025,% Degradation,,standardized
PGDB_C008086,Cc1cnn([C@H]2C[C@H](OC(=O)NCc3ccc4c(c3F)C(=O)N(C3CCC(=O)NC3=O)C4)C2)c1C(F)(F)F,CDK2,,67.0,=,0,HEK293,Genentech,WO2025043225,PGDB_AS000554,% Degradation,luminescence,standardized
PGDB_C008086,Cc1cnn([C@H]2C[C@H](OC(=O)NCc3ccc4c(c3F)C(=O)N(C3CCC(=O)NC3=O)C4)C2)c1C(F)(F)F,GSPT1,,3.3,=,0,HEK293,Genentech,WO2025043225,PGDB_AS000025,% Degradation,,standardized
PGDB_C020452,Cc1conc1C(C)(C)C(=O)NCc1cc(F)c(C2CCC(=O)NC2=O)c(Cl)c1,NEK7,CRBN,54.0,=,0,CAL-51,Monte Rosa Therapeutics,KR20260041885A,PGDB_AS002252,% Degradation,luminescence,standardized
PGDB_C008699,Cc1n[nH]c2c1CC(N[C@H]1CCCC[C@@H]1Cc1ccc3c(c1)CN(C1CCC(=O)NC1=O)C3=O)CC2,IKZF1,,25.0,=,0,HEK293,Gilead Sciences,JP2026020265A,PGDB_AS000216,% Degradation,luminescence,standardized
PGDB_C008699,Cc1n[nH]c2c1CC(N[C@H]1CCCC[C@@H]1Cc1ccc3c(c1)CN(C1CCC(=O)NC1=O)C3=O)CC2,IKZF2,,95.0,=,1,HEK293,Gilead Sciences,JP2026020265A,PGDB_AS000211,% Degradation,luminescence,standardized
PGDB_C007941,Cc1nc(-c2ccccc2)sc1COC(=O)NCc1ccc2c(c1)C(=O)N(C1CCC(=O)NC1=O)C2,CDK2,,22.0,=,0,HEK293,Genentech,WO2025043225,PGDB_AS002435,% Degradation,luminescence,standardized
PGDB_C011378,Cc1nc(-c2nnc(NC3(c4cc(Cl)c5c(c4)C(=O)N(C4CCC(=O)NC4=O)C5)CC3)o2)ccc1C(F)F,CDK2,,50.6,=,0,HEK293,Monte Rosa Therapeutics,WO2025181261A1,PGDB_AS000913,% Degradation,luminescence,standardized
PGDB_C011378,Cc1nc(-c2nnc(NC3(c4cc(Cl)c5c(c4)C(=O)N(C4CCC(=O)NC4=O)C5)CC3)o2)ccc1C(F)F,GSPT1,,1.5,=,0,HEK293,Monte Rosa Therapeutics,WO2025181261A1,PGDB_AS001674,% Degradation,luminescence,standardized
PGDB_C007940,Cc1nc(C)c(COC(=O)NCc2ccc3c(c2)C(=O)N(C2CCC(=O)NC2=O)C3)s1,CDK2,,23.0,=,0,HEK293,Genentech,WO2025043225,PGDB_AS002435,% Degradation,luminescence,standardized
PGDB_C011345,Cc1nc(C2CC2)ccc1-c1nnc(NC2(c3cc(Cl)c4c(c3)C(=O)N(C3CCC(=O)NC3=O)C4)CC2)o1,CDK2,,61.5,=,0,HEK293,Monte Rosa Therapeutics,WO2025181261A1,PGDB_AS000913,% Degradation,luminescence,standardized
PGDB_C011345,Cc1nc(C2CC2)ccc1-c1nnc(NC2(c3cc(Cl)c4c(c3)C(=O)N(C3CCC(=O)NC3=O)C4)CC2)o1,GSPT1,,4.7,=,0,HEK293,Monte Rosa Therapeutics,WO2025181261A1,PGDB_AS001674,% Degradation,luminescence,standardized
PGDB_C011331,Cc1nc(C2CC2)oc1-c1nnc(NC2(c3cc(Cl)c4c(c3)C(=O)N(C3CCC(=O)NC3=O)C4)CC2)o1,CDK2,,43.1,=,0,HEK293,Monte Rosa Therapeutics,WO2025181261A1,PGDB_AS000913,% Degradation,luminescence,standardized
PGDB_C011331,Cc1nc(C2CC2)oc1-c1nnc(NC2(c3cc(Cl)c4c(c3)C(=O)N(C3CCC(=O)NC3=O)C4)CC2)o1,GSPT1,,3.0,=,0,HEK293,Monte Rosa Therapeutics,WO2025181261A1,PGDB_AS001674,% Degradation,luminescence,standardized
PGDB_C011372,Cc1nc(C2CCC2)oc1-c1nnc(NC2(c3cc(Cl)c4c(c3)C(=O)N(C3CCC(=O)NC3=O)C4)CC2)o1,CDK2,,54.6,=,0,HEK293,Monte Rosa Therapeutics,WO2025181261A1,PGDB_AS000913,% Degradation,luminescence,standardized
PGDB_C011372,Cc1nc(C2CCC2)oc1-c1nnc(NC2(c3cc(Cl)c4c(c3)C(=O)N(C3CCC(=O)NC3=O)C4)CC2)o1,GSPT1,,5.0,=,0,HEK293,Monte Rosa Therapeutics,WO2025181261A1,PGDB_AS001674,% Degradation,luminescence,standardized
PGDB_C011383,Cc1nc(CC2CC2)oc1-c1nnc(NC2(c3cc(Cl)c4c(c3)C(=O)N(C3CCC(=O)NC3=O)C4)CC2)o1,CDK2,,47.8,=,0,HEK293,Monte Rosa Therapeutics,WO2025181261A1,PGDB_AS000913,% Degradation,luminescence,standardized
PGDB_C011383,Cc1nc(CC2CC2)oc1-c1nnc(NC2(c3cc(Cl)c4c(c3)C(=O)N(C3CCC(=O)NC3=O)C4)CC2)o1,GSPT1,,7.4,=,0,HEK293,Monte Rosa Therapeutics,WO2025181261A1,PGDB_AS001674,% Degradation,luminescence,standardized
PGDB_C007945,Cc1nc(COC(=O)NCc2ccc3c(c2)C(=O)N(C2CCC(=O)NC2=O)C3)sc1C,CDK2,,30.0,=,0,HEK293,Genentech,WO2025043225,PGDB_AS002435,% Degradation,luminescence,standardized
PGDB_C012072,Cc1nc(N2CCC(CN3CCN(Cc4ccn5ncc(N6CCC(=O)NC6=O)c5c4)C[C@@H]3C)CC2)ccc1Cl,WIZ,,81.4,=,1,HT-1080,Linkcure Therapeutics,WO2025256460A1,PGDB_AS002062,% Degradation,luminescence,standardized
PGDB_C001478,Cc1nc(NC(=O)OCc2ccc3c(c2)C(=O)N(C2CCC(=O)NC2=O)C3)ncc1C(F)(F)F,GSPT1,,92.89,=,1,HEK293,Nanjing Sanhome Pharmaceutical,CN118852145A,PGDB_AS002339,% Degradation,luminescence,standardized
PGDB_C011400,Cc1nc(OC2CC2)ccc1-c1nnc(NC2(c3cc(F)c4c(c3)C(=O)N(C3CCC(=O)NC3=O)C4)CC2)o1,CDK2,,47.5,=,0,HEK293,Monte Rosa Therapeutics,WO2025181261A1,PGDB_AS000913,% Degradation,luminescence,standardized
PGDB_C011400,Cc1nc(OC2CC2)ccc1-c1nnc(NC2(c3cc(F)c4c(c3)C(=O)N(C3CCC(=O)NC3=O)C4)CC2)o1,GSPT1,,9.4,=,0,HEK293,Monte Rosa Therapeutics,WO2025181261A1,PGDB_AS001674,% Degradation,luminescence,standardized
PGDB_C011362,Cc1nc(OC2CC2)ccc1-c1nnc(NC2(c3cc4c(c(C(F)F)c3)CN(C3CCC(=O)NC3=O)C4=O)CC2)o1,CDK2,,37.8,=,0,HEK293,Monte Rosa Therapeutics,WO2025181261A1,PGDB_AS000913,% Degradation,luminescence,standardized
PGDB_C011362,Cc1nc(OC2CC2)ccc1-c1nnc(NC2(c3cc4c(c(C(F)F)c3)CN(C3CCC(=O)NC3=O)C4=O)CC2)o1,GSPT1,,5.2,=,0,HEK293,Monte Rosa Therapeutics,WO2025181261A1,PGDB_AS001674,% Degradation,luminescence,standardized
PGDB_C008049,Cc1nc2c(C3CC(OC(=O)NCc4ccc5c(c4)C(=O)N(C4CCC(=O)NC4=O)C5)C3)cccc2s1,CDK2,,54.0,=,0,HEK293,Genentech,WO2025043225,PGDB_AS000554,% Degradation,luminescence,standardized
PGDB_C008049,Cc1nc2c(C3CC(OC(=O)NCc4ccc5c(c4)C(=O)N(C4CCC(=O)NC4=O)C5)C3)cccc2s1,GSPT1,,11.0,=,0,HEK293,Genentech,WO2025043225,PGDB_AS000025,% Degradation,,standardized
PGDB_C024808,Cc1nc2c(o1)CCc1cc(-c3cccc(C4CCC(=O)NC4=O)c3Cl)ccc1-2,VAV1,,95.3,=,1,Jurkat,Shanghai Meiyue Biotech Development Co Ltd,WO2026061428A1,PGDB_AS000765,% Degradation,fluorescence,standardized
PGDB_C007943,Cc1nc2cc(COC(=O)NCc3ccc4c(c3)C(=O)N(C3CCC(=O)NC3=O)C4)ccc2s1,CDK2,,24.0,=,0,HEK293,Genentech,WO2025043225,PGDB_AS002435,% Degradation,luminescence,standardized
PGDB_C033059,Cc1ncc(-c2cc(C(F)(F)F)cc(=O)n2-c2cccc(-n3ncc4c(C5CCC(=O)NC5=O)cccc43)c2)s1,VAV1,,90.0,>,1,Jurkat,,WO2026145172A1,PGDB_AS002627,% Degradation,luminescence,standardized
PGDB_C032987,Cc1ncc(-c2cc(C(F)F)cc(=O)n2-c2cccc(-n3ncc4c(C5CCC(=O)NC5=O)cccc43)c2)s1,VAV1,,90.0,>,1,Jurkat,,WO2026145172A1,PGDB_AS002627,% Degradation,luminescence,standardized
PGDB_C011340,Cc1ncc(-c2nnc(NC3(c4cc(Cl)c5c(c4)C(=O)N(C4CCC(=O)NC4=O)C5)CC3)o2)c(C2CC2)n1,CDK2,,39.1,=,0,HEK293,Monte Rosa Therapeutics,WO2025181261A1,PGDB_AS000913,% Degradation,luminescence,standardized
PGDB_C011340,Cc1ncc(-c2nnc(NC3(c4cc(Cl)c5c(c4)C(=O)N(C4CCC(=O)NC4=O)C5)CC3)o2)c(C2CC2)n1,GSPT1,,2.2,=,0,HEK293,Monte Rosa Therapeutics,WO2025181261A1,PGDB_AS001674,% Degradation,luminescence,standardized
PGDB_C020455,Cc1ncc(C(C)(C)C(=O)NCc2cc(Cl)c(C3CCC(=O)NC3=O)c(Cl)c2)o1,NEK7,CRBN,78.0,=,0,CAL-51,Monte Rosa Therapeutics,KR20260041885A,PGDB_AS002252,% Degradation,luminescence,standardized
PGDB_C020454,Cc1ncc(C(C)(C)C(=O)NCc2cc(F)c(C3CCC(=O)NC3=O)c(Cl)c2)o1,NEK7,CRBN,67.0,=,0,CAL-51,Monte Rosa Therapeutics,KR20260041885A,PGDB_AS002252,% Degradation,luminescence,standardized
PGDB_C012139,Cc1ncc(C2CCC(CN3CCN(Cc4ccn5nc(F)c(N6CCC(=O)NC6=O)c5c4)C[C@@H]3C)CC2)cn1,WIZ,,92.1,=,1,HT-1080,Linkcure Therapeutics,WO2025256460A1,PGDB_AS002062,% Degradation,luminescence,standardized
PGDB_C008119,Cc1ncc2scnc2c1[C@H]1C[C@@H](OC(=O)NCc2cc(Cl)c3c(c2F)C(=O)N(C2CCC(=O)NC2=O)C3)C1,CDK2,,77.0,=,0,HEK293,Genentech,WO2025043225,PGDB_AS000554,% Degradation,luminescence,standardized
PGDB_C008119,Cc1ncc2scnc2c1[C@H]1C[C@@H](OC(=O)NCc2cc(Cl)c3c(c2F)C(=O)N(C2CCC(=O)NC2=O)C3)C1,GSPT1,,0.25,=,0,HEK293,Genentech,WO2025043225,PGDB_AS000025,% Degradation,,standardized
PGDB_C008118,Cc1ncc2scnc2c1[C@H]1C[C@@H](OC(=O)NCc2ccc3c(c2F)C(=O)N(C2CCC(=O)NC2=O)C3)C1,CDK2,,57.0,=,0,HEK293,Genentech,WO2025043225,PGDB_AS000554,% Degradation,luminescence,standardized
PGDB_C008118,Cc1ncc2scnc2c1[C@H]1C[C@@H](OC(=O)NCc2ccc3c(c2F)C(=O)N(C2CCC(=O)NC2=O)C3)C1,GSPT1,,6.3,=,0,HEK293,Genentech,WO2025043225,PGDB_AS000025,% Degradation,,standardized
PGDB_C008120,Cc1ncc2scnc2c1[C@H]1C[C@H](OC(=O)NCc2cc(Cl)c3c(c2F)C(=O)N(C2CCC(=O)NC2=O)C3)C1,CDK2,,71.0,=,0,HEK293,Genentech,WO2025043225,PGDB_AS000554,% Degradation,luminescence,standardized
PGDB_C008120,Cc1ncc2scnc2c1[C@H]1C[C@H](OC(=O)NCc2cc(Cl)c3c(c2F)C(=O)N(C2CCC(=O)NC2=O)C3)C1,GSPT1,,0.35,=,0,HEK293,Genentech,WO2025043225,PGDB_AS000025,% Degradation,,standardized
PGDB_C032789,Cc1nccc(=O)n1-c1cccc(-n2ncc3c(C4CCC(=O)NC4=O)cccc32)c1,VAV1,,79.0,<=,0,Jurkat,,WO2026145172A1,PGDB_AS002622,% Degradation,,standardized
PGDB_C008079,Cc1nccc(F)c1[C@H]1C[C@@H](OC(=O)NCc2ccc3c(c2F)C(=O)N(C2CCC(=O)NC2=O)C3)C1,CDK2,,68.0,=,0,HEK293,Genentech,WO2025043225,PGDB_AS000554,% Degradation,luminescence,standardized
PGDB_C008079,Cc1nccc(F)c1[C@H]1C[C@@H](OC(=O)NCc2ccc3c(c2F)C(=O)N(C2CCC(=O)NC2=O)C3)C1,GSPT1,,9.9,=,0,HEK293,Genentech,WO2025043225,PGDB_AS000025,% Degradation,,standardized
PGDB_C011382,Cc1nn(C(C)C)cc1-c1nnc(NC2(c3cc(Cl)c4c(c3)C(=O)N(C3CCC(=O)NC3=O)C4)CC2)o1,CDK2,,43.2,=,0,HEK293,Monte Rosa Therapeutics,WO2025181261A1,PGDB_AS000913,% Degradation,luminescence,standardized
PGDB_C011382,Cc1nn(C(C)C)cc1-c1nnc(NC2(c3cc(Cl)c4c(c3)C(=O)N(C3CCC(=O)NC3=O)C4)CC2)o1,GSPT1,,5.0,=,0,HEK293,Monte Rosa Therapeutics,WO2025181261A1,PGDB_AS001674,% Degradation,luminescence,standardized
PGDB_C012154,Cc1nn(C2CCC(CN3CCN(Cc4ccn5nc(F)c(N6CCC(=O)NC6=O)c5c4)C[C@@H]3C)CC2)cc1Cl,WIZ,,92.0,=,1,HT-1080,Linkcure Therapeutics,WO2025256460A1,PGDB_AS002062,% Degradation,luminescence,standardized
PGDB_C028700,Cc1nn(CC(=O)Nc2ccc3c(F)c(N4CC(=O)NS4(=O)=O)c4[nH]ncc4c3c2)c(C)c1-c1ccc2c(C3CCC(=O)NC3=O)nn(C)c2c1,PTPN1,,93.7,=,1,,Northridge Health Group Hong Kong,WO2026119184,PGDB_AS002412,% Degradation,,standardized
PGDB_C011381,Cc1nn2c(c1-c1nnc(NC3(c4cc(Cl)c5c(c4)C(=O)N(C4CCC(=O)NC4=O)C5)CC3)o1)CCCC2,CDK2,,36.3,=,0,HEK293,Monte Rosa Therapeutics,WO2025181261A1,PGDB_AS000913,% Degradation,luminescence,standardized
PGDB_C011381,Cc1nn2c(c1-c1nnc(NC3(c4cc(Cl)c5c(c4)C(=O)N(C4CCC(=O)NC4=O)C5)CC3)o1)CCCC2,GSPT1,,7.6,=,0,HEK293,Monte Rosa Therapeutics,WO2025181261A1,PGDB_AS001674,% Degradation,luminescence,standardized
PGDB_C012084,Cc1nn2ccc(CN3CCN(CC(C)C)[C@@H](C)C3)cc2c1N1CCC(=O)NC1=O,WIZ,,75.8,=,0,HT-1080,Linkcure Therapeutics,WO2025256460A1,PGDB_AS002062,% Degradation,luminescence,standardized
PGDB_C029222,Cc1nnc(-c2ccccc2O)cc1N1CCC(Nc2ccc(C(=O)N3CCC(F)(CN4CCC(n5cc(CC#N)c6cc(N7CCC(=O)NC7=O)ccc65)CC4)CC3)cc2)CC1,SMARCA2,,71.7,=,0,,AstraZeneca,WO2026120044,PGDB_AS001542,% Degradation,,standardized
PGDB_C029222,Cc1nnc(-c2ccccc2O)cc1N1CCC(Nc2ccc(C(=O)N3CCC(F)(CN4CCC(n5cc(CC#N)c6cc(N7CCC(=O)NC7=O)ccc65)CC4)CC3)cc2)CC1,SMARCA4,,3.9,=,0,,AstraZeneca,WO2026120044,PGDB_AS000549,% Degradation,,standardized
PGDB_C033055,Cc1noc(C)c1-c1cc(C(F)F)cc(=O)n1-c1cccc(-n2ncc3c(C4CCC(=O)NC4=O)cccc32)c1,VAV1,,90.0,>,1,Jurkat,,WO2026145172A1,PGDB_AS002599,% Degradation,luminescence,standardized
PGDB_C012258,Cc1noc2c(N3CCC(c4cccc(C5CCC(=O)NC5=O)c4Cl)CC3)cccc12,VAV1,,56.643,=,0,Jurkat,Monte Rosa Therapeutics,WO2026013577A1,PGDB_AS002157,% Degradation,luminescence,standardized
PGDB_C011380,Cc1oc(C(F)(F)F)nc1-c1nnc(NC2(c3cc(Cl)c4c(c3)C(=O)N(C3CCC(=O)NC3=O)C4)CC2)o1,CDK2,,47.8,=,0,HEK293,Monte Rosa Therapeutics,WO2025181261A1,PGDB_AS000913,% Degradation,luminescence,standardized
PGDB_C011380,Cc1oc(C(F)(F)F)nc1-c1nnc(NC2(c3cc(Cl)c4c(c3)C(=O)N(C3CCC(=O)NC3=O)C4)CC2)o1,GSPT1,,16.0,=,0,HEK293,Monte Rosa Therapeutics,WO2025181261A1,PGDB_AS001674,% Degradation,luminescence,standardized
PGDB_C011379,Cc1oc(C2CC2)nc1-c1nnc(NC2(c3cc(Cl)c4c(c3)C(=O)N(C3CCC(=O)NC3=O)C4)CC2)o1,CDK2,,39.0,=,0,HEK293,Monte Rosa Therapeutics,WO2025181261A1,PGDB_AS000913,% Degradation,luminescence,standardized
PGDB_C011379,Cc1oc(C2CC2)nc1-c1nnc(NC2(c3cc(Cl)c4c(c3)C(=O)N(C3CCC(=O)NC3=O)C4)CC2)o1,GSPT1,,4.9,=,0,HEK293,Monte Rosa Therapeutics,WO2025181261A1,PGDB_AS001674,% Degradation,luminescence,standardized
PGDB_C012259,Cc1onc2c(N3CCC(c4cccc(C5CCC(=O)NC5=O)c4Cl)CC3)cccc12,VAV1,,56.32,=,0,Jurkat,Monte Rosa Therapeutics,WO2026013577A1,PGDB_AS002157,% Degradation,luminescence,standardized
PGDB_C012267,Cc1onc2c(N3CCN(c4cccc(C5CCC(=O)NC5=O)c4Cl)CC3)cccc12,VAV1,,44.342,=,0,Jurkat,Monte Rosa Therapeutics,WO2026013577A1,PGDB_AS002157,% Degradation,luminescence,standardized
PGDB_C028705,Cn1c(=O)n(C2CCC(=O)NC2=O)c2ccc(-c3ccc(-c4nc(-c5cc(OCC6CC(F)(F)C6)c6sc(C(F)(F)P(=O)(O)O)c(Br)c6c5)n[nH]4)cc3)cc21,PTPN1,,97.1,=,1,,Northridge Health Group Hong Kong,WO2026119184,PGDB_AS002412,% Degradation,,standardized
PGDB_C028704,Cn1c(=O)n(C2CCC(=O)NC2=O)c2ccc(-c3ccc(-c4nc(-c5cc(OCC6CC6)c6sc(C(F)(F)P(=O)(O)F)c(Br)c6c5)n[nH]4)cc3)cc21,PTPN1,,96.9,=,1,,Northridge Health Group Hong Kong,WO2026119184,PGDB_AS002412,% Degradation,,standardized
PGDB_C028706,Cn1c(=O)n(C2CCC(=O)NC2=O)c2ccc(-c3ccc(-c4nc(-c5cc(OCCCC(C)(F)F)c6sc(C(F)(F)P(=O)(O)O)c(Br)c6c5)n[nH]4)cc3)cc21,PTPN1,,91.4,=,1,,Northridge Health Group Hong Kong,WO2026119184,PGDB_AS002412,% Degradation,,standardized
PGDB_C028703,Cn1c(=O)n(C2CCC(=O)NC2=O)c2ccc(-c3ccc(-c4nc(-c5cc(OCCCS(C)(=O)=O)c6sc(C(F)(F)P(=O)(O)O)c(Br)c6c5)n[nH]4)cc3)cc21,PTPN1,,99.8,=,1,,Northridge Health Group Hong Kong,WO2026119184,PGDB_AS002412,% Degradation,,standardized
PGDB_C028702,Cn1c(=O)n(C2CCC(=O)NC2=O)c2ccc(-c3ccc(-c4nnc(-c5cc(OCc6ccc(S(C)(=O)=O)cc6)c6sc(C(F)(F)P(=O)(O)O)c(Br)c6c5)[nH]4)cc3)cc21,PTPN1,,96.6,=,1,,Northridge Health Group Hong Kong,WO2026119184,PGDB_AS002412,% Degradation,,standardized
PGDB_C028701,Cn1c(=O)n(C2CCC(=O)NC2=O)c2ccc(-c3ccc(Cc4nnc(-c5cc(OCc6ccc(S(C)(=O)=O)cc6)c6sc(C(F)(F)P(=O)(O)O)c(Br)c6c5)[nH]4)cc3)cc21,PTPN1,,98.5,=,1,,Northridge Health Group Hong Kong,WO2026119184,PGDB_AS002412,% Degradation,,standardized
PGDB_C032911,Cn1cc(-c2cc(C(F)(F)F)cc(=O)n2-c2cccc(-n3ncc4c(C5CCC(=O)NC5=O)cccc43)c2)cn1,VAV1,,90.0,>,1,Jurkat,,WO2026145172A1,PGDB_AS002599,% Degradation,luminescence,standardized
PGDB_C033004,Cn1cc(-c2cc(C(F)F)cc(=O)n2-c2cccc(-n3ncc4c(C5CCC(=O)NC5=O)cccc43)c2)cn1,VAV1,,90.0,>,1,Jurkat,,WO2026145172A1,PGDB_AS002599,% Degradation,luminescence,standardized
PGDB_C001859,Cn1cc(-c2cccnc2[C@@H](NC(=O)c2ccc3c(c2)CN([C@H]2CCC(=O)NC2=O)C3=O)C2CCC2)cn1,CSNK1A1,CRBN,72.4,=,0,HT-1080,Hangzhou Glubio Pharmaceutical,WO2022257897A1,PGDB_AS000920,% Degradation,,standardized
PGDB_C001859,Cn1cc(-c2cccnc2[C@@H](NC(=O)c2ccc3c(c2)CN([C@H]2CCC(=O)NC2=O)C3=O)C2CCC2)cn1,GSPT1,CRBN,15.2,=,0,HT-1080,Hangzhou Glubio Pharmaceutical,WO2022257897A1,PGDB_AS000618,% Degradation,,standardized
PGDB_C029208,Cn1cc(-c2cn(C3CCN(CC4(F)CCN(C(=O)c5ccc(N6C7CCC6CN(c6cc(-c8ccccc8O)nnc6N)C7)cc5)CC4)CC3)c3ccc(N4CCC(=O)NC4=O)cc23)cn1,SMARCA2,,64.3,=,0,,AstraZeneca,WO2026120044,PGDB_AS001542,% Degradation,,standardized
PGDB_C029208,Cn1cc(-c2cn(C3CCN(CC4(F)CCN(C(=O)c5ccc(N6C7CCC6CN(c6cc(-c8ccccc8O)nnc6N)C7)cc5)CC4)CC3)c3ccc(N4CCC(=O)NC4=O)cc23)cn1,SMARCA4,,1.6,=,0,,AstraZeneca,WO2026120044,PGDB_AS000549,% Degradation,,standardized
PGDB_C029297,Cn1cc(C2CCN(CC3(F)CCN(C(=O)c4ccc(N5C6CCC5CN(c5cc(-c7ccccc7O)nnc5N)C6)cc4)CC3)CC2)c2cccc(N3CCC(=O)NC3=O)c21,SMARCA2,,82.5,=,1,,AstraZeneca,WO2026120044,PGDB_AS001542,% Degradation,,standardized
PGDB_C029231,Cn1cc(C2CCN(CC3(F)CCN(C(=O)c4ccc(NC5CCN(c6cc(-c7ccccc7Cl)nnc6N)C5)cc4)CC3)CC2)c2ccc(N3CCC(=O)NC3=O)cc21,SMARCA2,,71.3,=,0,,AstraZeneca,WO2026120044,PGDB_AS001542,% Degradation,,standardized
PGDB_C029231,Cn1cc(C2CCN(CC3(F)CCN(C(=O)c4ccc(NC5CCN(c6cc(-c7ccccc7Cl)nnc6N)C5)cc4)CC3)CC2)c2ccc(N3CCC(=O)NC3=O)cc21,SMARCA4,,6.5,=,0,,AstraZeneca,WO2026120044,PGDB_AS000549,% Degradation,,standardized
PGDB_C008423,Cn1cc(CN[C@H]2CCCC[C@@H]2Cc2ccc3c(c2)CN(C2CCC(=O)NC2=O)C3=O)cn1,IKZF2,,78.0,=,0,HEK293,Gilead Sciences,JP2026020265A,PGDB_AS000211,% Degradation,luminescence,standardized
PGDB_C029217,Cn1cc(N2CCN(CC3CCN(C(=O)c4ccc(N5C6CCC5CN(c5cc(-c7ccccc7O)nnc5N)C6)cc4)CC3)CC2)c2ccc(N3CCC(=O)NC3=O)cc21,SMARCA2,,52.5,=,0,,AstraZeneca,WO2026120044,PGDB_AS001542,% Degradation,,standardized
PGDB_C029603,Cn1cc(OC(F)F)c(=O)n1-c1ccc(-c2cccc(C3CCC(=O)NC3=O)c2Cl)cc1,VAV1,,97.9,=,1,,Shanghai Qilu Pharmaceutical Research And Development Centre,WO2026051943A1,PGDB_AS000777,% Degradation,luminescence,standardized
PGDB_C024874,Cn1cc2c(ccc3cc(-c4cccc(C5CCC(=O)NC5=O)c4Cl)ccc32)n1,VAV1,,92.61,=,1,Jurkat,Shanghai Meiyue Biotech Development,CN121698875A,PGDB_AS000398,% Degradation,,standardized
PGDB_C024762,Cn1cc2c(n1)-c1ccc(-c3cccc(C4CCC(=O)NC4=O)c3Cl)cc1CC2,VAV1,,97.8,=,1,Jurkat,Shanghai Meiyue Biotech Development Co Ltd,WO2026061428A1,PGDB_AS000765,% Degradation,fluorescence,standardized
PGDB_C024734,Cn1cc2c(n1)CCc1cc(-c3cccc(C4CCC(=O)NC4=O)c3Cl)ccc1-2,VAV1,,99.3,=,1,Jurkat,Shanghai Meiyue Biotech Development,CN121698875A,PGDB_AS000398,% Degradation,,standardized
PGDB_C024764,Cn1cc2c(n1)Cc1cc(-c3cccc(C4CCC(=O)NC4=O)c3Cl)ccc1-2,VAV1,,91.2,=,1,Jurkat,Shanghai Meiyue Biotech Development Co Ltd,WO2026061428A1,PGDB_AS000765,% Degradation,fluorescence,standardized
PGDB_C012247,Cn1cc2cccc(N3CCN(c4cccc(C5CCC(=O)NC5=O)c4Cl)CC3)c2n1,VAV1,,84.67,=,1,Jurkat,Monte Rosa Therapeutics,WO2026013577A1,PGDB_AS002157,% Degradation,luminescence,standardized
PGDB_C032946,Cn1ccc(-c2cc(C(F)(F)F)cc(=O)n2-c2cccc(-n3ncc4c(C5CCC(=O)NC5=O)cccc43)c2)n1,VAV1,,90.0,>,1,Jurkat,,WO2026145172A1,PGDB_AS002599,% Degradation,luminescence,standardized
PGDB_C033005,Cn1ccc(-c2cc(C(F)F)cc(=O)n2-c2cccc(-n3ncc4c(C5CCC(=O)NC5=O)cccc43)c2)n1,VAV1,,90.0,>,1,Jurkat,,WO2026145172A1,PGDB_AS002599,% Degradation,luminescence,standardized
PGDB_C029443,Cn1ccc(C(=O)N2CCCOc3cc(-c4cccc(C5CCC(=O)NC5=O)c4Cl)ccc32)n1,VAV1,,93.2,=,1,,Shanghai Qilu Pharmaceutical Research And Development Centre,WO2026051943A1,PGDB_AS000777,% Degradation,luminescence,standardized
PGDB_C012215,Cn1ccc(C(F)(F)F)c(N2CC3(CN(c4cccc(C5CCC(=O)NC5=O)c4Cl)C3)C2)c1=O,VAV1,,43.921,=,0,Jurkat,Monte Rosa Therapeutics,WO2026013577A1,PGDB_AS002157,% Degradation,luminescence,standardized
PGDB_C029470,Cn1ccc(CN2C(=O)C3(CC3)Oc3cc(-c4cccc(C5CCC(=O)NC5=O)c4Cl)ccc32)n1,VAV1,,98.11,=,1,,Shanghai Qilu Pharmaceutical Research And Development Centre,WO2026051943A1,PGDB_AS000777,% Degradation,luminescence,standardized
PGDB_C029426,Cn1ccc(CN2C(=O)CCOc3cc(-c4cccc(C5CCC(=O)NC5=O)c4Cl)ccc32)n1,VAV1,,96.7,=,1,,Shanghai Qilu Pharmaceutical Research And Development Centre,WO2026051943A1,PGDB_AS000777,% Degradation,luminescence,standardized
PGDB_C029462,Cn1ccc(CN2C(=O)COCc3cc(-c4cccc(C5CCC(=O)NC5=O)c4Cl)ccc32)n1,VAV1,,97.3,=,1,,Shanghai Qilu Pharmaceutical Research And Development Centre,WO2026051943A1,PGDB_AS000777,% Degradation,luminescence,standardized
PGDB_C029459,Cn1ccc(CN2C(=O)CSc3cc(-c4cccc(C5CCC(=O)NC5=O)c4Cl)ccc32)n1,VAV1,,98.1,=,1,,Shanghai Qilu Pharmaceutical Research And Development Centre,WO2026051943A1,PGDB_AS000777,% Degradation,luminescence,standardized
PGDB_C029437,Cn1ccc(CN2C(=O)NCCc3cc(-c4cccc(C5CCC(=O)NC5=O)c4Cl)ccc32)n1,VAV1,,96.51,=,1,,Shanghai Qilu Pharmaceutical Research And Development Centre,WO2026051943A1,PGDB_AS000777,% Degradation,luminescence,standardized
PGDB_C029434,Cn1ccc(CN2CC3(CC3)Oc3cc(-c4cccc(C5CCC(=O)NC5=O)c4Cl)ccc32)n1,VAV1,,98.5,=,1,,Shanghai Qilu Pharmaceutical Research And Development Centre,WO2026051943A1,PGDB_AS000777,% Degradation,luminescence,standardized
PGDB_C029428,Cn1ccc(CN2CC3(CC3)c3cc(-c4cccc(C5CCC(=O)NC5=O)c4Cl)ccc32)n1,VAV1,,96.0,=,1,,Shanghai Qilu Pharmaceutical Research And Development Centre,WO2026051943A1,PGDB_AS000777,% Degradation,luminescence,standardized
PGDB_C008419,Cn1ccc(CN[C@H]2CCCC[C@@H]2Cc2ccc3c(c2)CN(C2CCC(=O)NC2=O)C3=O)n1,IKZF2,,97.0,=,1,HEK293,Gilead Sciences,JP2026020265A,PGDB_AS000211,% Degradation,luminescence,standardized
PGDB_C008006,Cn1ccc(COC(=O)NCc2cc(Cl)c3c(c2F)C(=O)N(C2CCC(=O)NC2=O)C3)n1,CDK2,,57.0,=,0,HEK293,Genentech,WO2025043225,PGDB_AS000677,% Degradation,luminescence,standardized
PGDB_C008006,Cn1ccc(COC(=O)NCc2cc(Cl)c3c(c2F)C(=O)N(C2CCC(=O)NC2=O)C3)n1,GSPT1,,2.9,=,0,HEK293,Genentech,WO2025043225,PGDB_AS000429,% Degradation,,standardized
PGDB_C029429,Cn1ccc(Cn2c(=O)sc3cc(-c4cccc(C5CCC(=O)NC5=O)c4Cl)ccc32)n1,VAV1,,98.1,=,1,,Shanghai Qilu Pharmaceutical Research And Development Centre,WO2026051943A1,PGDB_AS000777,% Degradation,luminescence,standardized
PGDB_C012200,Cn1ccc(F)c(N2CCC(c3cccc(C4CCC(=O)NC4=O)c3Cl)CC2)c1=O,VAV1,,72.647,=,0,Jurkat,Monte Rosa Therapeutics,WO2026013577A1,PGDB_AS002157,% Degradation,luminescence,standardized
PGDB_C012196,Cn1ccc(F)c(N2CCN(c3cccc(C4CCC(=O)NC4=O)c3Cl)CC2)c1=O,VAV1,,77.627,=,0,Jurkat,Monte Rosa Therapeutics,WO2026013577A1,PGDB_AS002157,% Degradation,luminescence,standardized
PGDB_C032956,Cn1ccc(N2CC3CC3C2)c(-c2cccc(-n3ncc4c(C5CCC(=O)NC5=O)cccc43)c2)c1=O,VAV1,,90.0,>,1,Jurkat,,WO2026145172A1,PGDB_AS002599,% Degradation,luminescence,standardized
PGDB_C012212,Cn1ccc(N2CCCC(c3cccc(C4CCC(=O)NC4=O)c3Cl)C2)cc1=O,VAV1,,51.219,=,0,Jurkat,Monte Rosa Therapeutics,WO2026013577A1,PGDB_AS002157,% Degradation,luminescence,standardized
PGDB_C033037,Cn1ccc(OCC(F)(F)F)c(-c2ccc(-c3cccc(C4CCC(=O)NC4=O)c3Cl)cc2)c1=O,VAV1,,90.0,>,1,Jurkat,,WO2026145172A1,PGDB_AS002627,% Degradation,luminescence,standardized
PGDB_C032991,Cn1ccc(OCC(F)(F)F)c(-c2cccc(-n3ncc4c(C5CCC(=O)NC5=O)cccc43)c2)c1=O,VAV1,,90.0,>,1,Jurkat,,WO2026145172A1,PGDB_AS002627,% Degradation,luminescence,standardized
PGDB_C033041,Cn1ccc(OCCC(F)(F)F)c(-c2cccc(-n3ncc4c(C5CCC(=O)NC5=O)cccc43)c2)c1=O,VAV1,,90.0,>,1,Jurkat,,WO2026145172A1,PGDB_AS002627,% Degradation,luminescence,standardized
PGDB_C008037,Cn1ccc2c(C3CC(OC(=O)NCc4ccc5c(c4)C(=O)N(C4CCC(=O)NC4=O)C5)C3)cccc21,CDK2,,23.0,=,0,HEK293,Genentech,WO2025043225,PGDB_AS000735,% Degradation,luminescence,standardized
PGDB_C008040,Cn1ccc2cccc(C3CC(OC(=O)NCc4ccc5c(c4)C(=O)N(C4CCC(=O)NC4=O)C5)C3)c21,CDK2,,38.0,=,0,HEK293,Genentech,WO2025043225,PGDB_AS000735,% Degradation,luminescence,standardized
PGDB_C032839,Cn1ccc2nc(Nc3ccc(F)c(-n4ncc5c(C6CCC(=O)NC6=O)cccc54)c3)ccc21,VAV1,,90.0,>,1,Jurkat,,WO2026145172A1,PGDB_AS002624,% Degradation,luminescence,standardized
PGDB_C012209,Cn1cccc(C2CCN(c3cccc(C4CCC(=O)NC4=O)c3Cl)C2)c1=O,VAV1,,53.965,=,0,Jurkat,Monte Rosa Therapeutics,WO2026013577A1,PGDB_AS002157,% Degradation,luminescence,standardized
PGDB_C012222,Cn1cccc(CN2CCN(c3cccc(C4CCC(=O)NC4=O)c3Cl)CC2)c1=O,VAV1,,28.805,=,0,Jurkat,Monte Rosa Therapeutics,WO2026013577A1,PGDB_AS002157,% Degradation,luminescence,standardized
PGDB_C012201,Cn1cccc(N2CCC(c3cccc(C4CCC(=O)NC4=O)c3Cl)CC2)c1=O,VAV1,,71.282,=,0,Jurkat,Monte Rosa Therapeutics,WO2026013577A1,PGDB_AS002157,% Degradation,luminescence,standardized
PGDB_C029452,Cn1cccc(N2CCCOc3cc(-c4cccc(C5CCC(=O)NC5=O)c4Cl)ccc32)c1=O,VAV1,,97.9,=,1,,Shanghai Qilu Pharmaceutical Research And Development Centre,WO2026051943A1,PGDB_AS000777,% Degradation,luminescence,standardized
PGDB_C012205,Cn1cccc(N2CCN(c3cccc(C4CCC(=O)NC4=O)c3Cl)CC2)c1=O,VAV1,,67.241,=,0,Jurkat,Monte Rosa Therapeutics,WO2026013577A1,PGDB_AS002157,% Degradation,luminescence,standardized
PGDB_C029430,Cn1cnc(CN2C(=O)CCOc3cc(-c4cccc(C5CCC(=O)NC5=O)c4Cl)ccc32)c1,VAV1,,98.6,=,1,,Shanghai Qilu Pharmaceutical Research And Development Centre,WO2026051943A1,PGDB_AS000777,% Degradation,luminescence,standardized
PGDB_C008107,Cn1cnc2cccc([C@H]3C[C@H](OC(=O)NCc4ccc5c(c4F)C(=O)N(C4CCC(=O)NC4=O)C5)C3)c21,CDK2,,51.0,=,0,HEK293,Genentech,WO2025043225,PGDB_AS000554,% Degradation,luminescence,standardized
PGDB_C008107,Cn1cnc2cccc([C@H]3C[C@H](OC(=O)NCc4ccc5c(c4F)C(=O)N(C4CCC(=O)NC4=O)C5)C3)c21,GSPT1,,1.5,=,0,HEK293,Genentech,WO2025043225,PGDB_AS000025,% Degradation,,standardized
PGDB_C011328,Cn1nc(-c2nnc(NC3(c4cc(Cl)c5c(c4)C(=O)N(C4CCC(=O)NC4=O)C5)CC3)o2)cc1C(F)F,CDK2,,36.0,=,0,HEK293,Monte Rosa Therapeutics,WO2025181261A1,PGDB_AS000913,% Degradation,luminescence,standardized
PGDB_C011328,Cn1nc(-c2nnc(NC3(c4cc(Cl)c5c(c4)C(=O)N(C4CCC(=O)NC4=O)C5)CC3)o2)cc1C(F)F,GSPT1,,4.3,=,0,HEK293,Monte Rosa Therapeutics,WO2025181261A1,PGDB_AS001674,% Degradation,luminescence,standardized
PGDB_C011336,Cn1nc(-c2nnc(NC3(c4cc(Cl)c5c(c4)C(=O)N(C4CCC(=O)NC4=O)C5)CC3)o2)cc1OC(F)F,CDK2,,34.6,=,0,HEK293,Monte Rosa Therapeutics,WO2025181261A1,PGDB_AS000913,% Degradation,luminescence,standardized
PGDB_C011336,Cn1nc(-c2nnc(NC3(c4cc(Cl)c5c(c4)C(=O)N(C4CCC(=O)NC4=O)C5)CC3)o2)cc1OC(F)F,GSPT1,,17.1,=,0,HEK293,Monte Rosa Therapeutics,WO2025181261A1,PGDB_AS001674,% Degradation,luminescence,standardized
PGDB_C011353,Cn1nc(C(F)F)cc1-c1nnc(NC2(c3cc(Cl)c4c(c3)C(=O)N(C3CCC(=O)NC3=O)C4)CC2)o1,CDK2,,39.5,=,0,HEK293,Monte Rosa Therapeutics,WO2025181261A1,PGDB_AS000913,% Degradation,luminescence,standardized
PGDB_C011353,Cn1nc(C(F)F)cc1-c1nnc(NC2(c3cc(Cl)c4c(c3)C(=O)N(C3CCC(=O)NC3=O)C4)CC2)o1,GSPT1,,9.2,=,0,HEK293,Monte Rosa Therapeutics,WO2025181261A1,PGDB_AS001674,% Degradation,luminescence,standardized
PGDB_C019912,Cn1nc(CC(=O)Nc2ccc(F)c(Cl)c2)c2ccccc2c1=O,FBXW7,,0.04,=,0,,University Of Washington;Scripps Research Institute;Fred Hutchinson Cancer Center,WO2019200310A1,PGDB_AS000856,biochemical,,standardized
PGDB_C007999,Cn1nc(COC(=O)NCc2cc(Cl)c3c(c2F)C(=O)N(C2CCC(=O)NC2=O)C3)cc1C(F)(F)F,CDK2,,77.0,=,0,HEK293,Genentech,WO2025043225,PGDB_AS000677,% Degradation,luminescence,standardized
PGDB_C007999,Cn1nc(COC(=O)NCc2cc(Cl)c3c(c2F)C(=O)N(C2CCC(=O)NC2=O)C3)cc1C(F)(F)F,GSPT1,,5.4,=,0,HEK293,Genentech,WO2025043225,PGDB_AS000429,% Degradation,,standardized
PGDB_C008009,Cn1nc(COC(=O)NCc2cc(Cl)c3c(c2F)C(=O)N(C2CCC(=O)NC2=O)C3)cc1C1CCC1,CDK2,,78.0,=,0,HEK293,Genentech,WO2025043225,PGDB_AS000677,% Degradation,luminescence,standardized
PGDB_C008009,Cn1nc(COC(=O)NCc2cc(Cl)c3c(c2F)C(=O)N(C2CCC(=O)NC2=O)C3)cc1C1CCC1,GSPT1,,1.2,=,0,HEK293,Genentech,WO2025043225,PGDB_AS000429,% Degradation,,standardized
PGDB_C024753,Cn1nc2c(n1)-c1ccc(-c3cccc(C4CCC(=O)NC4=O)c3Cl)cc1CC2,VAV1,,91.3,=,1,Jurkat,Shanghai Meiyue Biotech Development,CN121698875A,PGDB_AS000398,% Degradation,,standardized
PGDB_C008103,Cn1ncc(C(F)(F)F)c1[C@H]1C[C@@H](OC(=O)NCc2ccc3c(c2F)C(=O)N(C2CCC(=O)NC2=O)C3)C1,CDK2,,73.0,=,0,HEK293,Genentech,WO2025043225,PGDB_AS000554,% Degradation,luminescence,standardized
PGDB_C008103,Cn1ncc(C(F)(F)F)c1[C@H]1C[C@@H](OC(=O)NCc2ccc3c(c2F)C(=O)N(C2CCC(=O)NC2=O)C3)C1,GSPT1,,3.4,=,0,HEK293,Genentech,WO2025043225,PGDB_AS000025,% Degradation,,standardized
PGDB_C031199,Cn1ncc2c1CC1(CC1)N(c1ccc(-c3cccc(C4CCC(=O)NC4=O)c3Cl)cc1)C2=O,VAV1,,98.9,=,1,Jurkat,Jiangsu Hengrui Pharmaceuticals Co Ltd;Shanghai Hengrui Pharmaceutical,WO2026098637A1,PGDB_AS001360,% Degradation,luminescence,standardized
PGDB_C008698,Cn1ncc2c1CCC(N[C@H]1CCCC[C@@H]1Cc1ccc3c(c1)CN(C1CCC(=O)NC1=O)C3=O)C2,IKZF1,,48.0,=,0,HEK293,Gilead Sciences,JP2026020265A,PGDB_AS000216,% Degradation,luminescence,standardized
PGDB_C008698,Cn1ncc2c1CCC(N[C@H]1CCCC[C@@H]1Cc1ccc3c(c1)CN(C1CCC(=O)NC1=O)C3=O)C2,IKZF2,,97.0,=,1,HEK293,Gilead Sciences,JP2026020265A,PGDB_AS000211,% Degradation,luminescence,standardized
PGDB_C024733,Cn1ncc2c1CCc1cc(-c3cccc(C4CCC(=O)NC4=O)c3Cl)ccc1-2,VAV1,,100.7,=,1,Jurkat,Shanghai Meiyue Biotech Development,CN121698875A,PGDB_AS000398,% Degradation,,standardized
PGDB_C012221,Cn1nccc(N2CCC(c3cccc(C4CCC(=O)NC4=O)c3Cl)CC2)c1=O,VAV1,,32.063,=,0,Jurkat,Monte Rosa Therapeutics,WO2026013577A1,PGDB_AS002157,% Degradation,luminescence,standardized
PGDB_C008420,Cn1nccc1CN[C@H]1CCCC[C@@H]1Cc1ccc2c(c1)CN(C1CCC(=O)NC1=O)C2=O,IKZF1,,34.0,=,0,HEK293,Gilead Sciences,JP2026020265A,PGDB_AS000216,% Degradation,luminescence,standardized
PGDB_C008420,Cn1nccc1CN[C@H]1CCCC[C@@H]1Cc1ccc2c(c1)CN(C1CCC(=O)NC1=O)C2=O,IKZF2,,86.0,=,1,HEK293,Gilead Sciences,JP2026020265A,PGDB_AS000211,% Degradation,luminescence,standardized
PGDB_C029193,N#CC1(CN2CCN(c3ccc(N4CCC(=O)NC4=O)cc3)CC2)CCN(C(=O)c2ccc(N3C4CCC3CN(c3cc(-c5ccccc5O)nnc3N)C4)cc2)CC1,SMARCA2,,75.8,=,0,,AstraZeneca,WO2026120044,PGDB_AS001542,% Degradation,,standardized
PGDB_C029300,N#CC1(CN2CCN(n3cc(C4CC4)c4cc(N5CCC(=O)NC5=O)cnc43)CC2)CCN(C(=O)c2ccc(N3C4CCC3CN(c3cc(-c5ccccc5O)nnc3N)C4)cc2)CC1,SMARCA2,,77.6,=,0,,AstraZeneca,WO2026120044,PGDB_AS000411,% Degradation,,standardized
PGDB_C008622,N#CC1CCC(N[C@H]2CCCC[C@@H]2Cc2ccc3c(c2)CN(C2CCC(=O)NC2=O)C3=O)CC1,IKZF1,,44.0,=,0,HEK293,Gilead Sciences,JP2026020265A,PGDB_AS000216,% Degradation,luminescence,standardized
PGDB_C008622,N#CC1CCC(N[C@H]2CCCC[C@@H]2Cc2ccc3c(c2)CN(C2CCC(=O)NC2=O)C3=O)CC1,IKZF2,,98.0,=,1,HEK293,Gilead Sciences,JP2026020265A,PGDB_AS000211,% Degradation,luminescence,standardized
PGDB_C005959,N#CC1CCCC(NCc2ccc3c(c2)CN(C2CCC(=O)NC2=O)C3=O)C1,IKZF1,,29.0,=,0,HEK293,Gilead Sciences,AU2022419982A1,PGDB_AS000645,% Degradation,luminescence,standardized
PGDB_C005959,N#CC1CCCC(NCc2ccc3c(c2)CN(C2CCC(=O)NC2=O)C3=O)C1,IKZF2,,59.0,=,0,HEK293,Gilead Sciences,AU2022419982A1,PGDB_AS000473,% Degradation,,standardized
PGDB_C008623,N#CCC1CCC(N[C@H]2CCCC[C@@H]2Cc2ccc3c(c2)CN(C2CCC(=O)NC2=O)C3=O)CC1,IKZF1,,22.0,=,0,HEK293,Gilead Sciences,JP2026020265A,PGDB_AS000216,% Degradation,luminescence,standardized
PGDB_C008623,N#CCC1CCC(N[C@H]2CCCC[C@@H]2Cc2ccc3c(c2)CN(C2CCC(=O)NC2=O)C3=O)CC1,IKZF2,,98.0,=,1,HEK293,Gilead Sciences,JP2026020265A,PGDB_AS000211,% Degradation,luminescence,standardized
PGDB_C008352,N#CCN1CCC(NCc2ccccc2)C(Oc2ccc3c(c2)CN(C2CCC(=O)NC2=O)C3=O)C1,IKZF2,,28.0,=,0,HEK293,Gilead Sciences,JP7834866B2,PGDB_AS001425,% Degradation,luminescence,standardized
PGDB_C005929,N#CC[C@H]1CC[C@@H](NCc2ccc3c(c2)CN(C2CCC(=O)NC2=O)C3=O)CC1,IKZF1,,44.0,=,0,HEK293,Gilead Sciences,AU2022419982A1,PGDB_AS000645,% Degradation,luminescence,standardized
PGDB_C005929,N#CC[C@H]1CC[C@@H](NCc2ccc3c(c2)CN(C2CCC(=O)NC2=O)C3=O)CC1,IKZF2,,91.0,=,1,HEK293,Gilead Sciences,AU2022419982A1,PGDB_AS000473,% Degradation,,standardized
PGDB_C005946,N#C[C@H]1CC[C@@H](NCc2ccc3c(c2)CN(C2CCC(=O)NC2=O)C3=O)CC1,IKZF1,,57.0,=,0,HEK293,Gilead Sciences,AU2022419982A1,PGDB_AS000645,% Degradation,luminescence,standardized
PGDB_C005946,N#C[C@H]1CC[C@@H](NCc2ccc3c(c2)CN(C2CCC(=O)NC2=O)C3=O)CC1,IKZF2,,92.0,=,1,HEK293,Gilead Sciences,AU2022419982A1,PGDB_AS000473,% Degradation,,standardized
PGDB_C005953,N#C[C@H]1CC[C@H](NCc2ccc3c(c2)CN(C2CCC(=O)NC2=O)C3=O)CC1,IKZF1,,86.0,=,1,HEK293,Gilead Sciences,AU2022419982A1,PGDB_AS000645,% Degradation,luminescence,standardized
PGDB_C005953,N#C[C@H]1CC[C@H](NCc2ccc3c(c2)CN(C2CCC(=O)NC2=O)C3=O)CC1,IKZF2,,89.0,=,1,HEK293,Gilead Sciences,AU2022419982A1,PGDB_AS000473,% Degradation,,standardized
PGDB_C032015,N#Cc1cc(-c2cccc(C3CCC(=O)NC3=O)c2Cl)sc1-n1ccccc1=O,VAV1,,73.0,=,0,,Changchun Genescience Pharmaceutical Co Ltd,WO2026119120A1,PGDB_AS000657,% Degradation,luminescence,standardized
PGDB_C008008,N#Cc1cc(CNC(=O)OCc2cc3n(n2)CCCC3)c(F)c2c1CN(C1CCC(=O)NC1=O)C2=O,CDK2,,52.0,=,0,HEK293,Genentech,WO2025043225,PGDB_AS000677,% Degradation,luminescence,standardized
PGDB_C008008,N#Cc1cc(CNC(=O)OCc2cc3n(n2)CCCC3)c(F)c2c1CN(C1CCC(=O)NC1=O)C2=O,GSPT1,,1.4,=,0,HEK293,Genentech,WO2025043225,PGDB_AS000429,% Degradation,,standardized
PGDB_C029250,N#Cc1cc(N2C3CCC2CN(c2cc(-c4ccccc4O)nnc2N)C3)cc(F)c1C(=O)N1CCC(F)(CN2CCN(C3CCN4C(C5CC5)=CC(N5CCC(=O)NC5=O)=CN=C34)CC2)CC1,SMARCA2,,83.6,=,1,,AstraZeneca,WO2026120044,PGDB_AS001542,% Degradation,,standardized
PGDB_C029250,N#Cc1cc(N2C3CCC2CN(c2cc(-c4ccccc4O)nnc2N)C3)cc(F)c1C(=O)N1CCC(F)(CN2CCN(C3CCN4C(C5CC5)=CC(N5CCC(=O)NC5=O)=CN=C34)CC2)CC1,SMARCA4,,27.5,=,0,,AstraZeneca,WO2026120044,PGDB_AS000549,% Degradation,,standardized
PGDB_C029224,N#Cc1cc2c(N3CCC(=O)NC3=O)cccc2n1C1CCN(CC2(F)CCN(C(=O)c3ccc(N4C5CCC4CN(c4cc(-c6ccccc6O)nnc4N)C5)cc3)CC2)CC1,SMARCA2,,51.5,=,0,,AstraZeneca,WO2026120044,PGDB_AS001542,% Degradation,,standardized
PGDB_C033091,N#Cc1cc2c(c3c1C(=O)N([C@H]1CCC(=O)NC1=O)C3)OCC21CCN(CC2CCN(c3ccc(C(=O)N[C@H]4CC[C@H](Oc5ccccc5Cl)CC4)cc3F)CC2)CC1,CSNK1A1,,50.0,<,0,HEK293,,WO2026139085A1,PGDB_AS002607,% Degradation,luminescence,standardized
PGDB_C008343,N#Cc1ccc(CN2CCC(NCc3ccccc3)C(Oc3ccc4c(c3)CN(C3CCC(=O)NC3=O)C4=O)C2)cc1,IKZF2,,94.0,=,1,HEK293,Gilead Sciences,JP7834866B2,PGDB_AS001425,% Degradation,luminescence,standardized
PGDB_C010157,N#Cc1ccc(CN2CCC(O)(c3ccc4c(n3)CN(C3CCC(=O)NC3=O)C4=O)CC2)cc1,ARNT,,60.0,<=,0,7860-O,Neomorph,WO2025097092,PGDB_AS001935,% Degradation,luminescence,manual_curated
PGDB_C008398,N#Cc1ccc(CN[C@H]2CCCC[C@@H]2Cc2ccc3c(c2)CN(C2CCC(=O)NC2=O)C3=O)c(F)c1,IKZF2,,77.0,=,0,HEK293,Gilead Sciences,JP2026020265A,PGDB_AS000211,% Degradation,luminescence,standardized
PGDB_C008401,N#Cc1ccc(CN[C@H]2CCCC[C@@H]2Cc2ccc3c(c2)CN(C2CCC(=O)NC2=O)C3=O)cc1,IKZF1,,35.0,=,0,HEK293,Gilead Sciences,JP2026020265A,PGDB_AS000216,% Degradation,luminescence,standardized
PGDB_C008401,N#Cc1ccc(CN[C@H]2CCCC[C@@H]2Cc2ccc3c(c2)CN(C2CCC(=O)NC2=O)C3=O)cc1,IKZF2,,94.0,=,1,HEK293,Gilead Sciences,JP2026020265A,PGDB_AS000211,% Degradation,luminescence,standardized
PGDB_C005650,N#Cc1ccc(N2CCN(Cc3ccc(COc4cccc5c4CN([C@H]4CCC(=O)NC4=O)C5=O)cc3)CC2)c(F)c1,IKZF1,,95.5,=,1,HT-1080,Hangzhou Glubio Pharmaceutical,EP4393915A1,PGDB_AS002293,% Degradation,luminescence,standardized
PGDB_C005650,N#Cc1ccc(N2CCN(Cc3ccc(COc4cccc5c4CN([C@H]4CCC(=O)NC4=O)C5=O)cc3)CC2)c(F)c1,SALL4,,75.8,=,0,HT-1080,Hangzhou Glubio Pharmaceutical,EP4393915A1,PGDB_AS000801,% Degradation,luminescence,standardized
PGDB_C007559,N#Cc1ccc(N2CCN(Cc3ccc(Cc4ccc5c6c(c(F)ccc46)C(=O)N5C4CCC(=O)NC4=O)cc3)CC2)c(F)c1,IKZF1,,60.1,=,0,HT-1080,Hangzhou Glubio Pharmaceutical,EP4393915A1,PGDB_AS002293,% Degradation,luminescence,standardized
PGDB_C007559,N#Cc1ccc(N2CCN(Cc3ccc(Cc4ccc5c6c(c(F)ccc46)C(=O)N5C4CCC(=O)NC4=O)cc3)CC2)c(F)c1,SALL4,,28.5,=,0,HT-1080,Hangzhou Glubio Pharmaceutical,EP4393915A1,PGDB_AS000801,% Degradation,luminescence,standardized
PGDB_C007560,N#Cc1ccc(N2CCN(Cc3ccc(Cc4ccc5c6c(cc(Br)cc46)C(=O)N5C4CCC(=O)NC4=O)cc3)CC2)c(F)c1,IKZF1,,92.2,=,1,HT-1080,Hangzhou Glubio Pharmaceutical,EP4393915A1,PGDB_AS002293,% Degradation,luminescence,standardized
PGDB_C007560,N#Cc1ccc(N2CCN(Cc3ccc(Cc4ccc5c6c(cc(Br)cc46)C(=O)N5C4CCC(=O)NC4=O)cc3)CC2)c(F)c1,SALL4,,65.8,=,0,HT-1080,Hangzhou Glubio Pharmaceutical,EP4393915A1,PGDB_AS000801,% Degradation,luminescence,standardized
PGDB_C007561,N#Cc1ccc(N2CCN(Cc3ccc(Cc4ccc5c6c(cc(Cl)cc46)C(=O)N5C4CCC(=O)NC4=O)cc3)CC2)c(F)c1,IKZF1,,41.1,=,0,HT-1080,Hangzhou Glubio Pharmaceutical,EP4393915A1,PGDB_AS002293,% Degradation,luminescence,standardized
PGDB_C007561,N#Cc1ccc(N2CCN(Cc3ccc(Cc4ccc5c6c(cc(Cl)cc46)C(=O)N5C4CCC(=O)NC4=O)cc3)CC2)c(F)c1,SALL4,,11.4,=,0,HT-1080,Hangzhou Glubio Pharmaceutical,EP4393915A1,PGDB_AS000801,% Degradation,luminescence,standardized
PGDB_C007551,N#Cc1ccc(N2CCN(Cc3ccc(Cc4ccc5c6c(cc(F)cc46)C(=O)N5C4CCC(=O)NC4=O)cc3)CC2)c(F)c1,IKZF1,,91.6,=,1,HT-1080,Hangzhou Glubio Pharmaceutical,EP4393915A1,PGDB_AS001371,% Degradation,luminescence,standardized
PGDB_C007551,N#Cc1ccc(N2CCN(Cc3ccc(Cc4ccc5c6c(cc(F)cc46)C(=O)N5C4CCC(=O)NC4=O)cc3)CC2)c(F)c1,SALL4,,58.1,=,0,HT-1080,Hangzhou Glubio Pharmaceutical,EP4393915A1,PGDB_AS001879,% Degradation,luminescence,standardized
PGDB_C007552,N#Cc1ccc(N2CCN(Cc3ccc(Cc4ccc5c6c(cc(F)cc46)C(=O)N5[C@@H]4CCC(=O)NC4=O)cc3)CC2)c(F)c1,IKZF1,,93.1,=,1,HT-1080,Hangzhou Glubio Pharmaceutical,EP4393915A1,PGDB_AS000825,% Degradation,luminescence,standardized
PGDB_C007552,N#Cc1ccc(N2CCN(Cc3ccc(Cc4ccc5c6c(cc(F)cc46)C(=O)N5[C@@H]4CCC(=O)NC4=O)cc3)CC2)c(F)c1,SALL4,,55.2,=,0,HT-1080,Hangzhou Glubio Pharmaceutical,EP4393915A1,PGDB_AS001879,% Degradation,luminescence,standardized
PGDB_C007553,N#Cc1ccc(N2CCN(Cc3ccc(Cc4ccc5c6c(cc(F)cc46)C(=O)N5[C@H]4CCC(=O)NC4=O)cc3)CC2)c(F)c1,IKZF1,,93.8,=,1,HT-1080,Hangzhou Glubio Pharmaceutical,EP4393915A1,PGDB_AS000825,% Degradation,luminescence,standardized
PGDB_C007553,N#Cc1ccc(N2CCN(Cc3ccc(Cc4ccc5c6c(cc(F)cc46)C(=O)N5[C@H]4CCC(=O)NC4=O)cc3)CC2)c(F)c1,SALL4,,59.4,=,0,HT-1080,Hangzhou Glubio Pharmaceutical,EP4393915A1,PGDB_AS001601,% Degradation,luminescence,standardized
PGDB_C007558,N#Cc1ccc(N2CCN(Cc3ccc(Cc4ccc5c6c(ccc(F)c46)C(=O)N5C4CCC(=O)NC4=O)cc3)CC2)c(F)c1,IKZF1,,89.9,=,1,HT-1080,Hangzhou Glubio Pharmaceutical,EP4393915A1,PGDB_AS002293,% Degradation,luminescence,standardized
PGDB_C007558,N#Cc1ccc(N2CCN(Cc3ccc(Cc4ccc5c6c(ccc(F)c46)C(=O)N5C4CCC(=O)NC4=O)cc3)CC2)c(F)c1,SALL4,,79.3,=,0,HT-1080,Hangzhou Glubio Pharmaceutical,EP4393915A1,PGDB_AS000801,% Degradation,luminescence,standardized
PGDB_C007562,N#Cc1ccc(N2CCN(Cc3ccc(Cc4ccc5c6c(cccc46)C(=O)N5C4CCC(=O)NC4=O)c(F)c3)CC2)c(F)c1,IKZF1,,96.1,=,1,HT-1080,Hangzhou Glubio Pharmaceutical,EP4393915A1,PGDB_AS002293,% Degradation,luminescence,standardized
PGDB_C007562,N#Cc1ccc(N2CCN(Cc3ccc(Cc4ccc5c6c(cccc46)C(=O)N5C4CCC(=O)NC4=O)c(F)c3)CC2)c(F)c1,SALL4,,80.5,=,1,HT-1080,Hangzhou Glubio Pharmaceutical,EP4393915A1,PGDB_AS000801,% Degradation,luminescence,standardized
PGDB_C007564,N#Cc1ccc(N2CCN(Cc3ccc(Cc4ccc5c6c(cccc46)C(=O)N5C4CCC(=O)NC4=O)cc3)CC2)c(F)c1,IKZF1,,96.9,=,1,HT-1080,Hangzhou Glubio Pharmaceutical,EP4393915A1,PGDB_AS002293,% Degradation,luminescence,standardized
PGDB_C007564,N#Cc1ccc(N2CCN(Cc3ccc(Cc4ccc5c6c(cccc46)C(=O)N5C4CCC(=O)NC4=O)cc3)CC2)c(F)c1,SALL4,,79.3,=,0,HT-1080,Hangzhou Glubio Pharmaceutical,EP4393915A1,PGDB_AS000801,% Degradation,luminescence,standardized
PGDB_C009997,N#Cc1ccc2c(c1)CCC1CN(Cc3ccc(COc4cccc5c4CN(C4CCC(=O)NC4=O)C5=O)cc3)CCN21,IKZF1,CRBN,94.4,=,1,HT-1080,Hangzhou Glubio Pharmaceutical,WO2023025136A1,PGDB_AS000619,% Degradation,luminescence,standardized
PGDB_C009997,N#Cc1ccc2c(c1)CCC1CN(Cc3ccc(COc4cccc5c4CN(C4CCC(=O)NC4=O)C5=O)cc3)CCN21,SALL4,CRBN,75.8,=,0,HT-1080,Hangzhou Glubio Pharmaceutical,WO2023025136A1,PGDB_AS001792,% Degradation,luminescence,standardized
PGDB_C009994,N#Cc1ccc2c(c1)OCC1CN(Cc3ccc(COc4cccc5c4CN([C@H]4CCC(=O)NC4=O)C5=O)c(F)c3)CCN21,IKZF1,CRBN,92.9,=,1,HT-1080,Hangzhou Glubio Pharmaceutical,WO2023025136A1,PGDB_AS000619,% Degradation,luminescence,standardized
PGDB_C009994,N#Cc1ccc2c(c1)OCC1CN(Cc3ccc(COc4cccc5c4CN([C@H]4CCC(=O)NC4=O)C5=O)c(F)c3)CCN21,SALL4,CRBN,68.3,=,0,HT-1080,Hangzhou Glubio Pharmaceutical,WO2023025136A1,PGDB_AS001792,% Degradation,luminescence,standardized
PGDB_C009985,N#Cc1ccc2c(c1)OCC1CN(Cc3ccc(COc4cccc5c4CN([C@H]4CCC(=O)NC4=O)C5=O)cc3)CCN21,IKZF1,CRBN,94.8,=,1,HT-1080,Hangzhou Glubio Pharmaceutical,WO2023025136A1,PGDB_AS000619,% Degradation,luminescence,standardized
PGDB_C009985,N#Cc1ccc2c(c1)OCC1CN(Cc3ccc(COc4cccc5c4CN([C@H]4CCC(=O)NC4=O)C5=O)cc3)CCN21,SALL4,CRBN,72.0,=,0,HT-1080,Hangzhou Glubio Pharmaceutical,WO2023025136A1,PGDB_AS001792,% Degradation,luminescence,standardized
PGDB_C009987,N#Cc1ccc2c(c1)OC[C@@H]1CN(Cc3ccc(COc4cccc5c4CN([C@H]4CCC(=O)NC4=O)C5=O)cc3)CCN21,IKZF1,CRBN,93.9,=,1,HT-1080,Hangzhou Glubio Pharmaceutical,WO2023025136A1,PGDB_AS000619,% Degradation,luminescence,standardized
PGDB_C009987,N#Cc1ccc2c(c1)OC[C@@H]1CN(Cc3ccc(COc4cccc5c4CN([C@H]4CCC(=O)NC4=O)C5=O)cc3)CCN21,SALL4,CRBN,69.9,=,0,HT-1080,Hangzhou Glubio Pharmaceutical,WO2023025136A1,PGDB_AS001792,% Degradation,luminescence,standardized
PGDB_C009993,N#Cc1ccc2c(c1)OC[C@H]1CN(Cc3ccc(COc4cc(F)cc5c4CN([C@H]4CCC(=O)NC4=O)C5=O)c(F)c3)CCN21,IKZF1,CRBN,91.9,=,1,HT-1080,Hangzhou Glubio Pharmaceutical,WO2023025136A1,PGDB_AS000619,% Degradation,luminescence,standardized
PGDB_C009993,N#Cc1ccc2c(c1)OC[C@H]1CN(Cc3ccc(COc4cc(F)cc5c4CN([C@H]4CCC(=O)NC4=O)C5=O)c(F)c3)CCN21,SALL4,CRBN,44.1,=,0,HT-1080,Hangzhou Glubio Pharmaceutical,WO2023025136A1,PGDB_AS001792,% Degradation,luminescence,standardized
PGDB_C009989,N#Cc1ccc2c(c1)OC[C@H]1CN(Cc3ccc(COc4cc(F)cc5c4CN([C@H]4CCC(=O)NC4=O)C5=O)cc3)CCN21,IKZF1,CRBN,93.7,=,1,HT-1080,Hangzhou Glubio Pharmaceutical,WO2023025136A1,PGDB_AS000619,% Degradation,luminescence,standardized
PGDB_C009989,N#Cc1ccc2c(c1)OC[C@H]1CN(Cc3ccc(COc4cc(F)cc5c4CN([C@H]4CCC(=O)NC4=O)C5=O)cc3)CCN21,SALL4,CRBN,53.1,=,0,HT-1080,Hangzhou Glubio Pharmaceutical,WO2023025136A1,PGDB_AS001792,% Degradation,luminescence,standardized
PGDB_C009996,N#Cc1ccc2c(c1)OC[C@H]1CN(Cc3ccc(COc4cc(F)cc5c4CN([C@H]4CCC(=O)NC4=O)C5=O)cn3)CCN21,IKZF1,CRBN,88.7,=,1,HT-1080,Hangzhou Glubio Pharmaceutical,WO2023025136A1,PGDB_AS000619,% Degradation,luminescence,standardized
PGDB_C009996,N#Cc1ccc2c(c1)OC[C@H]1CN(Cc3ccc(COc4cc(F)cc5c4CN([C@H]4CCC(=O)NC4=O)C5=O)cn3)CCN21,SALL4,CRBN,46.8,=,0,HT-1080,Hangzhou Glubio Pharmaceutical,WO2023025136A1,PGDB_AS001792,% Degradation,luminescence,standardized
PGDB_C009995,N#Cc1ccc2c(c1)OC[C@H]1CN(Cc3ccc(COc4cccc5c4CN([C@H]4CCC(=O)NC4=O)C5=O)c(F)c3)CCN21,IKZF1,CRBN,93.4,=,1,HT-1080,Hangzhou Glubio Pharmaceutical,WO2023025136A1,PGDB_AS000619,% Degradation,luminescence,standardized
PGDB_C009995,N#Cc1ccc2c(c1)OC[C@H]1CN(Cc3ccc(COc4cccc5c4CN([C@H]4CCC(=O)NC4=O)C5=O)c(F)c3)CCN21,SALL4,CRBN,66.6,=,0,HT-1080,Hangzhou Glubio Pharmaceutical,WO2023025136A1,PGDB_AS001792,% Degradation,luminescence,standardized
PGDB_C009992,N#Cc1ccc2c(c1)OC[C@H]1CN(Cc3ccc(COc4cccc5c4CN([C@H]4CCC(=O)NC4=O)C5=O)cn3)CCN21,IKZF1,CRBN,93.7,=,1,HT-1080,Hangzhou Glubio Pharmaceutical,WO2023025136A1,PGDB_AS000619,% Degradation,luminescence,standardized
PGDB_C009992,N#Cc1ccc2c(c1)OC[C@H]1CN(Cc3ccc(COc4cccc5c4CN([C@H]4CCC(=O)NC4=O)C5=O)cn3)CCN21,SALL4,CRBN,63.1,=,0,HT-1080,Hangzhou Glubio Pharmaceutical,WO2023025136A1,PGDB_AS001792,% Degradation,luminescence,standardized
PGDB_C007543,N#Cc1ccc2c(c1)OC[C@H]1CN(Cc3ccc(Cc4ccc5c6c(cc(F)cc46)C(=O)N5C4CCC(=O)NC4=O)cc3)CCN21,IKZF1,,93.2,=,1,HT-1080,Hangzhou Glubio Pharmaceutical,EP4393915A1,PGDB_AS001371,% Degradation,luminescence,standardized
PGDB_C007543,N#Cc1ccc2c(c1)OC[C@H]1CN(Cc3ccc(Cc4ccc5c6c(cc(F)cc46)C(=O)N5C4CCC(=O)NC4=O)cc3)CCN21,SALL4,,57.4,=,0,HT-1080,Hangzhou Glubio Pharmaceutical,EP4393915A1,PGDB_AS001879,% Degradation,luminescence,standardized
PGDB_C007544,N#Cc1ccc2c(c1)OC[C@H]1CN(Cc3ccc(Cc4ccc5c6c(cc(F)cc46)C(=O)N5C4CCC(=O)NC4=O)cn3)CCN21,IKZF1,,91.8,=,1,HT-1080,Hangzhou Glubio Pharmaceutical,EP4393915A1,PGDB_AS001371,% Degradation,luminescence,standardized
PGDB_C007544,N#Cc1ccc2c(c1)OC[C@H]1CN(Cc3ccc(Cc4ccc5c6c(cc(F)cc46)C(=O)N5C4CCC(=O)NC4=O)cn3)CCN21,SALL4,,53.2,=,0,HT-1080,Hangzhou Glubio Pharmaceutical,EP4393915A1,PGDB_AS001879,% Degradation,luminescence,standardized
PGDB_C007547,N#Cc1ccc2c(c1)OC[C@H]1CN(Cc3ccc(Cc4ccc5c6c(cccc46)C(=O)N5C4CCC(=O)NC4=O)cc3)CCN21,IKZF1,,94.1,=,1,HT-1080,Hangzhou Glubio Pharmaceutical,EP4393915A1,PGDB_AS001371,% Degradation,luminescence,standardized
PGDB_C007547,N#Cc1ccc2c(c1)OC[C@H]1CN(Cc3ccc(Cc4ccc5c6c(cccc46)C(=O)N5C4CCC(=O)NC4=O)cc3)CCN21,SALL4,,76.5,=,0,HT-1080,Hangzhou Glubio Pharmaceutical,EP4393915A1,PGDB_AS001879,% Degradation,luminescence,standardized
PGDB_C008074,N#Cc1ccc2scnc2c1[C@H]1C[C@@H](OC(=O)NCc2ccc3c(c2F)C(=O)N(C2CCC(=O)NC2=O)C3)C1,CDK2,,72.0,=,0,HEK293,Genentech,WO2025043225,PGDB_AS000554,% Degradation,luminescence,standardized
PGDB_C008074,N#Cc1ccc2scnc2c1[C@H]1C[C@@H](OC(=O)NCc2ccc3c(c2F)C(=O)N(C2CCC(=O)NC2=O)C3)C1,GSPT1,,23.0,=,0,HEK293,Genentech,WO2025043225,PGDB_AS000025,% Degradation,,standardized
PGDB_C001810,N#Cc1cccc(C(NC(=O)c2ccc3c(c2)CN(C2CCC(=O)NC2=O)C3=O)C2CC2)c1,CSNK1A1,CRBN,49.5,=,0,HT-1080,Hangzhou Glubio Pharmaceutical,WO2022257897A1,PGDB_AS000920,% Degradation,,standardized
PGDB_C001810,N#Cc1cccc(C(NC(=O)c2ccc3c(c2)CN(C2CCC(=O)NC2=O)C3=O)C2CC2)c1,GSPT1,CRBN,22.5,=,0,HT-1080,Hangzhou Glubio Pharmaceutical,WO2022257897A1,PGDB_AS000618,% Degradation,,standardized
PGDB_C033119,N#Cc1ccccc1O[C@H]1CC[C@H](NC(=O)c2ccc(N3CCC(CN4CCC5(CC4)COc4c5cc(Cl)c5c4CN([C@H]4CCC(=O)NC4=O)C5=O)CC3)c(F)c2)CC1,CSNK1A1,,0.0,=,0,VCaP,,WO2026139085A1,PGDB_AS002626,% Degradation,luminescence,standardized
PGDB_C001846,N#Cc1ccccc1[C@@H](NC(=O)c1ccc2c(c1)CN(C1CCC(=O)NC1=O)C2=O)C1CC1,CSNK1A1,CRBN,66.7,=,0,HT-1080,Hangzhou Glubio Pharmaceutical,WO2022257897A1,PGDB_AS000920,% Degradation,,standardized
PGDB_C001846,N#Cc1ccccc1[C@@H](NC(=O)c1ccc2c(c1)CN(C1CCC(=O)NC1=O)C2=O)C1CC1,GSPT1,CRBN,27.9,=,0,HT-1080,Hangzhou Glubio Pharmaceutical,WO2022257897A1,PGDB_AS000618,% Degradation,,standardized
PGDB_C032028,N#Cc1cccn(-c2ccc(-c3cccc(C4CCC(=O)NC4=O)c3Cl)s2)c1=O,VAV1,,69.2,=,0,,Changchun Genescience Pharmaceutical Co Ltd,WO2026119120A1,PGDB_AS000657,% Degradation,luminescence,standardized
PGDB_C029233,N#Cc1cn(C2CCN(CC3(F)CCN(C(=O)c4ccc(N5C6CCC5CN(c5cc(-c7ccccc7O)nnc5N)C6)cc4)CC3)CC2)c2ccc(N3CCC(=O)NC3=O)c(F)c12,SMARCA2,,73.8,=,0,,AstraZeneca,WO2026120044,PGDB_AS001542,% Degradation,,standardized
PGDB_C029233,N#Cc1cn(C2CCN(CC3(F)CCN(C(=O)c4ccc(N5C6CCC5CN(c5cc(-c7ccccc7O)nnc5N)C6)cc4)CC3)CC2)c2ccc(N3CCC(=O)NC3=O)c(F)c12,SMARCA4,,19.8,=,0,,AstraZeneca,WO2026120044,PGDB_AS000549,% Degradation,,standardized
PGDB_C029201,N#Cc1cn(C2CCN(CC3(F)CCN(C(=O)c4ccc(N5C6CCC5CN(c5cc(-c7ccccc7O)nnc5N)C6)cc4F)CC3)CC2)c2ccc(N3CCC(=O)NC3=O)cc12,SMARCA2,,71.8,=,0,,AstraZeneca,WO2026120044,PGDB_AS001542,% Degradation,,standardized
PGDB_C029201,N#Cc1cn(C2CCN(CC3(F)CCN(C(=O)c4ccc(N5C6CCC5CN(c5cc(-c7ccccc7O)nnc5N)C6)cc4F)CC3)CC2)c2ccc(N3CCC(=O)NC3=O)cc12,SMARCA4,,14.3,=,0,,AstraZeneca,WO2026120044,PGDB_AS000549,% Degradation,,standardized
PGDB_C029211,N#Cc1cn(C2CCN(CC3CCN(C(=O)c4ccc(N5C6CCC5CN(c5cc(-c7ccccc7O)nnc5N)C6)cc4)CC3)CC2)c2ccc(N3CCC(=O)NC3=O)cc12,SMARCA2,,55.1,=,0,,AstraZeneca,WO2026120044,PGDB_AS001542,% Degradation,,standardized
PGDB_C029211,N#Cc1cn(C2CCN(CC3CCN(C(=O)c4ccc(N5C6CCC5CN(c5cc(-c7ccccc7O)nnc5N)C6)cc4)CC3)CC2)c2ccc(N3CCC(=O)NC3=O)cc12,SMARCA4,,0.4,=,0,,AstraZeneca,WO2026120044,PGDB_AS000549,% Degradation,,standardized
PGDB_C010002,N#Cc1cnc2c(c1)OC[C@H]1CN(Cc3ccc(COc4cc(F)cc5c4CN([C@H]4CCC(=O)NC4=O)C5=O)cc3)CCN21,IKZF1,CRBN,83.6,=,1,HT-1080,Hangzhou Glubio Pharmaceutical,WO2023025136A1,PGDB_AS000619,% Degradation,luminescence,standardized
PGDB_C010002,N#Cc1cnc2c(c1)OC[C@H]1CN(Cc3ccc(COc4cc(F)cc5c4CN([C@H]4CCC(=O)NC4=O)C5=O)cc3)CCN21,SALL4,CRBN,27.8,=,0,HT-1080,Hangzhou Glubio Pharmaceutical,WO2023025136A1,PGDB_AS001792,% Degradation,luminescence,standardized
PGDB_C010000,N#Cc1cnc2c(c1)OC[C@H]1CN(Cc3ccc(COc4cccc5c4CN([C@@H]4CCC(=O)NC4=O)C5=O)c(F)c3)CCN21,IKZF1,CRBN,92.5,=,1,HT-1080,Hangzhou Glubio Pharmaceutical,WO2023025136A1,PGDB_AS000619,% Degradation,luminescence,standardized
PGDB_C010000,N#Cc1cnc2c(c1)OC[C@H]1CN(Cc3ccc(COc4cccc5c4CN([C@@H]4CCC(=O)NC4=O)C5=O)c(F)c3)CCN21,SALL4,CRBN,46.7,=,0,HT-1080,Hangzhou Glubio Pharmaceutical,WO2023025136A1,PGDB_AS001792,% Degradation,luminescence,standardized
PGDB_C009998,N#Cc1cnc2c(c1)OC[C@H]1CN(Cc3ccc(COc4cccc5c4CN([C@@H]4CCC(=O)NC4=O)C5=O)cc3)CCN21,IKZF1,CRBN,90.4,=,1,HT-1080,Hangzhou Glubio Pharmaceutical,WO2023025136A1,PGDB_AS000619,% Degradation,luminescence,standardized
PGDB_C009998,N#Cc1cnc2c(c1)OC[C@H]1CN(Cc3ccc(COc4cccc5c4CN([C@@H]4CCC(=O)NC4=O)C5=O)cc3)CCN21,SALL4,CRBN,40.9,=,0,HT-1080,Hangzhou Glubio Pharmaceutical,WO2023025136A1,PGDB_AS001792,% Degradation,luminescence,standardized
PGDB_C010001,N#Cc1cnc2c(c1)OC[C@H]1CN(Cc3ccc(COc4cccc5c4CN([C@H]4CCC(=O)NC4=O)C5=O)c(F)c3)CCN21,IKZF1,CRBN,90.6,=,1,HT-1080,Hangzhou Glubio Pharmaceutical,WO2023025136A1,PGDB_AS000619,% Degradation,luminescence,standardized
PGDB_C010001,N#Cc1cnc2c(c1)OC[C@H]1CN(Cc3ccc(COc4cccc5c4CN([C@H]4CCC(=O)NC4=O)C5=O)c(F)c3)CCN21,SALL4,CRBN,49.2,=,0,HT-1080,Hangzhou Glubio Pharmaceutical,WO2023025136A1,PGDB_AS001792,% Degradation,luminescence,standardized
PGDB_C009999,N#Cc1cnc2c(c1)OC[C@H]1CN(Cc3ccc(COc4cccc5c4CN([C@H]4CCC(=O)NC4=O)C5=O)cc3)CCN21,IKZF1,CRBN,92.1,=,1,HT-1080,Hangzhou Glubio Pharmaceutical,WO2023025136A1,PGDB_AS000619,% Degradation,luminescence,standardized
PGDB_C009999,N#Cc1cnc2c(c1)OC[C@H]1CN(Cc3ccc(COc4cccc5c4CN([C@H]4CCC(=O)NC4=O)C5=O)cc3)CCN21,SALL4,CRBN,45.5,=,0,HT-1080,Hangzhou Glubio Pharmaceutical,WO2023025136A1,PGDB_AS001792,% Degradation,luminescence,standardized
PGDB_C007554,N#Cc1cnc2c(c1)OC[C@H]1CN(Cc3ccc(Cc4ccc5c6c(cc(F)cc46)C(=O)N5C4CCC(=O)NC4=O)c(F)c3)CCN21,IKZF1,,88.3,=,1,HT-1080,Hangzhou Glubio Pharmaceutical,EP4393915A1,PGDB_AS001371,% Degradation,luminescence,standardized
PGDB_C007554,N#Cc1cnc2c(c1)OC[C@H]1CN(Cc3ccc(Cc4ccc5c6c(cc(F)cc46)C(=O)N5C4CCC(=O)NC4=O)c(F)c3)CCN21,SALL4,,29.4,=,0,HT-1080,Hangzhou Glubio Pharmaceutical,EP4393915A1,PGDB_AS001879,% Degradation,luminescence,standardized
PGDB_C007546,N#Cc1cnc2c(c1)OC[C@H]1CN(Cc3ccc(Cc4ccc5c6c(cccc46)C(=O)N5C4CCC(=O)NC4=O)c(F)c3)CCN21,IKZF1,,93.5,=,1,HT-1080,Hangzhou Glubio Pharmaceutical,EP4393915A1,PGDB_AS001371,% Degradation,luminescence,standardized
PGDB_C007546,N#Cc1cnc2c(c1)OC[C@H]1CN(Cc3ccc(Cc4ccc5c6c(cccc46)C(=O)N5C4CCC(=O)NC4=O)c(F)c3)CCN21,SALL4,,68.6,=,0,HT-1080,Hangzhou Glubio Pharmaceutical,EP4393915A1,PGDB_AS001879,% Degradation,luminescence,standardized
PGDB_C007545,N#Cc1cnc2c(c1)OC[C@H]1CN(Cc3ccc(Cc4ccc5c6c(cccc46)C(=O)N5C4CCC(=O)NC4=O)cc3)CCN21,IKZF1,,93.3,=,1,HT-1080,Hangzhou Glubio Pharmaceutical,EP4393915A1,PGDB_AS001371,% Degradation,luminescence,standardized
PGDB_C007545,N#Cc1cnc2c(c1)OC[C@H]1CN(Cc3ccc(Cc4ccc5c6c(cccc46)C(=O)N5C4CCC(=O)NC4=O)cc3)CCN21,SALL4,,68.0,=,0,HT-1080,Hangzhou Glubio Pharmaceutical,EP4393915A1,PGDB_AS001879,% Degradation,luminescence,standardized
PGDB_C005962,NC(=O)C1CCCC(NCc2ccc3c(c2)CN(C2CCC(=O)NC2=O)C3=O)C1,IKZF1,,66.0,=,0,HEK293,Gilead Sciences,AU2022419982A1,PGDB_AS000645,% Degradation,luminescence,standardized
PGDB_C005962,NC(=O)C1CCCC(NCc2ccc3c(c2)CN(C2CCC(=O)NC2=O)C3=O)C1,IKZF2,,61.0,=,0,HEK293,Gilead Sciences,AU2022419982A1,PGDB_AS000473,% Degradation,,standardized
PGDB_C008353,NC1CCN(Cc2ccccc2)CC1Oc1ccc2c(c1)CN(C1CCC(=O)NC1=O)C2=O,IKZF2,,96.0,=,1,HEK293,Gilead Sciences,JP7834866B2,PGDB_AS001425,% Degradation,luminescence,standardized
PGDB_C033056,NCCNC(=O)c1ccc2cc(-c3cccc(C4CCC(=O)NC4=O)c3Cl)ccc2c1,VAV1,,90.0,>,1,Jurkat,,WO2026145172A1,PGDB_AS002627,% Degradation,luminescence,standardized
PGDB_C033073,NCCNC(=O)c1cccc2cc(-c3cccc(C4CCC(=O)NC4=O)c3Cl)ccc12,VAV1,,90.0,>,1,Jurkat,,WO2026145172A1,PGDB_AS002627,% Degradation,luminescence,standardized
PGDB_C008382,N[C@H]1CCCC[C@@H]1Cc1ccc2c(c1)CN(C1CCC(=O)NC1=O)C2=O,IKZF1,,30.0,=,0,HEK293,Gilead Sciences,JP2026020265A,PGDB_AS000216,% Degradation,luminescence,standardized
PGDB_C008382,N[C@H]1CCCC[C@@H]1Cc1ccc2c(c1)CN(C1CCC(=O)NC1=O)C2=O,IKZF2,,82.0,=,1,HEK293,Gilead Sciences,JP2026020265A,PGDB_AS000211,% Degradation,luminescence,standardized
PGDB_C008368,N[C@H]1CCN(Cc2ccccc2)C[C@@H]1Oc1ccc2c(c1)CN(C1CCC(=O)NC1=O)C2=O,IKZF2,,98.0,=,1,HEK293,Gilead Sciences,JP7834866B2,PGDB_AS002372,% Degradation,,standardized
PGDB_C011089,Nc1c(-c2ccc3c(c2)CN(C2CCC(=O)NC2=O)C3=O)nc2ccccn12,WEE1,,89.0,=,1,,Dana Farber Cancer Institute;Leland Stanford Junior University,WO2025129172A1,PGDB_AS000292,% Degradation,luminescence,standardized
PGDB_C027639,Nc1ccc(-c2cccc(C3CCC(=O)NC3=O)c2Cl)cc1Cl,VAV1,,97.68,=,1,Jurkat,Monte Rosa Therapeutics,WO2024151547A1,PGDB_AS000862,% Degradation,luminescence,standardized
PGDB_C009601,Nc1cccc2c1C(=O)N(C1CCC(=O)NC1=O)C2=O,IKZF1,CRBN,79.5,=,0,HT-1080,Hangzhou Glubio Pharmaceutical,WO2023025136A1,PGDB_AS000619,% Degradation,luminescence,standardized
PGDB_C009601,Nc1cccc2c1C(=O)N(C1CCC(=O)NC1=O)C2=O,SALL4,CRBN,69.7,=,0,HT-1080,Hangzhou Glubio Pharmaceutical,WO2023025136A1,PGDB_AS001792,% Degradation,luminescence,standardized
PGDB_C007382,Nc1nc(-c2ccc3c(c2)CN(C2CCC(=O)NC2=O)C3=O)ccc1CN1CC2(CCC2)C1,IKZF1,,11.0,=,0,,Bristol Myers Squibb,CN121646585A,PGDB_AS000956,% Degradation,flow_cytometry,standardized
PGDB_C007382,Nc1nc(-c2ccc3c(c2)CN(C2CCC(=O)NC2=O)C3=O)ccc1CN1CC2(CCC2)C1,IKZF2,,97.0,=,1,,Bristol Myers Squibb,CN121646585A,PGDB_AS001073,% Degradation,flow_cytometry,standardized
PGDB_C007382,Nc1nc(-c2ccc3c(c2)CN(C2CCC(=O)NC2=O)C3=O)ccc1CN1CC2(CCC2)C1,IKZF3,,2.0,=,0,,Bristol Myers Squibb,CN121646585A,PGDB_AS001615,% Degradation,flow_cytometry,standardized
PGDB_C007382,Nc1nc(-c2ccc3c(c2)CN(C2CCC(=O)NC2=O)C3=O)ccc1CN1CC2(CCC2)C1,IKZF4,,95.0,=,1,,Bristol Myers Squibb,CN121646585A,PGDB_AS000779,% Degradation,,standardized
PGDB_C008148,Nc1nc(-c2ccc3c(c2F)CN(C2CCC(=O)NC2=O)C3=O)ccc1CN1CC(C2CCC(F)(F)CC2)C1,IKZF2,,96.0,=,1,,Bristol Myers Squibb,CN121646585A,PGDB_AS001073,% Degradation,flow_cytometry,standardized
PGDB_C008148,Nc1nc(-c2ccc3c(c2F)CN(C2CCC(=O)NC2=O)C3=O)ccc1CN1CC(C2CCC(F)(F)CC2)C1,IKZF4,,72.0,<=,0,,Bristol Myers Squibb,CN121646585A,PGDB_AS000779,% Degradation,,standardized
PGDB_C024779,Nc1nc2n(n1)CCc1cc(-c3cccc(C4CCC(=O)NC4=O)c3Cl)ccc1-2,VAV1,,96.7,=,1,Jurkat,Shanghai Meiyue Biotech Development,CN121698875A,PGDB_AS000398,% Degradation,,standardized
PGDB_C027636,Nc1nccn1Cc1ccc(-c2cccc(C3CCC(=O)NC3=O)c2Cl)cc1,VAV1,,84.09,=,1,Jurkat,Monte Rosa Therapeutics,WO2024151547A1,PGDB_AS000862,% Degradation,luminescence,standardized
PGDB_C029206,Nc1nnc(-c2cc(F)ccc2O)cc1N1CC2CCC(C1)N2c1ccc(C(=O)N2CCC(F)(CN3CCC(n4ccc5cc(N6CCC(=O)NC6=O)ccc54)CC3)CC2)cc1,SMARCA2,,62.9,=,0,,AstraZeneca,WO2026120044,PGDB_AS001542,% Degradation,,standardized
PGDB_C029298,Nc1nnc(-c2ccccc2O)cc1N1CC2CC(C1)N2c1ccc(C(=O)N2CCC(CN3CCC(c4cn(C5CCC5)c5cc(N6CCC(=O)NC6=O)ccc45)CC3)CC2)c(Cl)c1,SMARCA2,,84.8,=,1,,AstraZeneca,WO2026120044,PGDB_AS001542,% Degradation,,standardized
PGDB_C029298,Nc1nnc(-c2ccccc2O)cc1N1CC2CC(C1)N2c1ccc(C(=O)N2CCC(CN3CCC(c4cn(C5CCC5)c5cc(N6CCC(=O)NC6=O)ccc45)CC3)CC2)c(Cl)c1,SMARCA4,,29.3,=,0,,AstraZeneca,WO2026120044,PGDB_AS000549,% Degradation,,standardized
PGDB_C029301,Nc1nnc(-c2ccccc2O)cc1N1CC2CC(C1)N2c1ccc(C(=O)N2CCC(F)(CN3CCC(c4cn(C5CCC5)c5cc(N6CCC(=O)NC6=O)ccc45)CC3)CC2)c(C(F)(F)F)c1,SMARCA2,,80.2,=,1,,AstraZeneca,WO2026120044,PGDB_AS000411,% Degradation,,standardized
PGDB_C029301,Nc1nnc(-c2ccccc2O)cc1N1CC2CC(C1)N2c1ccc(C(=O)N2CCC(F)(CN3CCC(c4cn(C5CCC5)c5cc(N6CCC(=O)NC6=O)ccc45)CC3)CC2)c(C(F)(F)F)c1,SMARCA4,,18.4,=,0,,AstraZeneca,WO2026120044,PGDB_AS000549,% Degradation,,standardized
PGDB_C029304,Nc1nnc(-c2ccccc2O)cc1N1CC2CC(C1)N2c1ccc(C(=O)N2CCC(F)(CN3CCC(c4cn(C5CCC5)c5cc(N6CCC(=O)NC6=O)ccc45)CC3)CC2)c(Cl)c1,SMARCA4,,21.6,=,0,,AstraZeneca,WO2026120044,PGDB_AS000549,% Degradation,,standardized
PGDB_C029299,Nc1nnc(-c2ccccc2O)cc1N1CC2CC(C1)N2c1ccc(C(=O)N2CCC(F)(CN3CCC(c4cn(C5CCC5)c5cc(N6CCC(=O)NC6=O)ccc45)CC3)CC2)c(F)c1,SMARCA2,,83.3,=,1,,AstraZeneca,WO2026120044,PGDB_AS001542,% Degradation,,standardized
PGDB_C029299,Nc1nnc(-c2ccccc2O)cc1N1CC2CC(C1)N2c1ccc(C(=O)N2CCC(F)(CN3CCC(c4cn(C5CCC5)c5cc(N6CCC(=O)NC6=O)ccc45)CC3)CC2)c(F)c1,SMARCA4,,17.9,=,0,,AstraZeneca,WO2026120044,PGDB_AS000549,% Degradation,,standardized
PGDB_C029292,Nc1nnc(-c2ccccc2O)cc1N1CC2CC(C1)N2c1ccc(C(=O)N2CCC(F)(CN3CCN(C4=C(C5CC5)c5cc(N6CCC(=O)NC6=O)cnc54)CC3)CC2)c(C(F)(F)F)c1,SMARCA2,,85.8,=,1,,AstraZeneca,WO2026120044,PGDB_AS001542,% Degradation,,standardized
PGDB_C029241,Nc1nnc(-c2ccccc2O)cc1N1CC2CC(C1)N2c1ccc(C(=O)N2CCC(F)(CN3CCN(c4ccc5c(c4)c(-c4ccccc4)cn5C4CCC(=O)NC4=O)CC3)CC2)cc1,SMARCA2,,81.2,=,1,,AstraZeneca,WO2026120044,PGDB_AS001542,% Degradation,,standardized
PGDB_C029241,Nc1nnc(-c2ccccc2O)cc1N1CC2CC(C1)N2c1ccc(C(=O)N2CCC(F)(CN3CCN(c4ccc5c(c4)c(-c4ccccc4)cn5C4CCC(=O)NC4=O)CC3)CC2)cc1,SMARCA4,,21.6,=,0,,AstraZeneca,WO2026120044,PGDB_AS000549,% Degradation,,standardized
PGDB_C029249,Nc1nnc(-c2ccccc2O)cc1N1CC2CCC(C1)N2c1cc(F)c(C(=O)N2CCC(F)(CN3CCC(c4cn(C5CCC5)c5cc(N6CCC(=O)NC6=O)ccc45)CC3)CC2)c(F)c1,SMARCA2,,81.7,=,1,,AstraZeneca,WO2026120044,PGDB_AS001542,% Degradation,,standardized
PGDB_C029249,Nc1nnc(-c2ccccc2O)cc1N1CC2CCC(C1)N2c1cc(F)c(C(=O)N2CCC(F)(CN3CCC(c4cn(C5CCC5)c5cc(N6CCC(=O)NC6=O)ccc45)CC3)CC2)c(F)c1,SMARCA4,,14.1,=,0,,AstraZeneca,WO2026120044,PGDB_AS000549,% Degradation,,standardized
PGDB_C029303,Nc1nnc(-c2ccccc2O)cc1N1CC2CCC(C1)N2c1cc(F)c(C(=O)N2CCC(F)(CN3CCC(n4cc(C5CC5)c5cc(N6CCC(=O)NC6=O)cnc54)CC3)CC2)c(F)c1,SMARCA2,,82.5,=,1,,AstraZeneca,WO2026120044,PGDB_AS000411,% Degradation,,standardized
PGDB_C029216,Nc1nnc(-c2ccccc2O)cc1N1CC2CCC(C1)N2c1ccc(C(=O)N2CCC(CCCN3CCC(n4ccc5cc(N6CCC(=O)NC6=O)ccc54)CC3)CC2)cc1,SMARCA2,,54.4,=,0,,AstraZeneca,WO2026120044,PGDB_AS001542,% Degradation,,standardized
PGDB_C029183,Nc1nnc(-c2ccccc2O)cc1N1CC2CCC(C1)N2c1ccc(C(=O)N2CCC(CCN3CCC(n4ccc5c(N6CCC(=O)NC6=O)cccc54)CC3)CC2)cc1,SMARCA2,,74.8,=,0,,AstraZeneca,WO2026120044,PGDB_AS001542,% Degradation,,standardized
PGDB_C029203,Nc1nnc(-c2ccccc2O)cc1N1CC2CCC(C1)N2c1ccc(C(=O)N2CCC(CCN3CCC(n4ccc5cc(N6CCC(=O)NC6=O)ccc54)CC3)CC2)cc1,SMARCA2,,65.3,=,0,,AstraZeneca,WO2026120044,PGDB_AS001542,% Degradation,,standardized
PGDB_C029179,Nc1nnc(-c2ccccc2O)cc1N1CC2CCC(C1)N2c1ccc(C(=O)N2CCC(CN3CCC(c4c[nH]c5cc(N6CCC(=O)NC6=O)ccc45)CC3)CC2)cc1,SMARCA2,,86.6,=,1,,AstraZeneca,WO2026120044,PGDB_AS001542,% Degradation,,standardized
PGDB_C029179,Nc1nnc(-c2ccccc2O)cc1N1CC2CCC(C1)N2c1ccc(C(=O)N2CCC(CN3CCC(c4c[nH]c5cc(N6CCC(=O)NC6=O)ccc45)CC3)CC2)cc1,SMARCA4,,36.5,=,0,,AstraZeneca,WO2026120044,PGDB_AS000549,% Degradation,,standardized
PGDB_C029256,Nc1nnc(-c2ccccc2O)cc1N1CC2CCC(C1)N2c1ccc(C(=O)N2CCC(CN3CCC(c4cn(C5CCC5)c5c(F)c(N6CCC(=O)NC6=O)ccc45)CC3)CC2)c(F)c1,SMARCA2,,75.2,=,0,,AstraZeneca,WO2026120044,PGDB_AS001542,% Degradation,,standardized
PGDB_C029188,Nc1nnc(-c2ccccc2O)cc1N1CC2CCC(C1)N2c1ccc(C(=O)N2CCC(CN3CCC(n4cc(C5CC5)c5cc(N6CCC(=O)NC6=O)ccc54)CC3)CC2)cc1,SMARCA2,,80.3,=,1,,AstraZeneca,WO2026120044,PGDB_AS001542,% Degradation,,standardized
PGDB_C029176,Nc1nnc(-c2ccccc2O)cc1N1CC2CCC(C1)N2c1ccc(C(=O)N2CCC(CN3CCC(n4ccc5c(N6CCC(=O)NC6=O)ccc(F)c54)CC3)CC2)cc1,SMARCA2,,81.9,=,1,,AstraZeneca,WO2026120044,PGDB_AS001542,% Degradation,,standardized
PGDB_C029175,Nc1nnc(-c2ccccc2O)cc1N1CC2CCC(C1)N2c1ccc(C(=O)N2CCC(CN3CCC(n4ccc5c(N6CCC(=O)NC6=O)cccc54)CC3)CC2)cc1,SMARCA2,,89.3,=,1,,AstraZeneca,WO2026120044,PGDB_AS001542,% Degradation,,standardized
PGDB_C029218,Nc1nnc(-c2ccccc2O)cc1N1CC2CCC(C1)N2c1ccc(C(=O)N2CCC(CN3CCC(n4ccc5cc(N6CCC(=O)NC6=O)ccc54)CC3)(C(F)F)CC2)cc1,SMARCA2,,45.7,=,0,,AstraZeneca,WO2026120044,PGDB_AS001542,% Degradation,,standardized
PGDB_C029181,Nc1nnc(-c2ccccc2O)cc1N1CC2CCC(C1)N2c1ccc(C(=O)N2CCC(CN3CCC(n4ccc5cc(N6CCC(=O)NC6=O)ccc54)CC3)CC2)c(Cl)c1,SMARCA2,,83.4,=,1,,AstraZeneca,WO2026120044,PGDB_AS001542,% Degradation,,standardized
PGDB_C029170,Nc1nnc(-c2ccccc2O)cc1N1CC2CCC(C1)N2c1ccc(C(=O)N2CCC(CN3CCN(C4C=Cc5c4cncc5N4CCC(=O)NC4=O)CC3)CC2)cc1,SMARCA2,,89.6,=,1,,AstraZeneca,WO2026120044,PGDB_AS001542,% Degradation,,standardized
PGDB_C029198,Nc1nnc(-c2ccccc2O)cc1N1CC2CCC(C1)N2c1ccc(C(=O)N2CCC(CN3CCN(C4C=Cc5cc(N6CCC(=O)NC6=O)ccc54)CC3)CC2)cc1,SMARCA2,,73.4,=,0,,AstraZeneca,WO2026120044,PGDB_AS001542,% Degradation,,standardized
PGDB_C029213,Nc1nnc(-c2ccccc2O)cc1N1CC2CCC(C1)N2c1ccc(C(=O)N2CCC(CN3CCN(c4c[nH]c5cc(N6CCC(=O)NC6=O)ccc45)CC3)CC2)cc1,SMARCA2,,76.9,=,0,,AstraZeneca,WO2026120044,PGDB_AS001542,% Degradation,,standardized
PGDB_C029213,Nc1nnc(-c2ccccc2O)cc1N1CC2CCC(C1)N2c1ccc(C(=O)N2CCC(CN3CCN(c4c[nH]c5cc(N6CCC(=O)NC6=O)ccc45)CC3)CC2)cc1,SMARCA4,,22.7,=,0,,AstraZeneca,WO2026120044,PGDB_AS000549,% Degradation,,standardized
PGDB_C029306,Nc1nnc(-c2ccccc2O)cc1N1CC2CCC(C1)N2c1ccc(C(=O)N2CCC(CN3CCN(c4ccc5c(c4)c(C4CC4)cn5C4CCC(=O)NC4=O)CC3)CC2)cc1,SMARCA2,,87.9,=,1,,AstraZeneca,WO2026120044,PGDB_AS000411,% Degradation,,standardized
PGDB_C029306,Nc1nnc(-c2ccccc2O)cc1N1CC2CCC(C1)N2c1ccc(C(=O)N2CCC(CN3CCN(c4ccc5c(c4)c(C4CC4)cn5C4CCC(=O)NC4=O)CC3)CC2)cc1,SMARCA4,,19.8,=,0,,AstraZeneca,WO2026120044,PGDB_AS000549,% Degradation,,standardized
PGDB_C029225,Nc1nnc(-c2ccccc2O)cc1N1CC2CCC(C1)N2c1ccc(C(=O)N2CCC(CN3CC[C@@H](n4ccc5cc(N6CCC(=O)NC6=O)ccc54)[C@H](F)C3)CC2)cc1,SMARCA2,,82.5,=,1,,AstraZeneca,WO2026120044,PGDB_AS001542,% Degradation,,standardized
PGDB_C029226,Nc1nnc(-c2ccccc2O)cc1N1CC2CCC(C1)N2c1ccc(C(=O)N2CCC(CN3CC[C@H](n4ccc5cc(N6CCC(=O)NC6=O)ccc54)[C@@H](F)C3)CC2)cc1,SMARCA2,,83.7,=,1,,AstraZeneca,WO2026120044,PGDB_AS001542,% Degradation,,standardized
PGDB_C029278,Nc1nnc(-c2ccccc2O)cc1N1CC2CCC(C1)N2c1ccc(C(=O)N2CCC(F)(CCN3CCC(n4ccc5c(N6CCC(=O)NC6=O)cccc54)CC3)CC2)cc1,SMARCA2,,90.3,=,1,,AstraZeneca,WO2026120044,PGDB_AS001542,% Degradation,,standardized
PGDB_C029268,Nc1nnc(-c2ccccc2O)cc1N1CC2CCC(C1)N2c1ccc(C(=O)N2CCC(F)(CN3C4CCC3CC(n3cc(C5CC5)c5cc(N6CCC(=O)NC6=O)cnc53)C4)CC2)cc1,SMARCA2,,61.2,=,0,,AstraZeneca,WO2026120044,PGDB_AS001542,% Degradation,,standardized
PGDB_C029268,Nc1nnc(-c2ccccc2O)cc1N1CC2CCC(C1)N2c1ccc(C(=O)N2CCC(F)(CN3C4CCC3CC(n3cc(C5CC5)c5cc(N6CCC(=O)NC6=O)cnc53)C4)CC2)cc1,SMARCA4,,10.2,=,0,,AstraZeneca,WO2026120044,PGDB_AS000549,% Degradation,,standardized
PGDB_C029221,Nc1nnc(-c2ccccc2O)cc1N1CC2CCC(C1)N2c1ccc(C(=O)N2CCC(F)(CN3C4CC[C@@H]3C[C@@H](n3ccc5cc(N6CCC(=O)NC6=O)ccc53)C4)CC2)cc1,SMARCA2,,57.7,=,0,,AstraZeneca,WO2026120044,PGDB_AS001542,% Degradation,,standardized
PGDB_C029266,Nc1nnc(-c2ccccc2O)cc1N1CC2CCC(C1)N2c1ccc(C(=O)N2CCC(F)(CN3CCC(c4cn(C5CC5)c5cc(N6CCC(=O)NC6=O)ccc45)CC3)CC2)cc1,SMARCA2,,72.7,=,0,,AstraZeneca,WO2026120044,PGDB_AS001542,% Degradation,,standardized
PGDB_C029266,Nc1nnc(-c2ccccc2O)cc1N1CC2CCC(C1)N2c1ccc(C(=O)N2CCC(F)(CN3CCC(c4cn(C5CC5)c5cc(N6CCC(=O)NC6=O)ccc45)CC3)CC2)cc1,SMARCA4,,2.6,=,0,,AstraZeneca,WO2026120044,PGDB_AS000549,% Degradation,,standardized
PGDB_C029283,Nc1nnc(-c2ccccc2O)cc1N1CC2CCC(C1)N2c1ccc(C(=O)N2CCC(F)(CN3CCC(c4cn(C5CCC5)c5c(F)c(N6CCC(=O)NC6=O)ccc45)CC3)CC2)c(Cl)c1,SMARCA2,,86.8,=,1,,AstraZeneca,WO2026120044,PGDB_AS001542,% Degradation,,standardized
PGDB_C029280,Nc1nnc(-c2ccccc2O)cc1N1CC2CCC(C1)N2c1ccc(C(=O)N2CCC(F)(CN3CCC(c4cn(C5CCC5)c5c(F)c(N6CCC(=O)NC6=O)ccc45)CC3)CC2)c(F)c1,SMARCA2,,80.1,=,1,,AstraZeneca,WO2026120044,PGDB_AS001542,% Degradation,,standardized
PGDB_C029280,Nc1nnc(-c2ccccc2O)cc1N1CC2CCC(C1)N2c1ccc(C(=O)N2CCC(F)(CN3CCC(c4cn(C5CCC5)c5c(F)c(N6CCC(=O)NC6=O)ccc45)CC3)CC2)c(F)c1,SMARCA4,,25.5,=,0,,AstraZeneca,WO2026120044,PGDB_AS000549,% Degradation,,standardized
PGDB_C029296,Nc1nnc(-c2ccccc2O)cc1N1CC2CCC(C1)N2c1ccc(C(=O)N2CCC(F)(CN3CCC(c4cn(C5CCC5)c5cc(N6CCC(=O)NC6=O)ccc45)CC3)CC2)c(C2CC2)c1,SMARCA2,,85.9,=,1,,AstraZeneca,WO2026120044,PGDB_AS001542,% Degradation,,standardized
PGDB_C029242,Nc1nnc(-c2ccccc2O)cc1N1CC2CCC(C1)N2c1ccc(C(=O)N2CCC(F)(CN3CCC(c4cn(C5CCC5)c5cc(N6CCC(=O)NC6=O)ccc45)CC3)CC2)cc1,SMARCA2,,76.7,=,0,,AstraZeneca,WO2026120044,PGDB_AS001542,% Degradation,,standardized
PGDB_C029242,Nc1nnc(-c2ccccc2O)cc1N1CC2CCC(C1)N2c1ccc(C(=O)N2CCC(F)(CN3CCC(c4cn(C5CCC5)c5cc(N6CCC(=O)NC6=O)ccc45)CC3)CC2)cc1,SMARCA4,,2.7,=,0,,AstraZeneca,WO2026120044,PGDB_AS000549,% Degradation,,standardized
PGDB_C029261,Nc1nnc(-c2ccccc2O)cc1N1CC2CCC(C1)N2c1ccc(C(=O)N2CCC(F)(CN3CCC(c4cn(C5CCC5)c5cc(N6CCC(=O)NC6=O)cnc45)CC3)CC2)c(Cl)c1,SMARCA2,,82.2,=,1,,AstraZeneca,WO2026120044,PGDB_AS001542,% Degradation,,standardized
PGDB_C029260,Nc1nnc(-c2ccccc2O)cc1N1CC2CCC(C1)N2c1ccc(C(=O)N2CCC(F)(CN3CCC(c4cn(C5CCC5)c5cc(N6CCC(=O)NC6=O)cnc45)CC3)CC2)c(F)c1,SMARCA2,,82.5,=,1,,AstraZeneca,WO2026120044,PGDB_AS001542,% Degradation,,standardized
PGDB_C029260,Nc1nnc(-c2ccccc2O)cc1N1CC2CCC(C1)N2c1ccc(C(=O)N2CCC(F)(CN3CCC(c4cn(C5CCC5)c5cc(N6CCC(=O)NC6=O)cnc45)CC3)CC2)c(F)c1,SMARCA4,,9.4,=,0,,AstraZeneca,WO2026120044,PGDB_AS000549,% Degradation,,standardized
PGDB_C029284,Nc1nnc(-c2ccccc2O)cc1N1CC2CCC(C1)N2c1ccc(C(=O)N2CCC(F)(CN3CCC(c4cn(C5CCC5)c5cc(N6CCC(=O)NC6=O)cnc45)CC3)CC2)cc1,SMARCA2,,83.8,=,1,,AstraZeneca,WO2026120044,PGDB_AS001542,% Degradation,,standardized
PGDB_C029284,Nc1nnc(-c2ccccc2O)cc1N1CC2CCC(C1)N2c1ccc(C(=O)N2CCC(F)(CN3CCC(c4cn(C5CCC5)c5cc(N6CCC(=O)NC6=O)cnc45)CC3)CC2)cc1,SMARCA4,,8.8,=,0,,AstraZeneca,WO2026120044,PGDB_AS000549,% Degradation,,standardized
PGDB_C029281,Nc1nnc(-c2ccccc2O)cc1N1CC2CCC(C1)N2c1ccc(C(=O)N2CCC(F)(CN3CCC(n4cc(-c5ccccc5)c5cc(N6CCC(=O)NC6=O)cnc54)CC3)CC2)cc1,SMARCA2,,80.3,=,1,,AstraZeneca,WO2026120044,PGDB_AS001542,% Degradation,,standardized
PGDB_C029281,Nc1nnc(-c2ccccc2O)cc1N1CC2CCC(C1)N2c1ccc(C(=O)N2CCC(F)(CN3CCC(n4cc(-c5ccccc5)c5cc(N6CCC(=O)NC6=O)cnc54)CC3)CC2)cc1,SMARCA4,,19.6,=,0,,AstraZeneca,WO2026120044,PGDB_AS000549,% Degradation,,standardized
PGDB_C029194,Nc1nnc(-c2ccccc2O)cc1N1CC2CCC(C1)N2c1ccc(C(=O)N2CCC(F)(CN3CCC(n4cc(-c5ccccn5)c5cc(N6CCC(=O)NC6=O)ccc54)CC3)CC2)cc1,SMARCA2,,73.5,=,0,,AstraZeneca,WO2026120044,PGDB_AS001542,% Degradation,,standardized
PGDB_C029194,Nc1nnc(-c2ccccc2O)cc1N1CC2CCC(C1)N2c1ccc(C(=O)N2CCC(F)(CN3CCC(n4cc(-c5ccccn5)c5cc(N6CCC(=O)NC6=O)ccc54)CC3)CC2)cc1,SMARCA4,,16.6,=,0,,AstraZeneca,WO2026120044,PGDB_AS000549,% Degradation,,standardized
PGDB_C029253,Nc1nnc(-c2ccccc2O)cc1N1CC2CCC(C1)N2c1ccc(C(=O)N2CCC(F)(CN3CCC(n4cc(C(F)(F)F)c5cc(N6CCC(=O)NC6=O)ccc54)CC3)CC2)cc1,SMARCA2,,68.8,=,0,,AstraZeneca,WO2026120044,PGDB_AS001542,% Degradation,,standardized
PGDB_C029253,Nc1nnc(-c2ccccc2O)cc1N1CC2CCC(C1)N2c1ccc(C(=O)N2CCC(F)(CN3CCC(n4cc(C(F)(F)F)c5cc(N6CCC(=O)NC6=O)ccc54)CC3)CC2)cc1,SMARCA4,,5.4,=,0,,AstraZeneca,WO2026120044,PGDB_AS000549,% Degradation,,standardized
PGDB_C029269,Nc1nnc(-c2ccccc2O)cc1N1CC2CCC(C1)N2c1ccc(C(=O)N2CCC(F)(CN3CCC(n4cc(C5CC5)c5cc(N6CCC(=O)N(COP(=O)(O)O)C6=O)cnc54)CC3)CC2)cc1,SMARCA2,,88.6,=,1,,AstraZeneca,WO2026120044,PGDB_AS001542,% Degradation,,standardized
PGDB_C029269,Nc1nnc(-c2ccccc2O)cc1N1CC2CCC(C1)N2c1ccc(C(=O)N2CCC(F)(CN3CCC(n4cc(C5CC5)c5cc(N6CCC(=O)N(COP(=O)(O)O)C6=O)cnc54)CC3)CC2)cc1,SMARCA4,,24.4,=,0,,AstraZeneca,WO2026120044,PGDB_AS000549,% Degradation,,standardized
PGDB_C029239,Nc1nnc(-c2ccccc2O)cc1N1CC2CCC(C1)N2c1ccc(C(=O)N2CCC(F)(CN3CCC(n4cc(C5CC5)c5cc(N6CCC(=O)NC6=O)cnc54)CC3)CC2)cc1,SMARCA2,,87.2,=,1,,AstraZeneca,WO2026120044,PGDB_AS001542,% Degradation,,standardized
PGDB_C029238,Nc1nnc(-c2ccccc2O)cc1N1CC2CCC(C1)N2c1ccc(C(=O)N2CCC(F)(CN3CCC(n4cc(C5CCC5)c5cc(N6CCC(=O)NC6=O)ccc54)CC3)CC2)cc1,SMARCA2,,78.3,=,0,,AstraZeneca,WO2026120044,PGDB_AS001542,% Degradation,,standardized
PGDB_C029238,Nc1nnc(-c2ccccc2O)cc1N1CC2CCC(C1)N2c1ccc(C(=O)N2CCC(F)(CN3CCC(n4cc(C5CCC5)c5cc(N6CCC(=O)NC6=O)ccc54)CC3)CC2)cc1,SMARCA4,,11.2,=,0,,AstraZeneca,WO2026120044,PGDB_AS000549,% Degradation,,standardized
PGDB_C029247,Nc1nnc(-c2ccccc2O)cc1N1CC2CCC(C1)N2c1ccc(C(=O)N2CCC(F)(CN3CCC(n4cc(C5CCC5)c5cc(N6CCC(=O)NC6=O)cnc54)CC3)CC2)cc1,SMARCA2,,81.9,=,1,,AstraZeneca,WO2026120044,PGDB_AS001542,% Degradation,,standardized
PGDB_C029247,Nc1nnc(-c2ccccc2O)cc1N1CC2CCC(C1)N2c1ccc(C(=O)N2CCC(F)(CN3CCC(n4cc(C5CCC5)c5cc(N6CCC(=O)NC6=O)cnc54)CC3)CC2)cc1,SMARCA4,,9.7,=,0,,AstraZeneca,WO2026120044,PGDB_AS000549,% Degradation,,standardized
PGDB_C029227,Nc1nnc(-c2ccccc2O)cc1N1CC2CCC(C1)N2c1ccc(C(=O)N2CCC(F)(CN3CCC(n4cc(Cl)c5cc(N6CCC(=O)NC6=O)ccc54)CC3)CC2)cc1,SMARCA2,,71.6,=,0,,AstraZeneca,WO2026120044,PGDB_AS001542,% Degradation,,standardized
PGDB_C029227,Nc1nnc(-c2ccccc2O)cc1N1CC2CCC(C1)N2c1ccc(C(=O)N2CCC(F)(CN3CCC(n4cc(Cl)c5cc(N6CCC(=O)NC6=O)ccc54)CC3)CC2)cc1,SMARCA4,,14.7,=,0,,AstraZeneca,WO2026120044,PGDB_AS000549,% Degradation,,standardized
PGDB_C029243,Nc1nnc(-c2ccccc2O)cc1N1CC2CCC(C1)N2c1ccc(C(=O)N2CCC(F)(CN3CCC(n4ccc5c(F)c(N6CCC(=O)NC6=O)ccc54)CC3)CC2)cc1F,SMARCA2,,73.3,=,0,,AstraZeneca,WO2026120044,PGDB_AS001542,% Degradation,,standardized
PGDB_C029236,Nc1nnc(-c2ccccc2O)cc1N1CC2CCC(C1)N2c1ccc(C(=O)N2CCC(F)(CN3CCC(n4ccc5c(F)c(N6CCC(=O)NC6=O)cnc54)CC3)CC2)cc1,SMARCA2,,82.6,=,1,,AstraZeneca,WO2026120044,PGDB_AS001542,% Degradation,,standardized
PGDB_C029236,Nc1nnc(-c2ccccc2O)cc1N1CC2CCC(C1)N2c1ccc(C(=O)N2CCC(F)(CN3CCC(n4ccc5c(F)c(N6CCC(=O)NC6=O)cnc54)CC3)CC2)cc1,SMARCA4,,28.2,=,0,,AstraZeneca,WO2026120044,PGDB_AS000549,% Degradation,,standardized
PGDB_C029286,Nc1nnc(-c2ccccc2O)cc1N1CC2CCC(C1)N2c1ccc(C(=O)N2CCC(F)(CN3CCC(n4ccc5c(N6CCC(=O)NC6=O)c(F)ccc54)CC3)CC2)cc1,SMARCA2,,82.7,=,1,,AstraZeneca,WO2026120044,PGDB_AS001542,% Degradation,,standardized
PGDB_C029192,Nc1nnc(-c2ccccc2O)cc1N1CC2CCC(C1)N2c1ccc(C(=O)N2CCC(F)(CN3CCC(n4ccc5c(N6CCC(=O)NC6=O)cccc54)CC3)CC2)cc1,SMARCA2,,80.6,=,1,,AstraZeneca,WO2026120044,PGDB_AS001542,% Degradation,,standardized
PGDB_C029289,Nc1nnc(-c2ccccc2O)cc1N1CC2CCC(C1)N2c1ccc(C(=O)N2CCC(F)(CN3CCC(n4ccc5c(N6CCC(=O)NC6=O)ccnc54)CC3)CC2)cc1,SMARCA2,,59.2,=,0,,AstraZeneca,WO2026120044,PGDB_AS001542,% Degradation,,standardized
PGDB_C029199,Nc1nnc(-c2ccccc2O)cc1N1CC2CCC(C1)N2c1ccc(C(=O)N2CCC(F)(CN3CCC(n4ccc5c(N6CCC(=O)NC6=O)cncc54)CC3)CC2)cc1,SMARCA2,,81.6,=,1,,AstraZeneca,WO2026120044,PGDB_AS001542,% Degradation,,standardized
PGDB_C029274,Nc1nnc(-c2ccccc2O)cc1N1CC2CCC(C1)N2c1ccc(C(=O)N2CCC(F)(CN3CCC(n4ccc5cc(N6CCC(=O)NC6=O)c(F)cc54)CC3)CC2)cc1,SMARCA2,,73.7,=,0,,AstraZeneca,WO2026120044,PGDB_AS001542,% Degradation,,standardized
PGDB_C029212,Nc1nnc(-c2ccccc2O)cc1N1CC2CCC(C1)N2c1ccc(C(=O)N2CCC(F)(CN3CCC(n4ccc5cc(N6CCC(=O)NC6=O)cc(F)c54)CC3)CC2)cc1,SMARCA2,,59.3,=,0,,AstraZeneca,WO2026120044,PGDB_AS001542,% Degradation,,standardized
PGDB_C029220,Nc1nnc(-c2ccccc2O)cc1N1CC2CCC(C1)N2c1ccc(C(=O)N2CCC(F)(CN3CCC(n4ccc5cc(N6CCC(=O)NC6=O)ccc54)CC3)CC2)cc1,SMARCA2,,77.9,=,0,,AstraZeneca,WO2026120044,PGDB_AS001542,% Degradation,,standardized
PGDB_C029290,Nc1nnc(-c2ccccc2O)cc1N1CC2CCC(C1)N2c1ccc(C(=O)N2CCC(F)(CN3CCN(C4=C(C5CC5)c5cc(N6CCC(=O)NC6=O)cnc54)CC3)CC2)c(C2CC2)c1,SMARCA2,,89.3,=,1,,AstraZeneca,WO2026120044,PGDB_AS001542,% Degradation,,standardized
PGDB_C029302,Nc1nnc(-c2ccccc2O)cc1N1CC2CCC(C1)N2c1ccc(C(=O)N2CCC(F)(CN3CCN(C4=C(C5CC5)c5cc(N6CCC(=O)NC6=O)cnc54)CC3)CC2)c(Cl)c1,SMARCA2,,88.7,=,1,,AstraZeneca,WO2026120044,PGDB_AS000411,% Degradation,,standardized
PGDB_C029291,Nc1nnc(-c2ccccc2O)cc1N1CC2CCC(C1)N2c1ccc(C(=O)N2CCC(F)(CN3CCN(C4=C(C5CC5)c5cc(N6CCC(=O)NC6=O)cnc54)CC3)CC2)c(F)c1,SMARCA2,,83.7,=,1,,AstraZeneca,WO2026120044,PGDB_AS001542,% Degradation,,standardized
PGDB_C029234,Nc1nnc(-c2ccccc2O)cc1N1CC2CCC(C1)N2c1ccc(C(=O)N2CCC(F)(CN3CCN(C4=Cc5c4ccc(N4CCC(=O)NC4=O)c5F)CC3)CC2)cc1,SMARCA2,,81.6,=,1,,AstraZeneca,WO2026120044,PGDB_AS001542,% Degradation,,standardized
PGDB_C029271,Nc1nnc(-c2ccccc2O)cc1N1CC2CCC(C1)N2c1ccc(C(=O)N2CCC(F)(CN3CCN(C4C=C(C5CC5)c5cc(N6CCC(=O)NC6=O)c(F)cc54)CC3)CC2)cc1,SMARCA2,,87.8,=,1,,AstraZeneca,WO2026120044,PGDB_AS001542,% Degradation,,standardized
PGDB_C029271,Nc1nnc(-c2ccccc2O)cc1N1CC2CCC(C1)N2c1ccc(C(=O)N2CCC(F)(CN3CCN(C4C=C(C5CC5)c5cc(N6CCC(=O)NC6=O)c(F)cc54)CC3)CC2)cc1,SMARCA4,,31.5,=,0,,AstraZeneca,WO2026120044,PGDB_AS000549,% Degradation,,standardized
PGDB_C029273,Nc1nnc(-c2ccccc2O)cc1N1CC2CCC(C1)N2c1ccc(C(=O)N2CCC(F)(CN3CCN(C4C=C(C5CC5)c5cc(N6CCC(=O)NC6=O)ccc54)CC3)CC2)cc1F,SMARCA2,,74.6,=,0,,AstraZeneca,WO2026120044,PGDB_AS001542,% Degradation,,standardized
PGDB_C029273,Nc1nnc(-c2ccccc2O)cc1N1CC2CCC(C1)N2c1ccc(C(=O)N2CCC(F)(CN3CCN(C4C=C(C5CC5)c5cc(N6CCC(=O)NC6=O)ccc54)CC3)CC2)cc1F,SMARCA4,,20.1,=,0,,AstraZeneca,WO2026120044,PGDB_AS000549,% Degradation,,standardized
PGDB_C029248,Nc1nnc(-c2ccccc2O)cc1N1CC2CCC(C1)N2c1ccc(C(=O)N2CCC(F)(CN3CCN(c4cc(F)c5c(c4)C(F)N5C4CCC(=O)NC4=O)CC3)CC2)cc1,SMARCA2,,85.6,=,1,,AstraZeneca,WO2026120044,PGDB_AS001542,% Degradation,,standardized
PGDB_C029248,Nc1nnc(-c2ccccc2O)cc1N1CC2CCC(C1)N2c1ccc(C(=O)N2CCC(F)(CN3CCN(c4cc(F)c5c(c4)C(F)N5C4CCC(=O)NC4=O)CC3)CC2)cc1,SMARCA4,,39.9,=,0,,AstraZeneca,WO2026120044,PGDB_AS000549,% Degradation,,standardized
PGDB_C029311,Nc1nnc(-c2ccccc2O)cc1N1CC2CCC(C1)N2c1ccc(C(=O)N2CCC(F)(CN3CCN(c4cc5c(C6CC6)cn(C6CCC(=O)NC6=O)c5cn4)CC3)CC2)cc1,SMARCA2,,87.2,=,1,,AstraZeneca,WO2026120044,PGDB_AS000411,% Degradation,,standardized
PGDB_C029173,Nc1nnc(-c2ccccc2O)cc1N1CC2CCC(C1)N2c1ccc(C(=O)N2CCC(N3CCC(n4ccc5c(N6CCC(=O)NC6=O)cccc54)CC3)CC2)cc1,SMARCA2,,83.4,=,1,,AstraZeneca,WO2026120044,PGDB_AS001542,% Degradation,,standardized
PGDB_C029197,Nc1nnc(-c2ccccc2O)cc1N1CC2CCC(C1)N2c1ccc(C(=O)N2CCC(N3CCC(n4ccc5cc(N6CCC(=O)NC6=O)ccc54)CC3)CC2)cc1,SMARCA2,,70.1,=,0,,AstraZeneca,WO2026120044,PGDB_AS001542,% Degradation,,standardized
PGDB_C029267,Nc1nnc(-c2ccccc2O)cc1N1CC2CCC(C1)N2c1ccc(C(=O)N2CCN(CN3CCC(c4cn(C5CC5)c5cc(N6CCC(=O)NC6=O)ccc45)CC3)CC2)c(Cl)c1,SMARCA2,,67.6,=,0,,AstraZeneca,WO2026120044,PGDB_AS001542,% Degradation,,standardized
PGDB_C029215,Nc1nnc(-c2ccccc2O)cc1N1CC2CCC(C1)N2c1ccc(C(=O)N2C[C@@H]3[C@@H](CN4CCC(n5ccc6c(N7CCC(=O)NC7=O)cccc65)CC4)[C@@H]3C2)cc1,SMARCA2,,53.1,=,0,,AstraZeneca,WO2026120044,PGDB_AS001542,% Degradation,,standardized
PGDB_C029307,Nc1nnc(-c2ccccc2O)cc1N1CC2CCC(C1)N2c1ccc(N2CCC(CN3CCC(n4ccc5c(N6CCC(=O)NC6=O)cccc54)CC3)CC2)cc1,SMARCA2,,70.5,=,0,,AstraZeneca,WO2026120044,PGDB_AS000411,% Degradation,,standardized
PGDB_C029320,Nc1nnc(-c2ccccc2O)cc1N1CC2CCC(C1)N2c1ccc(N2CCC(CN3CCC4(CC3)OCC(n3cc(C5CC5)c5cc(N6CCC(=O)NC6=O)cnc53)CO4)CC2)c(F)c1,SMARCA2,,73.9,=,0,,AstraZeneca,WO2026120044,PGDB_AS000411,% Degradation,,standardized
PGDB_C029322,Nc1nnc(-c2ccccc2O)cc1N1CC2CCC(C1)N2c1ccc(N2CCC(CN3CCC4(CC3)OCC(n3ccc5c(N6CCC(=O)NC6=O)cccc53)CO4)CC2)c(F)c1,SMARCA2,,83.5,=,1,,AstraZeneca,WO2026120044,PGDB_AS000411,% Degradation,,standardized
PGDB_C029314,Nc1nnc(-c2ccccc2O)cc1N1CC2CCC(C1)N2c1ccc(N2CCC(CN3CCC4(CCC(n5cc(C6CC6)c6cc(N7CCC(=O)NC7=O)cnc65)CC4)CC3)CC2)c(F)c1,SMARCA2,,83.3,=,1,,AstraZeneca,WO2026120044,PGDB_AS000411,% Degradation,,standardized
PGDB_C029315,Nc1nnc(-c2ccccc2O)cc1N1CC2CCC(C1)N2c1ccc(N2CCC(CN3CCC4(CCC(n5cc(C6CC6)c6cc(N7CCC(=O)NC7=O)cnc65)CC4)CC3)CC2)cc1,SMARCA2,,80.3,=,1,,AstraZeneca,WO2026120044,PGDB_AS000411,% Degradation,,standardized
PGDB_C029317,Nc1nnc(-c2ccccc2O)cc1N1CC2CCC(C1)N2c1ccc(N2CCC(CN3CCC4(CCC(n5cc(C6CC6)c6cc(N7CCC(=O)NC7=O)cnc65)CC4)CC3)CC2)cc1F,SMARCA2,,79.2,=,0,,AstraZeneca,WO2026120044,PGDB_AS000411,% Degradation,,standardized
PGDB_C029309,Nc1nnc(-c2ccccc2O)cc1N1CC2CCC(C1)N2c1ccc(N2CCN(CN3CCC4(CC3)CC(n3cc(C5CC5)c5cc(N6CCC(=O)NC6=O)cnc53)C4)CC2)cc1,SMARCA2,,65.4,=,0,,AstraZeneca,WO2026120044,PGDB_AS000411,% Degradation,,standardized
PGDB_C029210,Nc1nnc(-c2ccccc2O)cc1N1CC2CCC(C1)N2c1ccc(S(=O)(=O)N2CCC(CN3CCC(n4ccc5c(N6CCC(=O)NC6=O)cccc54)CC3)CC2)cc1,SMARCA2,,72.4,=,0,,AstraZeneca,WO2026120044,PGDB_AS001542,% Degradation,,standardized
PGDB_C029282,Nc1nnc(-c2ccccc2O)cc1N1CCC2CCC(C1)N2c1ccc(C(=O)N2CCC(F)(CN3CCC(c4cn(C5CCC5)c5c(F)c(N6CCC(=O)NC6=O)ccc45)CC3)CC2)cc1,SMARCA2,,84.9,=,1,,AstraZeneca,WO2026120044,PGDB_AS001542,% Degradation,,standardized
PGDB_C029282,Nc1nnc(-c2ccccc2O)cc1N1CCC2CCC(C1)N2c1ccc(C(=O)N2CCC(F)(CN3CCC(c4cn(C5CCC5)c5c(F)c(N6CCC(=O)NC6=O)ccc45)CC3)CC2)cc1,SMARCA4,,29.8,=,0,,AstraZeneca,WO2026120044,PGDB_AS000549,% Degradation,,standardized
PGDB_C029270,Nc1nnc(-c2ccccc2O)cc1N1CCC2CCC(C1)N2c1ccc(C(=O)N2CCC(F)(CN3CCN(C4C=C(C5CC5)c5c4ccc(N4CCC(=O)NC4=O)c5F)CC3)CC2)cc1,SMARCA2,,88.9,=,1,,AstraZeneca,WO2026120044,PGDB_AS001542,% Degradation,,standardized
PGDB_C029185,Nc1nnc(-c2ccccc2O)cc1N1CCN(c2ccc(C(=O)N3CCC(F)(CN4CCC(n5cc(C6CC6)c6cc(N7CCC(=O)NC7=O)ccc65)CC4)CC3)cc2)CC1,SMARCA2,,80.3,=,1,,AstraZeneca,WO2026120044,PGDB_AS001542,% Degradation,,standardized
PGDB_C029185,Nc1nnc(-c2ccccc2O)cc1N1CCN(c2ccc(C(=O)N3CCC(F)(CN4CCC(n5cc(C6CC6)c6cc(N7CCC(=O)NC7=O)ccc65)CC4)CC3)cc2)CC1,SMARCA4,,27.5,=,0,,AstraZeneca,WO2026120044,PGDB_AS000549,% Degradation,,standardized
PGDB_C029251,Nc1nnc(-c2ccccc2O)cc1[C@@H]1C[C@H]2CC[C@@H](C1)N2c1ccc(C(=O)N2CCC(F)(CN3CCC(n4ccc5cc(N6CCC(=O)NC6=O)ccc54)CC3)CC2)cc1,SMARCA2,,78.7,=,0,,AstraZeneca,WO2026120044,PGDB_AS001542,% Degradation,,standardized
PGDB_C029251,Nc1nnc(-c2ccccc2O)cc1[C@@H]1C[C@H]2CC[C@@H](C1)N2c1ccc(C(=O)N2CCC(F)(CN3CCC(n4ccc5cc(N6CCC(=O)NC6=O)ccc54)CC3)CC2)cc1,SMARCA4,,26.3,=,0,,AstraZeneca,WO2026120044,PGDB_AS000549,% Degradation,,standardized
PGDB_C010046,O=C(CCc1cccc(-c2ccc(F)cc2)c1)NCc1ccc2c(c1)C(=O)N(C1CCC(=O)NC1=O)C2,CDK2,,10.0,<=,0,HEK293,Monte Rosa Therapeutics,WO2023069700A1,PGDB_AS000204,% Degradation,luminescence,standardized
PGDB_C019892,O=C(CCc1nc(-c2ccncc2)no1)N1CCN(c2cccc(C(F)(F)F)c2)C(C(F)(F)F)C1,FBXW7,,0.31,=,0,,University Of Washington;Scripps Research Institute;Fred Hutchinson Cancer Center,WO2019200310A1,PGDB_AS000856,biochemical,,standardized
PGDB_C019924,O=C(Cc1ccc(Br)cc1)N1CCC(c2nc(O)c3cnccc3n2)C1,FBXW7,,0.31,=,0,,University Of Washington;Scripps Research Institute;Fred Hutchinson Cancer Center,WO2019200310A1,PGDB_AS000856,biochemical,,standardized
PGDB_C001079,O=C(Cc1cccc(Br)c1)NCC1CCCN(c2cc(F)c(C3CCC(=O)NC3=O)c(F)c2)C1,GSPT1,,73.0,=,0,293A,Hangzhou Dituo Biopharmaceutical,CN121591645A,PGDB_AS000716,% Degradation,luminescence,standardized
PGDB_C001077,O=C(Cc1cccc(Br)c1)NCC1CCN(c2cc(F)c(C3CCC(=O)NC3=O)c(F)c2)CC1,GSPT1,,61.0,=,0,293A,Hangzhou Dituo Biopharmaceutical,CN121591645A,PGDB_AS000716,% Degradation,luminescence,standardized
PGDB_C019921,O=C(NCCCN1CCc2ccccc2C1)Nc1ccc(Br)cc1,FBXW7,,0.28,=,0,,University Of Washington;Scripps Research Institute;Fred Hutchinson Cancer Center,WO2019200310A1,PGDB_AS000856,biochemical,,standardized
PGDB_C019875,O=C(NCc1ccc(C(=O)NCCc2ccccn2)cc1)Nc1ccc(-c2cn[nH]c2)cc1,FBXW7,,19.97,=,0,,University Of Washington;Scripps Research Institute;Fred Hutchinson Cancer Center,WO2019200310A1,PGDB_AS001280,biochemical,,standardized
PGDB_C019878,O=C(Nc1ccc2c(c1)OCO2)N1CCC(c2nnc(C3CC3)s2)CC1,FBXW7,,0.08,=,0,,University Of Washington;Scripps Research Institute;Fred Hutchinson Cancer Center,WO2019200310A1,PGDB_AS000856,biochemical,,standardized
PGDB_C019913,O=C(Nc1ccc2oc(-c3ccc4ccccc4c3)nc2c1)c1cccc(Cl)c1Cl,FBXW7,,0.21,=,0,,University Of Washington;Scripps Research Institute;Fred Hutchinson Cancer Center,WO2019200310A1,PGDB_AS000856,biochemical,,standardized
PGDB_C021159,O=C(O)C(F)(F)F,FBXW7,,0.27,=,0,,University Of Washington;Scripps Research Institute;Fred Hutchinson Cancer Center,WO2019200310A1,PGDB_AS000546,biochemical,luminescence,standardized
PGDB_C026739,O=C(O)[C@H]1CCCC[C@H]1C(=O)N1CC2c3ccc(CN4C(=O)c5ccccc5S4=O)cc3OC21,IKZF2,,64.0,=,0,HEK293,Gilead Sciences,JP2026020265A,PGDB_AS000211,% Degradation,luminescence,standardized
PGDB_C019923,O=C([C@H]1CC[C@H](Nc2nccc(-c3ccc4nc(C5CC5)nc(O)c4c3)n2)CC1)N1CCCC1,FBXW7,,0.06,=,0,,University Of Washington;Scripps Research Institute;Fred Hutchinson Cancer Center,WO2019200310A1,PGDB_AS000546,biochemical,luminescence,standardized
PGDB_C019887,O=C(c1ccco1)N1CCN(c2ncc(-c3cccc(NC(=O)C(F)(F)F)c3)n3ccnc23)CC1,FBXW7,,1.06,=,0,,University Of Washington;Scripps Research Institute;Fred Hutchinson Cancer Center,WO2019200310A1,PGDB_AS000546,biochemical,luminescence,standardized
PGDB_C019877,O=C(c1ccco1)N1CCN(c2ncc(-c3ccccc3CO)n3ccnc23)CC1,FBXW7,,0.18,=,0,,University Of Washington;Scripps Research Institute;Fred Hutchinson Cancer Center,WO2019200310A1,PGDB_AS000856,biochemical,,standardized
PGDB_C032942,O=C1CCC(F)(c2cccc3c2cnn3-c2cccc(-n3c(OC4CC4)cc(C(F)(F)F)cc3=O)c2)C(=O)N1,VAV1,,80.0,>=,1,Jurkat,,WO2026145172A1,PGDB_AS002627,% Degradation,luminescence,standardized
PGDB_C027717,O=C1CCC(N2C(=O)C=C(Nc3cccc(C4(NCCc5ccc(Cl)c(C(F)(F)F)c5)CCC4)c3)C2=O)C(=O)N1,ZBTB11,,66.41,=,0,MOLT-4,Sanford Burnham Prebys Medical Discovery Institute;University Of California Berkeley;University Of California San Diego Ucsd,WO2025024030A3,PGDB_AS002184,% Degradation,luminescence,standardized
PGDB_C030650,O=C1CCC(N2C(=O)c3cc(Br)cc4cccc2c34)C(=O)N1,CDK2,,58.7,=,0,HEK293T,Plexium,WO2026064643A1,PGDB_AS000752,% Degradation,luminescence,standardized
PGDB_C030651,O=C1CCC(N2C(=O)c3cc(CNC(=O)OCC4CC5(CCCCC5)C4)cc4cccc2c34)C(=O)N1,CDK2,,59.6,=,0,HEK293T,Plexium,WO2026064643A1,PGDB_AS000752,% Degradation,luminescence,standardized
PGDB_C030652,O=C1CCC(N2C(=O)c3cc(CNc4nnc(-c5ccc(OC(F)(F)F)cc5)o4)cc4cccc2c34)C(=O)N1,CDK2,,80.7,=,1,HEK293T,Plexium,WO2026064643A1,PGDB_AS000752,% Degradation,luminescence,standardized
PGDB_C030653,O=C1CCC(N2C(=O)c3cc(CNc4nnc(C5CC6(CCC6)C5)o4)cc4cccc2c34)C(=O)N1,CDK2,,71.1,=,0,HEK293T,Plexium,WO2026064643A1,PGDB_AS000752,% Degradation,luminescence,standardized
PGDB_C007548,O=C1CCC(N2C(=O)c3cc(F)cc4c(Cc5ccc(CN6CC(N7CCOCC7)C6)cc5F)ccc2c34)C(=O)N1,IKZF1,,74.6,=,0,HT-1080,Hangzhou Glubio Pharmaceutical,EP4393915A1,PGDB_AS001371,% Degradation,luminescence,standardized
PGDB_C007548,O=C1CCC(N2C(=O)c3cc(F)cc4c(Cc5ccc(CN6CC(N7CCOCC7)C6)cc5F)ccc2c34)C(=O)N1,SALL4,,33.7,=,0,HT-1080,Hangzhou Glubio Pharmaceutical,EP4393915A1,PGDB_AS001879,% Degradation,luminescence,standardized
PGDB_C007555,O=C1CCC(N2C(=O)c3cc(F)cc4c(Cc5ccc(CN6CCC(N7CCOCC7)CC6)cc5F)ccc2c34)C(=O)N1,IKZF1,,66.2,=,0,HT-1080,Hangzhou Glubio Pharmaceutical,EP4393915A1,PGDB_AS001371,% Degradation,luminescence,standardized
PGDB_C007555,O=C1CCC(N2C(=O)c3cc(F)cc4c(Cc5ccc(CN6CCC(N7CCOCC7)CC6)cc5F)ccc2c34)C(=O)N1,SALL4,,33.9,=,0,HT-1080,Hangzhou Glubio Pharmaceutical,EP4393915A1,PGDB_AS001879,% Degradation,luminescence,standardized
PGDB_C007549,O=C1CCC(N2C(=O)c3cc(F)cc4c(Cc5ccc(CN6CCC7(CCCO7)CC6)cc5F)ccc2c34)C(=O)N1,IKZF1,,86.3,=,1,HT-1080,Hangzhou Glubio Pharmaceutical,EP4393915A1,PGDB_AS001371,% Degradation,luminescence,standardized
PGDB_C007549,O=C1CCC(N2C(=O)c3cc(F)cc4c(Cc5ccc(CN6CCC7(CCCO7)CC6)cc5F)ccc2c34)C(=O)N1,SALL4,,45.4,=,0,HT-1080,Hangzhou Glubio Pharmaceutical,EP4393915A1,PGDB_AS001879,% Degradation,luminescence,standardized
PGDB_C007556,O=C1CCC(N2C(=O)c3cc(F)cc4c(Cc5ccc(CN6CCOCC6)cc5)ccc2c34)C(=O)N1,IKZF1,,69.3,=,0,HT-1080,Hangzhou Glubio Pharmaceutical,EP4393915A1,PGDB_AS001371,% Degradation,luminescence,standardized
PGDB_C007556,O=C1CCC(N2C(=O)c3cc(F)cc4c(Cc5ccc(CN6CCOCC6)cc5)ccc2c34)C(=O)N1,SALL4,,32.5,=,0,HT-1080,Hangzhou Glubio Pharmaceutical,EP4393915A1,PGDB_AS001879,% Degradation,luminescence,standardized
PGDB_C007550,O=C1CCC(N2C(=O)c3cc(F)cc4c(Cc5ccc(CN6CCOCC6)cc5F)ccc2c34)C(=O)N1,IKZF1,,75.2,=,0,HT-1080,Hangzhou Glubio Pharmaceutical,EP4393915A1,PGDB_AS001371,% Degradation,luminescence,standardized
PGDB_C007550,O=C1CCC(N2C(=O)c3cc(F)cc4c(Cc5ccc(CN6CCOCC6)cc5F)ccc2c34)C(=O)N1,SALL4,,34.9,=,0,HT-1080,Hangzhou Glubio Pharmaceutical,EP4393915A1,PGDB_AS001879,% Degradation,luminescence,standardized
PGDB_C011073,O=C1CCC(N2C(=O)c3ccc(-c4nc5ccccn5c4NCc4ccccc4)cc3C2=O)C(=O)N1,WEE1,,89.0,=,1,,Dana Farber Cancer Institute;Leland Stanford Junior University,WO2025129172A1,PGDB_AS000292,% Degradation,luminescence,standardized
PGDB_C011024,O=C1CCC(N2C(=O)c3ccc(-c4nc5ccccn5c4Nc4ccc5c(c4)OCCO5)cc3C2=O)C(=O)N1,WEE1,,58.0,=,0,,Dana Farber Cancer Institute;Leland Stanford Junior University,WO2025129172A1,PGDB_AS000292,% Degradation,luminescence,standardized
PGDB_C011007,O=C1CCC(N2C(=O)c3ccc(-c4nc5cccnn5c4NCc4ccccc4)cc3C2=O)C(=O)N1,WEE1,,71.0,=,0,,Dana Farber Cancer Institute;Leland Stanford Junior University,WO2025129172A1,PGDB_AS000292,% Degradation,luminescence,standardized
PGDB_C011008,O=C1CCC(N2C(=O)c3ccc(-c4nc5sccn5c4NCc4ccccc4)cc3C2=O)C(=O)N1,WEE1,,88.0,=,1,,Dana Farber Cancer Institute;Leland Stanford Junior University,WO2025129172A1,PGDB_AS000292,% Degradation,luminescence,standardized
PGDB_C011013,O=C1CCC(N2C(=O)c3ccc(-c4nc5scnn5c4NC45CC6CC(CC(C6)C4)C5)cc3C2=O)C(=O)N1,WEE1,,93.0,=,1,,Dana Farber Cancer Institute;Leland Stanford Junior University,WO2025129172A1,PGDB_AS000292,% Degradation,luminescence,standardized
PGDB_C030654,O=C1CCC(N2C(=O)c3ccc(CNC(=O)OCC4CC5(CCC5)C4)c4cccc2c34)C(=O)N1,CDK2,,75.4,=,0,HEK293T,Plexium,WO2026064643A1,PGDB_AS000752,% Degradation,luminescence,standardized
PGDB_C008160,O=C1CCC(N2C(=O)c3ccc(NS(=O)(=O)c4cccc(CO)c4Cl)cc3C2=O)C(=O)N1,GSPT1,,46.2,=,0,HEK293,Cyrus Therapeutics;Wooseok Han;Joonwoo Nam;Min Sung Joo;Dong Hyuk Ki;Kim Eun Jung;Jaeyung Lee,IL323841A,PGDB_AS002464,% Degradation,luminescence,standardized
PGDB_C008159,O=C1CCC(N2C(=O)c3ccc(NS(=O)(=O)c4cccc(COC(F)(F)F)c4Cl)cc3C2=O)C(=O)N1,GSPT1,,58.0,=,0,HEK293,Cyrus Therapeutics;Wooseok Han;Joonwoo Nam;Min Sung Joo;Dong Hyuk Ki;Kim Eun Jung;Jaeyung Lee,IL323841A,PGDB_AS002464,% Degradation,luminescence,standardized
PGDB_C001361,O=C1CCC(N2C(=O)c3ccc(NS(=O)(=O)c4ccccc4OC(F)(F)F)cc3C2=O)C(=O)N1,GSPT1,,78.3,=,0,HEK293,Cyrus Therapeutics;Wooseok Han;Joonwoo Nam;Min Sung Joo;Dong Hyuk Ki;Kim Eun Jung;Jaeyung Lee,IL323841A,PGDB_AS002464,% Degradation,luminescence,standardized
PGDB_C007563,O=C1CCC(N2C(=O)c3cccc4c(Cc5ccc(CN6CCOCC6)cc5)ccc2c34)C(=O)N1,IKZF1,,93.5,=,1,HT-1080,Hangzhou Glubio Pharmaceutical,EP4393915A1,PGDB_AS002293,% Degradation,luminescence,standardized
PGDB_C007563,O=C1CCC(N2C(=O)c3cccc4c(Cc5ccc(CN6CCOCC6)cc5)ccc2c34)C(=O)N1,SALL4,,64.6,=,0,HT-1080,Hangzhou Glubio Pharmaceutical,EP4393915A1,PGDB_AS000801,% Degradation,luminescence,standardized
PGDB_C001052,O=C1CCC(N2Cc3c(CCCCCN4CCC5(CC4)COc4c5cc(C(F)F)nc4Cl)cccc3C2=O)C(=O)N1,CSNK1A1,,80.0,>,1,MV-4-11,Guangdong Hongye Pharmaceutical Technology;Shanghai Institute Of Materia Medica Of Cas,CN121471230A,PGDB_AS001131,% Degradation,Western_blot,standardized
PGDB_C001051,O=C1CCC(N2Cc3c(CCCCCN4CCC5(CC4)COc4c5cc(CO)nc4Cl)cccc3C2=O)C(=O)N1,CSNK1A1,,80.0,>,1,MV-4-11,Guangdong Hongye Pharmaceutical Technology;Shanghai Institute Of Materia Medica Of Cas,CN121471230A,PGDB_AS001131,% Degradation,Western_blot,standardized
PGDB_C001049,O=C1CCC(N2Cc3c(CCCCCN4CCC5(CC4)COc4ccc(C(F)(F)F)nc45)cccc3C2=O)C(=O)N1,CSNK1A1,,80.0,>,1,MV-4-11,Guangdong Hongye Pharmaceutical Technology;Shanghai Institute Of Materia Medica Of Cas,CN121471230A,PGDB_AS001131,% Degradation,Western_blot,standardized
PGDB_C001048,O=C1CCC(N2Cc3c(CCCCCN4CCC5(CC4)COc4ccc(Cl)nc45)cccc3C2=O)C(=O)N1,CSNK1A1,,80.0,>,1,MV-4-11,Guangdong Hongye Pharmaceutical Technology;Shanghai Institute Of Materia Medica Of Cas,CN121471230A,PGDB_AS001131,% Degradation,Western_blot,standardized
PGDB_C001048,O=C1CCC(N2Cc3c(CCCCCN4CCC5(CC4)COc4ccc(Cl)nc45)cccc3C2=O)C(=O)N1,IKZF1,,60.0,<,0,MV-4-11,Guangdong Hongye Pharmaceutical Technology;Shanghai Institute Of Materia Medica Of Cas,CN121471230A,PGDB_AS000264,% Degradation,Western_blot,standardized
PGDB_C001061,O=C1CCC(N2Cc3c(CCCCCN4CCC5(CC4)COc4cnc(C(F)(F)F)cc45)cc(F)cc3C2=O)C(=O)N1,CSNK1A1,,80.0,>,1,MV-4-11,Guangdong Hongye Pharmaceutical Technology;Shanghai Institute Of Materia Medica Of Cas,CN121471230A,PGDB_AS001131,% Degradation,Western_blot,standardized
PGDB_C001058,O=C1CCC(N2Cc3c(CCCCCN4CCC5(CC4)COc4cnc(C(F)(F)F)cc45)cccc3C2=O)C(=O)N1,CSNK1A1,,80.0,>,1,MV-4-11,Guangdong Hongye Pharmaceutical Technology;Shanghai Institute Of Materia Medica Of Cas,CN121471230A,PGDB_AS001131,% Degradation,Western_blot,standardized
PGDB_C001063,O=C1CCC(N2Cc3c(CCCCCN4CCC5(CC4)COc4cnc(C(F)F)cc45)cc(F)cc3C2=O)C(=O)N1,CSNK1A1,,80.0,>,1,MV-4-11,Guangdong Hongye Pharmaceutical Technology;Shanghai Institute Of Materia Medica Of Cas,CN121471230A,PGDB_AS001131,% Degradation,Western_blot,standardized
PGDB_C001063,O=C1CCC(N2Cc3c(CCCCCN4CCC5(CC4)COc4cnc(C(F)F)cc45)cc(F)cc3C2=O)C(=O)N1,IKZF1,,60.0,<,0,MV-4-11,Guangdong Hongye Pharmaceutical Technology;Shanghai Institute Of Materia Medica Of Cas,CN121471230A,PGDB_AS000264,% Degradation,Western_blot,standardized
PGDB_C001054,O=C1CCC(N2Cc3c(CCCCCN4CCC5(CC4)COc4cnc(C(F)F)cc45)cccc3C2=O)C(=O)N1,CSNK1A1,,80.0,>,1,MV-4-11,Guangdong Hongye Pharmaceutical Technology;Shanghai Institute Of Materia Medica Of Cas,CN121471230A,PGDB_AS001131,% Degradation,Western_blot,standardized
PGDB_C001060,O=C1CCC(N2Cc3c(CCCCCN4CCC5(CC4)COc4cnc(Cl)cc45)cc(F)cc3C2=O)C(=O)N1,CSNK1A1,,80.0,>,1,MV-4-11,Guangdong Hongye Pharmaceutical Technology;Shanghai Institute Of Materia Medica Of Cas,CN121471230A,PGDB_AS001131,% Degradation,Western_blot,standardized
PGDB_C001060,O=C1CCC(N2Cc3c(CCCCCN4CCC5(CC4)COc4cnc(Cl)cc45)cc(F)cc3C2=O)C(=O)N1,IKZF1,,60.0,<,0,MV-4-11,Guangdong Hongye Pharmaceutical Technology;Shanghai Institute Of Materia Medica Of Cas,CN121471230A,PGDB_AS000264,% Degradation,Western_blot,standardized
PGDB_C001056,O=C1CCC(N2Cc3c(CCCCCN4CCC5(CC4)COc4cnc(Cl)cc45)cccc3C2=O)C(=O)N1,CSNK1A1,,80.0,>,1,MV-4-11,Guangdong Hongye Pharmaceutical Technology;Shanghai Institute Of Materia Medica Of Cas,CN121471230A,PGDB_AS001131,% Degradation,Western_blot,standardized
PGDB_C001062,O=C1CCC(N2Cc3c(CCCCCN4CCC5(CC4)COc4cnc(F)cc45)cc(F)cc3C2=O)C(=O)N1,CSNK1A1,,80.0,>,1,MV-4-11,Guangdong Hongye Pharmaceutical Technology;Shanghai Institute Of Materia Medica Of Cas,CN121471230A,PGDB_AS001131,% Degradation,Western_blot,standardized
PGDB_C001062,O=C1CCC(N2Cc3c(CCCCCN4CCC5(CC4)COc4cnc(F)cc45)cc(F)cc3C2=O)C(=O)N1,IKZF1,,60.0,<,0,MV-4-11,Guangdong Hongye Pharmaceutical Technology;Shanghai Institute Of Materia Medica Of Cas,CN121471230A,PGDB_AS000264,% Degradation,Western_blot,standardized
PGDB_C001053,O=C1CCC(N2Cc3c(CCCCCN4CCC5(CC4)COc4cnc(F)cc45)cccc3C2=O)C(=O)N1,CSNK1A1,,80.0,>,1,MV-4-11,Guangdong Hongye Pharmaceutical Technology;Shanghai Institute Of Materia Medica Of Cas,CN121471230A,PGDB_AS001131,% Degradation,Western_blot,standardized
PGDB_C001053,O=C1CCC(N2Cc3c(CCCCCN4CCC5(CC4)COc4cnc(F)cc45)cccc3C2=O)C(=O)N1,IKZF1,,60.0,<,0,MV-4-11,Guangdong Hongye Pharmaceutical Technology;Shanghai Institute Of Materia Medica Of Cas,CN121471230A,PGDB_AS000264,% Degradation,Western_blot,standardized
PGDB_C001046,O=C1CCC(N2Cc3c(CCCCCN4CCC5(CC4)COc4cnccc45)cccc3C2=O)C(=O)N1,CSNK1A1,,80.0,>,1,MV-4-11,Guangdong Hongye Pharmaceutical Technology;Shanghai Institute Of Materia Medica Of Cas,CN121471230A,PGDB_AS001131,% Degradation,Western_blot,standardized
PGDB_C001046,O=C1CCC(N2Cc3c(CCCCCN4CCC5(CC4)COc4cnccc45)cccc3C2=O)C(=O)N1,IKZF1,,60.0,<,0,MV-4-11,Guangdong Hongye Pharmaceutical Technology;Shanghai Institute Of Materia Medica Of Cas,CN121471230A,PGDB_AS000264,% Degradation,Western_blot,standardized
PGDB_C001050,O=C1CCC(N2Cc3c(CCCCCN4CCC5(CC4)COc4ncccc45)cccc3C2=O)C(=O)N1,CSNK1A1,,80.0,>,1,MV-4-11,Guangdong Hongye Pharmaceutical Technology;Shanghai Institute Of Materia Medica Of Cas,CN121471230A,PGDB_AS001131,% Degradation,Western_blot,standardized
PGDB_C001050,O=C1CCC(N2Cc3c(CCCCCN4CCC5(CC4)COc4ncccc45)cccc3C2=O)C(=O)N1,IKZF1,,60.0,<,0,MV-4-11,Guangdong Hongye Pharmaceutical Technology;Shanghai Institute Of Materia Medica Of Cas,CN121471230A,PGDB_AS000264,% Degradation,Western_blot,standardized
PGDB_C011401,O=C1CCC(N2Cc3c(Cl)cc(C4(Nc5nnc(-c6cc(C(F)F)no6)o5)CC4)cc3C2=O)C(=O)N1,CDK2,,44.1,=,0,HEK293,Monte Rosa Therapeutics,WO2025181261A1,PGDB_AS000913,% Degradation,luminescence,standardized
PGDB_C011401,O=C1CCC(N2Cc3c(Cl)cc(C4(Nc5nnc(-c6cc(C(F)F)no6)o5)CC4)cc3C2=O)C(=O)N1,GSPT1,,6.3,=,0,HEK293,Monte Rosa Therapeutics,WO2025181261A1,PGDB_AS001674,% Degradation,luminescence,standardized
PGDB_C011397,O=C1CCC(N2Cc3c(Cl)cc(C4(Nc5nnc(-c6cc(C(F)F)on6)o5)CC4)cc3C2=O)C(=O)N1,CDK2,,40.9,=,0,HEK293,Monte Rosa Therapeutics,WO2025181261A1,PGDB_AS000913,% Degradation,luminescence,standardized
PGDB_C011397,O=C1CCC(N2Cc3c(Cl)cc(C4(Nc5nnc(-c6cc(C(F)F)on6)o5)CC4)cc3C2=O)C(=O)N1,GSPT1,,2.6,=,0,HEK293,Monte Rosa Therapeutics,WO2025181261A1,PGDB_AS001674,% Degradation,luminescence,standardized
PGDB_C011278,O=C1CCC(N2Cc3c(Cl)cc(C4(Nc5nnc(-c6cc(C7CC7)no6)o5)CC4)cc3C2=O)C(=O)N1,CDK2,,51.7,=,0,HEK293,Monte Rosa Therapeutics,WO2025181261A1,PGDB_AS000913,% Degradation,luminescence,standardized
PGDB_C011278,O=C1CCC(N2Cc3c(Cl)cc(C4(Nc5nnc(-c6cc(C7CC7)no6)o5)CC4)cc3C2=O)C(=O)N1,GSPT1,,6.9,=,0,HEK293,Monte Rosa Therapeutics,WO2025181261A1,PGDB_AS001674,% Degradation,luminescence,standardized
PGDB_C011358,O=C1CCC(N2Cc3c(Cl)cc(C4(Nc5nnc(-c6cc(C7CCC7)no6)o5)CC4)cc3C2=O)C(=O)N1,CDK2,,64.5,=,0,HEK293,Monte Rosa Therapeutics,WO2025181261A1,PGDB_AS000913,% Degradation,luminescence,standardized
PGDB_C011358,O=C1CCC(N2Cc3c(Cl)cc(C4(Nc5nnc(-c6cc(C7CCC7)no6)o5)CC4)cc3C2=O)C(=O)N1,GSPT1,,6.3,=,0,HEK293,Monte Rosa Therapeutics,WO2025181261A1,PGDB_AS001674,% Degradation,luminescence,standardized
PGDB_C011357,O=C1CCC(N2Cc3c(Cl)cc(C4(Nc5nnc(-c6cc(C7CCC7)on6)o5)CC4)cc3C2=O)C(=O)N1,CDK2,,60.8,=,0,HEK293,Monte Rosa Therapeutics,WO2025181261A1,PGDB_AS000913,% Degradation,luminescence,standardized
PGDB_C011357,O=C1CCC(N2Cc3c(Cl)cc(C4(Nc5nnc(-c6cc(C7CCC7)on6)o5)CC4)cc3C2=O)C(=O)N1,GSPT1,,11.8,=,0,HEK293,Monte Rosa Therapeutics,WO2025181261A1,PGDB_AS001674,% Degradation,luminescence,standardized
PGDB_C011398,O=C1CCC(N2Cc3c(Cl)cc(C4(Nc5nnc(-c6cc(CF)on6)o5)CC4)cc3C2=O)C(=O)N1,CDK2,,31.0,=,0,HEK293,Monte Rosa Therapeutics,WO2025181261A1,PGDB_AS000913,% Degradation,luminescence,standardized
PGDB_C011376,O=C1CCC(N2Cc3c(Cl)cc(C4(Nc5nnc(-c6cc7n(n6)CC(F)C7)o5)CC4)cc3C2=O)C(=O)N1,CDK2,,34.8,=,0,HEK293,Monte Rosa Therapeutics,WO2025181261A1,PGDB_AS000913,% Degradation,luminescence,standardized
PGDB_C011376,O=C1CCC(N2Cc3c(Cl)cc(C4(Nc5nnc(-c6cc7n(n6)CC(F)C7)o5)CC4)cc3C2=O)C(=O)N1,GSPT1,,10.5,=,0,HEK293,Monte Rosa Therapeutics,WO2025181261A1,PGDB_AS001674,% Degradation,luminescence,standardized
PGDB_C011389,O=C1CCC(N2Cc3c(Cl)cc(C4(Nc5nnc(-c6ccc(C(F)(F)F)cc6)o5)CC4)cc3C2=O)C(=O)N1,CDK2,,62.0,=,0,HEK293,Monte Rosa Therapeutics,WO2025181261A1,PGDB_AS000913,% Degradation,luminescence,standardized
PGDB_C011389,O=C1CCC(N2Cc3c(Cl)cc(C4(Nc5nnc(-c6ccc(C(F)(F)F)cc6)o5)CC4)cc3C2=O)C(=O)N1,GSPT1,,3.9,=,0,HEK293,Monte Rosa Therapeutics,WO2025181261A1,PGDB_AS001674,% Degradation,luminescence,standardized
PGDB_C011320,O=C1CCC(N2Cc3c(Cl)cc(C4(Nc5nnc(-c6ccc(C(F)(F)F)cn6)o5)CC4)cc3C2=O)C(=O)N1,CDK2,,55.7,=,0,HEK293,Monte Rosa Therapeutics,WO2025181261A1,PGDB_AS000913,% Degradation,luminescence,standardized
PGDB_C011320,O=C1CCC(N2Cc3c(Cl)cc(C4(Nc5nnc(-c6ccc(C(F)(F)F)cn6)o5)CC4)cc3C2=O)C(=O)N1,GSPT1,,4.2,=,0,HEK293,Monte Rosa Therapeutics,WO2025181261A1,PGDB_AS001674,% Degradation,luminescence,standardized
PGDB_C011352,O=C1CCC(N2Cc3c(Cl)cc(C4(Nc5nnc(-c6ccc(C(F)(F)F)nc6)o5)CC4)cc3C2=O)C(=O)N1,CDK2,,49.6,=,0,HEK293,Monte Rosa Therapeutics,WO2025181261A1,PGDB_AS000913,% Degradation,luminescence,standardized
PGDB_C011352,O=C1CCC(N2Cc3c(Cl)cc(C4(Nc5nnc(-c6ccc(C(F)(F)F)nc6)o5)CC4)cc3C2=O)C(=O)N1,GSPT1,,6.5,=,0,HEK293,Monte Rosa Therapeutics,WO2025181261A1,PGDB_AS001674,% Degradation,luminescence,standardized
PGDB_C011343,O=C1CCC(N2Cc3c(Cl)cc(C4(Nc5nnc(-c6ccc(C(F)(F)F)nn6)o5)CC4)cc3C2=O)C(=O)N1,CDK2,,36.3,=,0,HEK293,Monte Rosa Therapeutics,WO2025181261A1,PGDB_AS000913,% Degradation,luminescence,standardized
PGDB_C011343,O=C1CCC(N2Cc3c(Cl)cc(C4(Nc5nnc(-c6ccc(C(F)(F)F)nn6)o5)CC4)cc3C2=O)C(=O)N1,GSPT1,,5.1,=,0,HEK293,Monte Rosa Therapeutics,WO2025181261A1,PGDB_AS001674,% Degradation,luminescence,standardized
PGDB_C011296,O=C1CCC(N2Cc3c(Cl)cc(C4(Nc5nnc(-c6ccc(C(F)F)cc6)o5)CC4)cc3C2=O)C(=O)N1,CDK2,,53.2,=,0,HEK293,Monte Rosa Therapeutics,WO2025181261A1,PGDB_AS000913,% Degradation,luminescence,standardized
PGDB_C011296,O=C1CCC(N2Cc3c(Cl)cc(C4(Nc5nnc(-c6ccc(C(F)F)cc6)o5)CC4)cc3C2=O)C(=O)N1,GSPT1,,6.0,=,0,HEK293,Monte Rosa Therapeutics,WO2025181261A1,PGDB_AS001674,% Degradation,luminescence,standardized
PGDB_C011337,O=C1CCC(N2Cc3c(Cl)cc(C4(Nc5nnc(-c6ccc(C(F)F)cn6)o5)CC4)cc3C2=O)C(=O)N1,CDK2,,48.3,=,0,HEK293,Monte Rosa Therapeutics,WO2025181261A1,PGDB_AS000913,% Degradation,luminescence,standardized
PGDB_C011337,O=C1CCC(N2Cc3c(Cl)cc(C4(Nc5nnc(-c6ccc(C(F)F)cn6)o5)CC4)cc3C2=O)C(=O)N1,GSPT1,,6.8,=,0,HEK293,Monte Rosa Therapeutics,WO2025181261A1,PGDB_AS001674,% Degradation,luminescence,standardized
PGDB_C011332,O=C1CCC(N2Cc3c(Cl)cc(C4(Nc5nnc(-c6ccc(C(F)F)nc6)o5)CC4)cc3C2=O)C(=O)N1,CDK2,,45.8,=,0,HEK293,Monte Rosa Therapeutics,WO2025181261A1,PGDB_AS000913,% Degradation,luminescence,standardized
PGDB_C011332,O=C1CCC(N2Cc3c(Cl)cc(C4(Nc5nnc(-c6ccc(C(F)F)nc6)o5)CC4)cc3C2=O)C(=O)N1,GSPT1,,4.2,=,0,HEK293,Monte Rosa Therapeutics,WO2025181261A1,PGDB_AS001674,% Degradation,luminescence,standardized
PGDB_C011279,O=C1CCC(N2Cc3c(Cl)cc(C4(Nc5nnc(-c6ccc(C7CC7)nc6)o5)CC4)cc3C2=O)C(=O)N1,CDK2,,56.2,=,0,HEK293,Monte Rosa Therapeutics,WO2025181261A1,PGDB_AS000913,% Degradation,luminescence,standardized
PGDB_C011279,O=C1CCC(N2Cc3c(Cl)cc(C4(Nc5nnc(-c6ccc(C7CC7)nc6)o5)CC4)cc3C2=O)C(=O)N1,GSPT1,,4.8,=,0,HEK293,Monte Rosa Therapeutics,WO2025181261A1,PGDB_AS001674,% Degradation,luminescence,standardized
PGDB_C011304,O=C1CCC(N2Cc3c(Cl)cc(C4(Nc5nnc(-c6ccc(CF)cc6)o5)CC4)cc3C2=O)C(=O)N1,CDK2,,50.1,=,0,HEK293,Monte Rosa Therapeutics,WO2025181261A1,PGDB_AS000913,% Degradation,luminescence,standardized
PGDB_C011304,O=C1CCC(N2Cc3c(Cl)cc(C4(Nc5nnc(-c6ccc(CF)cc6)o5)CC4)cc3C2=O)C(=O)N1,GSPT1,,8.5,=,0,HEK293,Monte Rosa Therapeutics,WO2025181261A1,PGDB_AS001674,% Degradation,luminescence,standardized
PGDB_C011297,O=C1CCC(N2Cc3c(Cl)cc(C4(Nc5nnc(-c6ccc(F)cc6)o5)CC4)cc3C2=O)C(=O)N1,CDK2,,51.4,=,0,HEK293,Monte Rosa Therapeutics,WO2025181261A1,PGDB_AS000913,% Degradation,luminescence,standardized
PGDB_C011297,O=C1CCC(N2Cc3c(Cl)cc(C4(Nc5nnc(-c6ccc(F)cc6)o5)CC4)cc3C2=O)C(=O)N1,GSPT1,,10.2,=,0,HEK293,Monte Rosa Therapeutics,WO2025181261A1,PGDB_AS001674,% Degradation,luminescence,standardized
PGDB_C011269,O=C1CCC(N2Cc3c(Cl)cc(C4(Nc5nnc(-c6ccc(OC(F)(F)F)cc6)o5)CC4)cc3C2=O)C(=O)N1,CDK2,,64.8,=,0,HEK293,Monte Rosa Therapeutics,WO2025181261A1,PGDB_AS002040,% Degradation,luminescence,standardized
PGDB_C011269,O=C1CCC(N2Cc3c(Cl)cc(C4(Nc5nnc(-c6ccc(OC(F)(F)F)cc6)o5)CC4)cc3C2=O)C(=O)N1,GSPT1,,3.3,=,0,HEK293,Monte Rosa Therapeutics,WO2025181261A1,PGDB_AS001674,% Degradation,luminescence,standardized
PGDB_C011272,O=C1CCC(N2Cc3c(Cl)cc(C4(Nc5nnc(-c6ccc(OC(F)F)cc6)o5)CC4)cc3C2=O)C(=O)N1,CDK2,,57.7,=,0,HEK293,Monte Rosa Therapeutics,WO2025181261A1,PGDB_AS000913,% Degradation,luminescence,standardized
PGDB_C011272,O=C1CCC(N2Cc3c(Cl)cc(C4(Nc5nnc(-c6ccc(OC(F)F)cc6)o5)CC4)cc3C2=O)C(=O)N1,GSPT1,,6.6,=,0,HEK293,Monte Rosa Therapeutics,WO2025181261A1,PGDB_AS001674,% Degradation,luminescence,standardized
PGDB_C011275,O=C1CCC(N2Cc3c(Cl)cc(C4(Nc5nnc(-c6ccc(OC(F)F)cn6)o5)CC4)cc3C2=O)C(=O)N1,CDK2,,51.3,=,0,HEK293,Monte Rosa Therapeutics,WO2025181261A1,PGDB_AS000913,% Degradation,luminescence,standardized
PGDB_C011275,O=C1CCC(N2Cc3c(Cl)cc(C4(Nc5nnc(-c6ccc(OC(F)F)cn6)o5)CC4)cc3C2=O)C(=O)N1,GSPT1,,4.1,=,0,HEK293,Monte Rosa Therapeutics,WO2025181261A1,PGDB_AS001674,% Degradation,luminescence,standardized
PGDB_C011285,O=C1CCC(N2Cc3c(Cl)cc(C4(Nc5nnc(-c6ccc(OC(F)F)nc6)o5)CC4)cc3C2=O)C(=O)N1,CDK2,,59.2,=,0,HEK293,Monte Rosa Therapeutics,WO2025181261A1,PGDB_AS000913,% Degradation,luminescence,standardized
PGDB_C011285,O=C1CCC(N2Cc3c(Cl)cc(C4(Nc5nnc(-c6ccc(OC(F)F)nc6)o5)CC4)cc3C2=O)C(=O)N1,GSPT1,,12.9,=,0,HEK293,Monte Rosa Therapeutics,WO2025181261A1,PGDB_AS001674,% Degradation,luminescence,standardized
PGDB_C011288,O=C1CCC(N2Cc3c(Cl)cc(C4(Nc5nnc(-c6ccc(OC7CC7)cc6)o5)CC4)cc3C2=O)C(=O)N1,CDK2,,60.6,=,0,HEK293,Monte Rosa Therapeutics,WO2025181261A1,PGDB_AS000913,% Degradation,luminescence,standardized
PGDB_C011288,O=C1CCC(N2Cc3c(Cl)cc(C4(Nc5nnc(-c6ccc(OC7CC7)cc6)o5)CC4)cc3C2=O)C(=O)N1,GSPT1,,5.1,=,0,HEK293,Monte Rosa Therapeutics,WO2025181261A1,PGDB_AS001674,% Degradation,luminescence,standardized
PGDB_C011276,O=C1CCC(N2Cc3c(Cl)cc(C4(Nc5nnc(-c6ccc(OC7CC7)cn6)o5)CC4)cc3C2=O)C(=O)N1,CDK2,,54.9,=,0,HEK293,Monte Rosa Therapeutics,WO2025181261A1,PGDB_AS000913,% Degradation,luminescence,standardized
PGDB_C011276,O=C1CCC(N2Cc3c(Cl)cc(C4(Nc5nnc(-c6ccc(OC7CC7)cn6)o5)CC4)cc3C2=O)C(=O)N1,GSPT1,,6.1,=,0,HEK293,Monte Rosa Therapeutics,WO2025181261A1,PGDB_AS001674,% Degradation,luminescence,standardized
PGDB_C011283,O=C1CCC(N2Cc3c(Cl)cc(C4(Nc5nnc(-c6ccc(OC7CC7)nc6)o5)CC4)cc3C2=O)C(=O)N1,CDK2,,61.7,=,0,HEK293,Monte Rosa Therapeutics,WO2025181261A1,PGDB_AS000913,% Degradation,luminescence,standardized
PGDB_C011283,O=C1CCC(N2Cc3c(Cl)cc(C4(Nc5nnc(-c6ccc(OC7CC7)nc6)o5)CC4)cc3C2=O)C(=O)N1,GSPT1,,2.6,=,0,HEK293,Monte Rosa Therapeutics,WO2025181261A1,PGDB_AS001674,% Degradation,luminescence,standardized
PGDB_C011282,O=C1CCC(N2Cc3c(Cl)cc(C4(Nc5nnc(-c6ccc(S(=O)(=O)N7CCC7)cc6)o5)CC4)cc3C2=O)C(=O)N1,CDK2,,43.5,=,0,HEK293,Monte Rosa Therapeutics,WO2025181261A1,PGDB_AS000913,% Degradation,luminescence,standardized
PGDB_C011282,O=C1CCC(N2Cc3c(Cl)cc(C4(Nc5nnc(-c6ccc(S(=O)(=O)N7CCC7)cc6)o5)CC4)cc3C2=O)C(=O)N1,GSPT1,,6.0,=,0,HEK293,Monte Rosa Therapeutics,WO2025181261A1,PGDB_AS001674,% Degradation,luminescence,standardized
PGDB_C011287,O=C1CCC(N2Cc3c(Cl)cc(C4(Nc5nnc(-c6ccc(S(=O)(=O)N7CCCC7)cc6)o5)CC4)cc3C2=O)C(=O)N1,CDK2,,48.0,=,0,HEK293,Monte Rosa Therapeutics,WO2025181261A1,PGDB_AS000913,% Degradation,luminescence,standardized
PGDB_C011287,O=C1CCC(N2Cc3c(Cl)cc(C4(Nc5nnc(-c6ccc(S(=O)(=O)N7CCCC7)cc6)o5)CC4)cc3C2=O)C(=O)N1,GSPT1,,11.3,=,0,HEK293,Monte Rosa Therapeutics,WO2025181261A1,PGDB_AS001674,% Degradation,luminescence,standardized
PGDB_C011290,O=C1CCC(N2Cc3c(Cl)cc(C4(Nc5nnc(-c6ccc7c(c6)CCCO7)o5)CC4)cc3C2=O)C(=O)N1,CDK2,,52.0,=,0,HEK293,Monte Rosa Therapeutics,WO2025181261A1,PGDB_AS000913,% Degradation,luminescence,standardized
PGDB_C011290,O=C1CCC(N2Cc3c(Cl)cc(C4(Nc5nnc(-c6ccc7c(c6)CCCO7)o5)CC4)cc3C2=O)C(=O)N1,GSPT1,,12.4,=,0,HEK293,Monte Rosa Therapeutics,WO2025181261A1,PGDB_AS001674,% Degradation,luminescence,standardized
PGDB_C011309,O=C1CCC(N2Cc3c(Cl)cc(C4(Nc5nnc(-c6ccc7c(c6)CCOC7)o5)CC4)cc3C2=O)C(=O)N1,CDK2,,56.9,=,0,HEK293,Monte Rosa Therapeutics,WO2025181261A1,PGDB_AS000913,% Degradation,luminescence,standardized
PGDB_C011309,O=C1CCC(N2Cc3c(Cl)cc(C4(Nc5nnc(-c6ccc7c(c6)CCOC7)o5)CC4)cc3C2=O)C(=O)N1,GSPT1,,12.1,=,0,HEK293,Monte Rosa Therapeutics,WO2025181261A1,PGDB_AS001674,% Degradation,luminescence,standardized
PGDB_C011303,O=C1CCC(N2Cc3c(Cl)cc(C4(Nc5nnc(-c6ccc7c(c6)COCC7)o5)CC4)cc3C2=O)C(=O)N1,CDK2,,52.5,=,0,HEK293,Monte Rosa Therapeutics,WO2025181261A1,PGDB_AS000913,% Degradation,luminescence,standardized
PGDB_C011303,O=C1CCC(N2Cc3c(Cl)cc(C4(Nc5nnc(-c6ccc7c(c6)COCC7)o5)CC4)cc3C2=O)C(=O)N1,GSPT1,,9.2,=,0,HEK293,Monte Rosa Therapeutics,WO2025181261A1,PGDB_AS001674,% Degradation,luminescence,standardized
PGDB_C011298,O=C1CCC(N2Cc3c(Cl)cc(C4(Nc5nnc(-c6ccc7c(c6)OCCC7)o5)CC4)cc3C2=O)C(=O)N1,CDK2,,55.9,=,0,HEK293,Monte Rosa Therapeutics,WO2025181261A1,PGDB_AS000913,% Degradation,luminescence,standardized
PGDB_C011298,O=C1CCC(N2Cc3c(Cl)cc(C4(Nc5nnc(-c6ccc7c(c6)OCCC7)o5)CC4)cc3C2=O)C(=O)N1,GSPT1,,10.9,=,0,HEK293,Monte Rosa Therapeutics,WO2025181261A1,PGDB_AS001674,% Degradation,luminescence,standardized
PGDB_C011293,O=C1CCC(N2Cc3c(Cl)cc(C4(Nc5nnc(-c6ccc7c(c6)OCCO7)o5)CC4)cc3C2=O)C(=O)N1,CDK2,,44.1,=,0,HEK293,Monte Rosa Therapeutics,WO2025181261A1,PGDB_AS000913,% Degradation,luminescence,standardized
PGDB_C011293,O=C1CCC(N2Cc3c(Cl)cc(C4(Nc5nnc(-c6ccc7c(c6)OCCO7)o5)CC4)cc3C2=O)C(=O)N1,GSPT1,,16.5,=,0,HEK293,Monte Rosa Therapeutics,WO2025181261A1,PGDB_AS001674,% Degradation,luminescence,standardized
PGDB_C011289,O=C1CCC(N2Cc3c(Cl)cc(C4(Nc5nnc(-c6cccc(C(F)F)c6)o5)CC4)cc3C2=O)C(=O)N1,CDK2,,48.6,=,0,HEK293,Monte Rosa Therapeutics,WO2025181261A1,PGDB_AS000913,% Degradation,luminescence,standardized
PGDB_C011289,O=C1CCC(N2Cc3c(Cl)cc(C4(Nc5nnc(-c6cccc(C(F)F)c6)o5)CC4)cc3C2=O)C(=O)N1,GSPT1,,12.0,=,0,HEK293,Monte Rosa Therapeutics,WO2025181261A1,PGDB_AS001674,% Degradation,luminescence,standardized
PGDB_C011277,O=C1CCC(N2Cc3c(Cl)cc(C4(Nc5nnc(-c6cccc(C7CC7)n6)o5)CC4)cc3C2=O)C(=O)N1,CDK2,,47.4,=,0,HEK293,Monte Rosa Therapeutics,WO2025181261A1,PGDB_AS000913,% Degradation,luminescence,standardized
PGDB_C011277,O=C1CCC(N2Cc3c(Cl)cc(C4(Nc5nnc(-c6cccc(C7CC7)n6)o5)CC4)cc3C2=O)C(=O)N1,GSPT1,,14.5,=,0,HEK293,Monte Rosa Therapeutics,WO2025181261A1,PGDB_AS001674,% Degradation,luminescence,standardized
PGDB_C011292,O=C1CCC(N2Cc3c(Cl)cc(C4(Nc5nnc(-c6cccc(OC(F)F)c6)o5)CC4)cc3C2=O)C(=O)N1,CDK2,,47.7,=,0,HEK293,Monte Rosa Therapeutics,WO2025181261A1,PGDB_AS000913,% Degradation,luminescence,standardized
PGDB_C011292,O=C1CCC(N2Cc3c(Cl)cc(C4(Nc5nnc(-c6cccc(OC(F)F)c6)o5)CC4)cc3C2=O)C(=O)N1,GSPT1,,13.3,=,0,HEK293,Monte Rosa Therapeutics,WO2025181261A1,PGDB_AS001674,% Degradation,luminescence,standardized
PGDB_C011299,O=C1CCC(N2Cc3c(Cl)cc(C4(Nc5nnc(-c6cccc(OC7CC7)c6)o5)CC4)cc3C2=O)C(=O)N1,CDK2,,53.3,=,0,HEK293,Monte Rosa Therapeutics,WO2025181261A1,PGDB_AS000913,% Degradation,luminescence,standardized
PGDB_C011299,O=C1CCC(N2Cc3c(Cl)cc(C4(Nc5nnc(-c6cccc(OC7CC7)c6)o5)CC4)cc3C2=O)C(=O)N1,GSPT1,,7.4,=,0,HEK293,Monte Rosa Therapeutics,WO2025181261A1,PGDB_AS001674,% Degradation,luminescence,standardized
PGDB_C011308,O=C1CCC(N2Cc3c(Cl)cc(C4(Nc5nnc(-c6cccc7c6CCOC7)o5)CC4)cc3C2=O)C(=O)N1,CDK2,,43.2,=,0,HEK293,Monte Rosa Therapeutics,WO2025181261A1,PGDB_AS000913,% Degradation,luminescence,standardized
PGDB_C011308,O=C1CCC(N2Cc3c(Cl)cc(C4(Nc5nnc(-c6cccc7c6CCOC7)o5)CC4)cc3C2=O)C(=O)N1,GSPT1,,7.5,=,0,HEK293,Monte Rosa Therapeutics,WO2025181261A1,PGDB_AS001674,% Degradation,luminescence,standardized
PGDB_C011317,O=C1CCC(N2Cc3c(Cl)cc(C4(Nc5nnc(-c6cccc7c6COCC7)o5)CC4)cc3C2=O)C(=O)N1,CDK2,,52.0,=,0,HEK293,Monte Rosa Therapeutics,WO2025181261A1,PGDB_AS000913,% Degradation,luminescence,standardized
PGDB_C011317,O=C1CCC(N2Cc3c(Cl)cc(C4(Nc5nnc(-c6cccc7c6COCC7)o5)CC4)cc3C2=O)C(=O)N1,GSPT1,,9.2,=,0,HEK293,Monte Rosa Therapeutics,WO2025181261A1,PGDB_AS001674,% Degradation,luminescence,standardized
PGDB_C011291,O=C1CCC(N2Cc3c(Cl)cc(C4(Nc5nnc(-c6cccc7c6OCCC7)o5)CC4)cc3C2=O)C(=O)N1,CDK2,,44.3,=,0,HEK293,Monte Rosa Therapeutics,WO2025181261A1,PGDB_AS000913,% Degradation,luminescence,standardized
PGDB_C011291,O=C1CCC(N2Cc3c(Cl)cc(C4(Nc5nnc(-c6cccc7c6OCCC7)o5)CC4)cc3C2=O)C(=O)N1,GSPT1,,2.9,=,0,HEK293,Monte Rosa Therapeutics,WO2025181261A1,PGDB_AS001674,% Degradation,luminescence,standardized
PGDB_C011322,O=C1CCC(N2Cc3c(Cl)cc(C4(Nc5nnc(-c6ccn(C(F)F)n6)o5)CC4)cc3C2=O)C(=O)N1,CDK2,,40.6,=,0,HEK293,Monte Rosa Therapeutics,WO2025181261A1,PGDB_AS000913,% Degradation,luminescence,standardized
PGDB_C011322,O=C1CCC(N2Cc3c(Cl)cc(C4(Nc5nnc(-c6ccn(C(F)F)n6)o5)CC4)cc3C2=O)C(=O)N1,GSPT1,,9.1,=,0,HEK293,Monte Rosa Therapeutics,WO2025181261A1,PGDB_AS001674,% Degradation,luminescence,standardized
PGDB_C011347,O=C1CCC(N2Cc3c(Cl)cc(C4(Nc5nnc(-c6ccn(C7CC7(F)F)n6)o5)CC4)cc3C2=O)C(=O)N1,CDK2,,37.9,=,0,HEK293,Monte Rosa Therapeutics,WO2025181261A1,PGDB_AS000913,% Degradation,luminescence,standardized
PGDB_C011347,O=C1CCC(N2Cc3c(Cl)cc(C4(Nc5nnc(-c6ccn(C7CC7(F)F)n6)o5)CC4)cc3C2=O)C(=O)N1,GSPT1,,18.9,=,0,HEK293,Monte Rosa Therapeutics,WO2025181261A1,PGDB_AS001674,% Degradation,luminescence,standardized
PGDB_C011324,O=C1CCC(N2Cc3c(Cl)cc(C4(Nc5nnc(-c6ccn(CC(F)(F)F)n6)o5)CC4)cc3C2=O)C(=O)N1,CDK2,,31.6,=,0,HEK293,Monte Rosa Therapeutics,WO2025181261A1,PGDB_AS000913,% Degradation,luminescence,standardized
PGDB_C011324,O=C1CCC(N2Cc3c(Cl)cc(C4(Nc5nnc(-c6ccn(CC(F)(F)F)n6)o5)CC4)cc3C2=O)C(=O)N1,GSPT1,,5.4,=,0,HEK293,Monte Rosa Therapeutics,WO2025181261A1,PGDB_AS001674,% Degradation,luminescence,standardized
PGDB_C011365,O=C1CCC(N2Cc3c(Cl)cc(C4(Nc5nnc(-c6cnc(C(F)(F)F)nc6)o5)CC4)cc3C2=O)C(=O)N1,CDK2,,35.4,=,0,HEK293,Monte Rosa Therapeutics,WO2025181261A1,PGDB_AS000913,% Degradation,luminescence,standardized
PGDB_C011365,O=C1CCC(N2Cc3c(Cl)cc(C4(Nc5nnc(-c6cnc(C(F)(F)F)nc6)o5)CC4)cc3C2=O)C(=O)N1,GSPT1,,7.9,=,0,HEK293,Monte Rosa Therapeutics,WO2025181261A1,PGDB_AS001674,% Degradation,luminescence,standardized
PGDB_C011327,O=C1CCC(N2Cc3c(Cl)cc(C4(Nc5nnc(-c6cnc(C(F)(F)F)nn6)o5)CC4)cc3C2=O)C(=O)N1,CDK2,,53.1,=,0,HEK293,Monte Rosa Therapeutics,WO2025181261A1,PGDB_AS000913,% Degradation,luminescence,standardized
PGDB_C011327,O=C1CCC(N2Cc3c(Cl)cc(C4(Nc5nnc(-c6cnc(C(F)(F)F)nn6)o5)CC4)cc3C2=O)C(=O)N1,GSPT1,,18.6,=,0,HEK293,Monte Rosa Therapeutics,WO2025181261A1,PGDB_AS001674,% Degradation,luminescence,standardized
PGDB_C011368,O=C1CCC(N2Cc3c(Cl)cc(C4(Nc5nnc(-c6cnc(C(F)F)cn6)o5)CC4)cc3C2=O)C(=O)N1,CDK2,,44.5,=,0,HEK293,Monte Rosa Therapeutics,WO2025181261A1,PGDB_AS000913,% Degradation,luminescence,standardized
PGDB_C011368,O=C1CCC(N2Cc3c(Cl)cc(C4(Nc5nnc(-c6cnc(C(F)F)cn6)o5)CC4)cc3C2=O)C(=O)N1,GSPT1,,8.6,=,0,HEK293,Monte Rosa Therapeutics,WO2025181261A1,PGDB_AS001674,% Degradation,luminescence,standardized
PGDB_C011329,O=C1CCC(N2Cc3c(Cl)cc(C4(Nc5nnc(-c6cnc(C7CC7)nc6)o5)CC4)cc3C2=O)C(=O)N1,CDK2,,43.6,=,0,HEK293,Monte Rosa Therapeutics,WO2025181261A1,PGDB_AS000913,% Degradation,luminescence,standardized
PGDB_C011329,O=C1CCC(N2Cc3c(Cl)cc(C4(Nc5nnc(-c6cnc(C7CC7)nc6)o5)CC4)cc3C2=O)C(=O)N1,GSPT1,,11.4,=,0,HEK293,Monte Rosa Therapeutics,WO2025181261A1,PGDB_AS001674,% Degradation,luminescence,standardized
PGDB_C011402,O=C1CCC(N2Cc3c(Cl)cc(C4(Nc5nnc(-c6cnc(OC7CC7)cn6)o5)CC4)cc3C2=O)C(=O)N1,CDK2,,57.4,=,0,HEK293,Monte Rosa Therapeutics,WO2025181261A1,PGDB_AS000913,% Degradation,luminescence,standardized
PGDB_C011402,O=C1CCC(N2Cc3c(Cl)cc(C4(Nc5nnc(-c6cnc(OC7CC7)cn6)o5)CC4)cc3C2=O)C(=O)N1,GSPT1,,3.2,=,0,HEK293,Monte Rosa Therapeutics,WO2025181261A1,PGDB_AS001674,% Degradation,luminescence,standardized
PGDB_C011341,O=C1CCC(N2Cc3c(Cl)cc(C4(Nc5nnc(-c6cnn(C(F)F)c6)o5)CC4)cc3C2=O)C(=O)N1,CDK2,,31.5,=,0,HEK293,Monte Rosa Therapeutics,WO2025181261A1,PGDB_AS000913,% Degradation,luminescence,standardized
PGDB_C011341,O=C1CCC(N2Cc3c(Cl)cc(C4(Nc5nnc(-c6cnn(C(F)F)c6)o5)CC4)cc3C2=O)C(=O)N1,GSPT1,,5.1,=,0,HEK293,Monte Rosa Therapeutics,WO2025181261A1,PGDB_AS001674,% Degradation,luminescence,standardized
PGDB_C011346,O=C1CCC(N2Cc3c(Cl)cc(C4(Nc5nnc(-c6cnn(C7CC7(F)F)c6)o5)CC4)cc3C2=O)C(=O)N1,CDK2,,36.3,=,0,HEK293,Monte Rosa Therapeutics,WO2025181261A1,PGDB_AS000913,% Degradation,luminescence,standardized
PGDB_C011346,O=C1CCC(N2Cc3c(Cl)cc(C4(Nc5nnc(-c6cnn(C7CC7(F)F)c6)o5)CC4)cc3C2=O)C(=O)N1,GSPT1,,18.4,=,0,HEK293,Monte Rosa Therapeutics,WO2025181261A1,PGDB_AS001674,% Degradation,luminescence,standardized
PGDB_C011333,O=C1CCC(N2Cc3c(Cl)cc(C4(Nc5nnc(-c6cnn(CC(F)(F)F)c6)o5)CC4)cc3C2=O)C(=O)N1,CDK2,,35.2,=,0,HEK293,Monte Rosa Therapeutics,WO2025181261A1,PGDB_AS000913,% Degradation,luminescence,standardized
PGDB_C011333,O=C1CCC(N2Cc3c(Cl)cc(C4(Nc5nnc(-c6cnn(CC(F)(F)F)c6)o5)CC4)cc3C2=O)C(=O)N1,GSPT1,,4.7,=,0,HEK293,Monte Rosa Therapeutics,WO2025181261A1,PGDB_AS001674,% Degradation,luminescence,standardized
PGDB_C011371,O=C1CCC(N2Cc3c(Cl)cc(C4(Nc5nnc(-c6coc(C7CCC7)n6)o5)CC4)cc3C2=O)C(=O)N1,CDK2,,51.9,=,0,HEK293,Monte Rosa Therapeutics,WO2025181261A1,PGDB_AS000913,% Degradation,luminescence,standardized
PGDB_C011371,O=C1CCC(N2Cc3c(Cl)cc(C4(Nc5nnc(-c6coc(C7CCC7)n6)o5)CC4)cc3C2=O)C(=O)N1,GSPT1,,2.6,=,0,HEK293,Monte Rosa Therapeutics,WO2025181261A1,PGDB_AS001674,% Degradation,luminescence,standardized
PGDB_C011342,O=C1CCC(N2Cc3c(Cl)cc(C4(Nc5nnc(-c6coc(CC7CC7)n6)o5)CC4)cc3C2=O)C(=O)N1,CDK2,,43.9,=,0,HEK293,Monte Rosa Therapeutics,WO2025181261A1,PGDB_AS000913,% Degradation,luminescence,standardized
PGDB_C011342,O=C1CCC(N2Cc3c(Cl)cc(C4(Nc5nnc(-c6coc(CC7CC7)n6)o5)CC4)cc3C2=O)C(=O)N1,GSPT1,,13.7,=,0,HEK293,Monte Rosa Therapeutics,WO2025181261A1,PGDB_AS001674,% Degradation,luminescence,standardized
PGDB_C011354,O=C1CCC(N2Cc3c(Cl)cc(C4(Nc5nnc(-c6ncc(C(F)(F)F)cn6)o5)CC4)cc3C2=O)C(=O)N1,CDK2,,50.1,=,0,HEK293,Monte Rosa Therapeutics,WO2025181261A1,PGDB_AS000913,% Degradation,luminescence,standardized
PGDB_C011354,O=C1CCC(N2Cc3c(Cl)cc(C4(Nc5nnc(-c6ncc(C(F)(F)F)cn6)o5)CC4)cc3C2=O)C(=O)N1,GSPT1,,5.9,=,0,HEK293,Monte Rosa Therapeutics,WO2025181261A1,PGDB_AS001674,% Degradation,luminescence,standardized
PGDB_C011355,O=C1CCC(N2Cc3c(Cl)cc(C4(Nc5nnc(-c6ncc(C7CC7)cc6F)o5)CC4)cc3C2=O)C(=O)N1,CDK2,,55.6,=,0,HEK293,Monte Rosa Therapeutics,WO2025181261A1,PGDB_AS000913,% Degradation,luminescence,standardized
PGDB_C011355,O=C1CCC(N2Cc3c(Cl)cc(C4(Nc5nnc(-c6ncc(C7CC7)cc6F)o5)CC4)cc3C2=O)C(=O)N1,GSPT1,,5.5,=,0,HEK293,Monte Rosa Therapeutics,WO2025181261A1,PGDB_AS001674,% Degradation,luminescence,standardized
PGDB_C011391,O=C1CCC(N2Cc3c(Cl)cc(C4(Nc5nnc(C67CC(C(F)(F)F)(C6)C7)o5)CC4)cc3C2=O)C(=O)N1,CDK2,,63.3,=,0,HEK293,Monte Rosa Therapeutics,WO2025181261A1,PGDB_AS000913,% Degradation,luminescence,standardized
PGDB_C011391,O=C1CCC(N2Cc3c(Cl)cc(C4(Nc5nnc(C67CC(C(F)(F)F)(C6)C7)o5)CC4)cc3C2=O)C(=O)N1,GSPT1,,10.3,=,0,HEK293,Monte Rosa Therapeutics,WO2025181261A1,PGDB_AS001674,% Degradation,luminescence,standardized
PGDB_C011394,O=C1CCC(N2Cc3c(Cl)cc(C4(Nc5nnc(C67CC(C(F)F)(C6)C7)o5)CC4)cc3C2=O)C(=O)N1,CDK2,,46.4,=,0,HEK293,Monte Rosa Therapeutics,WO2025181261A1,PGDB_AS000913,% Degradation,luminescence,standardized
PGDB_C011394,O=C1CCC(N2Cc3c(Cl)cc(C4(Nc5nnc(C67CC(C(F)F)(C6)C7)o5)CC4)cc3C2=O)C(=O)N1,GSPT1,,3.9,=,0,HEK293,Monte Rosa Therapeutics,WO2025181261A1,PGDB_AS001674,% Degradation,luminescence,standardized
PGDB_C008133,O=C1CCC(N2Cc3c(Cl)cc(CNC(=O)OC4CC(F)(c5cccnc5OC(F)(F)F)C4)c(F)c3C2=O)C(=O)N1,CDK2,,80.0,=,1,HEK293,Genentech,WO2025043225,PGDB_AS000554,% Degradation,luminescence,standardized
PGDB_C007997,O=C1CCC(N2Cc3c(Cl)cc(CNC(=O)OCc4cc5n(n4)CCCC5)c(F)c3C2=O)C(=O)N1,CDK2,,79.0,=,0,HEK293,Genentech,WO2025043225,PGDB_AS000677,% Degradation,luminescence,standardized
PGDB_C007997,O=C1CCC(N2Cc3c(Cl)cc(CNC(=O)OCc4cc5n(n4)CCCC5)c(F)c3C2=O)C(=O)N1,GSPT1,,0.14,=,0,HEK293,Genentech,WO2025043225,PGDB_AS000429,% Degradation,,standardized
PGDB_C008018,O=C1CCC(N2Cc3c(Cl)cc(CNC(=O)OCc4cc5n(n4)CCN(C4CCC4)C5)c(F)c3C2=O)C(=O)N1,CDK2,,53.0,=,0,HEK293,Genentech,WO2025043225,PGDB_AS000677,% Degradation,luminescence,standardized
PGDB_C008018,O=C1CCC(N2Cc3c(Cl)cc(CNC(=O)OCc4cc5n(n4)CCN(C4CCC4)C5)c(F)c3C2=O)C(=O)N1,GSPT1,,4.8,=,0,HEK293,Genentech,WO2025043225,PGDB_AS000429,% Degradation,,standardized
PGDB_C007998,O=C1CCC(N2Cc3c(Cl)cc(CNC(=O)OCc4cc5n(n4)CCN(CC(F)(F)F)C5)c(F)c3C2=O)C(=O)N1,CDK2,,57.0,=,0,HEK293,Genentech,WO2025043225,PGDB_AS000677,% Degradation,luminescence,standardized
PGDB_C007998,O=C1CCC(N2Cc3c(Cl)cc(CNC(=O)OCc4cc5n(n4)CCN(CC(F)(F)F)C5)c(F)c3C2=O)C(=O)N1,GSPT1,,0.86,=,0,HEK293,Genentech,WO2025043225,PGDB_AS000429,% Degradation,,standardized
PGDB_C008017,O=C1CCC(N2Cc3c(Cl)cc(CNC(=O)OCc4cc5n(n4)CCN(CC4CC4)C5)c(F)c3C2=O)C(=O)N1,CDK2,,55.0,=,0,HEK293,Genentech,WO2025043225,PGDB_AS000677,% Degradation,luminescence,standardized
PGDB_C008017,O=C1CCC(N2Cc3c(Cl)cc(CNC(=O)OCc4cc5n(n4)CCN(CC4CC4)C5)c(F)c3C2=O)C(=O)N1,GSPT1,,3.4,=,0,HEK293,Genentech,WO2025043225,PGDB_AS000429,% Degradation,,standardized
PGDB_C008011,O=C1CCC(N2Cc3c(Cl)cc(CNC(=O)OCc4ccn(C(F)(F)F)n4)c(F)c3C2=O)C(=O)N1,CDK2,,75.0,=,0,HEK293,Genentech,WO2025043225,PGDB_AS000677,% Degradation,luminescence,standardized
PGDB_C008011,O=C1CCC(N2Cc3c(Cl)cc(CNC(=O)OCc4ccn(C(F)(F)F)n4)c(F)c3C2=O)C(=O)N1,GSPT1,,2.9,=,0,HEK293,Genentech,WO2025043225,PGDB_AS000429,% Degradation,,standardized
PGDB_C008010,O=C1CCC(N2Cc3c(Cl)cc(CNC(=O)OCc4ccn(C5CCC5)n4)c(F)c3C2=O)C(=O)N1,CDK2,,74.0,=,0,HEK293,Genentech,WO2025043225,PGDB_AS000677,% Degradation,luminescence,standardized
PGDB_C008010,O=C1CCC(N2Cc3c(Cl)cc(CNC(=O)OCc4ccn(C5CCC5)n4)c(F)c3C2=O)C(=O)N1,GSPT1,,3.7,=,0,HEK293,Genentech,WO2025043225,PGDB_AS000429,% Degradation,,standardized
PGDB_C008003,O=C1CCC(N2Cc3c(Cl)cc(CNC(=O)OCc4ccn(C5CCCCC5)n4)c(F)c3C2=O)C(=O)N1,CDK2,,72.0,=,0,HEK293,Genentech,WO2025043225,PGDB_AS000677,% Degradation,luminescence,standardized
PGDB_C008003,O=C1CCC(N2Cc3c(Cl)cc(CNC(=O)OCc4ccn(C5CCCCC5)n4)c(F)c3C2=O)C(=O)N1,GSPT1,,0.24,=,0,HEK293,Genentech,WO2025043225,PGDB_AS000429,% Degradation,,standardized
PGDB_C008000,O=C1CCC(N2Cc3c(Cl)cc(CNC(=O)OCc4ccn(CC(F)(F)F)n4)c(F)c3C2=O)C(=O)N1,CDK2,,69.0,=,0,HEK293,Genentech,WO2025043225,PGDB_AS000677,% Degradation,luminescence,standardized
PGDB_C008000,O=C1CCC(N2Cc3c(Cl)cc(CNC(=O)OCc4ccn(CC(F)(F)F)n4)c(F)c3C2=O)C(=O)N1,GSPT1,,5.0,=,0,HEK293,Genentech,WO2025043225,PGDB_AS000429,% Degradation,,standardized
PGDB_C008005,O=C1CCC(N2Cc3c(Cl)cc(CNC(=O)OCc4cnn(CC(F)(F)F)c4)c(F)c3C2=O)C(=O)N1,CDK2,,54.0,=,0,HEK293,Genentech,WO2025043225,PGDB_AS000677,% Degradation,luminescence,standardized
PGDB_C008005,O=C1CCC(N2Cc3c(Cl)cc(CNC(=O)OCc4cnn(CC(F)(F)F)c4)c(F)c3C2=O)C(=O)N1,GSPT1,,0.83,=,0,HEK293,Genentech,WO2025043225,PGDB_AS000429,% Degradation,,standardized
PGDB_C008143,O=C1CCC(N2Cc3c(Cl)cc(CNC(=O)O[C@H]4C[C@@H](N5CCC(F)(F)C5)C4)c(F)c3C2=O)C(=O)N1,CDK2,,72.0,=,0,HEK293,Genentech,WO2025043225,PGDB_AS000872,% Degradation,luminescence,standardized
PGDB_C008143,O=C1CCC(N2Cc3c(Cl)cc(CNC(=O)O[C@H]4C[C@@H](N5CCC(F)(F)C5)C4)c(F)c3C2=O)C(=O)N1,GSPT1,,0.5,=,0,HEK293,Genentech,WO2025043225,PGDB_AS001266,% Degradation,luminescence,standardized
PGDB_C008147,O=C1CCC(N2Cc3c(Cl)cc(CNC(=O)O[C@H]4C[C@@H](N5CCCC5=O)C4)c(F)c3C2=O)C(=O)N1,CDK2,,56.0,=,0,HEK293,Genentech,WO2025043225,PGDB_AS000872,% Degradation,luminescence,standardized
PGDB_C008147,O=C1CCC(N2Cc3c(Cl)cc(CNC(=O)O[C@H]4C[C@@H](N5CCCC5=O)C4)c(F)c3C2=O)C(=O)N1,GSPT1,,0.17,=,0,HEK293,Genentech,WO2025043225,PGDB_AS001266,% Degradation,luminescence,standardized
PGDB_C008144,O=C1CCC(N2Cc3c(Cl)cc(CNC(=O)O[C@H]4C[C@@H](N5CCCC5C(F)(F)F)C4)c(F)c3C2=O)C(=O)N1,CDK2,,76.0,=,0,HEK293,Genentech,WO2025043225,PGDB_AS000872,% Degradation,luminescence,standardized
PGDB_C008144,O=C1CCC(N2Cc3c(Cl)cc(CNC(=O)O[C@H]4C[C@@H](N5CCCC5C(F)(F)F)C4)c(F)c3C2=O)C(=O)N1,GSPT1,,1.5,=,0,HEK293,Genentech,WO2025043225,PGDB_AS001266,% Degradation,luminescence,standardized
PGDB_C008091,O=C1CCC(N2Cc3c(Cl)cc(CNC(=O)O[C@H]4C[C@@H](c5nccc6scnc65)C4)c(F)c3C2=O)C(=O)N1,CDK2,,76.0,=,0,HEK293,Genentech,WO2025043225,PGDB_AS000554,% Degradation,luminescence,standardized
PGDB_C008091,O=C1CCC(N2Cc3c(Cl)cc(CNC(=O)O[C@H]4C[C@@H](c5nccc6scnc65)C4)c(F)c3C2=O)C(=O)N1,GSPT1,,9.4,=,0,HEK293,Genentech,WO2025043225,PGDB_AS000025,% Degradation,,standardized
PGDB_C008097,O=C1CCC(N2Cc3c(Cl)cc(CNC(=O)O[C@H]4C[C@@H](c5ncccc5OC(F)(F)F)C4)c(F)c3C2=O)C(=O)N1,CDK2,,76.0,=,0,HEK293,Genentech,WO2025043225,PGDB_AS000554,% Degradation,luminescence,standardized
PGDB_C008097,O=C1CCC(N2Cc3c(Cl)cc(CNC(=O)O[C@H]4C[C@@H](c5ncccc5OC(F)(F)F)C4)c(F)c3C2=O)C(=O)N1,GSPT1,,12.0,=,0,HEK293,Genentech,WO2025043225,PGDB_AS000025,% Degradation,,standardized
PGDB_C008128,O=C1CCC(N2Cc3c(Cl)cc(CNC(=O)O[C@H]4C[C@@H](n5c(C(F)(F)F)nc6c5CCCC6)C4)c(F)c3C2=O)C(=O)N1,CDK2,,72.0,=,0,HEK293,Genentech,WO2025043225,PGDB_AS000554,% Degradation,luminescence,standardized
PGDB_C008128,O=C1CCC(N2Cc3c(Cl)cc(CNC(=O)O[C@H]4C[C@@H](n5c(C(F)(F)F)nc6c5CCCC6)C4)c(F)c3C2=O)C(=O)N1,GSPT1,,5.3,=,0,HEK293,Genentech,WO2025043225,PGDB_AS000025,% Degradation,,standardized
PGDB_C008135,O=C1CCC(N2Cc3c(Cl)cc(CNC(=O)O[C@H]4C[C@@H](n5c(C(F)(F)F)nc6ccccc65)C4)c(F)c3C2=O)C(=O)N1,CDK2,,77.0,=,0,HEK293,Genentech,WO2025043225,PGDB_AS000554,% Degradation,luminescence,standardized
PGDB_C008117,O=C1CCC(N2Cc3c(Cl)cc(CNC(=O)O[C@H]4C[C@@H](n5c(C(F)(F)F)nc6cccnc65)C4)c(F)c3C2=O)C(=O)N1,CDK2,,72.0,=,0,HEK293,Genentech,WO2025043225,PGDB_AS000554,% Degradation,luminescence,standardized
PGDB_C008117,O=C1CCC(N2Cc3c(Cl)cc(CNC(=O)O[C@H]4C[C@@H](n5c(C(F)(F)F)nc6cccnc65)C4)c(F)c3C2=O)C(=O)N1,GSPT1,,8.6,=,0,HEK293,Genentech,WO2025043225,PGDB_AS000025,% Degradation,,standardized
PGDB_C008137,O=C1CCC(N2Cc3c(Cl)cc(CNC(=O)O[C@H]4C[C@@H](n5c(C(F)(F)F)nc6ccncc65)C4)c(F)c3C2=O)C(=O)N1,CDK2,,67.0,=,0,HEK293,Genentech,WO2025043225,PGDB_AS000554,% Degradation,luminescence,standardized
PGDB_C008136,O=C1CCC(N2Cc3c(Cl)cc(CNC(=O)O[C@H]4C[C@@H](n5c(C(F)(F)F)nc6cnccc65)C4)c(F)c3C2=O)C(=O)N1,CDK2,,64.0,=,0,HEK293,Genentech,WO2025043225,PGDB_AS000554,% Degradation,luminescence,standardized
PGDB_C008134,O=C1CCC(N2Cc3c(Cl)cc(CNC(=O)O[C@H]4C[C@@H](n5c(C(F)(F)F)nc6ncccc65)C4)c(F)c3C2=O)C(=O)N1,CDK2,,61.0,=,0,HEK293,Genentech,WO2025043225,PGDB_AS000554,% Degradation,luminescence,standardized
PGDB_C008138,O=C1CCC(N2Cc3c(Cl)cc(CNC(=O)O[C@H]4C[C@@H](n5c(C(F)(F)F)nc6nccnc65)C4)c(F)c3C2=O)C(=O)N1,CDK2,,77.0,=,0,HEK293,Genentech,WO2025043225,PGDB_AS000554,% Degradation,luminescence,standardized
PGDB_C008116,O=C1CCC(N2Cc3c(Cl)cc(CNC(=O)O[C@H]4C[C@@H](n5ccnc5C(F)(F)F)C4)c(F)c3C2=O)C(=O)N1,CDK2,,74.0,=,0,HEK293,Genentech,WO2025043225,PGDB_AS000554,% Degradation,luminescence,standardized
PGDB_C008116,O=C1CCC(N2Cc3c(Cl)cc(CNC(=O)O[C@H]4C[C@@H](n5ccnc5C(F)(F)F)C4)c(F)c3C2=O)C(=O)N1,GSPT1,,2.1,=,0,HEK293,Genentech,WO2025043225,PGDB_AS000025,% Degradation,,standardized
PGDB_C008126,O=C1CCC(N2Cc3c(Cl)cc(CNC(=O)O[C@H]4C[C@@H](n5ccnc5C5CC5)C4)c(F)c3C2=O)C(=O)N1,CDK2,,60.0,=,0,HEK293,Genentech,WO2025043225,PGDB_AS000554,% Degradation,luminescence,standardized
PGDB_C008126,O=C1CCC(N2Cc3c(Cl)cc(CNC(=O)O[C@H]4C[C@@H](n5ccnc5C5CC5)C4)c(F)c3C2=O)C(=O)N1,GSPT1,,3.8,=,0,HEK293,Genentech,WO2025043225,PGDB_AS000025,% Degradation,,standardized
PGDB_C008108,O=C1CCC(N2Cc3c(Cl)cc(CNC(=O)O[C@H]4C[C@@H](n5nccc5C(F)(F)F)C4)c(F)c3C2=O)C(=O)N1,CDK2,,72.0,=,0,HEK293,Genentech,WO2025043225,PGDB_AS000554,% Degradation,luminescence,standardized
PGDB_C008108,O=C1CCC(N2Cc3c(Cl)cc(CNC(=O)O[C@H]4C[C@@H](n5nccc5C(F)(F)F)C4)c(F)c3C2=O)C(=O)N1,GSPT1,,3.4,=,0,HEK293,Genentech,WO2025043225,PGDB_AS000025,% Degradation,,standardized
PGDB_C008121,O=C1CCC(N2Cc3c(Cl)cc(CNC(=O)O[C@H]4C[C@@H](n5nccc5C(F)F)C4)c(F)c3C2=O)C(=O)N1,CDK2,,74.0,=,0,HEK293,Genentech,WO2025043225,PGDB_AS000554,% Degradation,luminescence,standardized
PGDB_C008121,O=C1CCC(N2Cc3c(Cl)cc(CNC(=O)O[C@H]4C[C@@H](n5nccc5C(F)F)C4)c(F)c3C2=O)C(=O)N1,GSPT1,,4.0,=,0,HEK293,Genentech,WO2025043225,PGDB_AS000025,% Degradation,,standardized
PGDB_C008132,O=C1CCC(N2Cc3c(Cl)cc(CNC(=O)O[C@H]4C[C@@](O)(c5cccnc5OC(F)(F)F)C4)c(F)c3C2=O)C(=O)N1,CDK2,,72.0,=,0,HEK293,Genentech,WO2025043225,PGDB_AS000554,% Degradation,luminescence,standardized
PGDB_C008132,O=C1CCC(N2Cc3c(Cl)cc(CNC(=O)O[C@H]4C[C@@](O)(c5cccnc5OC(F)(F)F)C4)c(F)c3C2=O)C(=O)N1,GSPT1,,0.16,=,0,HEK293,Genentech,WO2025043225,PGDB_AS000025,% Degradation,,standardized
PGDB_C008146,O=C1CCC(N2Cc3c(Cl)cc(CNC(=O)O[C@H]4C[C@H](N5CCC(F)(F)C5)C4)c(F)c3C2=O)C(=O)N1,CDK2,,77.0,=,0,HEK293,Genentech,WO2025043225,PGDB_AS000872,% Degradation,luminescence,standardized
PGDB_C008146,O=C1CCC(N2Cc3c(Cl)cc(CNC(=O)O[C@H]4C[C@H](N5CCC(F)(F)C5)C4)c(F)c3C2=O)C(=O)N1,GSPT1,,3.8,=,0,HEK293,Genentech,WO2025043225,PGDB_AS001266,% Degradation,luminescence,standardized
PGDB_C008145,O=C1CCC(N2Cc3c(Cl)cc(CNC(=O)O[C@H]4C[C@H](N5CCCC5C(F)(F)F)C4)c(F)c3C2=O)C(=O)N1,CDK2,,78.0,=,0,HEK293,Genentech,WO2025043225,PGDB_AS000872,% Degradation,luminescence,standardized
PGDB_C008145,O=C1CCC(N2Cc3c(Cl)cc(CNC(=O)O[C@H]4C[C@H](N5CCCC5C(F)(F)F)C4)c(F)c3C2=O)C(=O)N1,GSPT1,,1.8,=,0,HEK293,Genentech,WO2025043225,PGDB_AS001266,% Degradation,luminescence,standardized
PGDB_C008092,O=C1CCC(N2Cc3c(Cl)cc(CNC(=O)O[C@H]4C[C@H](c5nccc6scnc65)C4)c(F)c3C2=O)C(=O)N1,CDK2,,70.0,=,0,HEK293,Genentech,WO2025043225,PGDB_AS000554,% Degradation,luminescence,standardized
PGDB_C008092,O=C1CCC(N2Cc3c(Cl)cc(CNC(=O)O[C@H]4C[C@H](c5nccc6scnc65)C4)c(F)c3C2=O)C(=O)N1,GSPT1,,3.6,=,0,HEK293,Genentech,WO2025043225,PGDB_AS000025,% Degradation,,standardized
PGDB_C008129,O=C1CCC(N2Cc3c(Cl)cc(CNC(=O)O[C@H]4C[C@H](n5c(C(F)(F)F)nc6c5CCCC6)C4)c(F)c3C2=O)C(=O)N1,CDK2,,73.0,=,0,HEK293,Genentech,WO2025043225,PGDB_AS000554,% Degradation,luminescence,standardized
PGDB_C008129,O=C1CCC(N2Cc3c(Cl)cc(CNC(=O)O[C@H]4C[C@H](n5c(C(F)(F)F)nc6c5CCCC6)C4)c(F)c3C2=O)C(=O)N1,GSPT1,,0.29,=,0,HEK293,Genentech,WO2025043225,PGDB_AS000025,% Degradation,,standardized
PGDB_C008139,O=C1CCC(N2Cc3c(Cl)cc(CNC(=O)O[C@H]4C[C@H](n5c(C(F)(F)F)nc6ccccc65)C4)c(F)c3C2=O)C(=O)N1,CDK2,,74.0,=,0,HEK293,Genentech,WO2025043225,PGDB_AS000554,% Degradation,luminescence,standardized
PGDB_C008123,O=C1CCC(N2Cc3c(Cl)cc(CNC(=O)O[C@H]4C[C@H](n5c(C(F)(F)F)nc6cccnc65)C4)c(F)c3C2=O)C(=O)N1,CDK2,,80.0,=,1,HEK293,Genentech,WO2025043225,PGDB_AS000554,% Degradation,luminescence,standardized
PGDB_C008123,O=C1CCC(N2Cc3c(Cl)cc(CNC(=O)O[C@H]4C[C@H](n5c(C(F)(F)F)nc6cccnc65)C4)c(F)c3C2=O)C(=O)N1,GSPT1,,1.4,=,0,HEK293,Genentech,WO2025043225,PGDB_AS000025,% Degradation,,standardized
PGDB_C008122,O=C1CCC(N2Cc3c(Cl)cc(CNC(=O)O[C@H]4C[C@H](n5ccnc5C(F)(F)F)C4)c(F)c3C2=O)C(=O)N1,CDK2,,64.0,=,0,HEK293,Genentech,WO2025043225,PGDB_AS000554,% Degradation,luminescence,standardized
PGDB_C008122,O=C1CCC(N2Cc3c(Cl)cc(CNC(=O)O[C@H]4C[C@H](n5ccnc5C(F)(F)F)C4)c(F)c3C2=O)C(=O)N1,GSPT1,,1.2,=,0,HEK293,Genentech,WO2025043225,PGDB_AS000025,% Degradation,,standardized
PGDB_C008125,O=C1CCC(N2Cc3c(Cl)cc(CNC(=O)O[C@H]4C[C@H](n5ccnc5C5CC5)C4)c(F)c3C2=O)C(=O)N1,CDK2,,52.0,=,0,HEK293,Genentech,WO2025043225,PGDB_AS000554,% Degradation,luminescence,standardized
PGDB_C008125,O=C1CCC(N2Cc3c(Cl)cc(CNC(=O)O[C@H]4C[C@H](n5ccnc5C5CC5)C4)c(F)c3C2=O)C(=O)N1,GSPT1,,4.3,=,0,HEK293,Genentech,WO2025043225,PGDB_AS000025,% Degradation,,standardized
PGDB_C008113,O=C1CCC(N2Cc3c(Cl)cc(CNC(=O)O[C@H]4C[C@H](n5nccc5C(F)F)C4)c(F)c3C2=O)C(=O)N1,CDK2,,74.0,=,0,HEK293,Genentech,WO2025043225,PGDB_AS000554,% Degradation,luminescence,standardized
PGDB_C008113,O=C1CCC(N2Cc3c(Cl)cc(CNC(=O)O[C@H]4C[C@H](n5nccc5C(F)F)C4)c(F)c3C2=O)C(=O)N1,GSPT1,,5.9,=,0,HEK293,Genentech,WO2025043225,PGDB_AS000025,% Degradation,,standardized
PGDB_C008131,O=C1CCC(N2Cc3c(Cl)cc(CNC(=O)O[C@H]4C[C@](O)(c5cccnc5OC(F)(F)F)C4)c(F)c3C2=O)C(=O)N1,CDK2,,52.0,=,0,HEK293,Genentech,WO2025043225,PGDB_AS000554,% Degradation,luminescence,standardized
PGDB_C008131,O=C1CCC(N2Cc3c(Cl)cc(CNC(=O)O[C@H]4C[C@](O)(c5cccnc5OC(F)(F)F)C4)c(F)c3C2=O)C(=O)N1,GSPT1,,4.4,=,0,HEK293,Genentech,WO2025043225,PGDB_AS000025,% Degradation,,standardized
PGDB_C010081,O=C1CCC(N2Cc3c(Cl)cc(CNc4nnc(-c5ccc(OC(F)(F)F)cc5)o4)cc3C2=O)C(=O)N1,CDK2,,61.2,=,0,HEK293,Monte Rosa Therapeutics,WO2025181261A1,PGDB_AS002040,% Degradation,luminescence,standardized
PGDB_C010081,O=C1CCC(N2Cc3c(Cl)cc(CNc4nnc(-c5ccc(OC(F)(F)F)cc5)o4)cc3C2=O)C(=O)N1,GSPT1,,53.6,=,0,HEK293,Monte Rosa Therapeutics,WO2025181261A1,PGDB_AS002030,% Degradation,luminescence,standardized
PGDB_C011286,O=C1CCC(N2Cc3c(F)cc(C4(Nc5nnc(-c6ccc(OC(F)(F)F)cc6)o5)CC4)cc3C2=O)C(=O)N1,CDK2,,62.1,=,0,HEK293,Monte Rosa Therapeutics,WO2025181261A1,PGDB_AS000913,% Degradation,luminescence,standardized
PGDB_C011286,O=C1CCC(N2Cc3c(F)cc(C4(Nc5nnc(-c6ccc(OC(F)(F)F)cc6)o5)CC4)cc3C2=O)C(=O)N1,GSPT1,,11.7,=,0,HEK293,Monte Rosa Therapeutics,WO2025181261A1,PGDB_AS001674,% Degradation,luminescence,standardized
PGDB_C011403,O=C1CCC(N2Cc3c(F)cc(C4(Nc5nnc(-c6ccc(OC7CC7)nc6)o5)CC4)cc3C2=O)C(=O)N1,CDK2,,38.4,=,0,HEK293,Monte Rosa Therapeutics,WO2025181261A1,PGDB_AS000913,% Degradation,luminescence,standardized
PGDB_C011403,O=C1CCC(N2Cc3c(F)cc(C4(Nc5nnc(-c6ccc(OC7CC7)nc6)o5)CC4)cc3C2=O)C(=O)N1,GSPT1,,13.9,=,0,HEK293,Monte Rosa Therapeutics,WO2025181261A1,PGDB_AS001674,% Degradation,luminescence,standardized
PGDB_C008004,O=C1CCC(N2Cc3c(F)cc(CNC(=O)OCc4cc5n(n4)CCCC5)c(F)c3C2=O)C(=O)N1,CDK2,,65.0,=,0,HEK293,Genentech,WO2025043225,PGDB_AS000677,% Degradation,luminescence,standardized
PGDB_C008004,O=C1CCC(N2Cc3c(F)cc(CNC(=O)OCc4cc5n(n4)CCCC5)c(F)c3C2=O)C(=O)N1,GSPT1,,1.3,=,0,HEK293,Genentech,WO2025043225,PGDB_AS000429,% Degradation,,standardized
PGDB_C011404,O=C1CCC(N2Cc3c(F)cc(CNc4nnc(-c5ccc(OC(F)(F)F)cc5)o4)cc3C2=O)C(=O)N1,CDK2,,70.3,=,0,HEK293,Monte Rosa Therapeutics,WO2025181261A1,PGDB_AS002040,% Degradation,luminescence,standardized
PGDB_C011404,O=C1CCC(N2Cc3c(F)cc(CNc4nnc(-c5ccc(OC(F)(F)F)cc5)o4)cc3C2=O)C(=O)N1,GSPT1,,58.1,=,0,HEK293,Monte Rosa Therapeutics,WO2025181261A1,PGDB_AS002030,% Degradation,luminescence,standardized
PGDB_C001466,O=C1CCC(N2Cc3c(F)cc(COC(=O)Nc4ccc(Cl)c(C#CC5CC5)c4)cc3C2=O)C(=O)N1,GSPT1,,93.24,=,1,HEK293,Nanjing Sanhome Pharmaceutical,CN118852145A,PGDB_AS002339,% Degradation,luminescence,standardized
PGDB_C011363,O=C1CCC(N2Cc3c(cc(C4(Nc5nnc(-c6ccc(OC(F)(F)F)cc6)o5)CC4)cc3C(F)F)C2=O)C(=O)N1,CDK2,,52.6,=,0,HEK293,Monte Rosa Therapeutics,WO2025181261A1,PGDB_AS000913,% Degradation,luminescence,standardized
PGDB_C011363,O=C1CCC(N2Cc3c(cc(C4(Nc5nnc(-c6ccc(OC(F)(F)F)cc6)o5)CC4)cc3C(F)F)C2=O)C(=O)N1,GSPT1,,3.3,=,0,HEK293,Monte Rosa Therapeutics,WO2025181261A1,PGDB_AS001674,% Degradation,luminescence,standardized
PGDB_C011359,O=C1CCC(N2Cc3c(cc(C4(Nc5nnc(-c6ccc(OC7CC7)cc6)o5)CC4)cc3C(F)F)C2=O)C(=O)N1,CDK2,,57.4,=,0,HEK293,Monte Rosa Therapeutics,WO2025181261A1,PGDB_AS000913,% Degradation,luminescence,standardized
PGDB_C011359,O=C1CCC(N2Cc3c(cc(C4(Nc5nnc(-c6ccc(OC7CC7)cc6)o5)CC4)cc3C(F)F)C2=O)C(=O)N1,GSPT1,,18.5,=,0,HEK293,Monte Rosa Therapeutics,WO2025181261A1,PGDB_AS001674,% Degradation,luminescence,standardized
PGDB_C001475,O=C1CCC(N2Cc3c(cc(COC(=O)Nc4ccc(Cl)c(C#CC5CC5)c4)cc3C3CC3)C2=O)C(=O)N1,GSPT1,,89.86,=,1,HEK293,Nanjing Sanhome Pharmaceutical,CN118852145A,PGDB_AS002339,% Degradation,luminescence,standardized
PGDB_C007381,O=C1CCC(N2Cc3c(ccc(-c4cc(CN5CC(c6ccccc6)C5)ccn4)c3F)C2=O)C(=O)N1,IKZF1,,13.0,=,0,Jurkat,Bristol Myers Squibb,CN121646585A,PGDB_AS000236,% Degradation,,standardized
PGDB_C007381,O=C1CCC(N2Cc3c(ccc(-c4cc(CN5CC(c6ccccc6)C5)ccn4)c3F)C2=O)C(=O)N1,IKZF2,,101.0,=,1,,Bristol Myers Squibb,CN121646585A,PGDB_AS001073,% Degradation,flow_cytometry,standardized
PGDB_C007381,O=C1CCC(N2Cc3c(ccc(-c4cc(CN5CC(c6ccccc6)C5)ccn4)c3F)C2=O)C(=O)N1,IKZF3,,14.0,=,0,Jurkat,Bristol Myers Squibb,CN121646585A,PGDB_AS000276,% Degradation,,standardized
PGDB_C007381,O=C1CCC(N2Cc3c(ccc(-c4cc(CN5CC(c6ccccc6)C5)ccn4)c3F)C2=O)C(=O)N1,IKZF4,,92.0,=,1,,Bristol Myers Squibb,CN121646585A,PGDB_AS000779,% Degradation,,standardized
PGDB_C008386,O=C1CCC(N2Cc3c(ccc(C[C@H]4CCCC[C@@H]4N(Cc4ccccc4)Cc4ccccc4)c3F)C2=O)C(=O)N1,IKZF2,,92.0,=,1,HEK293,Gilead Sciences,JP2026020265A,PGDB_AS000211,% Degradation,luminescence,standardized
PGDB_C008582,O=C1CCC(N2Cc3c(ccc(C[C@H]4CCCC[C@@H]4NC4(Cl)CCCC4)c3F)C2=O)C(=O)N1,IKZF1,,42.0,=,0,HEK293,Gilead Sciences,JP2026020265A,PGDB_AS000216,% Degradation,luminescence,standardized
PGDB_C008582,O=C1CCC(N2Cc3c(ccc(C[C@H]4CCCC[C@@H]4NC4(Cl)CCCC4)c3F)C2=O)C(=O)N1,IKZF2,,98.0,=,1,HEK293,Gilead Sciences,JP2026020265A,PGDB_AS000211,% Degradation,luminescence,standardized
PGDB_C008579,O=C1CCC(N2Cc3c(ccc(C[C@H]4CCCC[C@@H]4NC4(O)CCC(F)(F)CC4)c3F)C2=O)C(=O)N1,IKZF1,,62.0,=,0,HEK293,Gilead Sciences,JP2026020265A,PGDB_AS000216,% Degradation,luminescence,standardized
PGDB_C008579,O=C1CCC(N2Cc3c(ccc(C[C@H]4CCCC[C@@H]4NC4(O)CCC(F)(F)CC4)c3F)C2=O)C(=O)N1,IKZF2,,97.0,=,1,HEK293,Gilead Sciences,JP2026020265A,PGDB_AS000211,% Degradation,luminescence,standardized
PGDB_C008580,O=C1CCC(N2Cc3c(ccc(C[C@H]4CCCC[C@@H]4NC4(O)CCC5(CC5)CC4)c3F)C2=O)C(=O)N1,IKZF1,,68.0,=,0,HEK293,Gilead Sciences,JP2026020265A,PGDB_AS000216,% Degradation,luminescence,standardized
PGDB_C008580,O=C1CCC(N2Cc3c(ccc(C[C@H]4CCCC[C@@H]4NC4(O)CCC5(CC5)CC4)c3F)C2=O)C(=O)N1,IKZF2,,97.0,=,1,HEK293,Gilead Sciences,JP2026020265A,PGDB_AS000211,% Degradation,luminescence,standardized
PGDB_C008520,O=C1CCC(N2Cc3c(ccc(C[C@H]4CCCC[C@@H]4NC4CC5CCCC5C4)c3F)C2=O)C(=O)N1,IKZF1,,53.0,=,0,HEK293,Gilead Sciences,JP2026020265A,PGDB_AS000216,% Degradation,luminescence,standardized
PGDB_C008520,O=C1CCC(N2Cc3c(ccc(C[C@H]4CCCC[C@@H]4NC4CC5CCCC5C4)c3F)C2=O)C(=O)N1,IKZF2,,98.0,=,1,HEK293,Gilead Sciences,JP2026020265A,PGDB_AS000211,% Degradation,luminescence,standardized
PGDB_C008465,O=C1CCC(N2Cc3c(ccc(C[C@H]4CCCC[C@@H]4NC4CCC(F)(F)CC4)c3F)C2=O)C(=O)N1,IKZF1,,68.0,=,0,HEK293,Gilead Sciences,JP2026020265A,PGDB_AS000216,% Degradation,luminescence,standardized
PGDB_C008465,O=C1CCC(N2Cc3c(ccc(C[C@H]4CCCC[C@@H]4NC4CCC(F)(F)CC4)c3F)C2=O)C(=O)N1,IKZF2,,97.0,=,1,HEK293,Gilead Sciences,JP2026020265A,PGDB_AS000211,% Degradation,luminescence,standardized
PGDB_C008468,O=C1CCC(N2Cc3c(ccc(C[C@H]4CCCC[C@@H]4NC4CCCC4)c3F)C2=O)C(=O)N1,IKZF1,,39.0,=,0,HEK293,Gilead Sciences,JP2026020265A,PGDB_AS000216,% Degradation,luminescence,standardized
PGDB_C008468,O=C1CCC(N2Cc3c(ccc(C[C@H]4CCCC[C@@H]4NC4CCCC4)c3F)C2=O)C(=O)N1,IKZF2,,98.0,=,1,HEK293,Gilead Sciences,JP2026020265A,PGDB_AS000211,% Degradation,luminescence,standardized
PGDB_C008469,O=C1CCC(N2Cc3c(ccc(C[C@H]4CCCC[C@@H]4NC4CCCCC4)c3F)C2=O)C(=O)N1,IKZF1,,38.0,=,0,HEK293,Gilead Sciences,JP2026020265A,PGDB_AS000216,% Degradation,luminescence,standardized
PGDB_C008469,O=C1CCC(N2Cc3c(ccc(C[C@H]4CCCC[C@@H]4NC4CCCCC4)c3F)C2=O)C(=O)N1,IKZF2,,99.0,=,1,HEK293,Gilead Sciences,JP2026020265A,PGDB_AS000211,% Degradation,luminescence,standardized
PGDB_C008562,O=C1CCC(N2Cc3c(ccc(C[C@H]4CCCC[C@@H]4NC4CCOC4)c3F)C2=O)C(=O)N1,IKZF1,,44.0,=,0,HEK293,Gilead Sciences,JP2026020265A,PGDB_AS000216,% Degradation,luminescence,standardized
PGDB_C008562,O=C1CCC(N2Cc3c(ccc(C[C@H]4CCCC[C@@H]4NC4CCOC4)c3F)C2=O)C(=O)N1,IKZF2,,97.0,=,1,HEK293,Gilead Sciences,JP2026020265A,PGDB_AS000211,% Degradation,luminescence,standardized
PGDB_C008561,O=C1CCC(N2Cc3c(ccc(C[C@H]4CCCC[C@@H]4NC4CCOCC4)c3F)C2=O)C(=O)N1,IKZF1,,34.0,=,0,HEK293,Gilead Sciences,JP2026020265A,PGDB_AS000216,% Degradation,luminescence,standardized
PGDB_C008561,O=C1CCC(N2Cc3c(ccc(C[C@H]4CCCC[C@@H]4NC4CCOCC4)c3F)C2=O)C(=O)N1,IKZF2,,98.0,=,1,HEK293,Gilead Sciences,JP2026020265A,PGDB_AS000211,% Degradation,luminescence,standardized
PGDB_C008601,O=C1CCC(N2Cc3c(ccc(C[C@H]4CCCC[C@@H]4NCC45CC(C4)C5)c3F)C2=O)C(=O)N1,IKZF1,,31.0,=,0,HEK293,Gilead Sciences,JP2026020265A,PGDB_AS000216,% Degradation,luminescence,standardized
PGDB_C008601,O=C1CCC(N2Cc3c(ccc(C[C@H]4CCCC[C@@H]4NCC45CC(C4)C5)c3F)C2=O)C(=O)N1,IKZF2,,96.0,=,1,HEK293,Gilead Sciences,JP2026020265A,PGDB_AS000211,% Degradation,luminescence,standardized
PGDB_C008462,O=C1CCC(N2Cc3c(ccc(C[C@H]4CCCC[C@@H]4NCC4CC(F)(F)C4)c3F)C2=O)C(=O)N1,IKZF1,,41.0,=,0,HEK293,Gilead Sciences,JP2026020265A,PGDB_AS000216,% Degradation,luminescence,standardized
PGDB_C008462,O=C1CCC(N2Cc3c(ccc(C[C@H]4CCCC[C@@H]4NCC4CC(F)(F)C4)c3F)C2=O)C(=O)N1,IKZF2,,96.0,=,1,HEK293,Gilead Sciences,JP2026020265A,PGDB_AS000211,% Degradation,luminescence,standardized
PGDB_C008480,O=C1CCC(N2Cc3c(ccc(C[C@H]4CCCC[C@@H]4NCC4CCC(F)(F)CC4)c3F)C2=O)C(=O)N1,IKZF1,,37.0,=,0,HEK293,Gilead Sciences,JP2026020265A,PGDB_AS000216,% Degradation,luminescence,standardized
PGDB_C008480,O=C1CCC(N2Cc3c(ccc(C[C@H]4CCCC[C@@H]4NCC4CCC(F)(F)CC4)c3F)C2=O)C(=O)N1,IKZF2,,94.0,=,1,HEK293,Gilead Sciences,JP2026020265A,PGDB_AS000211,% Degradation,luminescence,standardized
PGDB_C011209,O=C1CCC(N2Cc3c(ccc(C[C@H]4CCCC[C@@H]4NCC4CCOCC4)c3F)C2=O)C(=O)N1,IKZF1,,37.0,=,0,HEK293,Gilead Sciences,JP2026020265A,PGDB_AS000216,% Degradation,luminescence,standardized
PGDB_C011209,O=C1CCC(N2Cc3c(ccc(C[C@H]4CCCC[C@@H]4NCC4CCOCC4)c3F)C2=O)C(=O)N1,IKZF2,,96.0,=,1,HEK293,Gilead Sciences,JP2026020265A,PGDB_AS000211,% Degradation,luminescence,standardized
PGDB_C011208,O=C1CCC(N2Cc3c(ccc(C[C@H]4CCCC[C@@H]4NCC4COC4)c3F)C2=O)C(=O)N1,IKZF1,,28.0,=,0,HEK293,Gilead Sciences,JP2026020265A,PGDB_AS000216,% Degradation,luminescence,standardized
PGDB_C011208,O=C1CCC(N2Cc3c(ccc(C[C@H]4CCCC[C@@H]4NCC4COC4)c3F)C2=O)C(=O)N1,IKZF2,,98.0,=,1,HEK293,Gilead Sciences,JP2026020265A,PGDB_AS000211,% Degradation,luminescence,standardized
PGDB_C008392,O=C1CCC(N2Cc3c(ccc(C[C@H]4CCCC[C@@H]4NCc4ccccc4)c3F)C2=O)C(=O)N1,IKZF2,,98.0,=,1,HEK293,Gilead Sciences,JP2026020265A,PGDB_AS000211,% Degradation,luminescence,standardized
PGDB_C008535,O=C1CCC(N2Cc3c(ccc(C[C@H]4OCCC[C@@H]4NC4CC5(CCC5)C4)c3F)C2=O)C(=O)N1,IKZF1,,35.0,=,0,HEK293,Gilead Sciences,JP2026020265A,PGDB_AS000216,% Degradation,luminescence,standardized
PGDB_C008535,O=C1CCC(N2Cc3c(ccc(C[C@H]4OCCC[C@@H]4NC4CC5(CCC5)C4)c3F)C2=O)C(=O)N1,IKZF2,,92.0,=,1,HEK293,Gilead Sciences,JP2026020265A,PGDB_AS000211,% Degradation,luminescence,standardized
PGDB_C008536,O=C1CCC(N2Cc3c(ccc(C[C@H]4OCCC[C@@H]4NC4CC5(CCCC5)C4)c3F)C2=O)C(=O)N1,IKZF1,,50.0,=,0,HEK293,Gilead Sciences,JP2026020265A,PGDB_AS000216,% Degradation,luminescence,standardized
PGDB_C008536,O=C1CCC(N2Cc3c(ccc(C[C@H]4OCCC[C@@H]4NC4CC5(CCCC5)C4)c3F)C2=O)C(=O)N1,IKZF2,,91.0,=,1,HEK293,Gilead Sciences,JP2026020265A,PGDB_AS000211,% Degradation,luminescence,standardized
PGDB_C010456,O=C1CCC(N2Cc3c(ccc(C[C@H]4OCCC[C@@H]4NC4CCC(C(F)(F)F)CC4)c3F)C2=O)C(=O)N1,IKZF1,,34.0,=,0,HEK293,Gilead Sciences,JP2026020265A,PGDB_AS000216,% Degradation,luminescence,standardized
PGDB_C010456,O=C1CCC(N2Cc3c(ccc(C[C@H]4OCCC[C@@H]4NC4CCC(C(F)(F)F)CC4)c3F)C2=O)C(=O)N1,IKZF2,,99.0,=,1,HEK293,Gilead Sciences,JP2026020265A,PGDB_AS000211,% Degradation,luminescence,standardized
PGDB_C008630,O=C1CCC(N2Cc3c(ccc(C[C@H]4OCCC[C@@H]4NC4CCC(C(F)F)CC4)c3F)C2=O)C(=O)N1,IKZF1,,26.0,=,0,HEK293,Gilead Sciences,JP2026020265A,PGDB_AS000216,% Degradation,luminescence,standardized
PGDB_C008630,O=C1CCC(N2Cc3c(ccc(C[C@H]4OCCC[C@@H]4NC4CCC(C(F)F)CC4)c3F)C2=O)C(=O)N1,IKZF2,,98.0,=,1,HEK293,Gilead Sciences,JP2026020265A,PGDB_AS000211,% Degradation,luminescence,standardized
PGDB_C008730,O=C1CCC(N2Cc3c(ccc(C[C@H]4OCCC[C@@H]4NC4CCC(F)(F)CC4)c3F)C2=O)C(=O)N1,IKZF2,,96.0,=,1,HEK293,Gilead Sciences,JP2026020265A,PGDB_AS000211,% Degradation,luminescence,standardized
PGDB_C008658,O=C1CCC(N2Cc3c(ccc(C[C@H]4OCCC[C@@H]4NC4CCC(OC(F)F)CC4)c3F)C2=O)C(=O)N1,IKZF1,,40.0,=,0,HEK293,Gilead Sciences,JP2026020265A,PGDB_AS000216,% Degradation,luminescence,standardized
PGDB_C008658,O=C1CCC(N2Cc3c(ccc(C[C@H]4OCCC[C@@H]4NC4CCC(OC(F)F)CC4)c3F)C2=O)C(=O)N1,IKZF2,,96.0,=,1,HEK293,Gilead Sciences,JP2026020265A,PGDB_AS000211,% Degradation,luminescence,standardized
PGDB_C008690,O=C1CCC(N2Cc3c(ccc(C[C@H]4OCCC[C@@H]4NC4CCC5(CC4)CC5(F)F)c3F)C2=O)C(=O)N1,IKZF1,,37.0,=,0,HEK293,Gilead Sciences,JP2026020265A,PGDB_AS000216,% Degradation,luminescence,standardized
PGDB_C008690,O=C1CCC(N2Cc3c(ccc(C[C@H]4OCCC[C@@H]4NC4CCC5(CC4)CC5(F)F)c3F)C2=O)C(=O)N1,IKZF2,,96.0,=,1,HEK293,Gilead Sciences,JP2026020265A,PGDB_AS000211,% Degradation,luminescence,standardized
PGDB_C008526,O=C1CCC(N2Cc3c(ccc(C[C@H]4OCCC[C@@H]4NC4CCCC4)c3F)C2=O)C(=O)N1,IKZF2,,94.0,=,1,HEK293,Gilead Sciences,JP2026020265A,PGDB_AS000211,% Degradation,luminescence,standardized
PGDB_C008554,O=C1CCC(N2Cc3c(ccc(C[C@H]4OCCC[C@@H]4NC4CCCCC4)c3F)C2=O)C(=O)N1,IKZF2,,96.0,=,1,HEK293,Gilead Sciences,JP2026020265A,PGDB_AS000211,% Degradation,luminescence,standardized
PGDB_C008620,O=C1CCC(N2Cc3c(ccc(C[C@H]4OCCC[C@@H]4NC4CCCOC4)c3F)C2=O)C(=O)N1,IKZF2,,85.0,=,1,HEK293,Gilead Sciences,JP2026020265A,PGDB_AS000211,% Degradation,luminescence,standardized
PGDB_C008547,O=C1CCC(N2Cc3c(ccc(C[C@H]4OCCC[C@@H]4NC4CCCOCC4)c3F)C2=O)C(=O)N1,IKZF2,,95.0,=,1,HEK293,Gilead Sciences,JP2026020265A,PGDB_AS000211,% Degradation,luminescence,standardized
PGDB_C008643,O=C1CCC(N2Cc3c(ccc(C[C@H]4OCCC[C@@H]4NC4CCN(CC(F)(F)F)CC4)c3F)C2=O)C(=O)N1,IKZF2,,96.0,=,1,HEK293,Gilead Sciences,JP2026020265A,PGDB_AS000211,% Degradation,luminescence,standardized
PGDB_C008644,O=C1CCC(N2Cc3c(ccc(C[C@H]4OCCC[C@@H]4NC4CCN(CC(F)F)CC4)c3F)C2=O)C(=O)N1,IKZF2,,96.0,=,1,HEK293,Gilead Sciences,JP2026020265A,PGDB_AS000211,% Degradation,luminescence,standardized
PGDB_C008638,O=C1CCC(N2Cc3c(ccc(C[C@H]4OCCC[C@@H]4NC4CCOC4)c3F)C2=O)C(=O)N1,IKZF2,,86.0,=,1,HEK293,Gilead Sciences,JP2026020265A,PGDB_AS000211,% Degradation,luminescence,standardized
PGDB_C008641,O=C1CCC(N2Cc3c(ccc(C[C@H]4OCCC[C@@H]4NC4CCOCC4)c3F)C2=O)C(=O)N1,IKZF2,,96.0,=,1,HEK293,Gilead Sciences,JP2026020265A,PGDB_AS000211,% Degradation,luminescence,standardized
PGDB_C008688,O=C1CCC(N2Cc3c(ccc(C[C@H]4OCCC[C@@H]4NC4CCc5cn[nH]c5C4)c3F)C2=O)C(=O)N1,IKZF2,,102.0,=,1,HEK293,Gilead Sciences,JP2026020265A,PGDB_AS000211,% Degradation,luminescence,standardized
PGDB_C008528,O=C1CCC(N2Cc3c(ccc(C[C@H]4OCCC[C@@H]4NCC4CC(F)(F)C4)c3F)C2=O)C(=O)N1,IKZF2,,73.0,=,0,HEK293,Gilead Sciences,JP2026020265A,PGDB_AS000211,% Degradation,luminescence,standardized
PGDB_C008527,O=C1CCC(N2Cc3c(ccc(C[C@H]4OCCC[C@@H]4NCC4CCC(F)(F)CC4)c3F)C2=O)C(=O)N1,IKZF1,,36.0,=,0,HEK293,Gilead Sciences,JP2026020265A,PGDB_AS000216,% Degradation,luminescence,standardized
PGDB_C008527,O=C1CCC(N2Cc3c(ccc(C[C@H]4OCCC[C@@H]4NCC4CCC(F)(F)CC4)c3F)C2=O)C(=O)N1,IKZF2,,71.0,=,0,HEK293,Gilead Sciences,JP2026020265A,PGDB_AS000211,% Degradation,luminescence,standardized
PGDB_C008530,O=C1CCC(N2Cc3c(ccc(C[C@H]4OCCC[C@@H]4NCC4CCC4)c3F)C2=O)C(=O)N1,IKZF2,,78.0,=,0,HEK293,Gilead Sciences,JP2026020265A,PGDB_AS000211,% Degradation,luminescence,standardized
PGDB_C008634,O=C1CCC(N2Cc3c(ccc(C[C@H]4OCCC[C@@H]4N[C@H]4CC[C@@H](F)CC4)c3F)C2=O)C(=O)N1,IKZF1,,27.0,=,0,HEK293,Gilead Sciences,JP2026020265A,PGDB_AS000216,% Degradation,luminescence,standardized
PGDB_C008634,O=C1CCC(N2Cc3c(ccc(C[C@H]4OCCC[C@@H]4N[C@H]4CC[C@@H](F)CC4)c3F)C2=O)C(=O)N1,IKZF2,,98.0,=,1,HEK293,Gilead Sciences,JP2026020265A,PGDB_AS000211,% Degradation,luminescence,standardized
PGDB_C008706,O=C1CCC(N2Cc3c(ccc(O[C@H]4CCCC[C@@H]4NC4CCC(F)(F)CC4)c3F)C2=O)C(=O)N1,IKZF2,,97.0,=,1,HEK293,Gilead Sciences,JP2026020265A,PGDB_AS000211,% Degradation,luminescence,standardized
PGDB_C011028,O=C1CCC(N2Cc3cc(-c4nc5ccccn5c4NC45CC6CC(CC(C6)C4)C5)ccc3C2=O)C(=O)N1,WEE1,,93.0,=,1,,Dana Farber Cancer Institute;Leland Stanford Junior University,WO2025129172A1,PGDB_AS000292,% Degradation,luminescence,standardized
PGDB_C011017,O=C1CCC(N2Cc3cc(-c4nc5ccccn5c4NC4CC4)ccc3C2=O)C(=O)N1,WEE1,,91.0,=,1,,Dana Farber Cancer Institute;Leland Stanford Junior University,WO2025129172A1,PGDB_AS000292,% Degradation,luminescence,standardized
PGDB_C011018,O=C1CCC(N2Cc3cc(-c4nc5ccccn5c4NC4CCCC4)ccc3C2=O)C(=O)N1,WEE1,,93.0,=,1,,Dana Farber Cancer Institute;Leland Stanford Junior University,WO2025129172A1,PGDB_AS000292,% Degradation,luminescence,standardized
PGDB_C011030,O=C1CCC(N2Cc3cc(-c4nc5ccccn5c4NC4CCCCC4)ccc3C2=O)C(=O)N1,WEE1,,94.0,=,1,,Dana Farber Cancer Institute;Leland Stanford Junior University,WO2025129172A1,PGDB_AS000292,% Degradation,luminescence,standardized
PGDB_C011029,O=C1CCC(N2Cc3cc(-c4nc5ccccn5c4NC4CCCCCC4)ccc3C2=O)C(=O)N1,WEE1,,94.0,=,1,,Dana Farber Cancer Institute;Leland Stanford Junior University,WO2025129172A1,PGDB_AS000292,% Degradation,luminescence,standardized
PGDB_C011047,O=C1CCC(N2Cc3cc(-c4nc5ccccn5c4NC4CCOCC4)ccc3C2=O)C(=O)N1,WEE1,,89.0,=,1,,Dana Farber Cancer Institute;Leland Stanford Junior University,WO2025129172A1,PGDB_AS000292,% Degradation,luminescence,standardized
PGDB_C011021,O=C1CCC(N2Cc3cc(-c4nc5ccccn5c4NCC(=O)N4CCCC4)ccc3C2=O)C(=O)N1,WEE1,,67.0,=,0,,Dana Farber Cancer Institute;Leland Stanford Junior University,WO2025129172A1,PGDB_AS000292,% Degradation,luminescence,standardized
PGDB_C011022,O=C1CCC(N2Cc3cc(-c4nc5ccccn5c4NCCN4CCOCC4)ccc3C2=O)C(=O)N1,WEE1,,87.0,=,1,,Dana Farber Cancer Institute;Leland Stanford Junior University,WO2025129172A1,PGDB_AS000292,% Degradation,luminescence,standardized
PGDB_C011015,O=C1CCC(N2Cc3cc(-c4nc5ccccn5c4NCc4ccccc4)ccc3C2=O)C(=O)N1,WEE1,,91.0,=,1,,Dana Farber Cancer Institute;Leland Stanford Junior University,WO2025129172A1,PGDB_AS000292,% Degradation,luminescence,standardized
PGDB_C011033,O=C1CCC(N2Cc3cc(-c4nc5ccccn5c4NCc4cccnc4)ccc3C2=O)C(=O)N1,WEE1,,80.0,=,1,,Dana Farber Cancer Institute;Leland Stanford Junior University,WO2025129172A1,PGDB_AS000292,% Degradation,luminescence,standardized
PGDB_C011005,O=C1CCC(N2Cc3cc(-c4nc5ccccn5c4Nc4ccc5c(c4)OCCO5)ccc3C2=O)C(=O)N1,WEE1,,50.0,=,0,,Dana Farber Cancer Institute;Leland Stanford Junior University,WO2025129172A1,PGDB_AS000292,% Degradation,luminescence,standardized
PGDB_C011046,O=C1CCC(N2Cc3cc(-c4nc5ccccn5c4Nc4ccc5c(c4)OCO5)ccc3C2=O)C(=O)N1,WEE1,,87.0,=,1,,Dana Farber Cancer Institute;Leland Stanford Junior University,WO2025129172A1,PGDB_AS000292,% Degradation,luminescence,standardized
PGDB_C011014,O=C1CCC(N2Cc3cc(-c4nc5ccccn5c4Nc4ccc5ccccc5c4)ccc3C2=O)C(=O)N1,WEE1,,33.0,=,0,,Dana Farber Cancer Institute;Leland Stanford Junior University,WO2025129172A1,PGDB_AS000292,% Degradation,luminescence,standardized
PGDB_C011094,O=C1CCC(N2Cc3cc(-c4nc5ccccn5c4Nc4ccc5nccnc5c4)ccc3C2=O)C(=O)N1,WEE1,,27.0,=,0,,Dana Farber Cancer Institute;Leland Stanford Junior University,WO2025129172A1,PGDB_AS000292,% Degradation,luminescence,standardized
PGDB_C011095,O=C1CCC(N2Cc3cc(-c4nc5ccccn5c4Nc4cccc5c4OCCO5)ccc3C2=O)C(=O)N1,WEE1,,79.0,=,0,,Dana Farber Cancer Institute;Leland Stanford Junior University,WO2025129172A1,PGDB_AS000292,% Degradation,luminescence,standardized
PGDB_C011093,O=C1CCC(N2Cc3cc(-c4nc5ccccn5c4Nc4ccccc4)ccc3C2=O)C(=O)N1,WEE1,,87.0,=,1,,Dana Farber Cancer Institute;Leland Stanford Junior University,WO2025129172A1,PGDB_AS000292,% Degradation,luminescence,standardized
PGDB_C011045,O=C1CCC(N2Cc3cc(-c4nc5ccccn5c4Nc4ccccc4-c4ccccc4)ccc3C2=O)C(=O)N1,WEE1,,50.0,=,0,,Dana Farber Cancer Institute;Leland Stanford Junior University,WO2025129172A1,PGDB_AS000292,% Degradation,luminescence,standardized
PGDB_C011010,O=C1CCC(N2Cc3cc(-c4nc5ncccn5c4NC4CCCC4)ccc3C2=O)C(=O)N1,WEE1,,91.0,=,1,,Dana Farber Cancer Institute;Leland Stanford Junior University,WO2025129172A1,PGDB_AS000292,% Degradation,luminescence,standardized
PGDB_C011053,O=C1CCC(N2Cc3cc(-c4nc5sccn5c4NCc4ccccc4)ccc3C2=O)C(=O)N1,WEE1,,86.0,=,1,,Dana Farber Cancer Institute;Leland Stanford Junior University,WO2025129172A1,PGDB_AS000292,% Degradation,luminescence,standardized
PGDB_C001811,O=C1CCC(N2Cc3cc(C(=O)NC(c4c(F)cccc4Cl)C4CC4)ccc3C2=O)C(=O)N1,CSNK1A1,CRBN,73.8,=,0,HT-1080,Hangzhou Glubio Pharmaceutical,WO2022257897A1,PGDB_AS000920,% Degradation,,standardized
PGDB_C001811,O=C1CCC(N2Cc3cc(C(=O)NC(c4c(F)cccc4Cl)C4CC4)ccc3C2=O)C(=O)N1,GSPT1,CRBN,42.4,=,0,HT-1080,Hangzhou Glubio Pharmaceutical,WO2022257897A1,PGDB_AS000618,% Degradation,,standardized
PGDB_C001820,O=C1CCC(N2Cc3cc(C(=O)NC(c4c(F)cccc4F)C4CCC4)ccc3C2=O)C(=O)N1,CSNK1A1,CRBN,70.7,=,0,HT-1080,Hangzhou Glubio Pharmaceutical,WO2022257897A1,PGDB_AS000920,% Degradation,,standardized
PGDB_C001820,O=C1CCC(N2Cc3cc(C(=O)NC(c4c(F)cccc4F)C4CCC4)ccc3C2=O)C(=O)N1,GSPT1,CRBN,48.3,=,0,HT-1080,Hangzhou Glubio Pharmaceutical,WO2022257897A1,PGDB_AS000618,% Degradation,,standardized
PGDB_C001788,O=C1CCC(N2Cc3cc(C(=O)NC(c4ccc(Cl)cc4)C4CC4)ccc3C2=O)C(=O)N1,CSNK1A1,CRBN,67.0,=,0,HT-1080,Hangzhou Glubio Pharmaceutical,WO2022257897A1,PGDB_AS000920,% Degradation,,standardized
PGDB_C001788,O=C1CCC(N2Cc3cc(C(=O)NC(c4ccc(Cl)cc4)C4CC4)ccc3C2=O)C(=O)N1,GSPT1,CRBN,33.6,=,0,HT-1080,Hangzhou Glubio Pharmaceutical,WO2022257897A1,PGDB_AS000618,% Degradation,,standardized
PGDB_C001798,O=C1CCC(N2Cc3cc(C(=O)NC(c4ccc(Cl)cc4F)C4CC4)ccc3C2=O)C(=O)N1,CSNK1A1,CRBN,67.1,=,0,HT-1080,Hangzhou Glubio Pharmaceutical,WO2022257897A1,PGDB_AS000920,% Degradation,,standardized
PGDB_C001798,O=C1CCC(N2Cc3cc(C(=O)NC(c4ccc(Cl)cc4F)C4CC4)ccc3C2=O)C(=O)N1,GSPT1,CRBN,45.5,=,0,HT-1080,Hangzhou Glubio Pharmaceutical,WO2022257897A1,PGDB_AS000618,% Degradation,,standardized
PGDB_C001804,O=C1CCC(N2Cc3cc(C(=O)NC(c4ccc(Cl)cc4F)C4CCC4)ccc3C2=O)C(=O)N1,CSNK1A1,CRBN,71.2,=,0,HT-1080,Hangzhou Glubio Pharmaceutical,WO2022257897A1,PGDB_AS000920,% Degradation,,standardized
PGDB_C001804,O=C1CCC(N2Cc3cc(C(=O)NC(c4ccc(Cl)cc4F)C4CCC4)ccc3C2=O)C(=O)N1,GSPT1,CRBN,42.0,=,0,HT-1080,Hangzhou Glubio Pharmaceutical,WO2022257897A1,PGDB_AS000618,% Degradation,,standardized
PGDB_C001806,O=C1CCC(N2Cc3cc(C(=O)NC(c4ccc(F)c(F)c4)C4CCC4)ccc3C2=O)C(=O)N1,CSNK1A1,CRBN,57.5,=,0,HT-1080,Hangzhou Glubio Pharmaceutical,WO2022257897A1,PGDB_AS000920,% Degradation,,standardized
PGDB_C001806,O=C1CCC(N2Cc3cc(C(=O)NC(c4ccc(F)c(F)c4)C4CCC4)ccc3C2=O)C(=O)N1,GSPT1,CRBN,30.6,=,0,HT-1080,Hangzhou Glubio Pharmaceutical,WO2022257897A1,PGDB_AS000618,% Degradation,,standardized
PGDB_C001785,O=C1CCC(N2Cc3cc(C(=O)NC(c4ccc(F)cc4)C4CC(F)(F)C4)ccc3C2=O)C(=O)N1,CSNK1A1,CRBN,63.4,=,0,HT-1080,Hangzhou Glubio Pharmaceutical,WO2022257897A1,PGDB_AS000920,% Degradation,,standardized
PGDB_C001785,O=C1CCC(N2Cc3cc(C(=O)NC(c4ccc(F)cc4)C4CC(F)(F)C4)ccc3C2=O)C(=O)N1,GSPT1,CRBN,31.1,=,0,HT-1080,Hangzhou Glubio Pharmaceutical,WO2022257897A1,PGDB_AS000618,% Degradation,,standardized
PGDB_C001834,O=C1CCC(N2Cc3cc(C(=O)NC(c4ccc(F)cc4)C4CCCC4)ccc3C2=O)C(=O)N1,CSNK1A1,CRBN,70.8,=,0,HT-1080,Hangzhou Glubio Pharmaceutical,WO2022257897A1,PGDB_AS000920,% Degradation,,standardized
PGDB_C001834,O=C1CCC(N2Cc3cc(C(=O)NC(c4ccc(F)cc4)C4CCCC4)ccc3C2=O)C(=O)N1,GSPT1,CRBN,36.2,=,0,HT-1080,Hangzhou Glubio Pharmaceutical,WO2022257897A1,PGDB_AS000618,% Degradation,,standardized
PGDB_C001803,O=C1CCC(N2Cc3cc(C(=O)NC(c4ccc(F)cc4Cl)C4CCC4)ccc3C2=O)C(=O)N1,CSNK1A1,CRBN,69.6,=,0,HT-1080,Hangzhou Glubio Pharmaceutical,WO2022257897A1,PGDB_AS000920,% Degradation,,standardized
PGDB_C001803,O=C1CCC(N2Cc3cc(C(=O)NC(c4ccc(F)cc4Cl)C4CCC4)ccc3C2=O)C(=O)N1,GSPT1,CRBN,43.0,=,0,HT-1080,Hangzhou Glubio Pharmaceutical,WO2022257897A1,PGDB_AS000618,% Degradation,,standardized
PGDB_C001850,O=C1CCC(N2Cc3cc(C(=O)NC(c4cccc(Cl)c4)C4CCC4)ccc3C2=O)C(=O)N1,CSNK1A1,CRBN,55.4,=,0,HT-1080,Hangzhou Glubio Pharmaceutical,WO2022257897A1,PGDB_AS000920,% Degradation,,standardized
PGDB_C001850,O=C1CCC(N2Cc3cc(C(=O)NC(c4cccc(Cl)c4)C4CCC4)ccc3C2=O)C(=O)N1,GSPT1,CRBN,48.3,=,0,HT-1080,Hangzhou Glubio Pharmaceutical,WO2022257897A1,PGDB_AS000618,% Degradation,,standardized
PGDB_C001821,O=C1CCC(N2Cc3cc(C(=O)NC(c4cccc(F)c4)C4CCC4)ccc3C2=O)C(=O)N1,CSNK1A1,CRBN,61.3,=,0,HT-1080,Hangzhou Glubio Pharmaceutical,WO2022257897A1,PGDB_AS000920,% Degradation,,standardized
PGDB_C001821,O=C1CCC(N2Cc3cc(C(=O)NC(c4cccc(F)c4)C4CCC4)ccc3C2=O)C(=O)N1,GSPT1,CRBN,32.0,=,0,HT-1080,Hangzhou Glubio Pharmaceutical,WO2022257897A1,PGDB_AS000618,% Degradation,,standardized
PGDB_C001809,O=C1CCC(N2Cc3cc(C(=O)NC(c4cccc(F)c4Cl)C4CC4)ccc3C2=O)C(=O)N1,CSNK1A1,CRBN,69.8,=,0,HT-1080,Hangzhou Glubio Pharmaceutical,WO2022257897A1,PGDB_AS000920,% Degradation,,standardized
PGDB_C001809,O=C1CCC(N2Cc3cc(C(=O)NC(c4cccc(F)c4Cl)C4CC4)ccc3C2=O)C(=O)N1,GSPT1,CRBN,58.2,=,0,HT-1080,Hangzhou Glubio Pharmaceutical,WO2022257897A1,PGDB_AS000618,% Degradation,,standardized
PGDB_C001800,O=C1CCC(N2Cc3cc(C(=O)NC(c4ncccc4Cl)C4CC4)ccc3C2=O)C(=O)N1,CSNK1A1,CRBN,62.2,=,0,HT-1080,Hangzhou Glubio Pharmaceutical,WO2022257897A1,PGDB_AS000920,% Degradation,,standardized
PGDB_C001800,O=C1CCC(N2Cc3cc(C(=O)NC(c4ncccc4Cl)C4CC4)ccc3C2=O)C(=O)N1,GSPT1,CRBN,44.9,=,0,HT-1080,Hangzhou Glubio Pharmaceutical,WO2022257897A1,PGDB_AS000618,% Degradation,,standardized
PGDB_C001852,O=C1CCC(N2Cc3cc(C(=O)N[C@@H](c4c(F)cccc4Cl)C4CCC4)ccc3C2=O)C(=O)N1,CSNK1A1,CRBN,73.9,=,0,HT-1080,Hangzhou Glubio Pharmaceutical,WO2022257897A1,PGDB_AS000920,% Degradation,,standardized
PGDB_C001852,O=C1CCC(N2Cc3cc(C(=O)N[C@@H](c4c(F)cccc4Cl)C4CCC4)ccc3C2=O)C(=O)N1,GSPT1,CRBN,58.0,=,0,HT-1080,Hangzhou Glubio Pharmaceutical,WO2022257897A1,PGDB_AS000618,% Degradation,,standardized
PGDB_C001848,O=C1CCC(N2Cc3cc(C(=O)N[C@@H](c4c(F)cccc4F)C4CCC4)ccc3C2=O)C(=O)N1,CSNK1A1,CRBN,67.9,=,0,HT-1080,Hangzhou Glubio Pharmaceutical,WO2022257897A1,PGDB_AS000920,% Degradation,,standardized
PGDB_C001848,O=C1CCC(N2Cc3cc(C(=O)N[C@@H](c4c(F)cccc4F)C4CCC4)ccc3C2=O)C(=O)N1,GSPT1,CRBN,55.3,=,0,HT-1080,Hangzhou Glubio Pharmaceutical,WO2022257897A1,PGDB_AS000618,% Degradation,,standardized
PGDB_C001836,O=C1CCC(N2Cc3cc(C(=O)N[C@@H](c4ccc(Cl)cn4)C4CCC4)ccc3C2=O)C(=O)N1,CSNK1A1,CRBN,41.1,=,0,HT-1080,Hangzhou Glubio Pharmaceutical,WO2022257897A1,PGDB_AS000920,% Degradation,,standardized
PGDB_C001836,O=C1CCC(N2Cc3cc(C(=O)N[C@@H](c4ccc(Cl)cn4)C4CCC4)ccc3C2=O)C(=O)N1,GSPT1,CRBN,23.5,=,0,HT-1080,Hangzhou Glubio Pharmaceutical,WO2022257897A1,PGDB_AS000618,% Degradation,,standardized
PGDB_C001790,O=C1CCC(N2Cc3cc(C(=O)N[C@@H](c4ccc(F)cc4)C4CC(F)(F)C4)ccc3C2=O)C(=O)N1,CSNK1A1,CRBN,75.9,=,0,HT-1080,Hangzhou Glubio Pharmaceutical,WO2022257897A1,PGDB_AS000920,% Degradation,,standardized
PGDB_C001790,O=C1CCC(N2Cc3cc(C(=O)N[C@@H](c4ccc(F)cc4)C4CC(F)(F)C4)ccc3C2=O)C(=O)N1,GSPT1,CRBN,30.3,=,0,HT-1080,Hangzhou Glubio Pharmaceutical,WO2022257897A1,PGDB_AS000618,% Degradation,,standardized
PGDB_C001857,O=C1CCC(N2Cc3cc(C(=O)N[C@@H](c4ccc(F)cc4)C4CCC4)ccc3C2=O)C(=O)N1,CSNK1A1,CRBN,50.4,=,0,HT-1080,Hangzhou Glubio Pharmaceutical,WO2022257897A1,PGDB_AS000920,% Degradation,,standardized
PGDB_C001857,O=C1CCC(N2Cc3cc(C(=O)N[C@@H](c4ccc(F)cc4)C4CCC4)ccc3C2=O)C(=O)N1,GSPT1,CRBN,24.1,=,0,HT-1080,Hangzhou Glubio Pharmaceutical,WO2022257897A1,PGDB_AS000618,% Degradation,,standardized
PGDB_C001843,O=C1CCC(N2Cc3cc(C(=O)N[C@@H](c4ccc(F)cc4)C4COC4)ccc3C2=O)C(=O)N1,CSNK1A1,CRBN,32.2,=,0,HT-1080,Hangzhou Glubio Pharmaceutical,WO2022257897A1,PGDB_AS000920,% Degradation,,standardized
PGDB_C001843,O=C1CCC(N2Cc3cc(C(=O)N[C@@H](c4ccc(F)cc4)C4COC4)ccc3C2=O)C(=O)N1,GSPT1,CRBN,7.93,=,0,HT-1080,Hangzhou Glubio Pharmaceutical,WO2022257897A1,PGDB_AS000618,% Degradation,,standardized
PGDB_C001856,O=C1CCC(N2Cc3cc(C(=O)N[C@@H](c4ccc(F)cc4Cl)C4CC4)ccc3C2=O)C(=O)N1,CSNK1A1,CRBN,59.2,=,0,HT-1080,Hangzhou Glubio Pharmaceutical,WO2022257897A1,PGDB_AS000920,% Degradation,,standardized
PGDB_C001856,O=C1CCC(N2Cc3cc(C(=O)N[C@@H](c4ccc(F)cc4Cl)C4CC4)ccc3C2=O)C(=O)N1,GSPT1,CRBN,62.3,=,0,HT-1080,Hangzhou Glubio Pharmaceutical,WO2022257897A1,PGDB_AS000618,% Degradation,,standardized
PGDB_C001854,O=C1CCC(N2Cc3cc(C(=O)N[C@@H](c4ccc(F)cc4Cl)C4CCC4)ccc3C2=O)C(=O)N1,CSNK1A1,CRBN,65.5,=,0,HT-1080,Hangzhou Glubio Pharmaceutical,WO2022257897A1,PGDB_AS000920,% Degradation,,standardized
PGDB_C001854,O=C1CCC(N2Cc3cc(C(=O)N[C@@H](c4ccc(F)cc4Cl)C4CCC4)ccc3C2=O)C(=O)N1,GSPT1,CRBN,45.2,=,0,HT-1080,Hangzhou Glubio Pharmaceutical,WO2022257897A1,PGDB_AS000618,% Degradation,,standardized
PGDB_C001808,O=C1CCC(N2Cc3cc(C(=O)N[C@@H](c4ccc(F)cc4F)C4CCC4)ccc3C2=O)C(=O)N1,CSNK1A1,CRBN,57.7,=,0,HT-1080,Hangzhou Glubio Pharmaceutical,WO2022257897A1,PGDB_AS000920,% Degradation,,standardized
PGDB_C001808,O=C1CCC(N2Cc3cc(C(=O)N[C@@H](c4ccc(F)cc4F)C4CCC4)ccc3C2=O)C(=O)N1,GSPT1,CRBN,40.8,=,0,HT-1080,Hangzhou Glubio Pharmaceutical,WO2022257897A1,PGDB_AS000618,% Degradation,,standardized
PGDB_C001831,O=C1CCC(N2Cc3cc(C(=O)N[C@@H](c4cccc(C(F)(F)F)c4)C4CC4)ccc3C2=O)C(=O)N1,CSNK1A1,CRBN,56.3,=,0,HT-1080,Hangzhou Glubio Pharmaceutical,WO2022257897A1,PGDB_AS000920,% Degradation,,standardized
PGDB_C001831,O=C1CCC(N2Cc3cc(C(=O)N[C@@H](c4cccc(C(F)(F)F)c4)C4CC4)ccc3C2=O)C(=O)N1,GSPT1,CRBN,66.3,=,0,HT-1080,Hangzhou Glubio Pharmaceutical,WO2022257897A1,PGDB_AS000618,% Degradation,,standardized
PGDB_C001825,O=C1CCC(N2Cc3cc(C(=O)N[C@@H](c4cccc(Cl)c4)C4CC4)ccc3C2=O)C(=O)N1,CSNK1A1,CRBN,59.3,=,0,HT-1080,Hangzhou Glubio Pharmaceutical,WO2022257897A1,PGDB_AS000920,% Degradation,,standardized
PGDB_C001825,O=C1CCC(N2Cc3cc(C(=O)N[C@@H](c4cccc(Cl)c4)C4CC4)ccc3C2=O)C(=O)N1,GSPT1,CRBN,40.3,=,0,HT-1080,Hangzhou Glubio Pharmaceutical,WO2022257897A1,PGDB_AS000618,% Degradation,,standardized
PGDB_C001823,O=C1CCC(N2Cc3cc(C(=O)N[C@@H](c4cccc(F)c4)C4CC4)ccc3C2=O)C(=O)N1,CSNK1A1,CRBN,54.5,=,0,HT-1080,Hangzhou Glubio Pharmaceutical,WO2022257897A1,PGDB_AS000920,% Degradation,,standardized
PGDB_C001823,O=C1CCC(N2Cc3cc(C(=O)N[C@@H](c4cccc(F)c4)C4CC4)ccc3C2=O)C(=O)N1,GSPT1,CRBN,48.4,=,0,HT-1080,Hangzhou Glubio Pharmaceutical,WO2022257897A1,PGDB_AS000618,% Degradation,,standardized
PGDB_C001851,O=C1CCC(N2Cc3cc(C(=O)N[C@H](c4c(F)cccc4Cl)C4CCC4)ccc3C2=O)C(=O)N1,CSNK1A1,CRBN,74.0,=,0,HT-1080,Hangzhou Glubio Pharmaceutical,WO2022257897A1,PGDB_AS000920,% Degradation,,standardized
PGDB_C001851,O=C1CCC(N2Cc3cc(C(=O)N[C@H](c4c(F)cccc4Cl)C4CCC4)ccc3C2=O)C(=O)N1,GSPT1,CRBN,26.0,=,0,HT-1080,Hangzhou Glubio Pharmaceutical,WO2022257897A1,PGDB_AS000618,% Degradation,,standardized
PGDB_C001801,O=C1CCC(N2Cc3cc(C(=O)N[C@H](c4c(F)cccc4F)C4CC4)ccc3C2=O)C(=O)N1,CSNK1A1,CRBN,68.1,=,0,HT-1080,Hangzhou Glubio Pharmaceutical,WO2022257897A1,PGDB_AS000920,% Degradation,,standardized
PGDB_C001801,O=C1CCC(N2Cc3cc(C(=O)N[C@H](c4c(F)cccc4F)C4CC4)ccc3C2=O)C(=O)N1,GSPT1,CRBN,49.3,=,0,HT-1080,Hangzhou Glubio Pharmaceutical,WO2022257897A1,PGDB_AS000618,% Degradation,,standardized
PGDB_C001849,O=C1CCC(N2Cc3cc(C(=O)N[C@H](c4c(F)cccc4F)C4CCC4)ccc3C2=O)C(=O)N1,CSNK1A1,CRBN,76.4,=,0,HT-1080,Hangzhou Glubio Pharmaceutical,WO2022257897A1,PGDB_AS000920,% Degradation,,standardized
PGDB_C001849,O=C1CCC(N2Cc3cc(C(=O)N[C@H](c4c(F)cccc4F)C4CCC4)ccc3C2=O)C(=O)N1,GSPT1,CRBN,31.7,=,0,HT-1080,Hangzhou Glubio Pharmaceutical,WO2022257897A1,PGDB_AS000618,% Degradation,,standardized
PGDB_C001786,O=C1CCC(N2Cc3cc(C(=O)N[C@H](c4ccc(Cl)cc4)C4CC(F)(F)C4)ccc3C2=O)C(=O)N1,CSNK1A1,CRBN,67.0,=,0,HT-1080,Hangzhou Glubio Pharmaceutical,WO2022257897A1,PGDB_AS000920,% Degradation,,standardized
PGDB_C001786,O=C1CCC(N2Cc3cc(C(=O)N[C@H](c4ccc(Cl)cc4)C4CC(F)(F)C4)ccc3C2=O)C(=O)N1,GSPT1,CRBN,14.8,=,0,HT-1080,Hangzhou Glubio Pharmaceutical,WO2022257897A1,PGDB_AS000618,% Degradation,,standardized
PGDB_C001789,O=C1CCC(N2Cc3cc(C(=O)N[C@H](c4ccc(Cl)cc4)C4CC4)ccc3C2=O)C(=O)N1,CSNK1A1,CRBN,50.6,=,0,HT-1080,Hangzhou Glubio Pharmaceutical,WO2022257897A1,PGDB_AS000920,% Degradation,,standardized
PGDB_C001789,O=C1CCC(N2Cc3cc(C(=O)N[C@H](c4ccc(Cl)cc4)C4CC4)ccc3C2=O)C(=O)N1,GSPT1,CRBN,73.1,=,0,HT-1080,Hangzhou Glubio Pharmaceutical,WO2022257897A1,PGDB_AS000618,% Degradation,,standardized
PGDB_C001833,O=C1CCC(N2Cc3cc(C(=O)N[C@H](c4ccc(Cl)cc4)C4CCC4)ccc3C2=O)C(=O)N1,CSNK1A1,CRBN,65.8,=,0,HT-1080,Hangzhou Glubio Pharmaceutical,WO2022257897A1,PGDB_AS000920,% Degradation,,standardized
PGDB_C001833,O=C1CCC(N2Cc3cc(C(=O)N[C@H](c4ccc(Cl)cc4)C4CCC4)ccc3C2=O)C(=O)N1,GSPT1,CRBN,24.6,=,0,HT-1080,Hangzhou Glubio Pharmaceutical,WO2022257897A1,PGDB_AS000618,% Degradation,,standardized
PGDB_C001858,O=C1CCC(N2Cc3cc(C(=O)N[C@H](c4ccc(Cl)cn4)C4CCC4)ccc3C2=O)C(=O)N1,CSNK1A1,CRBN,64.4,=,0,HT-1080,Hangzhou Glubio Pharmaceutical,WO2022257897A1,PGDB_AS000920,% Degradation,,standardized
PGDB_C001858,O=C1CCC(N2Cc3cc(C(=O)N[C@H](c4ccc(Cl)cn4)C4CCC4)ccc3C2=O)C(=O)N1,GSPT1,CRBN,23.5,=,0,HT-1080,Hangzhou Glubio Pharmaceutical,WO2022257897A1,PGDB_AS000618,% Degradation,,standardized
PGDB_C001813,O=C1CCC(N2Cc3cc(C(=O)N[C@H](c4ccc(F)c(F)c4)C4CCC4)ccc3C2=O)C(=O)N1,CSNK1A1,CRBN,56.1,=,0,HT-1080,Hangzhou Glubio Pharmaceutical,WO2022257897A1,PGDB_AS000920,% Degradation,,standardized
PGDB_C001813,O=C1CCC(N2Cc3cc(C(=O)N[C@H](c4ccc(F)c(F)c4)C4CCC4)ccc3C2=O)C(=O)N1,GSPT1,CRBN,28.6,=,0,HT-1080,Hangzhou Glubio Pharmaceutical,WO2022257897A1,PGDB_AS000618,% Degradation,,standardized
PGDB_C001847,O=C1CCC(N2Cc3cc(C(=O)N[C@H](c4ccc(F)cc4)C4(O)CC4)ccc3C2=O)C(=O)N1,CSNK1A1,CRBN,59.6,=,0,HT-1080,Hangzhou Glubio Pharmaceutical,WO2022257897A1,PGDB_AS000920,% Degradation,,standardized
PGDB_C001847,O=C1CCC(N2Cc3cc(C(=O)N[C@H](c4ccc(F)cc4)C4(O)CC4)ccc3C2=O)C(=O)N1,GSPT1,CRBN,23.1,=,0,HT-1080,Hangzhou Glubio Pharmaceutical,WO2022257897A1,PGDB_AS000618,% Degradation,,standardized
PGDB_C001791,O=C1CCC(N2Cc3cc(C(=O)N[C@H](c4ccc(F)cc4)C4CC(F)(F)C4)ccc3C2=O)C(=O)N1,CSNK1A1,CRBN,60.9,=,0,HT-1080,Hangzhou Glubio Pharmaceutical,WO2022257897A1,PGDB_AS000920,% Degradation,,standardized
PGDB_C001791,O=C1CCC(N2Cc3cc(C(=O)N[C@H](c4ccc(F)cc4)C4CC(F)(F)C4)ccc3C2=O)C(=O)N1,GSPT1,CRBN,30.1,=,0,HT-1080,Hangzhou Glubio Pharmaceutical,WO2022257897A1,PGDB_AS000618,% Degradation,,standardized
PGDB_C001794,O=C1CCC(N2Cc3cc(C(=O)N[C@H](c4ccc(F)cc4)C4CC4)ccc3C2=O)C(=O)N1,CSNK1A1,CRBN,60.8,=,0,HT-1080,Hangzhou Glubio Pharmaceutical,WO2022257897A1,PGDB_AS000920,% Degradation,,standardized
PGDB_C001794,O=C1CCC(N2Cc3cc(C(=O)N[C@H](c4ccc(F)cc4)C4CC4)ccc3C2=O)C(=O)N1,GSPT1,CRBN,36.0,=,0,HT-1080,Hangzhou Glubio Pharmaceutical,WO2022257897A1,PGDB_AS000618,% Degradation,,standardized
PGDB_C001784,O=C1CCC(N2Cc3cc(C(=O)N[C@H](c4ccc(F)cc4)C4CCC4)ccc3C2=O)C(=O)N1,CSNK1A1,CRBN,71.8,=,0,HT-1080,Hangzhou Glubio Pharmaceutical,WO2022257897A1,PGDB_AS000920,% Degradation,,standardized
PGDB_C001784,O=C1CCC(N2Cc3cc(C(=O)N[C@H](c4ccc(F)cc4)C4CCC4)ccc3C2=O)C(=O)N1,GSPT1,CRBN,28.6,=,0,HT-1080,Hangzhou Glubio Pharmaceutical,WO2022257897A1,PGDB_AS000618,% Degradation,,standardized
PGDB_C001845,O=C1CCC(N2Cc3cc(C(=O)N[C@H](c4ccc(F)cc4)C4CCCC4)ccc3C2=O)C(=O)N1,CSNK1A1,CRBN,49.5,=,0,HT-1080,Hangzhou Glubio Pharmaceutical,WO2022257897A1,PGDB_AS000920,% Degradation,,standardized
PGDB_C001845,O=C1CCC(N2Cc3cc(C(=O)N[C@H](c4ccc(F)cc4)C4CCCC4)ccc3C2=O)C(=O)N1,GSPT1,CRBN,27.5,=,0,HT-1080,Hangzhou Glubio Pharmaceutical,WO2022257897A1,PGDB_AS000618,% Degradation,,standardized
PGDB_C001835,O=C1CCC(N2Cc3cc(C(=O)N[C@H](c4ccc(F)cc4)C4CCOCC4)ccc3C2=O)C(=O)N1,CSNK1A1,CRBN,64.1,=,0,HT-1080,Hangzhou Glubio Pharmaceutical,WO2022257897A1,PGDB_AS000920,% Degradation,,standardized
PGDB_C001835,O=C1CCC(N2Cc3cc(C(=O)N[C@H](c4ccc(F)cc4)C4CCOCC4)ccc3C2=O)C(=O)N1,GSPT1,CRBN,19.9,=,0,HT-1080,Hangzhou Glubio Pharmaceutical,WO2022257897A1,PGDB_AS000618,% Degradation,,standardized
PGDB_C001818,O=C1CCC(N2Cc3cc(C(=O)N[C@H](c4ccc(F)cc4)C4COC4)ccc3C2=O)C(=O)N1,CSNK1A1,CRBN,49.7,=,0,HT-1080,Hangzhou Glubio Pharmaceutical,WO2022257897A1,PGDB_AS000920,% Degradation,,standardized
PGDB_C001818,O=C1CCC(N2Cc3cc(C(=O)N[C@H](c4ccc(F)cc4)C4COC4)ccc3C2=O)C(=O)N1,GSPT1,CRBN,16.5,=,0,HT-1080,Hangzhou Glubio Pharmaceutical,WO2022257897A1,PGDB_AS000618,% Degradation,,standardized
PGDB_C001797,O=C1CCC(N2Cc3cc(C(=O)N[C@H](c4ccc(F)cc4Cl)C4CC4)ccc3C2=O)C(=O)N1,CSNK1A1,CRBN,65.9,=,0,HT-1080,Hangzhou Glubio Pharmaceutical,WO2022257897A1,PGDB_AS000920,% Degradation,,standardized
PGDB_C001797,O=C1CCC(N2Cc3cc(C(=O)N[C@H](c4ccc(F)cc4Cl)C4CC4)ccc3C2=O)C(=O)N1,GSPT1,CRBN,37.0,=,0,HT-1080,Hangzhou Glubio Pharmaceutical,WO2022257897A1,PGDB_AS000618,% Degradation,,standardized
PGDB_C001855,O=C1CCC(N2Cc3cc(C(=O)N[C@H](c4ccc(F)cc4Cl)C4CCC4)ccc3C2=O)C(=O)N1,CSNK1A1,CRBN,71.4,=,0,HT-1080,Hangzhou Glubio Pharmaceutical,WO2022257897A1,PGDB_AS000920,% Degradation,,standardized
PGDB_C001855,O=C1CCC(N2Cc3cc(C(=O)N[C@H](c4ccc(F)cc4Cl)C4CCC4)ccc3C2=O)C(=O)N1,GSPT1,CRBN,30.4,=,0,HT-1080,Hangzhou Glubio Pharmaceutical,WO2022257897A1,PGDB_AS000618,% Degradation,,standardized
PGDB_C001787,O=C1CCC(N2Cc3cc(C(=O)N[C@H](c4ccc(F)cc4F)C4CC4)ccc3C2=O)C(=O)N1,CSNK1A1,CRBN,66.2,=,0,HT-1080,Hangzhou Glubio Pharmaceutical,WO2022257897A1,PGDB_AS000920,% Degradation,,standardized
PGDB_C001787,O=C1CCC(N2Cc3cc(C(=O)N[C@H](c4ccc(F)cc4F)C4CC4)ccc3C2=O)C(=O)N1,GSPT1,CRBN,37.0,=,0,HT-1080,Hangzhou Glubio Pharmaceutical,WO2022257897A1,PGDB_AS000618,% Degradation,,standardized
PGDB_C001807,O=C1CCC(N2Cc3cc(C(=O)N[C@H](c4ccc(F)cc4F)C4CCC4)ccc3C2=O)C(=O)N1,CSNK1A1,CRBN,70.5,=,0,HT-1080,Hangzhou Glubio Pharmaceutical,WO2022257897A1,PGDB_AS000920,% Degradation,,standardized
PGDB_C001807,O=C1CCC(N2Cc3cc(C(=O)N[C@H](c4ccc(F)cc4F)C4CCC4)ccc3C2=O)C(=O)N1,GSPT1,CRBN,24.9,=,0,HT-1080,Hangzhou Glubio Pharmaceutical,WO2022257897A1,PGDB_AS000618,% Degradation,,standardized
PGDB_C001861,O=C1CCC(N2Cc3cc(C(=O)N[C@H](c4ccc(F)cn4)C4(F)CCC4)ccc3C2=O)C(=O)N1,CSNK1A1,CRBN,63.0,=,0,HT-1080,Hangzhou Glubio Pharmaceutical,WO2022257897A1,PGDB_AS000920,% Degradation,,standardized
PGDB_C001861,O=C1CCC(N2Cc3cc(C(=O)N[C@H](c4ccc(F)cn4)C4(F)CCC4)ccc3C2=O)C(=O)N1,GSPT1,CRBN,18.2,=,0,HT-1080,Hangzhou Glubio Pharmaceutical,WO2022257897A1,PGDB_AS000618,% Degradation,,standardized
PGDB_C001837,O=C1CCC(N2Cc3cc(C(=O)N[C@H](c4ccc(F)cn4)C4CCC4)ccc3C2=O)C(=O)N1,CSNK1A1,CRBN,67.2,=,0,HT-1080,Hangzhou Glubio Pharmaceutical,WO2022257897A1,PGDB_AS000920,% Degradation,,standardized
PGDB_C001837,O=C1CCC(N2Cc3cc(C(=O)N[C@H](c4ccc(F)cn4)C4CCC4)ccc3C2=O)C(=O)N1,GSPT1,CRBN,14.4,=,0,HT-1080,Hangzhou Glubio Pharmaceutical,WO2022257897A1,PGDB_AS000618,% Degradation,,standardized
PGDB_C001832,O=C1CCC(N2Cc3cc(C(=O)N[C@H](c4cccc(C(F)(F)F)c4)C4CC4)ccc3C2=O)C(=O)N1,CSNK1A1,CRBN,59.5,=,0,HT-1080,Hangzhou Glubio Pharmaceutical,WO2022257897A1,PGDB_AS000920,% Degradation,,standardized
PGDB_C001832,O=C1CCC(N2Cc3cc(C(=O)N[C@H](c4cccc(C(F)(F)F)c4)C4CC4)ccc3C2=O)C(=O)N1,GSPT1,CRBN,25.8,=,0,HT-1080,Hangzhou Glubio Pharmaceutical,WO2022257897A1,PGDB_AS000618,% Degradation,,standardized
PGDB_C001826,O=C1CCC(N2Cc3cc(C(=O)N[C@H](c4cccc(Cl)c4)C4CC4)ccc3C2=O)C(=O)N1,CSNK1A1,CRBN,60.1,=,0,HT-1080,Hangzhou Glubio Pharmaceutical,WO2022257897A1,PGDB_AS000920,% Degradation,,standardized
PGDB_C001826,O=C1CCC(N2Cc3cc(C(=O)N[C@H](c4cccc(Cl)c4)C4CC4)ccc3C2=O)C(=O)N1,GSPT1,CRBN,70.8,=,0,HT-1080,Hangzhou Glubio Pharmaceutical,WO2022257897A1,PGDB_AS000618,% Degradation,,standardized
PGDB_C001824,O=C1CCC(N2Cc3cc(C(=O)N[C@H](c4cccc(F)c4)C4CC4)ccc3C2=O)C(=O)N1,CSNK1A1,CRBN,58.4,=,0,HT-1080,Hangzhou Glubio Pharmaceutical,WO2022257897A1,PGDB_AS000920,% Degradation,,standardized
PGDB_C001824,O=C1CCC(N2Cc3cc(C(=O)N[C@H](c4cccc(F)c4)C4CC4)ccc3C2=O)C(=O)N1,GSPT1,CRBN,30.7,=,0,HT-1080,Hangzhou Glubio Pharmaceutical,WO2022257897A1,PGDB_AS000618,% Degradation,,standardized
PGDB_C001796,O=C1CCC(N2Cc3cc(C(=O)N[C@H](c4ccccc4Cl)C4CC4)ccc3C2=O)C(=O)N1,CSNK1A1,CRBN,64.7,=,0,HT-1080,Hangzhou Glubio Pharmaceutical,WO2022257897A1,PGDB_AS000920,% Degradation,,standardized
PGDB_C001796,O=C1CCC(N2Cc3cc(C(=O)N[C@H](c4ccccc4Cl)C4CC4)ccc3C2=O)C(=O)N1,GSPT1,CRBN,36.8,=,0,HT-1080,Hangzhou Glubio Pharmaceutical,WO2022257897A1,PGDB_AS000618,% Degradation,,standardized
PGDB_C001795,O=C1CCC(N2Cc3cc(C(=O)N[C@H](c4ccccc4F)C4CC4)ccc3C2=O)C(=O)N1,CSNK1A1,CRBN,64.7,=,0,HT-1080,Hangzhou Glubio Pharmaceutical,WO2022257897A1,PGDB_AS000920,% Degradation,,standardized
PGDB_C001795,O=C1CCC(N2Cc3cc(C(=O)N[C@H](c4ccccc4F)C4CC4)ccc3C2=O)C(=O)N1,GSPT1,CRBN,23.4,=,0,HT-1080,Hangzhou Glubio Pharmaceutical,WO2022257897A1,PGDB_AS000618,% Degradation,,standardized
PGDB_C001838,O=C1CCC(N2Cc3cc(C(=O)N[C@H](c4ncc(Cl)cc4Cl)C4CCC4)ccc3C2=O)C(=O)N1,CSNK1A1,CRBN,65.9,=,0,HT-1080,Hangzhou Glubio Pharmaceutical,WO2022257897A1,PGDB_AS000920,% Degradation,,standardized
PGDB_C001838,O=C1CCC(N2Cc3cc(C(=O)N[C@H](c4ncc(Cl)cc4Cl)C4CCC4)ccc3C2=O)C(=O)N1,GSPT1,CRBN,20.4,=,0,HT-1080,Hangzhou Glubio Pharmaceutical,WO2022257897A1,PGDB_AS000618,% Degradation,,standardized
PGDB_C001864,O=C1CCC(N2Cc3cc(C(=O)N[C@H](c4ncc(Cl)cc4F)C4(F)CCC4)ccc3C2=O)C(=O)N1,CSNK1A1,CRBN,69.0,=,0,HT-1080,Hangzhou Glubio Pharmaceutical,WO2022257897A1,PGDB_AS000920,% Degradation,,standardized
PGDB_C001864,O=C1CCC(N2Cc3cc(C(=O)N[C@H](c4ncc(Cl)cc4F)C4(F)CCC4)ccc3C2=O)C(=O)N1,GSPT1,CRBN,17.3,=,0,HT-1080,Hangzhou Glubio Pharmaceutical,WO2022257897A1,PGDB_AS000618,% Degradation,,standardized
PGDB_C001839,O=C1CCC(N2Cc3cc(C(=O)N[C@H](c4ncc(Cl)cc4F)C4CCC4)ccc3C2=O)C(=O)N1,CSNK1A1,CRBN,61.1,=,0,HT-1080,Hangzhou Glubio Pharmaceutical,WO2022257897A1,PGDB_AS000920,% Degradation,,standardized
PGDB_C001839,O=C1CCC(N2Cc3cc(C(=O)N[C@H](c4ncc(Cl)cc4F)C4CCC4)ccc3C2=O)C(=O)N1,GSPT1,CRBN,14.2,=,0,HT-1080,Hangzhou Glubio Pharmaceutical,WO2022257897A1,PGDB_AS000618,% Degradation,,standardized
PGDB_C001860,O=C1CCC(N2Cc3cc(C(=O)N[C@H](c4ncc(F)cc4Cl)C4(F)CCC4)ccc3C2=O)C(=O)N1,CSNK1A1,CRBN,65.3,=,0,HT-1080,Hangzhou Glubio Pharmaceutical,WO2022257897A1,PGDB_AS000920,% Degradation,,standardized
PGDB_C001860,O=C1CCC(N2Cc3cc(C(=O)N[C@H](c4ncc(F)cc4Cl)C4(F)CCC4)ccc3C2=O)C(=O)N1,GSPT1,CRBN,16.2,=,0,HT-1080,Hangzhou Glubio Pharmaceutical,WO2022257897A1,PGDB_AS000618,% Degradation,,standardized
PGDB_C001853,O=C1CCC(N2Cc3cc(C(=O)N[C@H](c4ncc(F)cc4Cl)C4CC4)ccc3C2=O)C(=O)N1,CSNK1A1,CRBN,61.7,=,0,HT-1080,Hangzhou Glubio Pharmaceutical,WO2022257897A1,PGDB_AS000920,% Degradation,,standardized
PGDB_C001853,O=C1CCC(N2Cc3cc(C(=O)N[C@H](c4ncc(F)cc4Cl)C4CC4)ccc3C2=O)C(=O)N1,GSPT1,CRBN,19.1,=,0,HT-1080,Hangzhou Glubio Pharmaceutical,WO2022257897A1,PGDB_AS000618,% Degradation,,standardized
PGDB_C001840,O=C1CCC(N2Cc3cc(C(=O)N[C@H](c4ncc(F)cc4Cl)C4CCC4)ccc3C2=O)C(=O)N1,CSNK1A1,CRBN,62.1,=,0,HT-1080,Hangzhou Glubio Pharmaceutical,WO2022257897A1,PGDB_AS000920,% Degradation,,standardized
PGDB_C001840,O=C1CCC(N2Cc3cc(C(=O)N[C@H](c4ncc(F)cc4Cl)C4CCC4)ccc3C2=O)C(=O)N1,GSPT1,CRBN,18.4,=,0,HT-1080,Hangzhou Glubio Pharmaceutical,WO2022257897A1,PGDB_AS000618,% Degradation,,standardized
PGDB_C001842,O=C1CCC(N2Cc3cc(C(=O)N[C@H](c4ncccc4-c4ccc(F)cc4)C4CCC4)ccc3C2=O)C(=O)N1,CSNK1A1,CRBN,66.0,=,0,HT-1080,Hangzhou Glubio Pharmaceutical,WO2022257897A1,PGDB_AS000920,% Degradation,,standardized
PGDB_C001842,O=C1CCC(N2Cc3cc(C(=O)N[C@H](c4ncccc4-c4ccc(F)cc4)C4CCC4)ccc3C2=O)C(=O)N1,GSPT1,CRBN,14.4,=,0,HT-1080,Hangzhou Glubio Pharmaceutical,WO2022257897A1,PGDB_AS000618,% Degradation,,standardized
PGDB_C001862,O=C1CCC(N2Cc3cc(C(=O)N[C@H](c4ncccc4Cl)C4(F)CCC4)ccc3C2=O)C(=O)N1,CSNK1A1,CRBN,59.8,=,0,HT-1080,Hangzhou Glubio Pharmaceutical,WO2022257897A1,PGDB_AS000920,% Degradation,,standardized
PGDB_C001862,O=C1CCC(N2Cc3cc(C(=O)N[C@H](c4ncccc4Cl)C4(F)CCC4)ccc3C2=O)C(=O)N1,GSPT1,CRBN,25.0,=,0,HT-1080,Hangzhou Glubio Pharmaceutical,WO2022257897A1,PGDB_AS000618,% Degradation,,standardized
PGDB_C001802,O=C1CCC(N2Cc3cc(C(=O)N[C@H](c4ncccc4Cl)C4CCC4)ccc3C2=O)C(=O)N1,CSNK1A1,CRBN,66.0,=,0,HT-1080,Hangzhou Glubio Pharmaceutical,WO2022257897A1,PGDB_AS000920,% Degradation,,standardized
PGDB_C001802,O=C1CCC(N2Cc3cc(C(=O)N[C@H](c4ncccc4Cl)C4CCC4)ccc3C2=O)C(=O)N1,GSPT1,CRBN,58.5,=,0,HT-1080,Hangzhou Glubio Pharmaceutical,WO2022257897A1,PGDB_AS000618,% Degradation,,standardized
PGDB_C001863,O=C1CCC(N2Cc3cc(C(=O)N[C@H](c4ncccc4F)C4(F)CCC4)ccc3C2=O)C(=O)N1,CSNK1A1,CRBN,55.4,=,0,HT-1080,Hangzhou Glubio Pharmaceutical,WO2022257897A1,PGDB_AS000920,% Degradation,,standardized
PGDB_C001863,O=C1CCC(N2Cc3cc(C(=O)N[C@H](c4ncccc4F)C4(F)CCC4)ccc3C2=O)C(=O)N1,GSPT1,CRBN,14.9,=,0,HT-1080,Hangzhou Glubio Pharmaceutical,WO2022257897A1,PGDB_AS000618,% Degradation,,standardized
PGDB_C001822,O=C1CCC(N2Cc3cc(C(=O)N[C@H](c4ncccc4F)C4CCC4)ccc3C2=O)C(=O)N1,CSNK1A1,CRBN,63.2,=,0,HT-1080,Hangzhou Glubio Pharmaceutical,WO2022257897A1,PGDB_AS000920,% Degradation,,standardized
PGDB_C001822,O=C1CCC(N2Cc3cc(C(=O)N[C@H](c4ncccc4F)C4CCC4)ccc3C2=O)C(=O)N1,GSPT1,CRBN,63.1,=,0,HT-1080,Hangzhou Glubio Pharmaceutical,WO2022257897A1,PGDB_AS000618,% Degradation,,standardized
PGDB_C005454,O=C1CCC(N2Cc3cc(C4(O)CCN(C5CC6(CCOCC6)C5)CC4)ccc3C2=O)C(=O)N1,IKZF2,,50.0,<=,0,,Hangzhou Polymed Biopharmaceuticals,WO2025067466A1,PGDB_AS001154,% Degradation,Western_blot,standardized
PGDB_C005460,O=C1CCC(N2Cc3cc(C4(O)CCN(C5CC6(COC6)C5)CC4)ccc3C2=O)C(=O)N1,IKZF2,,75.0,<=,0,,Hangzhou Polymed Biopharmaceuticals,WO2025067466A1,PGDB_AS001154,% Degradation,Western_blot,standardized
PGDB_C005461,O=C1CCC(N2Cc3cc(C4(O)CCN(C5CC6CCC(C5)O6)CC4)c(F)cc3C2=O)C(=O)N1,IKZF2,,75.0,<=,0,,Hangzhou Polymed Biopharmaceuticals,WO2025067466A1,PGDB_AS001154,% Degradation,Western_blot,standardized
PGDB_C005459,O=C1CCC(N2Cc3cc(C4(O)CCN(C5CCC6(CC5)COC6)CC4)ccc3C2=O)C(=O)N1,IKZF2,,50.0,<=,0,,Hangzhou Polymed Biopharmaceuticals,WO2025067466A1,PGDB_AS001154,% Degradation,Western_blot,standardized
PGDB_C005451,O=C1CCC(N2Cc3cc(C4CCN(C5(c6ccc(C(F)(F)F)cc6)CC5)CC4)ccc3C2=O)C(=O)N1,IKZF2,,50.0,<=,0,,Hangzhou Polymed Biopharmaceuticals,WO2025067466A1,PGDB_AS001154,% Degradation,Western_blot,standardized
PGDB_C005448,O=C1CCC(N2Cc3cc(C4CCN(C5(c6ccccc6)CCC5)CC4)ccc3C2=O)C(=O)N1,IKZF2,,50.0,<=,0,,Hangzhou Polymed Biopharmaceuticals,WO2025067466A1,PGDB_AS001154,% Degradation,Western_blot,standardized
PGDB_C005449,O=C1CCC(N2Cc3cc(C4CCN(C5(c6ccccc6)COC5)CC4)ccc3C2=O)C(=O)N1,IKZF2,,75.0,<=,0,,Hangzhou Polymed Biopharmaceuticals,WO2025067466A1,PGDB_AS001154,% Degradation,Western_blot,standardized
PGDB_C005453,O=C1CCC(N2Cc3cc(C4CCN(C5(c6cccnc6)CC5)CC4)ccc3C2=O)C(=O)N1,IKZF2,,75.0,<=,0,,Hangzhou Polymed Biopharmaceuticals,WO2025067466A1,PGDB_AS001154,% Degradation,Western_blot,standardized
PGDB_C005458,O=C1CCC(N2Cc3cc(C4CCN(C5CC6(CCN(c7ccccc7)CC6)C5)CC4)ccc3C2=O)C(=O)N1,IKZF2,,75.0,<=,0,,Hangzhou Polymed Biopharmaceuticals,WO2025067466A1,PGDB_AS001154,% Degradation,Western_blot,standardized
PGDB_C005457,O=C1CCC(N2Cc3cc(C4CCN(C5CC6CCC(C5)O6)CC4)ccc3C2=O)C(=O)N1,IKZF2,,75.0,<=,0,,Hangzhou Polymed Biopharmaceuticals,WO2025067466A1,PGDB_AS001154,% Degradation,Western_blot,standardized
PGDB_C005456,O=C1CCC(N2Cc3cc(C4CCN(C5CCC6(CC5)COC6)CC4)ccc3C2=O)C(=O)N1,IKZF2,,75.0,<=,0,,Hangzhou Polymed Biopharmaceuticals,WO2025067466A1,PGDB_AS001154,% Degradation,Western_blot,standardized
PGDB_C008705,O=C1CCC(N2Cc3cc(C4CCN(Cc5ccccc5)CC4)ccc3C2=O)C(=O)N1,IKZF2,,82.0,=,1,HEK293,Gilead Sciences,JP2026020265A,PGDB_AS000211,% Degradation,luminescence,standardized
PGDB_C008705,O=C1CCC(N2Cc3cc(C4CCN(Cc5ccccc5)CC4)ccc3C2=O)C(=O)N1,SALL4,,63.0,=,0,HEK293,Gilead Sciences,JP2026020265A,PGDB_AS002183,% Degradation,,standardized
PGDB_C006016,O=C1CCC(N2Cc3cc(CNC4(C5CC5)CCCCC4)ccc3C2=O)C(=O)N1,IKZF2,,47.0,=,0,HEK293,Gilead Sciences,AU2022419982A1,PGDB_AS000473,% Degradation,,standardized
PGDB_C006018,O=C1CCC(N2Cc3cc(CNC4(CCc5ccccc5)CCCCC4)ccc3C2=O)C(=O)N1,IKZF2,,65.0,=,0,HEK293,Gilead Sciences,AU2022419982A1,PGDB_AS000473,% Degradation,,standardized
PGDB_C006019,O=C1CCC(N2Cc3cc(CNC4(c5ccc(F)cc5)CCCCC4)ccc3C2=O)C(=O)N1,IKZF2,,36.0,=,0,HEK293,Gilead Sciences,AU2022419982A1,PGDB_AS000473,% Degradation,,standardized
PGDB_C005882,O=C1CCC(N2Cc3cc(CNC45CC(C4)C5)ccc3C2=O)C(=O)N1,IKZF2,,29.0,=,0,HEK293,Gilead Sciences,AU2022419982A1,PGDB_AS000473,% Degradation,,standardized
PGDB_C006007,O=C1CCC(N2Cc3cc(CNC45CCC(CC4)C5)ccc3C2=O)C(=O)N1,IKZF1,,32.0,=,0,HEK293,Gilead Sciences,AU2022419982A1,PGDB_AS000645,% Degradation,luminescence,standardized
PGDB_C006007,O=C1CCC(N2Cc3cc(CNC45CCC(CC4)C5)ccc3C2=O)C(=O)N1,IKZF2,,93.0,=,1,HEK293,Gilead Sciences,AU2022419982A1,PGDB_AS000473,% Degradation,,standardized
PGDB_C006008,O=C1CCC(N2Cc3cc(CNC45CCC(CO)(CC4)C5)ccc3C2=O)C(=O)N1,IKZF1,,26.0,=,0,HEK293,Gilead Sciences,AU2022419982A1,PGDB_AS000645,% Degradation,luminescence,standardized
PGDB_C006008,O=C1CCC(N2Cc3cc(CNC45CCC(CO)(CC4)C5)ccc3C2=O)C(=O)N1,IKZF2,,99.0,=,1,HEK293,Gilead Sciences,AU2022419982A1,PGDB_AS000473,% Degradation,,standardized
PGDB_C006009,O=C1CCC(N2Cc3cc(CNC45CCCC(O)(C4)C5)ccc3C2=O)C(=O)N1,IKZF2,,66.0,=,0,HEK293,Gilead Sciences,AU2022419982A1,PGDB_AS000473,% Degradation,,standardized
PGDB_C005975,O=C1CCC(N2Cc3cc(CNC4CC(c5ccccc5)CN(Cc5ccccc5)C4)ccc3C2=O)C(=O)N1,IKZF1,,71.0,=,0,HEK293,Gilead Sciences,AU2022419982A1,PGDB_AS000645,% Degradation,luminescence,standardized
PGDB_C005975,O=C1CCC(N2Cc3cc(CNC4CC(c5ccccc5)CN(Cc5ccccc5)C4)ccc3C2=O)C(=O)N1,IKZF2,,30.0,=,0,HEK293,Gilead Sciences,AU2022419982A1,PGDB_AS000473,% Degradation,,standardized
PGDB_C005940,O=C1CCC(N2Cc3cc(CNC4CC5CC5C4)ccc3C2=O)C(=O)N1,IKZF1,,53.0,=,0,HEK293,Gilead Sciences,AU2022419982A1,PGDB_AS000645,% Degradation,luminescence,standardized
PGDB_C005940,O=C1CCC(N2Cc3cc(CNC4CC5CC5C4)ccc3C2=O)C(=O)N1,IKZF2,,82.0,=,1,HEK293,Gilead Sciences,AU2022419982A1,PGDB_AS000473,% Degradation,,standardized
PGDB_C005971,O=C1CCC(N2Cc3cc(CNC4CC5CCC(C5)C4)ccc3C2=O)C(=O)N1,IKZF1,,75.0,=,0,HEK293,Gilead Sciences,AU2022419982A1,PGDB_AS000645,% Degradation,luminescence,standardized
PGDB_C005971,O=C1CCC(N2Cc3cc(CNC4CC5CCC(C5)C4)ccc3C2=O)C(=O)N1,IKZF2,,92.0,=,1,HEK293,Gilead Sciences,AU2022419982A1,PGDB_AS000473,% Degradation,,standardized
PGDB_C005909,O=C1CCC(N2Cc3cc(CNC4CC5CCC4C5)ccc3C2=O)C(=O)N1,IKZF1,,30.0,=,0,HEK293,Gilead Sciences,AU2022419982A1,PGDB_AS000645,% Degradation,luminescence,standardized
PGDB_C005909,O=C1CCC(N2Cc3cc(CNC4CC5CCC4C5)ccc3C2=O)C(=O)N1,IKZF2,,65.0,=,0,HEK293,Gilead Sciences,AU2022419982A1,PGDB_AS000473,% Degradation,,standardized
PGDB_C005964,O=C1CCC(N2Cc3cc(CNC4CC5CNC4C5)ccc3C2=O)C(=O)N1,IKZF1,,22.0,=,0,HEK293,Gilead Sciences,AU2022419982A1,PGDB_AS000645,% Degradation,luminescence,standardized
PGDB_C005964,O=C1CCC(N2Cc3cc(CNC4CC5CNC4C5)ccc3C2=O)C(=O)N1,IKZF2,,39.0,=,0,HEK293,Gilead Sciences,AU2022419982A1,PGDB_AS000473,% Degradation,,standardized
PGDB_C005935,O=C1CCC(N2Cc3cc(CNC4CCC(Cc5ccccc5)C4)ccc3C2=O)C(=O)N1,IKZF1,,57.0,=,0,HEK293,Gilead Sciences,AU2022419982A1,PGDB_AS000645,% Degradation,luminescence,standardized
PGDB_C005935,O=C1CCC(N2Cc3cc(CNC4CCC(Cc5ccccc5)C4)ccc3C2=O)C(=O)N1,IKZF2,,68.0,=,0,HEK293,Gilead Sciences,AU2022419982A1,PGDB_AS000473,% Degradation,,standardized
PGDB_C005878,O=C1CCC(N2Cc3cc(CNC4CCC(Cc5ccccc5)CC4)ccc3C2=O)C(=O)N1,IKZF1,,51.0,=,0,HEK293,Gilead Sciences,AU2022419982A1,PGDB_AS000645,% Degradation,luminescence,standardized
PGDB_C005878,O=C1CCC(N2Cc3cc(CNC4CCC(Cc5ccccc5)CC4)ccc3C2=O)C(=O)N1,IKZF2,,80.0,=,1,HEK293,Gilead Sciences,AU2022419982A1,PGDB_AS000473,% Degradation,,standardized
PGDB_C005875,O=C1CCC(N2Cc3cc(CNC4CCC(F)(F)CC4)ccc3C2=O)C(=O)N1,IKZF1,,70.0,=,0,HEK293,Gilead Sciences,AU2022419982A1,PGDB_AS000645,% Degradation,luminescence,standardized
PGDB_C005875,O=C1CCC(N2Cc3cc(CNC4CCC(F)(F)CC4)ccc3C2=O)C(=O)N1,IKZF2,,80.0,=,1,HEK293,Gilead Sciences,AU2022419982A1,PGDB_AS000473,% Degradation,,standardized
PGDB_C005970,O=C1CCC(N2Cc3cc(CNC4CCC(Oc5ccccc5)CC4)ccc3C2=O)C(=O)N1,IKZF1,,82.0,=,1,HEK293,Gilead Sciences,AU2022419982A1,PGDB_AS000645,% Degradation,luminescence,standardized
PGDB_C005970,O=C1CCC(N2Cc3cc(CNC4CCC(Oc5ccccc5)CC4)ccc3C2=O)C(=O)N1,IKZF2,,72.0,=,0,HEK293,Gilead Sciences,AU2022419982A1,PGDB_AS000473,% Degradation,,standardized
PGDB_C005908,O=C1CCC(N2Cc3cc(CNC4CCC4)ccc3C2=O)C(=O)N1,IKZF1,,31.0,=,0,HEK293,Gilead Sciences,AU2022419982A1,PGDB_AS000645,% Degradation,luminescence,standardized
PGDB_C005908,O=C1CCC(N2Cc3cc(CNC4CCC4)ccc3C2=O)C(=O)N1,IKZF2,,42.0,=,0,HEK293,Gilead Sciences,AU2022419982A1,PGDB_AS000473,% Degradation,,standardized
PGDB_C005925,O=C1CCC(N2Cc3cc(CNC4CCC5(CC4)CC5)ccc3C2=O)C(=O)N1,IKZF1,,66.0,=,0,HEK293,Gilead Sciences,AU2022419982A1,PGDB_AS000645,% Degradation,luminescence,standardized
PGDB_C005925,O=C1CCC(N2Cc3cc(CNC4CCC5(CC4)CC5)ccc3C2=O)C(=O)N1,IKZF2,,81.0,=,1,HEK293,Gilead Sciences,AU2022419982A1,PGDB_AS000473,% Degradation,,standardized
PGDB_C005927,O=C1CCC(N2Cc3cc(CNC4CCC5(CC4)COC5)ccc3C2=O)C(=O)N1,IKZF1,,55.0,=,0,HEK293,Gilead Sciences,AU2022419982A1,PGDB_AS000645,% Degradation,luminescence,standardized
PGDB_C005927,O=C1CCC(N2Cc3cc(CNC4CCC5(CC4)COC5)ccc3C2=O)C(=O)N1,IKZF2,,84.0,=,1,HEK293,Gilead Sciences,AU2022419982A1,PGDB_AS000473,% Degradation,,standardized
PGDB_C005926,O=C1CCC(N2Cc3cc(CNC4CCC5(CCC5)CC4)ccc3C2=O)C(=O)N1,IKZF1,,62.0,=,0,HEK293,Gilead Sciences,AU2022419982A1,PGDB_AS000645,% Degradation,luminescence,standardized
PGDB_C005926,O=C1CCC(N2Cc3cc(CNC4CCC5(CCC5)CC4)ccc3C2=O)C(=O)N1,IKZF2,,74.0,=,0,HEK293,Gilead Sciences,AU2022419982A1,PGDB_AS000473,% Degradation,,standardized
PGDB_C005950,O=C1CCC(N2Cc3cc(CNC4CCC5(CCCC5)C4)ccc3C2=O)C(=O)N1,IKZF1,,55.0,=,0,HEK293,Gilead Sciences,AU2022419982A1,PGDB_AS000645,% Degradation,luminescence,standardized
PGDB_C005950,O=C1CCC(N2Cc3cc(CNC4CCC5(CCCC5)C4)ccc3C2=O)C(=O)N1,IKZF2,,79.0,=,0,HEK293,Gilead Sciences,AU2022419982A1,PGDB_AS000473,% Degradation,,standardized
PGDB_C005949,O=C1CCC(N2Cc3cc(CNC4CCC5(CCCCC5)CC4)ccc3C2=O)C(=O)N1,IKZF1,,42.0,=,0,HEK293,Gilead Sciences,AU2022419982A1,PGDB_AS000645,% Degradation,luminescence,standardized
PGDB_C005949,O=C1CCC(N2Cc3cc(CNC4CCC5(CCCCC5)CC4)ccc3C2=O)C(=O)N1,IKZF2,,69.0,=,0,HEK293,Gilead Sciences,AU2022419982A1,PGDB_AS000473,% Degradation,,standardized
PGDB_C005954,O=C1CCC(N2Cc3cc(CNC4CCC5(CCOCC5)C4)ccc3C2=O)C(=O)N1,IKZF1,,64.0,=,0,HEK293,Gilead Sciences,AU2022419982A1,PGDB_AS000645,% Degradation,luminescence,standardized
PGDB_C005954,O=C1CCC(N2Cc3cc(CNC4CCC5(CCOCC5)C4)ccc3C2=O)C(=O)N1,IKZF2,,91.0,=,1,HEK293,Gilead Sciences,AU2022419982A1,PGDB_AS000473,% Degradation,,standardized
PGDB_C005980,O=C1CCC(N2Cc3cc(CNC4CCC5(CCc6ccccc65)CC4)ccc3C2=O)C(=O)N1,IKZF1,,62.0,=,0,HEK293,Gilead Sciences,AU2022419982A1,PGDB_AS000645,% Degradation,luminescence,standardized
PGDB_C005980,O=C1CCC(N2Cc3cc(CNC4CCC5(CCc6ccccc65)CC4)ccc3C2=O)C(=O)N1,IKZF2,,78.0,=,0,HEK293,Gilead Sciences,AU2022419982A1,PGDB_AS000473,% Degradation,,standardized
PGDB_C005994,O=C1CCC(N2Cc3cc(CNC4CCCC(C(F)(F)F)C4)ccc3C2=O)C(=O)N1,IKZF1,,42.0,=,0,HEK293,Gilead Sciences,AU2022419982A1,PGDB_AS000645,% Degradation,luminescence,standardized
PGDB_C005994,O=C1CCC(N2Cc3cc(CNC4CCCC(C(F)(F)F)C4)ccc3C2=O)C(=O)N1,IKZF2,,64.0,=,0,HEK293,Gilead Sciences,AU2022419982A1,PGDB_AS000473,% Degradation,,standardized
PGDB_C005963,O=C1CCC(N2Cc3cc(CNC4CCCC(CO)C4)ccc3C2=O)C(=O)N1,IKZF1,,64.0,=,0,HEK293,Gilead Sciences,AU2022419982A1,PGDB_AS000645,% Degradation,luminescence,standardized
PGDB_C005963,O=C1CCC(N2Cc3cc(CNC4CCCC(CO)C4)ccc3C2=O)C(=O)N1,IKZF2,,66.0,=,0,HEK293,Gilead Sciences,AU2022419982A1,PGDB_AS000473,% Degradation,,standardized
PGDB_C005987,O=C1CCC(N2Cc3cc(CNC4CCCC(Cn5cccn5)C4)ccc3C2=O)C(=O)N1,IKZF1,,93.0,=,1,HEK293,Gilead Sciences,AU2022419982A1,PGDB_AS000645,% Degradation,luminescence,standardized
PGDB_C005987,O=C1CCC(N2Cc3cc(CNC4CCCC(Cn5cccn5)C4)ccc3C2=O)C(=O)N1,IKZF2,,92.0,=,1,HEK293,Gilead Sciences,AU2022419982A1,PGDB_AS000473,% Degradation,,standardized
PGDB_C005988,O=C1CCC(N2Cc3cc(CNC4CCCC(Cn5ncc6ccccc65)C4)ccc3C2=O)C(=O)N1,IKZF1,,97.0,=,1,HEK293,Gilead Sciences,AU2022419982A1,PGDB_AS000645,% Degradation,luminescence,standardized
PGDB_C005988,O=C1CCC(N2Cc3cc(CNC4CCCC(Cn5ncc6ccccc65)C4)ccc3C2=O)C(=O)N1,IKZF2,,96.0,=,1,HEK293,Gilead Sciences,AU2022419982A1,PGDB_AS000473,% Degradation,,standardized
PGDB_C005917,O=C1CCC(N2Cc3cc(CNC4CCCC(c5ccccc5)C4)ccc3C2=O)C(=O)N1,IKZF1,,30.0,=,0,HEK293,Gilead Sciences,AU2022419982A1,PGDB_AS000645,% Degradation,luminescence,standardized
PGDB_C005917,O=C1CCC(N2Cc3cc(CNC4CCCC(c5ccccc5)C4)ccc3C2=O)C(=O)N1,IKZF2,,51.0,=,0,HEK293,Gilead Sciences,AU2022419982A1,PGDB_AS000473,% Degradation,,standardized
PGDB_C005876,O=C1CCC(N2Cc3cc(CNC4CCCC4)ccc3C2=O)C(=O)N1,IKZF1,,26.0,=,0,HEK293,Gilead Sciences,AU2022419982A1,PGDB_AS000645,% Degradation,luminescence,standardized
PGDB_C005876,O=C1CCC(N2Cc3cc(CNC4CCCC4)ccc3C2=O)C(=O)N1,IKZF2,,55.0,=,0,HEK293,Gilead Sciences,AU2022419982A1,PGDB_AS000473,% Degradation,,standardized
PGDB_C005998,O=C1CCC(N2Cc3cc(CNC4CCCC5(CC5)C4)ccc3C2=O)C(=O)N1,IKZF1,,58.0,=,0,HEK293,Gilead Sciences,AU2022419982A1,PGDB_AS000645,% Degradation,luminescence,standardized
PGDB_C005998,O=C1CCC(N2Cc3cc(CNC4CCCC5(CC5)C4)ccc3C2=O)C(=O)N1,IKZF2,,84.0,=,1,HEK293,Gilead Sciences,AU2022419982A1,PGDB_AS000473,% Degradation,,standardized
PGDB_C005999,O=C1CCC(N2Cc3cc(CNC4CCCC5(CCCC5)C4)ccc3C2=O)C(=O)N1,IKZF1,,51.0,=,0,HEK293,Gilead Sciences,AU2022419982A1,PGDB_AS000645,% Degradation,luminescence,standardized
PGDB_C005999,O=C1CCC(N2Cc3cc(CNC4CCCC5(CCCC5)C4)ccc3C2=O)C(=O)N1,IKZF2,,72.0,=,0,HEK293,Gilead Sciences,AU2022419982A1,PGDB_AS000473,% Degradation,,standardized
PGDB_C005873,O=C1CCC(N2Cc3cc(CNC4CCCCC4)ccc3C2=O)C(=O)N1,IKZF1,,38.0,=,0,HEK293,Gilead Sciences,AU2022419982A1,PGDB_AS000645,% Degradation,luminescence,standardized
PGDB_C005873,O=C1CCC(N2Cc3cc(CNC4CCCCC4)ccc3C2=O)C(=O)N1,IKZF2,,78.0,=,0,HEK293,Gilead Sciences,AU2022419982A1,PGDB_AS000473,% Degradation,,standardized
PGDB_C005916,O=C1CCC(N2Cc3cc(CNC4CCCCC4O)ccc3C2=O)C(=O)N1,IKZF1,,38.0,=,0,HEK293,Gilead Sciences,AU2022419982A1,PGDB_AS000645,% Degradation,luminescence,standardized
PGDB_C005916,O=C1CCC(N2Cc3cc(CNC4CCCCC4O)ccc3C2=O)C(=O)N1,IKZF2,,70.0,=,0,HEK293,Gilead Sciences,AU2022419982A1,PGDB_AS000473,% Degradation,,standardized
PGDB_C005872,O=C1CCC(N2Cc3cc(CNC4CCN(C(=O)NCc5ccccc5)CC4)ccc3C2=O)C(=O)N1,IKZF1,,95.0,=,1,HEK293,Gilead Sciences,AU2022419982A1,PGDB_AS000645,% Degradation,luminescence,standardized
PGDB_C005872,O=C1CCC(N2Cc3cc(CNC4CCN(C(=O)NCc5ccccc5)CC4)ccc3C2=O)C(=O)N1,IKZF2,,95.0,=,1,HEK293,Gilead Sciences,AU2022419982A1,PGDB_AS000473,% Degradation,,standardized
PGDB_C005871,O=C1CCC(N2Cc3cc(CNC4CCN(C(=O)OCc5ccccc5)CC4)ccc3C2=O)C(=O)N1,IKZF1,,95.0,=,1,HEK293,Gilead Sciences,AU2022419982A1,PGDB_AS000645,% Degradation,luminescence,standardized
PGDB_C005871,O=C1CCC(N2Cc3cc(CNC4CCN(C(=O)OCc5ccccc5)CC4)ccc3C2=O)C(=O)N1,IKZF2,,94.0,=,1,HEK293,Gilead Sciences,AU2022419982A1,PGDB_AS000473,% Degradation,,standardized
PGDB_C005924,O=C1CCC(N2Cc3cc(CNC4CCN(C(=O)c5ccccc5)CC4)ccc3C2=O)C(=O)N1,IKZF1,,77.0,=,0,HEK293,Gilead Sciences,AU2022419982A1,PGDB_AS000645,% Degradation,luminescence,standardized
PGDB_C005924,O=C1CCC(N2Cc3cc(CNC4CCN(C(=O)c5ccccc5)CC4)ccc3C2=O)C(=O)N1,IKZF2,,96.0,=,1,HEK293,Gilead Sciences,AU2022419982A1,PGDB_AS000473,% Degradation,,standardized
PGDB_C005928,O=C1CCC(N2Cc3cc(CNC4CCN(Cc5ccccc5)C(=O)C4)ccc3C2=O)C(=O)N1,IKZF1,,27.0,=,0,HEK293,Gilead Sciences,AU2022419982A1,PGDB_AS000645,% Degradation,luminescence,standardized
PGDB_C005928,O=C1CCC(N2Cc3cc(CNC4CCN(Cc5ccccc5)C(=O)C4)ccc3C2=O)C(=O)N1,IKZF2,,27.0,=,0,HEK293,Gilead Sciences,AU2022419982A1,PGDB_AS000473,% Degradation,,standardized
PGDB_C005869,O=C1CCC(N2Cc3cc(CNC4CCN(Cc5ccccc5)CC4)ccc3C2=O)C(=O)N1,IKZF1,,51.0,=,0,HEK293,Gilead Sciences,AU2022419982A1,PGDB_AS000645,% Degradation,luminescence,standardized
PGDB_C005869,O=C1CCC(N2Cc3cc(CNC4CCN(Cc5ccccc5)CC4)ccc3C2=O)C(=O)N1,IKZF2,,67.0,=,0,HEK293,Gilead Sciences,AU2022419982A1,PGDB_AS000473,% Degradation,,standardized
PGDB_C005870,O=C1CCC(N2Cc3cc(CNC4CCN(c5ccccc5)CC4)ccc3C2=O)C(=O)N1,IKZF1,,80.0,=,1,HEK293,Gilead Sciences,AU2022419982A1,PGDB_AS000645,% Degradation,luminescence,standardized
PGDB_C005870,O=C1CCC(N2Cc3cc(CNC4CCN(c5ccccc5)CC4)ccc3C2=O)C(=O)N1,IKZF2,,83.0,=,1,HEK293,Gilead Sciences,AU2022419982A1,PGDB_AS000473,% Degradation,,standardized
PGDB_C005902,O=C1CCC(N2Cc3cc(CNC4CCN(c5ccccn5)CC4)ccc3C2=O)C(=O)N1,IKZF1,,85.0,=,1,HEK293,Gilead Sciences,AU2022419982A1,PGDB_AS000645,% Degradation,luminescence,standardized
PGDB_C005902,O=C1CCC(N2Cc3cc(CNC4CCN(c5ccccn5)CC4)ccc3C2=O)C(=O)N1,IKZF2,,88.0,=,1,HEK293,Gilead Sciences,AU2022419982A1,PGDB_AS000473,% Degradation,,standardized
PGDB_C005903,O=C1CCC(N2Cc3cc(CNC4CCN(c5cccnc5)CC4)ccc3C2=O)C(=O)N1,IKZF1,,84.0,=,1,HEK293,Gilead Sciences,AU2022419982A1,PGDB_AS000645,% Degradation,luminescence,standardized
PGDB_C005903,O=C1CCC(N2Cc3cc(CNC4CCN(c5cccnc5)CC4)ccc3C2=O)C(=O)N1,IKZF2,,90.0,=,1,HEK293,Gilead Sciences,AU2022419982A1,PGDB_AS000473,% Degradation,,standardized
PGDB_C005904,O=C1CCC(N2Cc3cc(CNC4CCN(c5ccncc5)CC4)ccc3C2=O)C(=O)N1,IKZF1,,56.0,=,0,HEK293,Gilead Sciences,AU2022419982A1,PGDB_AS000645,% Degradation,luminescence,standardized
PGDB_C005904,O=C1CCC(N2Cc3cc(CNC4CCN(c5ccncc5)CC4)ccc3C2=O)C(=O)N1,IKZF2,,76.0,=,0,HEK293,Gilead Sciences,AU2022419982A1,PGDB_AS000473,% Degradation,,standardized
PGDB_C005874,O=C1CCC(N2Cc3cc(CNC4CCOCC4)ccc3C2=O)C(=O)N1,IKZF1,,92.0,=,1,HEK293,Gilead Sciences,AU2022419982A1,PGDB_AS000645,% Degradation,luminescence,standardized
PGDB_C005874,O=C1CCC(N2Cc3cc(CNC4CCOCC4)ccc3C2=O)C(=O)N1,IKZF2,,78.0,=,0,HEK293,Gilead Sciences,AU2022419982A1,PGDB_AS000473,% Degradation,,standardized
PGDB_C005936,O=C1CCC(N2Cc3cc(CNC4CCc5cccnc5C4)ccc3C2=O)C(=O)N1,IKZF1,,42.0,=,0,HEK293,Gilead Sciences,AU2022419982A1,PGDB_AS000645,% Degradation,luminescence,standardized
PGDB_C005936,O=C1CCC(N2Cc3cc(CNC4CCc5cccnc5C4)ccc3C2=O)C(=O)N1,IKZF2,,67.0,=,0,HEK293,Gilead Sciences,AU2022419982A1,PGDB_AS000473,% Degradation,,standardized
PGDB_C005892,O=C1CCC(N2Cc3cc(CNC4Cc5ccccc5N(Cc5ccccc5)C4)ccc3C2=O)C(=O)N1,IKZF1,,38.0,=,0,HEK293,Gilead Sciences,AU2022419982A1,PGDB_AS000645,% Degradation,luminescence,standardized
PGDB_C005892,O=C1CCC(N2Cc3cc(CNC4Cc5ccccc5N(Cc5ccccc5)C4)ccc3C2=O)C(=O)N1,IKZF2,,39.0,=,0,HEK293,Gilead Sciences,AU2022419982A1,PGDB_AS000473,% Degradation,,standardized
PGDB_C005889,O=C1CCC(N2Cc3cc(CNCC4CCCc5ccccc54)ccc3C2=O)C(=O)N1,IKZF1,,78.0,=,0,HEK293,Gilead Sciences,AU2022419982A1,PGDB_AS000645,% Degradation,luminescence,standardized
PGDB_C005889,O=C1CCC(N2Cc3cc(CNCC4CCCc5ccccc54)ccc3C2=O)C(=O)N1,IKZF2,,36.0,=,0,HEK293,Gilead Sciences,AU2022419982A1,PGDB_AS000473,% Degradation,,standardized
PGDB_C005890,O=C1CCC(N2Cc3cc(CNCC4CCc5ccccc5C4)ccc3C2=O)C(=O)N1,IKZF1,,86.0,=,1,HEK293,Gilead Sciences,AU2022419982A1,PGDB_AS000645,% Degradation,luminescence,standardized
PGDB_C005890,O=C1CCC(N2Cc3cc(CNCC4CCc5ccccc5C4)ccc3C2=O)C(=O)N1,IKZF2,,49.0,=,0,HEK293,Gilead Sciences,AU2022419982A1,PGDB_AS000473,% Degradation,,standardized
PGDB_C005922,O=C1CCC(N2Cc3cc(CNCCCO)ccc3C2=O)C(=O)N1,IKZF1,,36.0,=,0,HEK293,Gilead Sciences,AU2022419982A1,PGDB_AS000645,% Degradation,luminescence,standardized
PGDB_C005922,O=C1CCC(N2Cc3cc(CNCCCO)ccc3C2=O)C(=O)N1,IKZF2,,20.0,=,0,HEK293,Gilead Sciences,AU2022419982A1,PGDB_AS000473,% Degradation,,standardized
PGDB_C005911,O=C1CCC(N2Cc3cc(CNCCc4ccccc4Cl)ccc3C2=O)C(=O)N1,IKZF1,,72.0,=,0,HEK293,Gilead Sciences,AU2022419982A1,PGDB_AS000645,% Degradation,luminescence,standardized
PGDB_C005911,O=C1CCC(N2Cc3cc(CNCCc4ccccc4Cl)ccc3C2=O)C(=O)N1,IKZF2,,32.0,=,0,HEK293,Gilead Sciences,AU2022419982A1,PGDB_AS000473,% Degradation,,standardized
PGDB_C005930,O=C1CCC(N2Cc3cc(CNCc4cc5ccccc5[nH]4)ccc3C2=O)C(=O)N1,IKZF1,,80.0,=,1,HEK293,Gilead Sciences,AU2022419982A1,PGDB_AS000645,% Degradation,luminescence,standardized
PGDB_C005930,O=C1CCC(N2Cc3cc(CNCc4cc5ccccc5[nH]4)ccc3C2=O)C(=O)N1,IKZF2,,45.0,=,0,HEK293,Gilead Sciences,AU2022419982A1,PGDB_AS000473,% Degradation,,standardized
PGDB_C005900,O=C1CCC(N2Cc3cc(CNCc4ccccc4)ccc3C2=O)C(=O)N1,IKZF1,,75.0,=,0,HEK293,Gilead Sciences,AU2022419982A1,PGDB_AS000645,% Degradation,luminescence,standardized
PGDB_C005900,O=C1CCC(N2Cc3cc(CNCc4ccccc4)ccc3C2=O)C(=O)N1,IKZF2,,27.0,=,0,HEK293,Gilead Sciences,AU2022419982A1,PGDB_AS000473,% Degradation,,standardized
PGDB_C005960,O=C1CCC(N2Cc3cc(CN[C@@H]4CC5CCC4C5)ccc3C2=O)C(=O)N1,IKZF2,,55.0,=,0,HEK293,Gilead Sciences,AU2022419982A1,PGDB_AS000473,% Degradation,,standardized
PGDB_C005901,O=C1CCC(N2Cc3cc(CN[C@@H]4CCCC[C@@H]4CO)ccc3C2=O)C(=O)N1,IKZF1,,20.0,=,0,HEK293,Gilead Sciences,AU2022419982A1,PGDB_AS000645,% Degradation,luminescence,standardized
PGDB_C005901,O=C1CCC(N2Cc3cc(CN[C@@H]4CCCC[C@@H]4CO)ccc3C2=O)C(=O)N1,IKZF2,,70.0,=,0,HEK293,Gilead Sciences,AU2022419982A1,PGDB_AS000473,% Degradation,,standardized
PGDB_C005934,O=C1CCC(N2Cc3cc(CN[C@@H]4CCCC[C@@H]4Cc4ccccc4)ccc3C2=O)C(=O)N1,IKZF1,,68.0,=,0,HEK293,Gilead Sciences,AU2022419982A1,PGDB_AS000645,% Degradation,luminescence,standardized
PGDB_C005934,O=C1CCC(N2Cc3cc(CN[C@@H]4CCCC[C@@H]4Cc4ccccc4)ccc3C2=O)C(=O)N1,IKZF2,,68.0,=,0,HEK293,Gilead Sciences,AU2022419982A1,PGDB_AS000473,% Degradation,,standardized
PGDB_C005939,O=C1CCC(N2Cc3cc(CN[C@@H]4CCCC[C@H]4CO)ccc3C2=O)C(=O)N1,IKZF1,,34.0,=,0,HEK293,Gilead Sciences,AU2022419982A1,PGDB_AS000645,% Degradation,luminescence,standardized
PGDB_C005939,O=C1CCC(N2Cc3cc(CN[C@@H]4CCCC[C@H]4CO)ccc3C2=O)C(=O)N1,IKZF2,,31.0,=,0,HEK293,Gilead Sciences,AU2022419982A1,PGDB_AS000473,% Degradation,,standardized
PGDB_C005933,O=C1CCC(N2Cc3cc(CN[C@@H]4CCCC[C@H]4Cc4ccccc4)ccc3C2=O)C(=O)N1,IKZF1,,73.0,=,0,HEK293,Gilead Sciences,AU2022419982A1,PGDB_AS000645,% Degradation,luminescence,standardized
PGDB_C005933,O=C1CCC(N2Cc3cc(CN[C@@H]4CCCC[C@H]4Cc4ccccc4)ccc3C2=O)C(=O)N1,IKZF2,,75.0,=,0,HEK293,Gilead Sciences,AU2022419982A1,PGDB_AS000473,% Degradation,,standardized
PGDB_C005907,O=C1CCC(N2Cc3cc(CN[C@@H]4CCCC[C@H]4O)ccc3C2=O)C(=O)N1,IKZF2,,38.0,=,0,HEK293,Gilead Sciences,AU2022419982A1,PGDB_AS000473,% Degradation,,standardized
PGDB_C005992,O=C1CCC(N2Cc3cc(CN[C@@H]4CCCC[C@H]4OCc4ccccc4)ccc3C2=O)C(=O)N1,IKZF1,,53.0,=,0,HEK293,Gilead Sciences,AU2022419982A1,PGDB_AS000645,% Degradation,luminescence,standardized
PGDB_C005992,O=C1CCC(N2Cc3cc(CN[C@@H]4CCCC[C@H]4OCc4ccccc4)ccc3C2=O)C(=O)N1,IKZF2,,93.0,=,1,HEK293,Gilead Sciences,AU2022419982A1,PGDB_AS000473,% Degradation,,standardized
PGDB_C006011,O=C1CCC(N2Cc3cc(CN[C@@H]4CCCC[C@H]4OCc4ccccc4Cl)ccc3C2=O)C(=O)N1,IKZF1,,31.0,=,0,HEK293,Gilead Sciences,AU2022419982A1,PGDB_AS000645,% Degradation,luminescence,standardized
PGDB_C006011,O=C1CCC(N2Cc3cc(CN[C@@H]4CCCC[C@H]4OCc4ccccc4Cl)ccc3C2=O)C(=O)N1,IKZF2,,92.0,=,1,HEK293,Gilead Sciences,AU2022419982A1,PGDB_AS000473,% Degradation,,standardized
PGDB_C005891,O=C1CCC(N2Cc3cc(CN[C@@H]4CCCN(C(=O)c5ccccc5)C4)ccc3C2=O)C(=O)N1,IKZF1,,36.0,=,0,HEK293,Gilead Sciences,AU2022419982A1,PGDB_AS000645,% Degradation,luminescence,standardized
PGDB_C005891,O=C1CCC(N2Cc3cc(CN[C@@H]4CCCN(C(=O)c5ccccc5)C4)ccc3C2=O)C(=O)N1,IKZF2,,62.0,=,0,HEK293,Gilead Sciences,AU2022419982A1,PGDB_AS000473,% Degradation,,standardized
PGDB_C005989,O=C1CCC(N2Cc3cc(CN[C@@H]4CCCN(C(c5ccccc5)C(F)(F)F)C4)ccc3C2=O)C(=O)N1,IKZF1,,95.0,=,1,HEK293,Gilead Sciences,AU2022419982A1,PGDB_AS000645,% Degradation,luminescence,standardized
PGDB_C005989,O=C1CCC(N2Cc3cc(CN[C@@H]4CCCN(C(c5ccccc5)C(F)(F)F)C4)ccc3C2=O)C(=O)N1,IKZF2,,87.0,=,1,HEK293,Gilead Sciences,AU2022419982A1,PGDB_AS000473,% Degradation,,standardized
PGDB_C005896,O=C1CCC(N2Cc3cc(CN[C@@H]4CCCN(CCc5ccccc5)C4)ccc3C2=O)C(=O)N1,IKZF1,,58.0,=,0,HEK293,Gilead Sciences,AU2022419982A1,PGDB_AS000645,% Degradation,luminescence,standardized
PGDB_C005896,O=C1CCC(N2Cc3cc(CN[C@@H]4CCCN(CCc5ccccc5)C4)ccc3C2=O)C(=O)N1,IKZF2,,20.0,=,0,HEK293,Gilead Sciences,AU2022419982A1,PGDB_AS000473,% Degradation,,standardized
PGDB_C005966,O=C1CCC(N2Cc3cc(CN[C@@H]4CCCN(Cc5ccc(Cl)cc5)C4)ccc3C2=O)C(=O)N1,IKZF1,,98.0,=,1,HEK293,Gilead Sciences,AU2022419982A1,PGDB_AS000645,% Degradation,luminescence,standardized
PGDB_C005966,O=C1CCC(N2Cc3cc(CN[C@@H]4CCCN(Cc5ccc(Cl)cc5)C4)ccc3C2=O)C(=O)N1,IKZF2,,97.0,=,1,HEK293,Gilead Sciences,AU2022419982A1,PGDB_AS000473,% Degradation,,standardized
PGDB_C005965,O=C1CCC(N2Cc3cc(CN[C@@H]4CCCN(Cc5cccc(Cl)c5)C4)ccc3C2=O)C(=O)N1,IKZF1,,97.0,=,1,HEK293,Gilead Sciences,AU2022419982A1,PGDB_AS000645,% Degradation,luminescence,standardized
PGDB_C005965,O=C1CCC(N2Cc3cc(CN[C@@H]4CCCN(Cc5cccc(Cl)c5)C4)ccc3C2=O)C(=O)N1,IKZF2,,97.0,=,1,HEK293,Gilead Sciences,AU2022419982A1,PGDB_AS000473,% Degradation,,standardized
PGDB_C005887,O=C1CCC(N2Cc3cc(CN[C@@H]4CCCN(Cc5ccccc5)C4)ccc3C2=O)C(=O)N1,IKZF1,,95.0,=,1,HEK293,Gilead Sciences,AU2022419982A1,PGDB_AS000645,% Degradation,luminescence,standardized
PGDB_C005887,O=C1CCC(N2Cc3cc(CN[C@@H]4CCCN(Cc5ccccc5)C4)ccc3C2=O)C(=O)N1,IKZF2,,97.0,=,1,HEK293,Gilead Sciences,AU2022419982A1,PGDB_AS000473,% Degradation,,standardized
PGDB_C005893,O=C1CCC(N2Cc3cc(CN[C@@H]4CCCN(Cc5ccccc5Cl)C4)ccc3C2=O)C(=O)N1,IKZF1,,97.0,=,1,HEK293,Gilead Sciences,AU2022419982A1,PGDB_AS000645,% Degradation,luminescence,standardized
PGDB_C005893,O=C1CCC(N2Cc3cc(CN[C@@H]4CCCN(Cc5ccccc5Cl)C4)ccc3C2=O)C(=O)N1,IKZF2,,97.0,=,1,HEK293,Gilead Sciences,AU2022419982A1,PGDB_AS000473,% Degradation,,standardized
PGDB_C005996,O=C1CCC(N2Cc3cc(CN[C@@H]4CCCN(Cc5ccccn5)C4)ccc3C2=O)C(=O)N1,IKZF1,,97.0,=,1,HEK293,Gilead Sciences,AU2022419982A1,PGDB_AS000645,% Degradation,luminescence,standardized
PGDB_C005996,O=C1CCC(N2Cc3cc(CN[C@@H]4CCCN(Cc5ccccn5)C4)ccc3C2=O)C(=O)N1,IKZF2,,97.0,=,1,HEK293,Gilead Sciences,AU2022419982A1,PGDB_AS000473,% Degradation,,standardized
PGDB_C005990,O=C1CCC(N2Cc3cc(CN[C@@H]4CCCN(Cc5cccnc5)C4)ccc3C2=O)C(=O)N1,IKZF1,,96.0,=,1,HEK293,Gilead Sciences,AU2022419982A1,PGDB_AS000645,% Degradation,luminescence,standardized
PGDB_C005990,O=C1CCC(N2Cc3cc(CN[C@@H]4CCCN(Cc5cccnc5)C4)ccc3C2=O)C(=O)N1,IKZF2,,96.0,=,1,HEK293,Gilead Sciences,AU2022419982A1,PGDB_AS000473,% Degradation,,standardized
PGDB_C005991,O=C1CCC(N2Cc3cc(CN[C@@H]4CCCN(Cc5ccncc5)C4)ccc3C2=O)C(=O)N1,IKZF1,,95.0,=,1,HEK293,Gilead Sciences,AU2022419982A1,PGDB_AS000645,% Degradation,luminescence,standardized
PGDB_C005991,O=C1CCC(N2Cc3cc(CN[C@@H]4CCCN(Cc5ccncc5)C4)ccc3C2=O)C(=O)N1,IKZF2,,86.0,=,1,HEK293,Gilead Sciences,AU2022419982A1,PGDB_AS000473,% Degradation,,standardized
PGDB_C005897,O=C1CCC(N2Cc3cc(CN[C@@H]4CCCN(c5ccccc5)C4)ccc3C2=O)C(=O)N1,IKZF1,,44.0,=,0,HEK293,Gilead Sciences,AU2022419982A1,PGDB_AS000645,% Degradation,luminescence,standardized
PGDB_C005897,O=C1CCC(N2Cc3cc(CN[C@@H]4CCCN(c5ccccc5)C4)ccc3C2=O)C(=O)N1,IKZF2,,36.0,=,0,HEK293,Gilead Sciences,AU2022419982A1,PGDB_AS000473,% Degradation,,standardized
PGDB_C005995,O=C1CCC(N2Cc3cc(CN[C@@H]4CCC[C@H](C(=O)c5ccccc5)C4)ccc3C2=O)C(=O)N1,IKZF1,,60.0,=,0,HEK293,Gilead Sciences,AU2022419982A1,PGDB_AS000645,% Degradation,luminescence,standardized
PGDB_C005995,O=C1CCC(N2Cc3cc(CN[C@@H]4CCC[C@H](C(=O)c5ccccc5)C4)ccc3C2=O)C(=O)N1,IKZF2,,60.0,=,0,HEK293,Gilead Sciences,AU2022419982A1,PGDB_AS000473,% Degradation,,standardized
PGDB_C006012,O=C1CCC(N2Cc3cc(CN[C@@H]4CCC[C@H](COCc5ccccc5)C4)ccc3C2=O)C(=O)N1,IKZF1,,93.0,=,1,HEK293,Gilead Sciences,AU2022419982A1,PGDB_AS000645,% Degradation,luminescence,standardized
PGDB_C006012,O=C1CCC(N2Cc3cc(CN[C@@H]4CCC[C@H](COCc5ccccc5)C4)ccc3C2=O)C(=O)N1,IKZF2,,94.0,=,1,HEK293,Gilead Sciences,AU2022419982A1,PGDB_AS000473,% Degradation,,standardized
PGDB_C005981,O=C1CCC(N2Cc3cc(CN[C@@H]4CCC[C@H](Cc5ccccc5)C4)ccc3C2=O)C(=O)N1,IKZF1,,87.0,=,1,HEK293,Gilead Sciences,AU2022419982A1,PGDB_AS000645,% Degradation,luminescence,standardized
PGDB_C005981,O=C1CCC(N2Cc3cc(CN[C@@H]4CCC[C@H](Cc5ccccc5)C4)ccc3C2=O)C(=O)N1,IKZF2,,97.0,=,1,HEK293,Gilead Sciences,AU2022419982A1,PGDB_AS000473,% Degradation,,standardized
PGDB_C006003,O=C1CCC(N2Cc3cc(CN[C@@H]4CCC[C@H](Cc5ccccc5Cl)C4)ccc3C2=O)C(=O)N1,IKZF1,,95.0,=,1,HEK293,Gilead Sciences,AU2022419982A1,PGDB_AS000645,% Degradation,luminescence,standardized
PGDB_C006003,O=C1CCC(N2Cc3cc(CN[C@@H]4CCC[C@H](Cc5ccccc5Cl)C4)ccc3C2=O)C(=O)N1,IKZF2,,96.0,=,1,HEK293,Gilead Sciences,AU2022419982A1,PGDB_AS000473,% Degradation,,standardized
PGDB_C005956,O=C1CCC(N2Cc3cc(CN[C@@H]4CCC[C@H](Nc5ccccc5)C4)ccc3C2=O)C(=O)N1,IKZF1,,88.0,=,1,HEK293,Gilead Sciences,AU2022419982A1,PGDB_AS000645,% Degradation,luminescence,standardized
PGDB_C005956,O=C1CCC(N2Cc3cc(CN[C@@H]4CCC[C@H](Nc5ccccc5)C4)ccc3C2=O)C(=O)N1,IKZF2,,92.0,=,1,HEK293,Gilead Sciences,AU2022419982A1,PGDB_AS000473,% Degradation,,standardized
PGDB_C005948,O=C1CCC(N2Cc3cc(CN[C@@H]4CCC[C@H](O)C4)ccc3C2=O)C(=O)N1,IKZF2,,71.0,=,0,HEK293,Gilead Sciences,AU2022419982A1,PGDB_AS000473,% Degradation,,standardized
PGDB_C005978,O=C1CCC(N2Cc3cc(CN[C@@H]4CCC[C@H](OCc5ccccc5)C4)ccc3C2=O)C(=O)N1,IKZF1,,95.0,=,1,HEK293,Gilead Sciences,AU2022419982A1,PGDB_AS000645,% Degradation,luminescence,standardized
PGDB_C005978,O=C1CCC(N2Cc3cc(CN[C@@H]4CCC[C@H](OCc5ccccc5)C4)ccc3C2=O)C(=O)N1,IKZF2,,90.0,=,1,HEK293,Gilead Sciences,AU2022419982A1,PGDB_AS000473,% Degradation,,standardized
PGDB_C005958,O=C1CCC(N2Cc3cc(CN[C@@H]4CCC[C@H](Oc5ccccc5)C4)ccc3C2=O)C(=O)N1,IKZF1,,61.0,=,0,HEK293,Gilead Sciences,AU2022419982A1,PGDB_AS000645,% Degradation,luminescence,standardized
PGDB_C005958,O=C1CCC(N2Cc3cc(CN[C@@H]4CCC[C@H](Oc5ccccc5)C4)ccc3C2=O)C(=O)N1,IKZF2,,85.0,=,1,HEK293,Gilead Sciences,AU2022419982A1,PGDB_AS000473,% Degradation,,standardized
PGDB_C006001,O=C1CCC(N2Cc3cc(CN[C@@H]4CCC[C@H]([C@@H](O)c5ccccc5)C4)ccc3C2=O)C(=O)N1,IKZF1,,92.0,=,1,HEK293,Gilead Sciences,AU2022419982A1,PGDB_AS000645,% Degradation,luminescence,standardized
PGDB_C006001,O=C1CCC(N2Cc3cc(CN[C@@H]4CCC[C@H]([C@@H](O)c5ccccc5)C4)ccc3C2=O)C(=O)N1,IKZF2,,94.0,=,1,HEK293,Gilead Sciences,AU2022419982A1,PGDB_AS000473,% Degradation,,standardized
PGDB_C006002,O=C1CCC(N2Cc3cc(CN[C@@H]4CCC[C@H]([C@H](O)c5ccccc5)C4)ccc3C2=O)C(=O)N1,IKZF1,,93.0,=,1,HEK293,Gilead Sciences,AU2022419982A1,PGDB_AS000645,% Degradation,luminescence,standardized
PGDB_C006002,O=C1CCC(N2Cc3cc(CN[C@@H]4CCC[C@H]([C@H](O)c5ccccc5)C4)ccc3C2=O)C(=O)N1,IKZF2,,95.0,=,1,HEK293,Gilead Sciences,AU2022419982A1,PGDB_AS000473,% Degradation,,standardized
PGDB_C005881,O=C1CCC(N2Cc3cc(CN[C@@H]4CCc5ccccc5C4)ccc3C2=O)C(=O)N1,IKZF1,,35.0,=,0,HEK293,Gilead Sciences,AU2022419982A1,PGDB_AS000645,% Degradation,luminescence,standardized
PGDB_C005881,O=C1CCC(N2Cc3cc(CN[C@@H]4CCc5ccccc5C4)ccc3C2=O)C(=O)N1,IKZF2,,43.0,=,0,HEK293,Gilead Sciences,AU2022419982A1,PGDB_AS000473,% Degradation,,standardized
PGDB_C005937,O=C1CCC(N2Cc3cc(CN[C@@H]4C[C@@H]5CC[C@H]4C5)ccc3C2=O)C(=O)N1,IKZF1,,33.0,=,0,HEK293,Gilead Sciences,AU2022419982A1,PGDB_AS000645,% Degradation,luminescence,standardized
PGDB_C005937,O=C1CCC(N2Cc3cc(CN[C@@H]4C[C@@H]5CC[C@H]4C5)ccc3C2=O)C(=O)N1,IKZF2,,36.0,=,0,HEK293,Gilead Sciences,AU2022419982A1,PGDB_AS000473,% Degradation,,standardized
PGDB_C005912,O=C1CCC(N2Cc3cc(CN[C@@H]4C[C@H](F)CN(Cc5ccccc5)C4)ccc3C2=O)C(=O)N1,IKZF1,,93.0,=,1,HEK293,Gilead Sciences,AU2022419982A1,PGDB_AS000645,% Degradation,luminescence,standardized
PGDB_C005912,O=C1CCC(N2Cc3cc(CN[C@@H]4C[C@H](F)CN(Cc5ccccc5)C4)ccc3C2=O)C(=O)N1,IKZF2,,84.0,=,1,HEK293,Gilead Sciences,AU2022419982A1,PGDB_AS000473,% Degradation,,standardized
PGDB_C005923,O=C1CCC(N2Cc3cc(CN[C@H](CO)Cc4ccccc4)ccc3C2=O)C(=O)N1,IKZF1,,23.0,=,0,HEK293,Gilead Sciences,AU2022419982A1,PGDB_AS000645,% Degradation,luminescence,standardized
PGDB_C005923,O=C1CCC(N2Cc3cc(CN[C@H](CO)Cc4ccccc4)ccc3C2=O)C(=O)N1,IKZF2,,22.0,=,0,HEK293,Gilead Sciences,AU2022419982A1,PGDB_AS000473,% Degradation,,standardized
PGDB_C005919,O=C1CCC(N2Cc3cc(CN[C@H](CO)c4ccccc4)ccc3C2=O)C(=O)N1,IKZF2,,22.0,=,0,HEK293,Gilead Sciences,AU2022419982A1,PGDB_AS000473,% Degradation,,standardized
PGDB_C005961,O=C1CCC(N2Cc3cc(CN[C@H]4CC5CCC4C5)ccc3C2=O)C(=O)N1,IKZF2,,49.0,=,0,HEK293,Gilead Sciences,AU2022419982A1,PGDB_AS000473,% Degradation,,standardized
PGDB_C005905,O=C1CCC(N2Cc3cc(CN[C@H]4CCCC[C@@H]4O)ccc3C2=O)C(=O)N1,IKZF2,,21.0,=,0,HEK293,Gilead Sciences,AU2022419982A1,PGDB_AS000473,% Degradation,,standardized
PGDB_C005906,O=C1CCC(N2Cc3cc(CN[C@H]4CCCC[C@H]4CO)ccc3C2=O)C(=O)N1,IKZF2,,37.0,=,0,HEK293,Gilead Sciences,AU2022419982A1,PGDB_AS000473,% Degradation,,standardized
PGDB_C005986,O=C1CCC(N2Cc3cc(CN[C@H]4CCCC[C@H]4OCc4ccccc4)ccc3C2=O)C(=O)N1,IKZF1,,97.0,=,1,HEK293,Gilead Sciences,AU2022419982A1,PGDB_AS000645,% Degradation,luminescence,standardized
PGDB_C005986,O=C1CCC(N2Cc3cc(CN[C@H]4CCCC[C@H]4OCc4ccccc4)ccc3C2=O)C(=O)N1,IKZF2,,97.0,=,1,HEK293,Gilead Sciences,AU2022419982A1,PGDB_AS000473,% Degradation,,standardized
PGDB_C005888,O=C1CCC(N2Cc3cc(CN[C@H]4CCCN(Cc5ccccc5)C4)ccc3C2=O)C(=O)N1,IKZF1,,79.0,=,0,HEK293,Gilead Sciences,AU2022419982A1,PGDB_AS000645,% Degradation,luminescence,standardized
PGDB_C005888,O=C1CCC(N2Cc3cc(CN[C@H]4CCCN(Cc5ccccc5)C4)ccc3C2=O)C(=O)N1,IKZF2,,72.0,=,0,HEK293,Gilead Sciences,AU2022419982A1,PGDB_AS000473,% Degradation,,standardized
PGDB_C005982,O=C1CCC(N2Cc3cc(CN[C@H]4CCC[C@@H](Cc5ccccc5)C4)ccc3C2=O)C(=O)N1,IKZF1,,82.0,=,1,HEK293,Gilead Sciences,AU2022419982A1,PGDB_AS000645,% Degradation,luminescence,standardized
PGDB_C005982,O=C1CCC(N2Cc3cc(CN[C@H]4CCC[C@@H](Cc5ccccc5)C4)ccc3C2=O)C(=O)N1,IKZF2,,81.0,=,1,HEK293,Gilead Sciences,AU2022419982A1,PGDB_AS000473,% Degradation,,standardized
PGDB_C005957,O=C1CCC(N2Cc3cc(CN[C@H]4CCC[C@@H](Nc5ccccc5)C4)ccc3C2=O)C(=O)N1,IKZF1,,63.0,=,0,HEK293,Gilead Sciences,AU2022419982A1,PGDB_AS000645,% Degradation,luminescence,standardized
PGDB_C005957,O=C1CCC(N2Cc3cc(CN[C@H]4CCC[C@@H](Nc5ccccc5)C4)ccc3C2=O)C(=O)N1,IKZF2,,73.0,=,0,HEK293,Gilead Sciences,AU2022419982A1,PGDB_AS000473,% Degradation,,standardized
PGDB_C005947,O=C1CCC(N2Cc3cc(CN[C@H]4CCC[C@@H](O)C4)ccc3C2=O)C(=O)N1,IKZF1,,45.0,=,0,HEK293,Gilead Sciences,AU2022419982A1,PGDB_AS000645,% Degradation,luminescence,standardized
PGDB_C005947,O=C1CCC(N2Cc3cc(CN[C@H]4CCC[C@@H](O)C4)ccc3C2=O)C(=O)N1,IKZF2,,67.0,=,0,HEK293,Gilead Sciences,AU2022419982A1,PGDB_AS000473,% Degradation,,standardized
PGDB_C005977,O=C1CCC(N2Cc3cc(CN[C@H]4CCC[C@@H](OCc5ccccc5)C4)ccc3C2=O)C(=O)N1,IKZF1,,61.0,=,0,HEK293,Gilead Sciences,AU2022419982A1,PGDB_AS000645,% Degradation,luminescence,standardized
PGDB_C005977,O=C1CCC(N2Cc3cc(CN[C@H]4CCC[C@@H](OCc5ccccc5)C4)ccc3C2=O)C(=O)N1,IKZF2,,56.0,=,0,HEK293,Gilead Sciences,AU2022419982A1,PGDB_AS000473,% Degradation,,standardized
PGDB_C005976,O=C1CCC(N2Cc3cc(CN[C@H]4CCC[C@@H](Oc5ccccc5)C4)ccc3C2=O)C(=O)N1,IKZF1,,55.0,=,0,HEK293,Gilead Sciences,AU2022419982A1,PGDB_AS000645,% Degradation,luminescence,standardized
PGDB_C005976,O=C1CCC(N2Cc3cc(CN[C@H]4CCC[C@@H](Oc5ccccc5)C4)ccc3C2=O)C(=O)N1,IKZF2,,72.0,=,0,HEK293,Gilead Sciences,AU2022419982A1,PGDB_AS000473,% Degradation,,standardized
PGDB_C006023,O=C1CCC(N2Cc3cc(CN[C@H]4CCC[C@@H]4NCc4ccccc4)ccc3C2=O)C(=O)N1,IKZF1,,66.0,=,0,HEK293,Gilead Sciences,AU2022419982A1,PGDB_AS000645,% Degradation,luminescence,standardized
PGDB_C006023,O=C1CCC(N2Cc3cc(CN[C@H]4CCC[C@@H]4NCc4ccccc4)ccc3C2=O)C(=O)N1,IKZF2,,43.0,=,0,HEK293,Gilead Sciences,AU2022419982A1,PGDB_AS000473,% Degradation,,standardized
PGDB_C005910,O=C1CCC(N2Cc3cc(CN[C@H]4CCCc5ccccc54)ccc3C2=O)C(=O)N1,IKZF1,,71.0,=,0,HEK293,Gilead Sciences,AU2022419982A1,PGDB_AS000645,% Degradation,luminescence,standardized
PGDB_C005910,O=C1CCC(N2Cc3cc(CN[C@H]4CCCc5ccccc54)ccc3C2=O)C(=O)N1,IKZF2,,78.0,=,0,HEK293,Gilead Sciences,AU2022419982A1,PGDB_AS000473,% Degradation,,standardized
PGDB_C005886,O=C1CCC(N2Cc3cc(CN[C@H]4CCN(Cc5ccccc5)C4)ccc3C2=O)C(=O)N1,IKZF1,,46.0,=,0,HEK293,Gilead Sciences,AU2022419982A1,PGDB_AS000645,% Degradation,luminescence,standardized
PGDB_C005886,O=C1CCC(N2Cc3cc(CN[C@H]4CCN(Cc5ccccc5)C4)ccc3C2=O)C(=O)N1,IKZF2,,52.0,=,0,HEK293,Gilead Sciences,AU2022419982A1,PGDB_AS000473,% Degradation,,standardized
PGDB_C005884,O=C1CCC(N2Cc3cc(CN[C@H]4CCOc5ccccc54)ccc3C2=O)C(=O)N1,IKZF1,,65.0,=,0,HEK293,Gilead Sciences,AU2022419982A1,PGDB_AS000645,% Degradation,luminescence,standardized
PGDB_C005884,O=C1CCC(N2Cc3cc(CN[C@H]4CCOc5ccccc54)ccc3C2=O)C(=O)N1,IKZF2,,48.0,=,0,HEK293,Gilead Sciences,AU2022419982A1,PGDB_AS000473,% Degradation,,standardized
PGDB_C005951,O=C1CCC(N2Cc3cc(CN[C@H]4CC[C@@H](C(F)(F)F)CC4)ccc3C2=O)C(=O)N1,IKZF1,,44.0,=,0,HEK293,Gilead Sciences,AU2022419982A1,PGDB_AS000645,% Degradation,luminescence,standardized
PGDB_C005951,O=C1CCC(N2Cc3cc(CN[C@H]4CC[C@@H](C(F)(F)F)CC4)ccc3C2=O)C(=O)N1,IKZF2,,81.0,=,1,HEK293,Gilead Sciences,AU2022419982A1,PGDB_AS000473,% Degradation,,standardized
PGDB_C005898,O=C1CCC(N2Cc3cc(CN[C@H]4CC[C@@H](c5ccccc5)CC4)ccc3C2=O)C(=O)N1,IKZF1,,97.0,=,1,HEK293,Gilead Sciences,AU2022419982A1,PGDB_AS000645,% Degradation,luminescence,standardized
PGDB_C005898,O=C1CCC(N2Cc3cc(CN[C@H]4CC[C@@H](c5ccccc5)CC4)ccc3C2=O)C(=O)N1,IKZF2,,83.0,=,1,HEK293,Gilead Sciences,AU2022419982A1,PGDB_AS000473,% Degradation,,standardized
PGDB_C005932,O=C1CCC(N2Cc3cc(CN[C@H]4CC[C@@](O)(c5ccccc5)CC4)ccc3C2=O)C(=O)N1,IKZF1,,77.0,=,0,HEK293,Gilead Sciences,AU2022419982A1,PGDB_AS000645,% Degradation,luminescence,standardized
PGDB_C005932,O=C1CCC(N2Cc3cc(CN[C@H]4CC[C@@](O)(c5ccccc5)CC4)ccc3C2=O)C(=O)N1,IKZF2,,83.0,=,1,HEK293,Gilead Sciences,AU2022419982A1,PGDB_AS000473,% Degradation,,standardized
PGDB_C005943,O=C1CCC(N2Cc3cc(CN[C@H]4CC[C@H](C(F)(F)F)CC4)ccc3C2=O)C(=O)N1,IKZF1,,59.0,=,0,HEK293,Gilead Sciences,AU2022419982A1,PGDB_AS000645,% Degradation,luminescence,standardized
PGDB_C005943,O=C1CCC(N2Cc3cc(CN[C@H]4CC[C@H](C(F)(F)F)CC4)ccc3C2=O)C(=O)N1,IKZF2,,74.0,=,0,HEK293,Gilead Sciences,AU2022419982A1,PGDB_AS000473,% Degradation,,standardized
PGDB_C005899,O=C1CCC(N2Cc3cc(CN[C@H]4CC[C@H](c5ccccc5)CC4)ccc3C2=O)C(=O)N1,IKZF1,,48.0,=,0,HEK293,Gilead Sciences,AU2022419982A1,PGDB_AS000645,% Degradation,luminescence,standardized
PGDB_C005899,O=C1CCC(N2Cc3cc(CN[C@H]4CC[C@H](c5ccccc5)CC4)ccc3C2=O)C(=O)N1,IKZF2,,85.0,=,1,HEK293,Gilead Sciences,AU2022419982A1,PGDB_AS000473,% Degradation,,standardized
PGDB_C005931,O=C1CCC(N2Cc3cc(CN[C@H]4CC[C@](O)(c5ccccc5)CC4)ccc3C2=O)C(=O)N1,IKZF1,,86.0,=,1,HEK293,Gilead Sciences,AU2022419982A1,PGDB_AS000645,% Degradation,luminescence,standardized
PGDB_C005931,O=C1CCC(N2Cc3cc(CN[C@H]4CC[C@](O)(c5ccccc5)CC4)ccc3C2=O)C(=O)N1,IKZF2,,90.0,=,1,HEK293,Gilead Sciences,AU2022419982A1,PGDB_AS000473,% Degradation,,standardized
PGDB_C005880,O=C1CCC(N2Cc3cc(CN[C@H]4CCc5ccccc5C4)ccc3C2=O)C(=O)N1,IKZF1,,48.0,=,0,HEK293,Gilead Sciences,AU2022419982A1,PGDB_AS000645,% Degradation,luminescence,standardized
PGDB_C005880,O=C1CCC(N2Cc3cc(CN[C@H]4CCc5ccccc5C4)ccc3C2=O)C(=O)N1,IKZF2,,73.0,=,0,HEK293,Gilead Sciences,AU2022419982A1,PGDB_AS000473,% Degradation,,standardized
PGDB_C005921,O=C1CCC(N2Cc3cc(CN[C@H]4C[C@@H](O)C4)ccc3C2=O)C(=O)N1,IKZF1,,28.0,=,0,HEK293,Gilead Sciences,AU2022419982A1,PGDB_AS000645,% Degradation,luminescence,standardized
PGDB_C005921,O=C1CCC(N2Cc3cc(CN[C@H]4C[C@@H](O)C4)ccc3C2=O)C(=O)N1,IKZF2,,33.0,=,0,HEK293,Gilead Sciences,AU2022419982A1,PGDB_AS000473,% Degradation,,standardized
PGDB_C005938,O=C1CCC(N2Cc3cc(CN[C@H]4C[C@H]5CC[C@@H]4C5)ccc3C2=O)C(=O)N1,IKZF2,,23.0,=,0,HEK293,Gilead Sciences,AU2022419982A1,PGDB_AS000473,% Degradation,,standardized
PGDB_C008648,O=C1CCC(N2Cc3cc(C[C@H]4C=C(F)CC[C@@H]4NC4CCCCC4)ccc3C2=O)C(=O)N1,IKZF1,,30.0,=,0,HEK293,Gilead Sciences,JP2026020265A,PGDB_AS000216,% Degradation,luminescence,standardized
PGDB_C008648,O=C1CCC(N2Cc3cc(C[C@H]4C=C(F)CC[C@@H]4NC4CCCCC4)ccc3C2=O)C(=O)N1,IKZF2,,70.0,=,0,HEK293,Gilead Sciences,JP2026020265A,PGDB_AS000211,% Degradation,luminescence,standardized
PGDB_C008647,O=C1CCC(N2Cc3cc(C[C@H]4CC(F)(F)CC[C@@H]4NC4CCCCC4)ccc3C2=O)C(=O)N1,IKZF2,,88.0,=,1,HEK293,Gilead Sciences,JP2026020265A,PGDB_AS000211,% Degradation,luminescence,standardized
PGDB_C008676,O=C1CCC(N2Cc3cc(C[C@H]4CCC(F)(F)C[C@@H]4NC4CCC(F)(F)CC4)ccc3C2=O)C(=O)N1,IKZF1,,56.0,=,0,HEK293,Gilead Sciences,JP2026020265A,PGDB_AS000216,% Degradation,luminescence,standardized
PGDB_C008676,O=C1CCC(N2Cc3cc(C[C@H]4CCC(F)(F)C[C@@H]4NC4CCC(F)(F)CC4)ccc3C2=O)C(=O)N1,IKZF2,,97.0,=,1,HEK293,Gilead Sciences,JP2026020265A,PGDB_AS000211,% Degradation,luminescence,standardized
PGDB_C008677,O=C1CCC(N2Cc3cc(C[C@H]4CCC(F)(F)C[C@@H]4NC4CCCCC4)ccc3C2=O)C(=O)N1,IKZF1,,62.0,=,0,HEK293,Gilead Sciences,JP2026020265A,PGDB_AS000216,% Degradation,luminescence,standardized
PGDB_C008677,O=C1CCC(N2Cc3cc(C[C@H]4CCC(F)(F)C[C@@H]4NC4CCCCC4)ccc3C2=O)C(=O)N1,IKZF2,,96.0,=,1,HEK293,Gilead Sciences,JP2026020265A,PGDB_AS000211,% Degradation,luminescence,standardized
PGDB_C008671,O=C1CCC(N2Cc3cc(C[C@H]4CCCCC[C@@H]4NC4CCC(F)(F)CC4)ccc3C2=O)C(=O)N1,IKZF2,,55.0,=,0,HEK293,Gilead Sciences,JP2026020265A,PGDB_AS000211,% Degradation,luminescence,standardized
PGDB_C008451,O=C1CCC(N2Cc3cc(C[C@H]4CCCC[C@@H]4N(CC4CCOCC4)CC4CCOCC4)ccc3C2=O)C(=O)N1,IKZF2,,48.0,=,0,HEK293,Gilead Sciences,JP2026020265A,PGDB_AS000211,% Degradation,luminescence,standardized
PGDB_C008448,O=C1CCC(N2Cc3cc(C[C@H]4CCCC[C@@H]4N4CC(OCC5CC5)C4)ccc3C2=O)C(=O)N1,IKZF2,,74.0,=,0,HEK293,Gilead Sciences,JP2026020265A,PGDB_AS000211,% Degradation,luminescence,standardized
PGDB_C008414,O=C1CCC(N2Cc3cc(C[C@H]4CCCC[C@@H]4N4CC(OCc5ccccc5)C4)ccc3C2=O)C(=O)N1,IKZF2,,82.0,=,1,HEK293,Gilead Sciences,JP2026020265A,PGDB_AS000211,% Degradation,luminescence,standardized
PGDB_C008413,O=C1CCC(N2Cc3cc(C[C@H]4CCCC[C@@H]4N4CC(Oc5ccccc5)C4)ccc3C2=O)C(=O)N1,IKZF2,,90.0,=,1,HEK293,Gilead Sciences,JP2026020265A,PGDB_AS000211,% Degradation,luminescence,standardized
PGDB_C008411,O=C1CCC(N2Cc3cc(C[C@H]4CCCC[C@@H]4N4CC(Oc5ccccc5Cl)C4)ccc3C2=O)C(=O)N1,IKZF1,,34.0,=,0,HEK293,Gilead Sciences,JP2026020265A,PGDB_AS000216,% Degradation,luminescence,standardized
PGDB_C008411,O=C1CCC(N2Cc3cc(C[C@H]4CCCC[C@@H]4N4CC(Oc5ccccc5Cl)C4)ccc3C2=O)C(=O)N1,IKZF2,,81.0,=,1,HEK293,Gilead Sciences,JP2026020265A,PGDB_AS000211,% Degradation,luminescence,standardized
PGDB_C008436,O=C1CCC(N2Cc3cc(C[C@H]4CCCC[C@@H]4N4CC(c5ccccc5)C4)ccc3C2=O)C(=O)N1,IKZF2,,87.0,=,1,HEK293,Gilead Sciences,JP2026020265A,PGDB_AS000211,% Degradation,luminescence,standardized
PGDB_C008415,O=C1CCC(N2Cc3cc(C[C@H]4CCCC[C@@H]4N4CC5(CN(Cc6ccccc6Cl)C5)C4)ccc3C2=O)C(=O)N1,IKZF1,,29.0,=,0,HEK293,Gilead Sciences,JP2026020265A,PGDB_AS000216,% Degradation,luminescence,standardized
PGDB_C008415,O=C1CCC(N2Cc3cc(C[C@H]4CCCC[C@@H]4N4CC5(CN(Cc6ccccc6Cl)C5)C4)ccc3C2=O)C(=O)N1,IKZF2,,80.0,=,1,HEK293,Gilead Sciences,JP2026020265A,PGDB_AS000211,% Degradation,luminescence,standardized
PGDB_C008585,O=C1CCC(N2Cc3cc(C[C@H]4CCCC[C@@H]4NC4(Cl)CCCCC4)ccc3C2=O)C(=O)N1,IKZF1,,29.0,=,0,HEK293,Gilead Sciences,JP2026020265A,PGDB_AS000216,% Degradation,luminescence,standardized
PGDB_C008585,O=C1CCC(N2Cc3cc(C[C@H]4CCCC[C@@H]4NC4(Cl)CCCCC4)ccc3C2=O)C(=O)N1,IKZF2,,97.0,=,1,HEK293,Gilead Sciences,JP2026020265A,PGDB_AS000211,% Degradation,luminescence,standardized
PGDB_C008566,O=C1CCC(N2Cc3cc(C[C@H]4CCCC[C@@H]4NC4C5CCC4COC5)ccc3C2=O)C(=O)N1,IKZF2,,92.0,=,1,HEK293,Gilead Sciences,JP2026020265A,PGDB_AS000211,% Degradation,luminescence,standardized
PGDB_C008571,O=C1CCC(N2Cc3cc(C[C@H]4CCCC[C@@H]4NC4C5CCCC4CC5)ccc3C2=O)C(=O)N1,IKZF2,,95.0,=,1,HEK293,Gilead Sciences,JP2026020265A,PGDB_AS000211,% Degradation,luminescence,standardized
PGDB_C008428,O=C1CCC(N2Cc3cc(C[C@H]4CCCC[C@@H]4NC4CC4)ccc3C2=O)C(=O)N1,IKZF2,,93.0,=,1,HEK293,Gilead Sciences,JP2026020265A,PGDB_AS000211,% Degradation,luminescence,standardized
PGDB_C008482,O=C1CCC(N2Cc3cc(C[C@H]4CCCC[C@@H]4NC4CC5(C4)CC(F)(F)C5)ccc3C2=O)C(=O)N1,IKZF1,,32.0,=,0,HEK293,Gilead Sciences,JP2026020265A,PGDB_AS000216,% Degradation,luminescence,standardized
PGDB_C008482,O=C1CCC(N2Cc3cc(C[C@H]4CCCC[C@@H]4NC4CC5(C4)CC(F)(F)C5)ccc3C2=O)C(=O)N1,IKZF2,,98.0,=,1,HEK293,Gilead Sciences,JP2026020265A,PGDB_AS000211,% Degradation,luminescence,standardized
PGDB_C008460,O=C1CCC(N2Cc3cc(C[C@H]4CCCC[C@@H]4NC4CC5(CC5)C4)ccc3C2=O)C(=O)N1,IKZF1,,33.0,=,0,HEK293,Gilead Sciences,JP2026020265A,PGDB_AS000216,% Degradation,luminescence,standardized
PGDB_C008460,O=C1CCC(N2Cc3cc(C[C@H]4CCCC[C@@H]4NC4CC5(CC5)C4)ccc3C2=O)C(=O)N1,IKZF2,,94.0,=,1,HEK293,Gilead Sciences,JP2026020265A,PGDB_AS000211,% Degradation,luminescence,standardized
PGDB_C008521,O=C1CCC(N2Cc3cc(C[C@H]4CCCC[C@@H]4NC4CC5(CCC(F)(F)CC5)C4)ccc3C2=O)C(=O)N1,IKZF1,,33.0,=,0,HEK293,Gilead Sciences,JP2026020265A,PGDB_AS000216,% Degradation,luminescence,standardized
PGDB_C008521,O=C1CCC(N2Cc3cc(C[C@H]4CCCC[C@@H]4NC4CC5(CCC(F)(F)CC5)C4)ccc3C2=O)C(=O)N1,IKZF2,,95.0,=,1,HEK293,Gilead Sciences,JP2026020265A,PGDB_AS000211,% Degradation,luminescence,standardized
PGDB_C010324,O=C1CCC(N2Cc3cc(C[C@H]4CCCC[C@@H]4NC4CC5(CCOC5)C4)ccc3C2=O)C(=O)N1,IKZF1,,26.0,=,0,HEK293,Gilead Sciences,JP2026020265A,PGDB_AS000216,% Degradation,luminescence,standardized
PGDB_C010324,O=C1CCC(N2Cc3cc(C[C@H]4CCCC[C@@H]4NC4CC5(CCOC5)C4)ccc3C2=O)C(=O)N1,IKZF2,,96.0,=,1,HEK293,Gilead Sciences,JP2026020265A,PGDB_AS000211,% Degradation,luminescence,standardized
PGDB_C008461,O=C1CCC(N2Cc3cc(C[C@H]4CCCC[C@@H]4NC4CC5(COC5)C4)ccc3C2=O)C(=O)N1,IKZF1,,32.0,=,0,HEK293,Gilead Sciences,JP2026020265A,PGDB_AS000216,% Degradation,luminescence,standardized
PGDB_C008461,O=C1CCC(N2Cc3cc(C[C@H]4CCCC[C@@H]4NC4CC5(COC5)C4)ccc3C2=O)C(=O)N1,IKZF2,,95.0,=,1,HEK293,Gilead Sciences,JP2026020265A,PGDB_AS000211,% Degradation,luminescence,standardized
PGDB_C008410,O=C1CCC(N2Cc3cc(C[C@H]4CCCC[C@@H]4NC4CC5CC(C5)C4)ccc3C2=O)C(=O)N1,IKZF1,,39.0,=,0,HEK293,Gilead Sciences,JP2026020265A,PGDB_AS000216,% Degradation,luminescence,standardized
PGDB_C008410,O=C1CCC(N2Cc3cc(C[C@H]4CCCC[C@@H]4NC4CC5CC(C5)C4)ccc3C2=O)C(=O)N1,IKZF2,,96.0,=,1,HEK293,Gilead Sciences,JP2026020265A,PGDB_AS000211,% Degradation,luminescence,standardized
PGDB_C008518,O=C1CCC(N2Cc3cc(C[C@H]4CCCC[C@@H]4NC4CC5CC5C4)ccc3C2=O)C(=O)N1,IKZF1,,32.0,=,0,HEK293,Gilead Sciences,JP2026020265A,PGDB_AS000216,% Degradation,luminescence,standardized
PGDB_C008518,O=C1CCC(N2Cc3cc(C[C@H]4CCCC[C@@H]4NC4CC5CC5C4)ccc3C2=O)C(=O)N1,IKZF2,,98.0,=,1,HEK293,Gilead Sciences,JP2026020265A,PGDB_AS000211,% Degradation,luminescence,standardized
PGDB_C011207,O=C1CCC(N2Cc3cc(C[C@H]4CCCC[C@@H]4NC4CC5CCC(C4)O5)ccc3C2=O)C(=O)N1,IKZF1,,30.0,=,0,HEK293,Gilead Sciences,JP2026020265A,PGDB_AS000216,% Degradation,luminescence,standardized
PGDB_C011207,O=C1CCC(N2Cc3cc(C[C@H]4CCCC[C@@H]4NC4CC5CCC(C4)O5)ccc3C2=O)C(=O)N1,IKZF2,,98.0,=,1,HEK293,Gilead Sciences,JP2026020265A,PGDB_AS000211,% Degradation,luminescence,standardized
PGDB_C008563,O=C1CCC(N2Cc3cc(C[C@H]4CCCC[C@@H]4NC4CC5CCC(C5)C4)ccc3C2=O)C(=O)N1,IKZF1,,30.0,=,0,HEK293,Gilead Sciences,JP2026020265A,PGDB_AS000216,% Degradation,luminescence,standardized
PGDB_C008563,O=C1CCC(N2Cc3cc(C[C@H]4CCCC[C@@H]4NC4CC5CCC(C5)C4)ccc3C2=O)C(=O)N1,IKZF2,,97.0,=,1,HEK293,Gilead Sciences,JP2026020265A,PGDB_AS000211,% Degradation,luminescence,standardized
PGDB_C008565,O=C1CCC(N2Cc3cc(C[C@H]4CCCC[C@@H]4NC4CC5CCC4O5)ccc3C2=O)C(=O)N1,IKZF2,,96.0,=,1,HEK293,Gilead Sciences,JP2026020265A,PGDB_AS000211,% Degradation,luminescence,standardized
PGDB_C008513,O=C1CCC(N2Cc3cc(C[C@H]4CCCC[C@@H]4NC4CC5CCC5C4)ccc3C2=O)C(=O)N1,IKZF1,,45.0,=,0,HEK293,Gilead Sciences,JP2026020265A,PGDB_AS000216,% Degradation,luminescence,standardized
PGDB_C008513,O=C1CCC(N2Cc3cc(C[C@H]4CCCC[C@@H]4NC4CC5CCC5C4)ccc3C2=O)C(=O)N1,IKZF2,,97.0,=,1,HEK293,Gilead Sciences,JP2026020265A,PGDB_AS000211,% Degradation,luminescence,standardized
PGDB_C011216,O=C1CCC(N2Cc3cc(C[C@H]4CCCC[C@@H]4NC4CCC(C(F)(F)F)CC4)ccc3C2=O)C(=O)N1,IKZF1,,26.0,=,0,HEK293,Gilead Sciences,JP2026020265A,PGDB_AS000216,% Degradation,luminescence,standardized
PGDB_C011216,O=C1CCC(N2Cc3cc(C[C@H]4CCCC[C@@H]4NC4CCC(C(F)(F)F)CC4)ccc3C2=O)C(=O)N1,IKZF2,,97.0,=,1,HEK293,Gilead Sciences,JP2026020265A,PGDB_AS000211,% Degradation,luminescence,standardized
PGDB_C008586,O=C1CCC(N2Cc3cc(C[C@H]4CCCC[C@@H]4NC4CCC(C(F)F)CC4)ccc3C2=O)C(=O)N1,IKZF1,,34.0,=,0,HEK293,Gilead Sciences,JP2026020265A,PGDB_AS000216,% Degradation,luminescence,standardized
PGDB_C008586,O=C1CCC(N2Cc3cc(C[C@H]4CCCC[C@@H]4NC4CCC(C(F)F)CC4)ccc3C2=O)C(=O)N1,IKZF2,,98.0,=,1,HEK293,Gilead Sciences,JP2026020265A,PGDB_AS000211,% Degradation,luminescence,standardized
PGDB_C008681,O=C1CCC(N2Cc3cc(C[C@H]4CCCC[C@@H]4NC4CCC(F)(F)CC4)c(F)cc3C2=O)C(=O)N1,IKZF1,,50.0,=,0,HEK293,Gilead Sciences,JP2026020265A,PGDB_AS000216,% Degradation,luminescence,standardized
PGDB_C008681,O=C1CCC(N2Cc3cc(C[C@H]4CCCC[C@@H]4NC4CCC(F)(F)CC4)c(F)cc3C2=O)C(=O)N1,IKZF2,,94.0,=,1,HEK293,Gilead Sciences,JP2026020265A,PGDB_AS000211,% Degradation,luminescence,standardized
PGDB_C008427,O=C1CCC(N2Cc3cc(C[C@H]4CCCC[C@@H]4NC4CCC(F)(F)CC4)ccc3C2=O)C(=O)N1,IKZF1,,29.0,=,0,HEK293,Gilead Sciences,JP2026020265A,PGDB_AS000216,% Degradation,luminescence,standardized
PGDB_C008427,O=C1CCC(N2Cc3cc(C[C@H]4CCCC[C@@H]4NC4CCC(F)(F)CC4)ccc3C2=O)C(=O)N1,IKZF2,,94.0,=,1,HEK293,Gilead Sciences,JP2026020265A,PGDB_AS000211,% Degradation,luminescence,standardized
PGDB_C008524,O=C1CCC(N2Cc3cc(C[C@H]4CCCC[C@@H]4NC4CCC(OC(F)(F)F)CC4)ccc3C2=O)C(=O)N1,IKZF1,,34.0,=,0,HEK293,Gilead Sciences,JP2026020265A,PGDB_AS000216,% Degradation,luminescence,standardized
PGDB_C008524,O=C1CCC(N2Cc3cc(C[C@H]4CCCC[C@@H]4NC4CCC(OC(F)(F)F)CC4)ccc3C2=O)C(=O)N1,IKZF2,,96.0,=,1,HEK293,Gilead Sciences,JP2026020265A,PGDB_AS000211,% Degradation,luminescence,standardized
PGDB_C008655,O=C1CCC(N2Cc3cc(C[C@H]4CCCC[C@@H]4NC4CCC(OC(F)F)CC4)ccc3C2=O)C(=O)N1,IKZF1,,45.0,=,0,HEK293,Gilead Sciences,JP2026020265A,PGDB_AS000216,% Degradation,luminescence,standardized
PGDB_C008655,O=C1CCC(N2Cc3cc(C[C@H]4CCCC[C@@H]4NC4CCC(OC(F)F)CC4)ccc3C2=O)C(=O)N1,IKZF2,,96.0,=,1,HEK293,Gilead Sciences,JP2026020265A,PGDB_AS000211,% Degradation,luminescence,standardized
PGDB_C008700,O=C1CCC(N2Cc3cc(C[C@H]4CCCC[C@@H]4NC4CCC(c5ccccn5)CC4)ccc3C2=O)C(=O)N1,IKZF1,,62.0,=,0,HEK293,Gilead Sciences,JP2026020265A,PGDB_AS000216,% Degradation,luminescence,standardized
PGDB_C008700,O=C1CCC(N2Cc3cc(C[C@H]4CCCC[C@@H]4NC4CCC(c5ccccn5)CC4)ccc3C2=O)C(=O)N1,IKZF2,,96.0,=,1,HEK293,Gilead Sciences,JP2026020265A,PGDB_AS000211,% Degradation,luminescence,standardized
PGDB_C008701,O=C1CCC(N2Cc3cc(C[C@H]4CCCC[C@@H]4NC4CCC(n5cnnc5)CC4)ccc3C2=O)C(=O)N1,IKZF2,,71.0,=,0,HEK293,Gilead Sciences,JP2026020265A,PGDB_AS000211,% Degradation,luminescence,standardized
PGDB_C008429,O=C1CCC(N2Cc3cc(C[C@H]4CCCC[C@@H]4NC4CCC4)ccc3C2=O)C(=O)N1,IKZF2,,96.0,=,1,HEK293,Gilead Sciences,JP2026020265A,PGDB_AS000211,% Degradation,luminescence,standardized
PGDB_C008632,O=C1CCC(N2Cc3cc(C[C@H]4CCCC[C@@H]4NC4CCC45COC5)ccc3C2=O)C(=O)N1,IKZF1,,33.0,=,0,HEK293,Gilead Sciences,JP2026020265A,PGDB_AS000216,% Degradation,luminescence,standardized
PGDB_C008632,O=C1CCC(N2Cc3cc(C[C@H]4CCCC[C@@H]4NC4CCC45COC5)ccc3C2=O)C(=O)N1,IKZF2,,96.0,=,1,HEK293,Gilead Sciences,JP2026020265A,PGDB_AS000211,% Degradation,luminescence,standardized
PGDB_C008624,O=C1CCC(N2Cc3cc(C[C@H]4CCCC[C@@H]4NC4CCC5(CC4)CC5(F)F)ccc3C2=O)C(=O)N1,IKZF1,,44.0,=,0,HEK293,Gilead Sciences,JP2026020265A,PGDB_AS000216,% Degradation,luminescence,standardized
PGDB_C008624,O=C1CCC(N2Cc3cc(C[C@H]4CCCC[C@@H]4NC4CCC5(CC4)CC5(F)F)ccc3C2=O)C(=O)N1,IKZF2,,98.0,=,1,HEK293,Gilead Sciences,JP2026020265A,PGDB_AS000211,% Degradation,luminescence,standardized
PGDB_C008409,O=C1CCC(N2Cc3cc(C[C@H]4CCCC[C@@H]4NC4CCC5(CC4)CC5)ccc3C2=O)C(=O)N1,IKZF1,,56.0,=,0,HEK293,Gilead Sciences,JP2026020265A,PGDB_AS000216,% Degradation,luminescence,standardized
PGDB_C008409,O=C1CCC(N2Cc3cc(C[C@H]4CCCC[C@@H]4NC4CCC5(CC4)CC5)ccc3C2=O)C(=O)N1,IKZF2,,97.0,=,1,HEK293,Gilead Sciences,JP2026020265A,PGDB_AS000211,% Degradation,luminescence,standardized
PGDB_C008467,O=C1CCC(N2Cc3cc(C[C@H]4CCCC[C@@H]4NC4CCC5(CC4)COC5)ccc3C2=O)C(=O)N1,IKZF1,,34.0,=,0,HEK293,Gilead Sciences,JP2026020265A,PGDB_AS000216,% Degradation,luminescence,standardized
PGDB_C008467,O=C1CCC(N2Cc3cc(C[C@H]4CCCC[C@@H]4NC4CCC5(CC4)COC5)ccc3C2=O)C(=O)N1,IKZF2,,97.0,=,1,HEK293,Gilead Sciences,JP2026020265A,PGDB_AS000211,% Degradation,luminescence,standardized
PGDB_C008629,O=C1CCC(N2Cc3cc(C[C@H]4CCCC[C@@H]4NC4CCC5(CC5)C4)ccc3C2=O)C(=O)N1,IKZF1,,30.0,=,0,HEK293,Gilead Sciences,JP2026020265A,PGDB_AS000216,% Degradation,luminescence,standardized
PGDB_C008629,O=C1CCC(N2Cc3cc(C[C@H]4CCCC[C@@H]4NC4CCC5(CC5)C4)ccc3C2=O)C(=O)N1,IKZF2,,96.0,=,1,HEK293,Gilead Sciences,JP2026020265A,PGDB_AS000211,% Degradation,luminescence,standardized
PGDB_C008546,O=C1CCC(N2Cc3cc(C[C@H]4CCCC[C@@H]4NC4CCC5(CCO5)CC4)ccc3C2=O)C(=O)N1,IKZF1,,28.0,=,0,HEK293,Gilead Sciences,JP2026020265A,PGDB_AS000216,% Degradation,luminescence,standardized
PGDB_C008546,O=C1CCC(N2Cc3cc(C[C@H]4CCCC[C@@H]4NC4CCC5(CCO5)CC4)ccc3C2=O)C(=O)N1,IKZF2,,98.0,=,1,HEK293,Gilead Sciences,JP2026020265A,PGDB_AS000211,% Degradation,luminescence,standardized
PGDB_C008567,O=C1CCC(N2Cc3cc(C[C@H]4CCCC[C@@H]4NC4CCC5COC4O5)ccc3C2=O)C(=O)N1,IKZF2,,96.0,=,1,HEK293,Gilead Sciences,JP2026020265A,PGDB_AS000211,% Degradation,luminescence,standardized
PGDB_C008433,O=C1CCC(N2Cc3cc(C[C@H]4CCCC[C@@H]4NC4CCCC4)ccc3C2=O)C(=O)N1,IKZF2,,96.0,=,1,HEK293,Gilead Sciences,JP2026020265A,PGDB_AS000211,% Degradation,luminescence,standardized
PGDB_C010310,O=C1CCC(N2Cc3cc(C[C@H]4CCCC[C@@H]4NC4CCCCC4(F)F)ccc3C2=O)C(=O)N1,IKZF2,,81.0,=,1,HEK293,Gilead Sciences,JP2026020265A,PGDB_AS000211,% Degradation,luminescence,standardized
PGDB_C008434,O=C1CCC(N2Cc3cc(C[C@H]4CCCC[C@@H]4NC4CCCCC4)ccc3C2=O)C(=O)N1,IKZF2,,96.0,=,1,HEK293,Gilead Sciences,JP2026020265A,PGDB_AS000211,% Degradation,luminescence,standardized
PGDB_C008591,O=C1CCC(N2Cc3cc(C[C@H]4CCCC[C@@H]4NC4CCCCC45CC5)ccc3C2=O)C(=O)N1,IKZF2,,97.0,=,1,HEK293,Gilead Sciences,JP2026020265A,PGDB_AS000211,% Degradation,luminescence,standardized
PGDB_C008568,O=C1CCC(N2Cc3cc(C[C@H]4CCCC[C@@H]4NC4CCCCCC4)ccc3C2=O)C(=O)N1,IKZF1,,23.0,=,0,HEK293,Gilead Sciences,JP2026020265A,PGDB_AS000216,% Degradation,luminescence,standardized
PGDB_C008568,O=C1CCC(N2Cc3cc(C[C@H]4CCCC[C@@H]4NC4CCCCCC4)ccc3C2=O)C(=O)N1,IKZF2,,97.0,=,1,HEK293,Gilead Sciences,JP2026020265A,PGDB_AS000211,% Degradation,luminescence,standardized
PGDB_C011201,O=C1CCC(N2Cc3cc(C[C@H]4CCCC[C@@H]4NC4CCCC[C@H]4F)ccc3C2=O)C(=O)N1,IKZF1,,36.0,=,0,HEK293,Gilead Sciences,JP2026020265A,PGDB_AS000216,% Degradation,luminescence,standardized
PGDB_C011201,O=C1CCC(N2Cc3cc(C[C@H]4CCCC[C@@H]4NC4CCCC[C@H]4F)ccc3C2=O)C(=O)N1,IKZF2,,96.0,=,1,HEK293,Gilead Sciences,JP2026020265A,PGDB_AS000211,% Degradation,luminescence,standardized
PGDB_C008619,O=C1CCC(N2Cc3cc(C[C@H]4CCCC[C@@H]4NC4CCCOC4)ccc3C2=O)C(=O)N1,IKZF2,,96.0,=,1,HEK293,Gilead Sciences,JP2026020265A,PGDB_AS000211,% Degradation,luminescence,standardized
PGDB_C008569,O=C1CCC(N2Cc3cc(C[C@H]4CCCC[C@@H]4NC4CCCOCC4)ccc3C2=O)C(=O)N1,IKZF1,,22.0,=,0,HEK293,Gilead Sciences,JP2026020265A,PGDB_AS000216,% Degradation,luminescence,standardized
PGDB_C008569,O=C1CCC(N2Cc3cc(C[C@H]4CCCC[C@@H]4NC4CCCOCC4)ccc3C2=O)C(=O)N1,IKZF2,,97.0,=,1,HEK293,Gilead Sciences,JP2026020265A,PGDB_AS000211,% Degradation,luminescence,standardized
PGDB_C008684,O=C1CCC(N2Cc3cc(C[C@H]4CCCC[C@@H]4NC4CCCc5cn[nH]c54)ccc3C2=O)C(=O)N1,IKZF1,,38.0,=,0,HEK293,Gilead Sciences,JP2026020265A,PGDB_AS000216,% Degradation,luminescence,standardized
PGDB_C008684,O=C1CCC(N2Cc3cc(C[C@H]4CCCC[C@@H]4NC4CCCc5cn[nH]c54)ccc3C2=O)C(=O)N1,IKZF2,,94.0,=,1,HEK293,Gilead Sciences,JP2026020265A,PGDB_AS000211,% Degradation,luminescence,standardized
PGDB_C008454,O=C1CCC(N2Cc3cc(C[C@H]4CCCC[C@@H]4NC4CCOC4)ccc3C2=O)C(=O)N1,IKZF2,,95.0,=,1,HEK293,Gilead Sciences,JP2026020265A,PGDB_AS000211,% Degradation,luminescence,standardized
PGDB_C008455,O=C1CCC(N2Cc3cc(C[C@H]4CCCC[C@@H]4NC4CCOCC4)ccc3C2=O)C(=O)N1,IKZF1,,55.0,=,0,HEK293,Gilead Sciences,JP2026020265A,PGDB_AS000216,% Degradation,luminescence,standardized
PGDB_C008455,O=C1CCC(N2Cc3cc(C[C@H]4CCCC[C@@H]4NC4CCOCC4)ccc3C2=O)C(=O)N1,IKZF2,,96.0,=,1,HEK293,Gilead Sciences,JP2026020265A,PGDB_AS000211,% Degradation,luminescence,standardized
PGDB_C008549,O=C1CCC(N2Cc3cc(C[C@H]4CCCC[C@@H]4NC4CCOc5ccccc54)ccc3C2=O)C(=O)N1,IKZF1,,46.0,=,0,HEK293,Gilead Sciences,JP2026020265A,PGDB_AS000216,% Degradation,luminescence,standardized
PGDB_C008549,O=C1CCC(N2Cc3cc(C[C@H]4CCCC[C@@H]4NC4CCOc5ccccc54)ccc3C2=O)C(=O)N1,IKZF2,,96.0,=,1,HEK293,Gilead Sciences,JP2026020265A,PGDB_AS000211,% Degradation,luminescence,standardized
PGDB_C008472,O=C1CCC(N2Cc3cc(C[C@H]4CCCC[C@@H]4NC4CCS(=O)(=O)CC4)ccc3C2=O)C(=O)N1,IKZF1,,47.0,=,0,HEK293,Gilead Sciences,JP2026020265A,PGDB_AS000216,% Degradation,luminescence,standardized
PGDB_C008472,O=C1CCC(N2Cc3cc(C[C@H]4CCCC[C@@H]4NC4CCS(=O)(=O)CC4)ccc3C2=O)C(=O)N1,IKZF2,,97.0,=,1,HEK293,Gilead Sciences,JP2026020265A,PGDB_AS000211,% Degradation,luminescence,standardized
PGDB_C008682,O=C1CCC(N2Cc3cc(C[C@H]4CCCC[C@@H]4NC4CCc5[nH]ncc5C4)ccc3C2=O)C(=O)N1,IKZF1,,34.0,=,0,HEK293,Gilead Sciences,JP2026020265A,PGDB_AS000216,% Degradation,luminescence,standardized
PGDB_C008682,O=C1CCC(N2Cc3cc(C[C@H]4CCCC[C@@H]4NC4CCc5[nH]ncc5C4)ccc3C2=O)C(=O)N1,IKZF2,,98.0,=,1,HEK293,Gilead Sciences,JP2026020265A,PGDB_AS000211,% Degradation,luminescence,standardized
PGDB_C008689,O=C1CCC(N2Cc3cc(C[C@H]4CCCC[C@@H]4NC4CCc5c(C(F)(F)F)n[nH]c5C4)ccc3C2=O)C(=O)N1,IKZF1,,39.0,=,0,HEK293,Gilead Sciences,JP2026020265A,PGDB_AS000216,% Degradation,luminescence,standardized
PGDB_C008689,O=C1CCC(N2Cc3cc(C[C@H]4CCCC[C@@H]4NC4CCc5c(C(F)(F)F)n[nH]c5C4)ccc3C2=O)C(=O)N1,IKZF2,,99.0,=,1,HEK293,Gilead Sciences,JP2026020265A,PGDB_AS000211,% Degradation,luminescence,standardized
PGDB_C008512,O=C1CCC(N2Cc3cc(C[C@H]4CCCC[C@@H]4NC4CCc5ccccc54)ccc3C2=O)C(=O)N1,IKZF1,,45.0,=,0,HEK293,Gilead Sciences,JP2026020265A,PGDB_AS000216,% Degradation,luminescence,standardized
PGDB_C008512,O=C1CCC(N2Cc3cc(C[C@H]4CCCC[C@@H]4NC4CCc5ccccc54)ccc3C2=O)C(=O)N1,IKZF2,,96.0,=,1,HEK293,Gilead Sciences,JP2026020265A,PGDB_AS000211,% Degradation,luminescence,standardized
PGDB_C008541,O=C1CCC(N2Cc3cc(C[C@H]4CCCC[C@@H]4NC4CCc5cn[nH]c5C4)ccc3C2=O)C(=O)N1,IKZF1,,28.0,=,0,HEK293,Gilead Sciences,JP2026020265A,PGDB_AS000216,% Degradation,luminescence,standardized
PGDB_C008541,O=C1CCC(N2Cc3cc(C[C@H]4CCCC[C@@H]4NC4CCc5cn[nH]c5C4)ccc3C2=O)C(=O)N1,IKZF2,,101.0,=,1,HEK293,Gilead Sciences,JP2026020265A,PGDB_AS000211,% Degradation,luminescence,standardized
PGDB_C008453,O=C1CCC(N2Cc3cc(C[C@H]4CCCC[C@@H]4NC4COC4)ccc3C2=O)C(=O)N1,IKZF2,,83.0,=,1,HEK293,Gilead Sciences,JP2026020265A,PGDB_AS000211,% Degradation,luminescence,standardized
PGDB_C008522,O=C1CCC(N2Cc3cc(C[C@H]4CCCC[C@@H]4NC4COc5ccccc5C4)ccc3C2=O)C(=O)N1,IKZF2,,94.0,=,1,HEK293,Gilead Sciences,JP2026020265A,PGDB_AS000211,% Degradation,luminescence,standardized
PGDB_C008570,O=C1CCC(N2Cc3cc(C[C@H]4CCCC[C@@H]4NC4C[C@@H]5COC[C@H]5C4)ccc3C2=O)C(=O)N1,IKZF2,,97.0,=,1,HEK293,Gilead Sciences,JP2026020265A,PGDB_AS000211,% Degradation,luminescence,standardized
PGDB_C008551,O=C1CCC(N2Cc3cc(C[C@H]4CCCC[C@@H]4NC4Cc5ccccc5C4)ccc3C2=O)C(=O)N1,IKZF1,,42.0,=,0,HEK293,Gilead Sciences,JP2026020265A,PGDB_AS000216,% Degradation,luminescence,standardized
PGDB_C008551,O=C1CCC(N2Cc3cc(C[C@H]4CCCC[C@@H]4NC4Cc5ccccc5C4)ccc3C2=O)C(=O)N1,IKZF2,,97.0,=,1,HEK293,Gilead Sciences,JP2026020265A,PGDB_AS000211,% Degradation,luminescence,standardized
PGDB_C008548,O=C1CCC(N2Cc3cc(C[C@H]4CCCC[C@@H]4NCC45CC(c6ccccc6)(C4)C5(F)F)ccc3C2=O)C(=O)N1,IKZF2,,86.0,=,1,HEK293,Gilead Sciences,JP2026020265A,PGDB_AS000211,% Degradation,luminescence,standardized
PGDB_C008444,O=C1CCC(N2Cc3cc(C[C@H]4CCCC[C@@H]4NCC45CC4C5)ccc3C2=O)C(=O)N1,IKZF2,,89.0,=,1,HEK293,Gilead Sciences,JP2026020265A,PGDB_AS000211,% Degradation,luminescence,standardized
PGDB_C008729,O=C1CCC(N2Cc3cc(C[C@H]4CCCC[C@@H]4NCC45CCC(CC4)C5)ccc3C2=O)C(=O)N1,IKZF2,,92.0,=,1,HEK293,Gilead Sciences,JP2026020265A,PGDB_AS000211,% Degradation,luminescence,standardized
PGDB_C008405,O=C1CCC(N2Cc3cc(C[C@H]4CCCC[C@@H]4NCC4CC(F)(F)C4)ccc3C2=O)C(=O)N1,IKZF1,,25.0,=,0,HEK293,Gilead Sciences,JP2026020265A,PGDB_AS000216,% Degradation,luminescence,standardized
PGDB_C008405,O=C1CCC(N2Cc3cc(C[C@H]4CCCC[C@@H]4NCC4CC(F)(F)C4)ccc3C2=O)C(=O)N1,IKZF2,,91.0,=,1,HEK293,Gilead Sciences,JP2026020265A,PGDB_AS000211,% Degradation,luminescence,standardized
PGDB_C008389,O=C1CCC(N2Cc3cc(C[C@H]4CCCC[C@@H]4NCC4CC4)ccc3C2=O)C(=O)N1,IKZF1,,34.0,=,0,HEK293,Gilead Sciences,JP2026020265A,PGDB_AS000216,% Degradation,luminescence,standardized
PGDB_C008389,O=C1CCC(N2Cc3cc(C[C@H]4CCCC[C@@H]4NCC4CC4)ccc3C2=O)C(=O)N1,IKZF2,,94.0,=,1,HEK293,Gilead Sciences,JP2026020265A,PGDB_AS000211,% Degradation,luminescence,standardized
PGDB_C008391,O=C1CCC(N2Cc3cc(C[C@H]4CCCC[C@@H]4NCC4CCC(F)(F)CC4)ccc3C2=O)C(=O)N1,IKZF1,,46.0,=,0,HEK293,Gilead Sciences,JP2026020265A,PGDB_AS000216,% Degradation,luminescence,standardized
PGDB_C008391,O=C1CCC(N2Cc3cc(C[C@H]4CCCC[C@@H]4NCC4CCC(F)(F)CC4)ccc3C2=O)C(=O)N1,IKZF2,,96.0,=,1,HEK293,Gilead Sciences,JP2026020265A,PGDB_AS000211,% Degradation,luminescence,standardized
PGDB_C008450,O=C1CCC(N2Cc3cc(C[C@H]4CCCC[C@@H]4NCC4CCOC4)ccc3C2=O)C(=O)N1,IKZF2,,91.0,=,1,HEK293,Gilead Sciences,JP2026020265A,PGDB_AS000211,% Degradation,luminescence,standardized
PGDB_C008452,O=C1CCC(N2Cc3cc(C[C@H]4CCCC[C@@H]4NCC4CCOCC4)ccc3C2=O)C(=O)N1,IKZF2,,89.0,=,1,HEK293,Gilead Sciences,JP2026020265A,PGDB_AS000211,% Degradation,luminescence,standardized
PGDB_C008449,O=C1CCC(N2Cc3cc(C[C@H]4CCCC[C@@H]4NCC4COC4)ccc3C2=O)C(=O)N1,IKZF2,,91.0,=,1,HEK293,Gilead Sciences,JP2026020265A,PGDB_AS000211,% Degradation,luminescence,standardized
PGDB_C008441,O=C1CCC(N2Cc3cc(C[C@H]4CCCC[C@@H]4NCC4OCCO4)ccc3C2=O)C(=O)N1,IKZF2,,63.0,=,0,HEK293,Gilead Sciences,JP2026020265A,PGDB_AS000211,% Degradation,luminescence,standardized
PGDB_C011198,O=C1CCC(N2Cc3cc(C[C@H]4CCCC[C@@H]4NCCC(F)(F)F)ccc3C2=O)C(=O)N1,IKZF1,,37.0,=,0,HEK293,Gilead Sciences,JP2026020265A,PGDB_AS000216,% Degradation,luminescence,standardized
PGDB_C011198,O=C1CCC(N2Cc3cc(C[C@H]4CCCC[C@@H]4NCCC(F)(F)F)ccc3C2=O)C(=O)N1,IKZF2,,92.0,=,1,HEK293,Gilead Sciences,JP2026020265A,PGDB_AS000211,% Degradation,luminescence,standardized
PGDB_C008515,O=C1CCC(N2Cc3cc(C[C@H]4CCCC[C@@H]4NCCCC(F)F)ccc3C2=O)C(=O)N1,IKZF1,,24.0,=,0,HEK293,Gilead Sciences,JP2026020265A,PGDB_AS000216,% Degradation,luminescence,standardized
PGDB_C008515,O=C1CCC(N2Cc3cc(C[C@H]4CCCC[C@@H]4NCCCC(F)F)ccc3C2=O)C(=O)N1,IKZF2,,93.0,=,1,HEK293,Gilead Sciences,JP2026020265A,PGDB_AS000211,% Degradation,luminescence,standardized
PGDB_C008446,O=C1CCC(N2Cc3cc(C[C@H]4CCCC[C@@H]4NCCOc4ccccc4Cl)ccc3C2=O)C(=O)N1,IKZF2,,64.0,=,0,HEK293,Gilead Sciences,JP2026020265A,PGDB_AS000211,% Degradation,luminescence,standardized
PGDB_C008474,O=C1CCC(N2Cc3cc(C[C@H]4CCCC[C@@H]4NCCc4ccccc4)ccc3C2=O)C(=O)N1,IKZF1,,22.0,=,0,HEK293,Gilead Sciences,JP2026020265A,PGDB_AS000216,% Degradation,luminescence,standardized
PGDB_C008474,O=C1CCC(N2Cc3cc(C[C@H]4CCCC[C@@H]4NCCc4ccccc4)ccc3C2=O)C(=O)N1,IKZF2,,91.0,=,1,HEK293,Gilead Sciences,JP2026020265A,PGDB_AS000211,% Degradation,luminescence,standardized
PGDB_C008399,O=C1CCC(N2Cc3cc(C[C@H]4CCCC[C@@H]4NCc4c(F)cccc4F)ccc3C2=O)C(=O)N1,IKZF2,,89.0,=,1,HEK293,Gilead Sciences,JP2026020265A,PGDB_AS000211,% Degradation,luminescence,standardized
PGDB_C008424,O=C1CCC(N2Cc3cc(C[C@H]4CCCC[C@@H]4NCc4c(F)cncc4F)ccc3C2=O)C(=O)N1,IKZF2,,45.0,=,0,HEK293,Gilead Sciences,JP2026020265A,PGDB_AS000211,% Degradation,luminescence,standardized
PGDB_C008394,O=C1CCC(N2Cc3cc(C[C@H]4CCCC[C@@H]4NCc4cc(Cl)cc(Cl)c4)ccc3C2=O)C(=O)N1,IKZF2,,68.0,=,0,HEK293,Gilead Sciences,JP2026020265A,PGDB_AS000211,% Degradation,luminescence,standardized
PGDB_C008396,O=C1CCC(N2Cc3cc(C[C@H]4CCCC[C@@H]4NCc4cc(F)cc(F)c4)ccc3C2=O)C(=O)N1,IKZF2,,95.0,=,1,HEK293,Gilead Sciences,JP2026020265A,PGDB_AS000211,% Degradation,luminescence,standardized
PGDB_C008403,O=C1CCC(N2Cc3cc(C[C@H]4CCCC[C@@H]4NCc4cc(F)ccc4F)ccc3C2=O)C(=O)N1,IKZF2,,86.0,=,1,HEK293,Gilead Sciences,JP2026020265A,PGDB_AS000211,% Degradation,luminescence,standardized
PGDB_C008397,O=C1CCC(N2Cc3cc(C[C@H]4CCCC[C@@H]4NCc4ccc(C(F)(F)F)cc4)ccc3C2=O)C(=O)N1,IKZF2,,87.0,=,1,HEK293,Gilead Sciences,JP2026020265A,PGDB_AS000211,% Degradation,luminescence,standardized
PGDB_C008400,O=C1CCC(N2Cc3cc(C[C@H]4CCCC[C@@H]4NCc4ccc(F)cc4F)ccc3C2=O)C(=O)N1,IKZF2,,89.0,=,1,HEK293,Gilead Sciences,JP2026020265A,PGDB_AS000211,% Degradation,luminescence,standardized
PGDB_C008430,O=C1CCC(N2Cc3cc(C[C@H]4CCCC[C@@H]4NCc4ccc(F)cn4)ccc3C2=O)C(=O)N1,IKZF2,,66.0,=,0,HEK293,Gilead Sciences,JP2026020265A,PGDB_AS000211,% Degradation,luminescence,standardized
PGDB_C008390,O=C1CCC(N2Cc3cc(C[C@H]4CCCC[C@@H]4NCc4ccc5ccccc5c4)ccc3C2=O)C(=O)N1,IKZF2,,92.0,=,1,HEK293,Gilead Sciences,JP2026020265A,PGDB_AS000211,% Degradation,luminescence,standardized
PGDB_C008385,O=C1CCC(N2Cc3cc(C[C@H]4CCCC[C@@H]4NCc4ccccc4)c(F)cc3C2=O)C(=O)N1,IKZF1,,26.0,=,0,HEK293,Gilead Sciences,JP2026020265A,PGDB_AS000216,% Degradation,luminescence,standardized
PGDB_C008385,O=C1CCC(N2Cc3cc(C[C@H]4CCCC[C@@H]4NCc4ccccc4)c(F)cc3C2=O)C(=O)N1,IKZF2,,92.0,=,1,HEK293,Gilead Sciences,JP2026020265A,PGDB_AS000211,% Degradation,luminescence,standardized
PGDB_C008383,O=C1CCC(N2Cc3cc(C[C@H]4CCCC[C@@H]4NCc4ccccc4)ccc3C2=O)C(=O)N1,IKZF2,,88.0,=,1,HEK293,Gilead Sciences,JP2026020265A,PGDB_AS000211,% Degradation,luminescence,standardized
PGDB_C008384,O=C1CCC(N2Cc3cc(C[C@H]4CCCC[C@@H]4NCc4ccccc4Cl)ccc3C2=O)C(=O)N1,IKZF1,,38.0,=,0,HEK293,Gilead Sciences,JP2026020265A,PGDB_AS000216,% Degradation,luminescence,standardized
PGDB_C008384,O=C1CCC(N2Cc3cc(C[C@H]4CCCC[C@@H]4NCc4ccccc4Cl)ccc3C2=O)C(=O)N1,IKZF2,,94.0,=,1,HEK293,Gilead Sciences,JP2026020265A,PGDB_AS000211,% Degradation,luminescence,standardized
PGDB_C008426,O=C1CCC(N2Cc3cc(C[C@H]4CCCC[C@@H]4NCc4ccccn4)ccc3C2=O)C(=O)N1,IKZF2,,71.0,=,0,HEK293,Gilead Sciences,JP2026020265A,PGDB_AS000211,% Degradation,luminescence,standardized
PGDB_C008422,O=C1CCC(N2Cc3cc(C[C@H]4CCCC[C@@H]4NCc4cccnc4)ccc3C2=O)C(=O)N1,IKZF1,,44.0,=,0,HEK293,Gilead Sciences,JP2026020265A,PGDB_AS000216,% Degradation,luminescence,standardized
PGDB_C008422,O=C1CCC(N2Cc3cc(C[C@H]4CCCC[C@@H]4NCc4cccnc4)ccc3C2=O)C(=O)N1,IKZF2,,90.0,=,1,HEK293,Gilead Sciences,JP2026020265A,PGDB_AS000211,% Degradation,luminescence,standardized
PGDB_C008439,O=C1CCC(N2Cc3cc(C[C@H]4CCCC[C@@H]4NCc4cccnc4C(F)(F)F)ccc3C2=O)C(=O)N1,IKZF1,,34.0,=,0,HEK293,Gilead Sciences,JP2026020265A,PGDB_AS000216,% Degradation,luminescence,standardized
PGDB_C008439,O=C1CCC(N2Cc3cc(C[C@H]4CCCC[C@@H]4NCc4cccnc4C(F)(F)F)ccc3C2=O)C(=O)N1,IKZF2,,75.0,=,0,HEK293,Gilead Sciences,JP2026020265A,PGDB_AS000211,% Degradation,luminescence,standardized
PGDB_C008443,O=C1CCC(N2Cc3cc(C[C@H]4CCCC[C@@H]4NCc4cccnc4F)ccc3C2=O)C(=O)N1,IKZF2,,79.0,=,0,HEK293,Gilead Sciences,JP2026020265A,PGDB_AS000211,% Degradation,luminescence,standardized
PGDB_C008421,O=C1CCC(N2Cc3cc(C[C@H]4CCCC[C@@H]4NCc4ccncc4)ccc3C2=O)C(=O)N1,IKZF2,,81.0,=,1,HEK293,Gilead Sciences,JP2026020265A,PGDB_AS000211,% Degradation,luminescence,standardized
PGDB_C008432,O=C1CCC(N2Cc3cc(C[C@H]4CCCC[C@@H]4NCc4cncc(F)c4)ccc3C2=O)C(=O)N1,IKZF2,,80.0,=,1,HEK293,Gilead Sciences,JP2026020265A,PGDB_AS000211,% Degradation,luminescence,standardized
PGDB_C008440,O=C1CCC(N2Cc3cc(C[C@H]4CCCC[C@@H]4NCc4cnccn4)ccc3C2=O)C(=O)N1,IKZF2,,77.0,=,0,HEK293,Gilead Sciences,JP2026020265A,PGDB_AS000211,% Degradation,luminescence,standardized
PGDB_C008387,O=C1CCC(N2Cc3cc(C[C@H]4CCCC[C@@H]4NCc4cncs4)ccc3C2=O)C(=O)N1,IKZF1,,32.0,=,0,HEK293,Gilead Sciences,JP2026020265A,PGDB_AS000216,% Degradation,luminescence,standardized
PGDB_C008387,O=C1CCC(N2Cc3cc(C[C@H]4CCCC[C@@H]4NCc4cncs4)ccc3C2=O)C(=O)N1,IKZF2,,90.0,=,1,HEK293,Gilead Sciences,JP2026020265A,PGDB_AS000211,% Degradation,luminescence,standardized
PGDB_C008417,O=C1CCC(N2Cc3cc(C[C@H]4CCCC[C@@H]4NCc4cscn4)ccc3C2=O)C(=O)N1,IKZF1,,33.0,=,0,HEK293,Gilead Sciences,JP2026020265A,PGDB_AS000216,% Degradation,luminescence,standardized
PGDB_C008417,O=C1CCC(N2Cc3cc(C[C@H]4CCCC[C@@H]4NCc4cscn4)ccc3C2=O)C(=O)N1,IKZF2,,89.0,=,1,HEK293,Gilead Sciences,JP2026020265A,PGDB_AS000211,% Degradation,luminescence,standardized
PGDB_C008425,O=C1CCC(N2Cc3cc(C[C@H]4CCCC[C@@H]4NCc4ncc(F)cc4F)ccc3C2=O)C(=O)N1,IKZF2,,60.0,=,0,HEK293,Gilead Sciences,JP2026020265A,PGDB_AS000211,% Degradation,luminescence,standardized
PGDB_C008431,O=C1CCC(N2Cc3cc(C[C@H]4CCCC[C@@H]4NCc4ncccc4F)ccc3C2=O)C(=O)N1,IKZF2,,57.0,=,0,HEK293,Gilead Sciences,JP2026020265A,PGDB_AS000211,% Degradation,luminescence,standardized
PGDB_C008418,O=C1CCC(N2Cc3cc(C[C@H]4CCCC[C@@H]4NCc4nccs4)ccc3C2=O)C(=O)N1,IKZF2,,69.0,=,0,HEK293,Gilead Sciences,JP2026020265A,PGDB_AS000211,% Degradation,luminescence,standardized
PGDB_C008639,O=C1CCC(N2Cc3cc(C[C@H]4CCCC[C@@H]4N[C@@H]4CCC(F)(F)C4)ccc3C2=O)C(=O)N1,IKZF2,,89.0,=,1,HEK293,Gilead Sciences,JP2026020265A,PGDB_AS000211,% Degradation,luminescence,standardized
PGDB_C008683,O=C1CCC(N2Cc3cc(C[C@H]4CCCC[C@@H]4N[C@@H]4CCc5[nH]nc(C(F)(F)F)c5C4)ccc3C2=O)C(=O)N1,IKZF1,,47.0,=,0,HEK293,Gilead Sciences,JP2026020265A,PGDB_AS000216,% Degradation,luminescence,standardized
PGDB_C008683,O=C1CCC(N2Cc3cc(C[C@H]4CCCC[C@@H]4N[C@@H]4CCc5[nH]nc(C(F)(F)F)c5C4)ccc3C2=O)C(=O)N1,IKZF2,,99.0,=,1,HEK293,Gilead Sciences,JP2026020265A,PGDB_AS000211,% Degradation,luminescence,standardized
PGDB_C008683,O=C1CCC(N2Cc3cc(C[C@H]4CCCC[C@@H]4N[C@@H]4CCc5[nH]nc(C(F)(F)F)c5C4)ccc3C2=O)C(=O)N1,SALL4,,47.0,=,0,HEK293,Gilead Sciences,JP2026020265A,PGDB_AS002183,% Degradation,,standardized
PGDB_C008531,O=C1CCC(N2Cc3cc(C[C@H]4CCC[C@@H](F)[C@@H]4NC4CCCCC4)ccc3C2=O)C(=O)N1,IKZF2,,93.0,=,1,HEK293,Gilead Sciences,JP2026020265A,PGDB_AS000211,% Degradation,luminescence,standardized
PGDB_C008552,O=C1CCC(N2Cc3cc(C[C@H]4CCC[C@@H]4NC4CCC(F)(F)CC4)ccc3C2=O)C(=O)N1,IKZF2,,72.0,=,0,HEK293,Gilead Sciences,JP2026020265A,PGDB_AS000211,% Degradation,luminescence,standardized
PGDB_C008545,O=C1CCC(N2Cc3cc(C[C@H]4CCC[C@H](F)[C@@H]4NC4CCCCC4)ccc3C2=O)C(=O)N1,IKZF2,,62.0,=,0,HEK293,Gilead Sciences,JP2026020265A,PGDB_AS000211,% Degradation,luminescence,standardized
PGDB_C008529,O=C1CCC(N2Cc3cc(C[C@H]4CCC[C@H](O)[C@@H]4NC4CCC(F)(F)CC4)ccc3C2=O)C(=O)N1,IKZF1,,45.0,=,0,HEK293,Gilead Sciences,JP2026020265A,PGDB_AS000216,% Degradation,luminescence,standardized
PGDB_C008529,O=C1CCC(N2Cc3cc(C[C@H]4CCC[C@H](O)[C@@H]4NC4CCC(F)(F)CC4)ccc3C2=O)C(=O)N1,IKZF2,,95.0,=,1,HEK293,Gilead Sciences,JP2026020265A,PGDB_AS000211,% Degradation,luminescence,standardized
PGDB_C008645,O=C1CCC(N2Cc3cc(C[C@H]4CCC[C@H](O)[C@@H]4NC4CCCCC4)ccc3C2=O)C(=O)N1,IKZF2,,90.0,=,1,HEK293,Gilead Sciences,JP2026020265A,PGDB_AS000211,% Degradation,luminescence,standardized
PGDB_C020299,O=C1CCC(N2Cc3cc(C[C@H]4CCOC[C@@H]4NC4CCC(F)(F)CC4)ccc3C2=O)C(=O)N1,IKZF2,,80.0,=,1,HEK293,Gilead Sciences,JP2026020265A,PGDB_AS000211,% Degradation,luminescence,standardized
PGDB_C008685,O=C1CCC(N2Cc3cc(C[C@H]4CC[C@@H](F)C[C@@H]4NC4CCC(F)(F)CC4)ccc3C2=O)C(=O)N1,IKZF1,,32.0,=,0,HEK293,Gilead Sciences,JP2026020265A,PGDB_AS000216,% Degradation,luminescence,standardized
PGDB_C008685,O=C1CCC(N2Cc3cc(C[C@H]4CC[C@@H](F)C[C@@H]4NC4CCC(F)(F)CC4)ccc3C2=O)C(=O)N1,IKZF2,,93.0,=,1,HEK293,Gilead Sciences,JP2026020265A,PGDB_AS000211,% Degradation,luminescence,standardized
PGDB_C008686,O=C1CCC(N2Cc3cc(C[C@H]4CC[C@@H](F)C[C@@H]4NC4CCCCC4)ccc3C2=O)C(=O)N1,IKZF2,,91.0,=,1,HEK293,Gilead Sciences,JP2026020265A,PGDB_AS000211,% Degradation,luminescence,standardized
PGDB_C008674,O=C1CCC(N2Cc3cc(C[C@H]4CC[C@H](O)C[C@@H]4NC4CCC(F)(F)CC4)ccc3C2=O)C(=O)N1,IKZF2,,84.0,=,1,HEK293,Gilead Sciences,JP2026020265A,PGDB_AS000211,% Degradation,luminescence,standardized
PGDB_C008703,O=C1CCC(N2Cc3cc(C[C@H]4C[C@@H](CO)CC[C@@H]4NC4CCCCC4)ccc3C2=O)C(=O)N1,IKZF2,,48.0,=,0,HEK293,Gilead Sciences,JP2026020265A,PGDB_AS000211,% Degradation,luminescence,standardized
PGDB_C008672,O=C1CCC(N2Cc3cc(C[C@H]4C[C@@H](F)CC[C@@H]4NC4CCC(F)(F)CC4)ccc3C2=O)C(=O)N1,IKZF2,,87.0,=,1,HEK293,Gilead Sciences,JP2026020265A,PGDB_AS000211,% Degradation,luminescence,standardized
PGDB_C008673,O=C1CCC(N2Cc3cc(C[C@H]4C[C@@H](F)CC[C@@H]4NC4CCCCC4)ccc3C2=O)C(=O)N1,IKZF2,,86.0,=,1,HEK293,Gilead Sciences,JP2026020265A,PGDB_AS000211,% Degradation,luminescence,standardized
PGDB_C008539,O=C1CCC(N2Cc3cc(C[C@H]4C[C@@H](O)CC[C@@H]4NC4CCC(F)(F)CC4)ccc3C2=O)C(=O)N1,IKZF1,,42.0,=,0,HEK293,Gilead Sciences,JP2026020265A,PGDB_AS000216,% Degradation,luminescence,standardized
PGDB_C008539,O=C1CCC(N2Cc3cc(C[C@H]4C[C@@H](O)CC[C@@H]4NC4CCC(F)(F)CC4)ccc3C2=O)C(=O)N1,IKZF2,,93.0,=,1,HEK293,Gilead Sciences,JP2026020265A,PGDB_AS000211,% Degradation,luminescence,standardized
PGDB_C008704,O=C1CCC(N2Cc3cc(C[C@H]4C[C@H](CO)CC[C@@H]4NC4CCCCC4)ccc3C2=O)C(=O)N1,IKZF2,,77.0,=,0,HEK293,Gilead Sciences,JP2026020265A,PGDB_AS000211,% Degradation,luminescence,standardized
PGDB_C008544,O=C1CCC(N2Cc3cc(C[C@H]4C[C@H](F)CC[C@@H]4NC4CCC(F)(F)CC4)ccc3C2=O)C(=O)N1,IKZF1,,42.0,=,0,HEK293,Gilead Sciences,JP2026020265A,PGDB_AS000216,% Degradation,luminescence,standardized
PGDB_C008544,O=C1CCC(N2Cc3cc(C[C@H]4C[C@H](F)CC[C@@H]4NC4CCC(F)(F)CC4)ccc3C2=O)C(=O)N1,IKZF2,,97.0,=,1,HEK293,Gilead Sciences,JP2026020265A,PGDB_AS000211,% Degradation,luminescence,standardized
PGDB_C008537,O=C1CCC(N2Cc3cc(C[C@H]4C[C@H](O)CC[C@@H]4NC4CCC(F)(F)CC4)ccc3C2=O)C(=O)N1,IKZF1,,56.0,=,0,HEK293,Gilead Sciences,JP2026020265A,PGDB_AS000216,% Degradation,luminescence,standardized
PGDB_C008537,O=C1CCC(N2Cc3cc(C[C@H]4C[C@H](O)CC[C@@H]4NC4CCC(F)(F)CC4)ccc3C2=O)C(=O)N1,IKZF2,,95.0,=,1,HEK293,Gilead Sciences,JP2026020265A,PGDB_AS000211,% Degradation,luminescence,standardized
PGDB_C008687,O=C1CCC(N2Cc3cc(C[C@H]4OCCC[C@@H]4NC4CCC(C(F)(F)F)CC4)ccc3C2=O)C(=O)N1,IKZF1,,40.0,=,0,HEK293,Gilead Sciences,JP2026020265A,PGDB_AS000216,% Degradation,luminescence,standardized
PGDB_C008473,O=C1CCC(N2Cc3cc(C[C@H]4OCCC[C@@H]4NC4CCC(F)(F)CC4)ccc3C2=O)C(=O)N1,IKZF2,,82.0,=,1,HEK293,Gilead Sciences,JP2026020265A,PGDB_AS000211,% Degradation,luminescence,standardized
PGDB_C008691,O=C1CCC(N2Cc3cc(C[C@H]4OCCC[C@@H]4NC4CCC(F)CC4)ccc3C2=O)C(=O)N1,IKZF2,,87.0,=,1,HEK293,Gilead Sciences,JP2026020265A,PGDB_AS000211,% Degradation,luminescence,standardized
PGDB_C008476,O=C1CCC(N2Cc3cc(C[C@H]4OCCC[C@@H]4NC4CCCCC4)ccc3C2=O)C(=O)N1,IKZF1,,24.0,=,0,HEK293,Gilead Sciences,JP2026020265A,PGDB_AS000216,% Degradation,luminescence,standardized
PGDB_C008476,O=C1CCC(N2Cc3cc(C[C@H]4OCCC[C@@H]4NC4CCCCC4)ccc3C2=O)C(=O)N1,IKZF2,,95.0,=,1,HEK293,Gilead Sciences,JP2026020265A,PGDB_AS000211,% Degradation,luminescence,standardized
PGDB_C008327,O=C1CCC(N2Cc3cc(OC4CN(C5CC5)CCC4NCc4ccccc4)ccc3C2=O)C(=O)N1,IKZF2,,57.0,=,0,HEK293,Gilead Sciences,JP2025129253A,PGDB_AS002322,% Degradation,luminescence,standardized
PGDB_C008351,O=C1CCC(N2Cc3cc(OC4CN(CC(F)(F)F)CCC4NCc4ccccc4)ccc3C2=O)C(=O)N1,IKZF2,,57.0,=,0,HEK293,Gilead Sciences,JP2025129253A,PGDB_AS002322,% Degradation,luminescence,standardized
PGDB_C008359,O=C1CCC(N2Cc3cc(OC4CN(CC(F)F)CCC4NCc4ccccc4)ccc3C2=O)C(=O)N1,IKZF2,,69.0,=,0,HEK293,Gilead Sciences,JP7834866B2,PGDB_AS002372,% Degradation,,standardized
PGDB_C008362,O=C1CCC(N2Cc3cc(OC4CN(CCC(F)(F)F)CCC4NCc4ccccc4)ccc3C2=O)C(=O)N1,IKZF2,,27.0,=,0,HEK293,Gilead Sciences,JP7834866B2,PGDB_AS002372,% Degradation,,standardized
PGDB_C008363,O=C1CCC(N2Cc3cc(OC4CN(CCF)CCC4NCc4ccccc4)ccc3C2=O)C(=O)N1,IKZF2,,77.0,=,0,HEK293,Gilead Sciences,JP7834866B2,PGDB_AS002372,% Degradation,,standardized
PGDB_C008335,O=C1CCC(N2Cc3cc(OC4CN(Cc5c(F)cccc5F)CCC4NCc4ccccc4)ccc3C2=O)C(=O)N1,IKZF2,,93.0,=,1,HEK293,Gilead Sciences,JP2025129253A,PGDB_AS002322,% Degradation,luminescence,standardized
PGDB_C008336,O=C1CCC(N2Cc3cc(OC4CN(Cc5cc(F)cc(F)c5)CCC4NCc4ccccc4)ccc3C2=O)C(=O)N1,IKZF2,,75.0,=,0,HEK293,Gilead Sciences,JP7834866B2,PGDB_AS001425,% Degradation,luminescence,standardized
PGDB_C008334,O=C1CCC(N2Cc3cc(OC4CN(Cc5cc(F)ccc5F)CCC4NCc4ccccc4)ccc3C2=O)C(=O)N1,IKZF2,,88.0,=,1,HEK293,Gilead Sciences,JP2025129253A,PGDB_AS002322,% Degradation,luminescence,standardized
PGDB_C008342,O=C1CCC(N2Cc3cc(OC4CN(Cc5ccc(-c6ccccc6)cc5)CCC4NCc4ccccc4)ccc3C2=O)C(=O)N1,IKZF2,,101.0,=,1,HEK293,Gilead Sciences,JP2025129253A,PGDB_AS002322,% Degradation,luminescence,standardized
PGDB_C008345,O=C1CCC(N2Cc3cc(OC4CN(Cc5ccc(C(F)(F)F)cc5)CCC4NCc4ccccc4)ccc3C2=O)C(=O)N1,IKZF2,,80.0,=,1,HEK293,Gilead Sciences,JP2025129253A,PGDB_AS002322,% Degradation,luminescence,standardized
PGDB_C008341,O=C1CCC(N2Cc3cc(OC4CN(Cc5ccc(Cl)cc5)CCC4NCc4ccccc4)ccc3C2=O)C(=O)N1,IKZF2,,95.0,=,1,HEK293,Gilead Sciences,JP7834866B2,PGDB_AS001425,% Degradation,luminescence,standardized
PGDB_C008333,O=C1CCC(N2Cc3cc(OC4CN(Cc5ccc(F)c(F)c5)CCC4NCc4ccccc4)ccc3C2=O)C(=O)N1,IKZF2,,90.0,=,1,HEK293,Gilead Sciences,JP7834866B2,PGDB_AS001425,% Degradation,luminescence,standardized
PGDB_C008329,O=C1CCC(N2Cc3cc(OC4CN(Cc5ccc(F)cc5)CCC4NCc4ccccc4)ccc3C2=O)C(=O)N1,IKZF2,,97.0,=,1,HEK293,Gilead Sciences,JP7834866B2,PGDB_AS001425,% Degradation,luminescence,standardized
PGDB_C008332,O=C1CCC(N2Cc3cc(OC4CN(Cc5ccc(F)cc5F)CCC4NCc4ccccc4)ccc3C2=O)C(=O)N1,IKZF2,,92.0,=,1,HEK293,Gilead Sciences,JP2025129253A,PGDB_AS002322,% Degradation,luminescence,standardized
PGDB_C008330,O=C1CCC(N2Cc3cc(OC4CN(Cc5cccc(F)c5)CCC4NCc4ccccc4)ccc3C2=O)C(=O)N1,IKZF2,,89.0,=,1,HEK293,Gilead Sciences,JP2025129253A,PGDB_AS002322,% Degradation,luminescence,standardized
PGDB_C008331,O=C1CCC(N2Cc3cc(OC4CN(Cc5cccc(F)c5F)CCC4NCc4ccccc4)ccc3C2=O)C(=O)N1,IKZF2,,86.0,=,1,HEK293,Gilead Sciences,JP7834866B2,PGDB_AS001425,% Degradation,luminescence,standardized
PGDB_C008374,O=C1CCC(N2Cc3cc(OC4CN(Cc5ccccc5)CCC4N(C4CC4)C4CC4)ccc3C2=O)C(=O)N1,IKZF2,,82.0,=,1,HEK293,Gilead Sciences,JP2025129253A,PGDB_AS002322,% Degradation,luminescence,standardized
PGDB_C008364,O=C1CCC(N2Cc3cc(OC4CN(Cc5ccccc5)CCC4N4CC(Oc5ccccc5Cl)C4)ccc3C2=O)C(=O)N1,IKZF2,,94.0,=,1,HEK293,Gilead Sciences,JP2025129253A,PGDB_AS002322,% Degradation,luminescence,standardized
PGDB_C008365,O=C1CCC(N2Cc3cc(OC4CN(Cc5ccccc5)CCC4NC(=O)NCc4ccccc4)ccc3C2=O)C(=O)N1,IKZF2,,91.0,=,1,HEK293,Gilead Sciences,JP7834866B2,PGDB_AS002372,% Degradation,,standardized
PGDB_C008355,O=C1CCC(N2Cc3cc(OC4CN(Cc5ccccc5)CCC4NC(=O)c4ccccc4)ccc3C2=O)C(=O)N1,IKZF2,,79.0,=,0,HEK293,Gilead Sciences,JP2025129253A,PGDB_AS002322,% Degradation,luminescence,standardized
PGDB_C008376,O=C1CCC(N2Cc3cc(OC4CN(Cc5ccccc5)CCC4NC4CC4)ccc3C2=O)C(=O)N1,IKZF2,,94.0,=,1,HEK293,Gilead Sciences,JP2025129253A,PGDB_AS002322,% Degradation,luminescence,standardized
PGDB_C008356,O=C1CCC(N2Cc3cc(OC4CN(Cc5ccccc5)CCC4NCC(F)(F)F)ccc3C2=O)C(=O)N1,IKZF2,,44.0,=,0,HEK293,Gilead Sciences,JP2025129253A,PGDB_AS002322,% Degradation,luminescence,standardized
PGDB_C008357,O=C1CCC(N2Cc3cc(OC4CN(Cc5ccccc5)CCC4NCC(F)F)ccc3C2=O)C(=O)N1,IKZF2,,35.0,=,0,HEK293,Gilead Sciences,JP2025129253A,PGDB_AS002322,% Degradation,luminescence,standardized
PGDB_C008348,O=C1CCC(N2Cc3cc(OC4CN(Cc5ccccc5)CCC4NCC4CC4)ccc3C2=O)C(=O)N1,IKZF2,,98.0,=,1,HEK293,Gilead Sciences,JP2025129253A,PGDB_AS002322,% Degradation,luminescence,standardized
PGDB_C008372,O=C1CCC(N2Cc3cc(OC4CN(Cc5ccccc5)CCC4NCCF)ccc3C2=O)C(=O)N1,IKZF2,,86.0,=,1,HEK293,Gilead Sciences,JP2025129253A,PGDB_AS002322,% Degradation,luminescence,standardized
PGDB_C008346,O=C1CCC(N2Cc3cc(OC4CN(Cc5ccccc5)CCC4NCCc4ccccc4)ccc3C2=O)C(=O)N1,IKZF2,,98.0,=,1,HEK293,Gilead Sciences,JP7834866B2,PGDB_AS001425,% Degradation,luminescence,standardized
PGDB_C008337,O=C1CCC(N2Cc3cc(OC4CN(Cc5ccccc5)CCC4NCc4ccc(F)cc4)ccc3C2=O)C(=O)N1,IKZF2,,89.0,=,1,HEK293,Gilead Sciences,JP7834866B2,PGDB_AS001425,% Degradation,luminescence,standardized
PGDB_C008340,O=C1CCC(N2Cc3cc(OC4CN(Cc5ccccc5)CCC4NCc4cccc(F)c4)ccc3C2=O)C(=O)N1,IKZF2,,88.0,=,1,HEK293,Gilead Sciences,JP7834866B2,PGDB_AS001425,% Degradation,luminescence,standardized
PGDB_C008313,O=C1CCC(N2Cc3cc(OC4CN(Cc5ccccc5)CCC4NCc4ccccc4)ccc3C2=O)C(=O)N1,IKZF2,,94.0,=,1,HEK293,Gilead Sciences,JP7834866B2,PGDB_AS001425,% Degradation,luminescence,standardized
PGDB_C008321,O=C1CCC(N2Cc3cc(OC4CN(Cc5ccccc5)CCC4NCc4ccccc4Cl)ccc3C2=O)C(=O)N1,IKZF2,,69.0,=,0,HEK293,Gilead Sciences,JP7834866B2,PGDB_AS001425,% Degradation,luminescence,standardized
PGDB_C008339,O=C1CCC(N2Cc3cc(OC4CN(Cc5ccccc5)CCC4NCc4ccccc4F)ccc3C2=O)C(=O)N1,IKZF2,,90.0,=,1,HEK293,Gilead Sciences,JP2025129253A,PGDB_AS002322,% Degradation,luminescence,standardized
PGDB_C008324,O=C1CCC(N2Cc3cc(OC4CN(Cc5ccccc5)CCC4NCc4ccccn4)ccc3C2=O)C(=O)N1,IKZF2,,84.0,=,1,HEK293,Gilead Sciences,JP2025129253A,PGDB_AS002322,% Degradation,luminescence,standardized
PGDB_C008325,O=C1CCC(N2Cc3cc(OC4CN(Cc5ccccc5)CCC4NCc4cccnc4)ccc3C2=O)C(=O)N1,IKZF2,,91.0,=,1,HEK293,Gilead Sciences,JP2025129253A,PGDB_AS002322,% Degradation,luminescence,standardized
PGDB_C008326,O=C1CCC(N2Cc3cc(OC4CN(Cc5ccccc5)CCC4NCc4ccncc4)ccc3C2=O)C(=O)N1,IKZF2,,73.0,=,0,HEK293,Gilead Sciences,JP2025129253A,PGDB_AS002322,% Degradation,luminescence,standardized
PGDB_C008354,O=C1CCC(N2Cc3cc(OC4CN(Cc5ccccc5)CCC4Nc4ccccc4)ccc3C2=O)C(=O)N1,IKZF2,,48.0,=,0,HEK293,Gilead Sciences,JP7834866B2,PGDB_AS001425,% Degradation,luminescence,standardized
PGDB_C008314,O=C1CCC(N2Cc3cc(OC4CN(Cc5ccccc5Cl)CCC4NCc4ccccc4)ccc3C2=O)C(=O)N1,IKZF2,,85.0,=,1,HEK293,Gilead Sciences,JP2025129253A,PGDB_AS002322,% Degradation,luminescence,standardized
PGDB_C008328,O=C1CCC(N2Cc3cc(OC4CN(Cc5ccccc5F)CCC4NCc4ccccc4)ccc3C2=O)C(=O)N1,IKZF2,,91.0,=,1,HEK293,Gilead Sciences,JP2025129253A,PGDB_AS002322,% Degradation,luminescence,standardized
PGDB_C008319,O=C1CCC(N2Cc3cc(OC4CN(Cc5ccccn5)CCC4NCc4ccccc4)ccc3C2=O)C(=O)N1,IKZF2,,64.0,=,0,HEK293,Gilead Sciences,JP2025129253A,PGDB_AS002322,% Degradation,luminescence,standardized
PGDB_C008318,O=C1CCC(N2Cc3cc(OC4CN(Cc5cccnc5)CCC4NCc4ccccc4)ccc3C2=O)C(=O)N1,IKZF2,,92.0,=,1,HEK293,Gilead Sciences,JP2025129253A,PGDB_AS002322,% Degradation,luminescence,standardized
PGDB_C008320,O=C1CCC(N2Cc3cc(OC4CN(Cc5ccncc5)CCC4NCc4ccccc4)ccc3C2=O)C(=O)N1,IKZF2,,87.0,=,1,HEK293,Gilead Sciences,JP7834866B2,PGDB_AS001425,% Degradation,luminescence,standardized
PGDB_C008709,O=C1CCC(N2Cc3cc(O[C@H]4CCCC[C@@H]4NC4CCC(F)(F)CC4)ccc3C2=O)C(=O)N1,IKZF2,,98.0,=,1,HEK293,Gilead Sciences,JP2026020265A,PGDB_AS000211,% Degradation,luminescence,standardized
PGDB_C008708,O=C1CCC(N2Cc3cc(O[C@H]4CCCC[C@@H]4NCc4ccccc4)ccc3C2=O)C(=O)N1,IKZF2,,84.0,=,1,HEK293,Gilead Sciences,JP2026020265A,PGDB_AS000211,% Degradation,luminescence,standardized
PGDB_C008366,O=C1CCC(N2Cc3cc(O[C@H]4CN(Cc5ccccc5)CC[C@@H]4NCc4ccccc4)ccc3C2=O)C(=O)N1,IKZF2,,97.0,=,1,HEK293,Gilead Sciences,JP7834866B2,PGDB_AS002372,% Degradation,,standardized
PGDB_C008350,O=C1CCC(N2Cc3cc(O[C@H]4CN(c5ccccc5)C[C@@H]4NCc4ccccc4)ccc3C2=O)C(=O)N1,IKZF2,,39.0,=,0,HEK293,Gilead Sciences,JP7834866B2,PGDB_AS001425,% Degradation,luminescence,standardized
PGDB_C011270,O=C1CCC(N2Cc3ccc(C4(Nc5nnc(-c6ccc(OC(F)(F)F)cc6)o5)CC4)cc3C2=O)C(=O)N1,CDK2,,53.1,=,0,HEK293,Monte Rosa Therapeutics,WO2025181261A1,PGDB_AS000913,% Degradation,luminescence,standardized
PGDB_C011270,O=C1CCC(N2Cc3ccc(C4(Nc5nnc(-c6ccc(OC(F)(F)F)cc6)o5)CC4)cc3C2=O)C(=O)N1,GSPT1,,1.1,=,0,HEK293,Monte Rosa Therapeutics,WO2025181261A1,PGDB_AS001674,% Degradation,luminescence,standardized
PGDB_C008024,O=C1CCC(N2Cc3ccc(CNC(=O)OC4CC(OCc5ccccc5)C4)cc3C2=O)C(=O)N1,CDK2,,31.0,=,0,HEK293,Genentech,WO2025043225,PGDB_AS000735,% Degradation,luminescence,standardized
PGDB_C008044,O=C1CCC(N2Cc3ccc(CNC(=O)OC4CC(c5c(F)cccc5F)C4)cc3C2=O)C(=O)N1,CDK2,,43.0,=,0,HEK293,Genentech,WO2025043225,PGDB_AS000735,% Degradation,luminescence,standardized
PGDB_C008028,O=C1CCC(N2Cc3ccc(CNC(=O)OC4CC(c5cc(F)cc(F)c5)C4)cc3C2=O)C(=O)N1,CDK2,,39.0,=,0,HEK293,Genentech,WO2025043225,PGDB_AS000735,% Degradation,luminescence,standardized
PGDB_C008031,O=C1CCC(N2Cc3ccc(CNC(=O)OC4CC(c5ccc(C(F)(F)F)cc5)C4)cc3C2=O)C(=O)N1,CDK2,,25.0,=,0,HEK293,Genentech,WO2025043225,PGDB_AS000735,% Degradation,luminescence,standardized
PGDB_C008027,O=C1CCC(N2Cc3ccc(CNC(=O)OC4CC(c5ccc(Cl)cc5)C4)cc3C2=O)C(=O)N1,CDK2,,32.0,=,0,HEK293,Genentech,WO2025043225,PGDB_AS000735,% Degradation,luminescence,standardized
PGDB_C008025,O=C1CCC(N2Cc3ccc(CNC(=O)OC4CC(c5ccc(F)c(F)c5)C4)cc3C2=O)C(=O)N1,CDK2,,45.0,=,0,HEK293,Genentech,WO2025043225,PGDB_AS000735,% Degradation,luminescence,standardized
PGDB_C008026,O=C1CCC(N2Cc3ccc(CNC(=O)OC4CC(c5ccc(F)cc5)C4)cc3C2=O)C(=O)N1,CDK2,,40.0,=,0,HEK293,Genentech,WO2025043225,PGDB_AS000735,% Degradation,luminescence,standardized
PGDB_C008033,O=C1CCC(N2Cc3ccc(CNC(=O)OC4CC(c5cccc(Cl)c5)C4)cc3C2=O)C(=O)N1,CDK2,,42.0,=,0,HEK293,Genentech,WO2025043225,PGDB_AS000735,% Degradation,luminescence,standardized
PGDB_C008045,O=C1CCC(N2Cc3ccc(CNC(=O)OC4CC(c5cccc6c5NCC6)C4)cc3C2=O)C(=O)N1,CDK2,,20.0,=,0,HEK293,Genentech,WO2025043225,PGDB_AS000735,% Degradation,luminescence,standardized
PGDB_C008041,O=C1CCC(N2Cc3ccc(CNC(=O)OC4CC(c5cccc6ncsc56)C4)cc3C2=O)C(=O)N1,CDK2,,46.0,=,0,HEK293,Genentech,WO2025043225,PGDB_AS000735,% Degradation,luminescence,standardized
PGDB_C008046,O=C1CCC(N2Cc3ccc(CNC(=O)OC4CC(c5cccc6scnc56)C4)c(F)c3C2=O)C(=O)N1,CDK2,,67.0,=,0,HEK293,Genentech,WO2025043225,PGDB_AS000554,% Degradation,luminescence,standardized
PGDB_C008046,O=C1CCC(N2Cc3ccc(CNC(=O)OC4CC(c5cccc6scnc56)C4)c(F)c3C2=O)C(=O)N1,GSPT1,,14.0,=,0,HEK293,Genentech,WO2025043225,PGDB_AS000025,% Degradation,,standardized
PGDB_C008030,O=C1CCC(N2Cc3ccc(CNC(=O)OC4CC(c5ccccc5C(F)(F)F)C4)cc3C2=O)C(=O)N1,CDK2,,45.0,=,0,HEK293,Genentech,WO2025043225,PGDB_AS000735,% Degradation,luminescence,standardized
PGDB_C008047,O=C1CCC(N2Cc3ccc(CNC(=O)OC4CC(c5ccccc5C5CC5)C4)cc3C2=O)C(=O)N1,CDK2,,56.0,=,0,HEK293,Genentech,WO2025043225,PGDB_AS000554,% Degradation,luminescence,standardized
PGDB_C008047,O=C1CCC(N2Cc3ccc(CNC(=O)OC4CC(c5ccccc5C5CC5)C4)cc3C2=O)C(=O)N1,GSPT1,,43.0,=,0,HEK293,Genentech,WO2025043225,PGDB_AS000025,% Degradation,,standardized
PGDB_C008021,O=C1CCC(N2Cc3ccc(CNC(=O)OC4CC(c5ccccc5Cl)C4)cc3C2=O)C(=O)N1,CDK2,,37.0,=,0,HEK293,Genentech,WO2025043225,PGDB_AS000735,% Degradation,luminescence,standardized
PGDB_C008039,O=C1CCC(N2Cc3ccc(CNC(=O)OC4CC(c5ccccc5F)C4)cc3C2=O)C(=O)N1,CDK2,,32.0,=,0,HEK293,Genentech,WO2025043225,PGDB_AS000735,% Degradation,luminescence,standardized
PGDB_C008048,O=C1CCC(N2Cc3ccc(CNC(=O)OC4CC(c5ccccc5OC(F)(F)F)C4)cc3C2=O)C(=O)N1,CDK2,,62.0,=,0,HEK293,Genentech,WO2025043225,PGDB_AS000554,% Degradation,luminescence,standardized
PGDB_C008048,O=C1CCC(N2Cc3ccc(CNC(=O)OC4CC(c5ccccc5OC(F)(F)F)C4)cc3C2=O)C(=O)N1,GSPT1,,27.0,=,0,HEK293,Genentech,WO2025043225,PGDB_AS000025,% Degradation,,standardized
PGDB_C008032,O=C1CCC(N2Cc3ccc(CNC(=O)OC4CCCC(N5C(=O)c6ccccc6C5=O)C4)cc3C2=O)C(=O)N1,CDK2,,37.0,=,0,HEK293,Genentech,WO2025043225,PGDB_AS000735,% Degradation,luminescence,standardized
PGDB_C010083,O=C1CCC(N2Cc3ccc(CNC(=O)OC4CCOC4)cc3C2=O)C(=O)N1,CDK2,,10.0,<=,0,HEK293,Monte Rosa Therapeutics,WO2023069720A1,PGDB_AS001399,% Degradation,luminescence,standardized
PGDB_C008082,O=C1CCC(N2Cc3ccc(CNC(=O)OC4CN(C(=O)c5ccccc5)C4)c(F)c3C2=O)C(=O)N1,CDK2,,55.0,=,0,HEK293,Genentech,WO2025043225,PGDB_AS000554,% Degradation,luminescence,standardized
PGDB_C008082,O=C1CCC(N2Cc3ccc(CNC(=O)OC4CN(C(=O)c5ccccc5)C4)c(F)c3C2=O)C(=O)N1,GSPT1,,5.6,=,0,HEK293,Genentech,WO2025043225,PGDB_AS000025,% Degradation,,standardized
PGDB_C008034,O=C1CCC(N2Cc3ccc(CNC(=O)OC4CN(Cc5ccccc5)C4)cc3C2=O)C(=O)N1,CDK2,,29.0,=,0,HEK293,Genentech,WO2025043225,PGDB_AS000735,% Degradation,luminescence,standardized
PGDB_C010111,O=C1CCC(N2Cc3ccc(CNC(=O)OCC4(F)CCC4)cc3C2=O)C(=O)N1,CDK2,,10.0,<=,0,HEK293,Monte Rosa Therapeutics,WO2023069720A1,PGDB_AS001399,% Degradation,luminescence,standardized
PGDB_C007944,O=C1CCC(N2Cc3ccc(CNC(=O)OCC4=[SH]C=C(C5CCCCC5)N4)cc3C2=O)C(=O)N1,CDK2,,13.0,=,0,HEK293,Genentech,WO2025043225,PGDB_AS002435,% Degradation,luminescence,standardized
PGDB_C010086,O=C1CCC(N2Cc3ccc(CNC(=O)OCC4OCCc5ccccc54)cc3C2=O)C(=O)N1,CDK2,,10.0,<=,0,HEK293,Monte Rosa Therapeutics,WO2023069720A1,PGDB_AS001399,% Degradation,luminescence,standardized
PGDB_C010088,O=C1CCC(N2Cc3ccc(CNC(=O)OCCOC4CC4)cc3C2=O)C(=O)N1,CDK2,,10.0,<=,0,HEK293,Monte Rosa Therapeutics,WO2023069720A1,PGDB_AS001399,% Degradation,luminescence,standardized
PGDB_C010094,O=C1CCC(N2Cc3ccc(CNC(=O)OC[C@H]4CCCO4)cc3C2=O)C(=O)N1,CDK2,,10.0,<=,0,HEK293,Monte Rosa Therapeutics,WO2023069720A1,PGDB_AS001399,% Degradation,luminescence,standardized
PGDB_C008064,O=C1CCC(N2Cc3ccc(CNC(=O)OC[C@H]4C[C@@H](c5ccccc5)C4)c(F)c3C2=O)C(=O)N1,CDK2,,54.0,=,0,HEK293,Genentech,WO2025043225,PGDB_AS000554,% Degradation,luminescence,standardized
PGDB_C008064,O=C1CCC(N2Cc3ccc(CNC(=O)OC[C@H]4C[C@@H](c5ccccc5)C4)c(F)c3C2=O)C(=O)N1,GSPT1,,0.75,=,0,HEK293,Genentech,WO2025043225,PGDB_AS000025,% Degradation,,standardized
PGDB_C008065,O=C1CCC(N2Cc3ccc(CNC(=O)OC[C@H]4C[C@H](c5ccccc5)C4)c(F)c3C2=O)C(=O)N1,CDK2,,52.0,=,0,HEK293,Genentech,WO2025043225,PGDB_AS000554,% Degradation,luminescence,standardized
PGDB_C008065,O=C1CCC(N2Cc3ccc(CNC(=O)OC[C@H]4C[C@H](c5ccccc5)C4)c(F)c3C2=O)C(=O)N1,GSPT1,,3.1,=,0,HEK293,Genentech,WO2025043225,PGDB_AS000025,% Degradation,,standardized
PGDB_C007932,O=C1CCC(N2Cc3ccc(CNC(=O)OCc4cc5ccccc5cn4)cc3C2=O)C(=O)N1,CDK2,,21.0,=,0,HEK293,Genentech,WO2025043225,PGDB_AS002435,% Degradation,luminescence,standardized
PGDB_C007949,O=C1CCC(N2Cc3ccc(CNC(=O)OCc4cc5ccccn5n4)cc3C2=O)C(=O)N1,CDK2,,21.0,=,0,HEK293,Genentech,WO2025043225,PGDB_AS002435,% Degradation,luminescence,standardized
PGDB_C007986,O=C1CCC(N2Cc3ccc(CNC(=O)OCc4cc5n(n4)CC(F)(F)CC5)c(F)c3C2=O)C(=O)N1,CDK2,,58.0,=,0,HEK293,Genentech,WO2025043225,PGDB_AS000677,% Degradation,luminescence,standardized
PGDB_C007986,O=C1CCC(N2Cc3ccc(CNC(=O)OCc4cc5n(n4)CC(F)(F)CC5)c(F)c3C2=O)C(=O)N1,GSPT1,,2.7,=,0,HEK293,Genentech,WO2025043225,PGDB_AS000429,% Degradation,,standardized
PGDB_C007985,O=C1CCC(N2Cc3ccc(CNC(=O)OCc4cc5n(n4)CCC(F)(F)C5)c(F)c3C2=O)C(=O)N1,CDK2,,57.0,=,0,HEK293,Genentech,WO2025043225,PGDB_AS000677,% Degradation,luminescence,standardized
PGDB_C007985,O=C1CCC(N2Cc3ccc(CNC(=O)OCc4cc5n(n4)CCC(F)(F)C5)c(F)c3C2=O)C(=O)N1,GSPT1,,3.2,=,0,HEK293,Genentech,WO2025043225,PGDB_AS000429,% Degradation,,standardized
PGDB_C007977,O=C1CCC(N2Cc3ccc(CNC(=O)OCc4cc5n(n4)CCCC5)c(F)c3C2=O)C(=O)N1,CDK2,,58.0,=,0,HEK293,Genentech,WO2025043225,PGDB_AS000677,% Degradation,luminescence,standardized
PGDB_C007977,O=C1CCC(N2Cc3ccc(CNC(=O)OCc4cc5n(n4)CCCC5)c(F)c3C2=O)C(=O)N1,GSPT1,,9.7,=,0,HEK293,Genentech,WO2025043225,PGDB_AS000429,% Degradation,,standardized
PGDB_C007962,O=C1CCC(N2Cc3ccc(CNC(=O)OCc4cc5n(n4)CCCC5)cc3C2=O)C(=O)N1,CDK2,,44.0,=,0,HEK293,Genentech,WO2025043225,PGDB_AS002435,% Degradation,luminescence,standardized
PGDB_C007989,O=C1CCC(N2Cc3ccc(CNC(=O)OCc4cc5n(n4)CCCC5C(F)(F)F)c(F)c3C2=O)C(=O)N1,CDK2,,67.0,=,0,HEK293,Genentech,WO2025043225,PGDB_AS000677,% Degradation,luminescence,standardized
PGDB_C007989,O=C1CCC(N2Cc3ccc(CNC(=O)OCc4cc5n(n4)CCCC5C(F)(F)F)c(F)c3C2=O)C(=O)N1,GSPT1,,3.3,=,0,HEK293,Genentech,WO2025043225,PGDB_AS000429,% Degradation,,standardized
PGDB_C008013,O=C1CCC(N2Cc3ccc(CNC(=O)OCc4cc5n(n4)CCCC5C(F)F)c(F)c3C2=O)C(=O)N1,CDK2,,58.0,=,0,HEK293,Genentech,WO2025043225,PGDB_AS000677,% Degradation,luminescence,standardized
PGDB_C008013,O=C1CCC(N2Cc3ccc(CNC(=O)OCc4cc5n(n4)CCCC5C(F)F)c(F)c3C2=O)C(=O)N1,GSPT1,,4.0,=,0,HEK293,Genentech,WO2025043225,PGDB_AS000429,% Degradation,,standardized
PGDB_C008012,O=C1CCC(N2Cc3ccc(CNC(=O)OCc4cc5n(n4)CCCCC5)c(F)c3C2=O)C(=O)N1,CDK2,,55.0,=,0,HEK293,Genentech,WO2025043225,PGDB_AS000677,% Degradation,luminescence,standardized
PGDB_C008012,O=C1CCC(N2Cc3ccc(CNC(=O)OCc4cc5n(n4)CCCCC5)c(F)c3C2=O)C(=O)N1,GSPT1,,4.7,=,0,HEK293,Genentech,WO2025043225,PGDB_AS000429,% Degradation,,standardized
PGDB_C010068,O=C1CCC(N2Cc3ccc(CNC(=O)OCc4ccc(CN5CCCCC5)cc4)cc3C2=O)C(=O)N1,CDK2,,10.0,<=,0,HEK293,Monte Rosa Therapeutics,WO2023069700A1,PGDB_AS000204,% Degradation,luminescence,standardized
PGDB_C010069,O=C1CCC(N2Cc3ccc(CNC(=O)OCc4ccc(CN5CCOCC5)cc4)cc3C2=O)C(=O)N1,CDK2,,10.0,<=,0,HEK293,Monte Rosa Therapeutics,WO2023069700A1,PGDB_AS000204,% Degradation,luminescence,standardized
PGDB_C010048,O=C1CCC(N2Cc3ccc(CNC(=O)OCc4ccc(Cl)cc4)cc3C2=O)C(=O)N1,CDK2,,10.0,<=,0,HEK293,Monte Rosa Therapeutics,WO2023069700A1,PGDB_AS000204,% Degradation,luminescence,standardized
PGDB_C007947,O=C1CCC(N2Cc3ccc(CNC(=O)OCc4ccc5scnc5c4)cc3C2=O)C(=O)N1,CDK2,,35.0,=,0,HEK293,Genentech,WO2025043225,PGDB_AS002435,% Degradation,luminescence,standardized
PGDB_C010053,O=C1CCC(N2Cc3ccc(CNC(=O)OCc4cccc([N+](=O)[O-])c4)cc3C2=O)C(=O)N1,CDK2,,10.0,<=,0,HEK293,Monte Rosa Therapeutics,WO2023069700A1,PGDB_AS000204,% Degradation,luminescence,standardized
PGDB_C007953,O=C1CCC(N2Cc3ccc(CNC(=O)OCc4cccc5ccncc45)cc3C2=O)C(=O)N1,CDK2,,12.0,=,0,HEK293,Genentech,WO2025043225,PGDB_AS002435,% Degradation,luminescence,standardized
PGDB_C007963,O=C1CCC(N2Cc3ccc(CNC(=O)OCc4cnc5c(c4)CCCC5)cc3C2=O)C(=O)N1,CDK2,,52.0,=,0,HEK293,Genentech,WO2025043225,PGDB_AS002435,% Degradation,luminescence,standardized
PGDB_C007936,O=C1CCC(N2Cc3ccc(CNC(=O)OCc4nc5c(Cl)cccc5s4)cc3C2=O)C(=O)N1,CDK2,,36.0,=,0,HEK293,Genentech,WO2025043225,PGDB_AS002435,% Degradation,luminescence,standardized
PGDB_C007991,O=C1CCC(N2Cc3ccc(CNC(=O)OCc4nc5c(s4)C(C(F)(F)F)CCC5)c(F)c3C2=O)C(=O)N1,CDK2,,66.0,=,0,HEK293,Genentech,WO2025043225,PGDB_AS000677,% Degradation,luminescence,standardized
PGDB_C007991,O=C1CCC(N2Cc3ccc(CNC(=O)OCc4nc5c(s4)C(C(F)(F)F)CCC5)c(F)c3C2=O)C(=O)N1,GSPT1,,2.8,=,0,HEK293,Genentech,WO2025043225,PGDB_AS000429,% Degradation,,standardized
PGDB_C007971,O=C1CCC(N2Cc3ccc(CNC(=O)OCc4nc5c(s4)CC(F)(F)CC5)c(F)c3C2=O)C(=O)N1,CDK2,,67.0,=,0,HEK293,Genentech,WO2025043225,PGDB_AS000677,% Degradation,luminescence,standardized
PGDB_C007971,O=C1CCC(N2Cc3ccc(CNC(=O)OCc4nc5c(s4)CC(F)(F)CC5)c(F)c3C2=O)C(=O)N1,GSPT1,,0.12,=,0,HEK293,Genentech,WO2025043225,PGDB_AS000429,% Degradation,,standardized
PGDB_C007939,O=C1CCC(N2Cc3ccc(CNC(=O)OCc4nc5c(s4)CC(F)(F)CC5)cc3C2=O)C(=O)N1,CDK2,,52.0,=,0,HEK293,Genentech,WO2025043225,PGDB_AS002435,% Degradation,luminescence,standardized
PGDB_C007937,O=C1CCC(N2Cc3ccc(CNC(=O)OCc4nc5c(s4)CC(c4ccccc4)CC5)cc3C2=O)C(=O)N1,CDK2,,28.0,=,0,HEK293,Genentech,WO2025043225,PGDB_AS002435,% Degradation,luminescence,standardized
PGDB_C007964,O=C1CCC(N2Cc3ccc(CNC(=O)OCc4nc5c(s4)CC4(CC5)CC4)cc3C2=O)C(=O)N1,CDK2,,49.0,=,0,HEK293,Genentech,WO2025043225,PGDB_AS002435,% Degradation,luminescence,standardized
PGDB_C007934,O=C1CCC(N2Cc3ccc(CNC(=O)OCc4nc5c(s4)CCCC5)cc3C2=O)C(=O)N1,CDK2,,42.0,=,0,HEK293,Genentech,WO2025043225,PGDB_AS002435,% Degradation,luminescence,standardized
PGDB_C007946,O=C1CCC(N2Cc3ccc(CNC(=O)OCc4nc5c(s4)COCC5)cc3C2=O)C(=O)N1,CDK2,,11.0,=,0,HEK293,Genentech,WO2025043225,PGDB_AS002435,% Degradation,luminescence,standardized
PGDB_C007952,O=C1CCC(N2Cc3ccc(CNC(=O)OCc4nc5ccc(Cl)cc5s4)cc3C2=O)C(=O)N1,CDK2,,29.0,=,0,HEK293,Genentech,WO2025043225,PGDB_AS002435,% Degradation,luminescence,standardized
PGDB_C007942,O=C1CCC(N2Cc3ccc(CNC(=O)OCc4nc5ccc(F)cc5s4)cc3C2=O)C(=O)N1,CDK2,,34.0,=,0,HEK293,Genentech,WO2025043225,PGDB_AS002435,% Degradation,luminescence,standardized
PGDB_C007969,O=C1CCC(N2Cc3ccc(CNC(=O)OCc4nc5cccc(Cl)c5s4)cc3C2=O)C(=O)N1,CDK2,,35.0,=,0,HEK293,Genentech,WO2025043225,PGDB_AS002435,% Degradation,luminescence,standardized
PGDB_C007967,O=C1CCC(N2Cc3ccc(CNC(=O)OCc4nc5cccc(F)c5s4)cc3C2=O)C(=O)N1,CDK2,,29.0,=,0,HEK293,Genentech,WO2025043225,PGDB_AS002435,% Degradation,luminescence,standardized
PGDB_C007933,O=C1CCC(N2Cc3ccc(CNC(=O)OCc4nc5ccccc5s4)cc3C2=O)C(=O)N1,CDK2,,20.0,=,0,HEK293,Genentech,WO2025043225,PGDB_AS002435,% Degradation,luminescence,standardized
PGDB_C007938,O=C1CCC(N2Cc3ccc(CNC(=O)OCc4noc5c4CCCC5)cc3C2=O)C(=O)N1,CDK2,,33.0,=,0,HEK293,Genentech,WO2025043225,PGDB_AS002435,% Degradation,luminescence,standardized
PGDB_C007950,O=C1CCC(N2Cc3ccc(CNC(=O)OCc4onc5c4CCCC5)cc3C2=O)C(=O)N1,CDK2,,32.0,=,0,HEK293,Genentech,WO2025043225,PGDB_AS002435,% Degradation,luminescence,standardized
PGDB_C010099,O=C1CCC(N2Cc3ccc(CNC(=O)O[C@@H]4CO[C@@H]4c4ccccc4)cc3C2=O)C(=O)N1,CDK2,,10.0,<=,0,HEK293,Monte Rosa Therapeutics,WO2023069720A1,PGDB_AS001399,% Degradation,luminescence,standardized
PGDB_C010093,O=C1CCC(N2Cc3ccc(CNC(=O)O[C@@H]4C[C@H]5CC[C@@H]4O5)cc3C2=O)C(=O)N1,CDK2,,10.0,<=,0,HEK293,Monte Rosa Therapeutics,WO2023069720A1,PGDB_AS001399,% Degradation,luminescence,standardized
PGDB_C008038,O=C1CCC(N2Cc3ccc(CNC(=O)O[C@H]4CCC[C@@H](c5ccccc5C(F)(F)F)C4)cc3C2=O)C(=O)N1,CDK2,,47.0,=,0,HEK293,Genentech,WO2025043225,PGDB_AS000735,% Degradation,luminescence,standardized
PGDB_C008140,O=C1CCC(N2Cc3ccc(CNC(=O)O[C@H]4C[C@@H](C(=O)N5CCCCC5)C4)c(F)c3C2=O)C(=O)N1,CDK2,,51.0,=,0,HEK293,Genentech,WO2025043225,PGDB_AS000872,% Degradation,luminescence,standardized
PGDB_C008140,O=C1CCC(N2Cc3ccc(CNC(=O)O[C@H]4C[C@@H](C(=O)N5CCCCC5)C4)c(F)c3C2=O)C(=O)N1,GSPT1,,4.3,=,0,HEK293,Genentech,WO2025043225,PGDB_AS001266,% Degradation,luminescence,standardized
PGDB_C008068,O=C1CCC(N2Cc3ccc(CNC(=O)O[C@H]4C[C@@H](c5c(Cl)ccc6scnc65)C4)c(F)c3C2=O)C(=O)N1,CDK2,,80.0,=,1,HEK293,Genentech,WO2025043225,PGDB_AS000554,% Degradation,luminescence,standardized
PGDB_C008068,O=C1CCC(N2Cc3ccc(CNC(=O)O[C@H]4C[C@@H](c5c(Cl)ccc6scnc65)C4)c(F)c3C2=O)C(=O)N1,GSPT1,,5.5,=,0,HEK293,Genentech,WO2025043225,PGDB_AS000025,% Degradation,,standardized
PGDB_C008059,O=C1CCC(N2Cc3ccc(CNC(=O)O[C@H]4C[C@@H](c5c(F)ccc6scnc65)C4)c(F)c3C2=O)C(=O)N1,CDK2,,77.0,=,0,HEK293,Genentech,WO2025043225,PGDB_AS000554,% Degradation,luminescence,standardized
PGDB_C008059,O=C1CCC(N2Cc3ccc(CNC(=O)O[C@H]4C[C@@H](c5c(F)ccc6scnc65)C4)c(F)c3C2=O)C(=O)N1,GSPT1,,13.0,=,0,HEK293,Genentech,WO2025043225,PGDB_AS000025,% Degradation,,standardized
PGDB_C008052,O=C1CCC(N2Cc3ccc(CNC(=O)O[C@H]4C[C@@H](c5c(F)ccc6scnc65)C4)cc3C2=O)C(=O)N1,CDK2,,61.0,=,0,HEK293,Genentech,WO2025043225,PGDB_AS000554,% Degradation,luminescence,standardized
PGDB_C008052,O=C1CCC(N2Cc3ccc(CNC(=O)O[C@H]4C[C@@H](c5c(F)ccc6scnc65)C4)cc3C2=O)C(=O)N1,GSPT1,,7.1,=,0,HEK293,Genentech,WO2025043225,PGDB_AS000025,% Degradation,,standardized
PGDB_C008094,O=C1CCC(N2Cc3ccc(CNC(=O)O[C@H]4C[C@@H](c5c(OC(F)(F)F)ccc6scnc65)C4)c(F)c3C2=O)C(=O)N1,CDK2,,74.0,=,0,HEK293,Genentech,WO2025043225,PGDB_AS000554,% Degradation,luminescence,standardized
PGDB_C008094,O=C1CCC(N2Cc3ccc(CNC(=O)O[C@H]4C[C@@H](c5c(OC(F)(F)F)ccc6scnc65)C4)c(F)c3C2=O)C(=O)N1,GSPT1,,9.2,=,0,HEK293,Genentech,WO2025043225,PGDB_AS000025,% Degradation,,standardized
PGDB_C008063,O=C1CCC(N2Cc3ccc(CNC(=O)O[C@H]4C[C@@H](c5cc(F)cc6scnc65)C4)c(F)c3C2=O)C(=O)N1,CDK2,,75.0,=,0,HEK293,Genentech,WO2025043225,PGDB_AS000554,% Degradation,luminescence,standardized
PGDB_C008063,O=C1CCC(N2Cc3ccc(CNC(=O)O[C@H]4C[C@@H](c5cc(F)cc6scnc65)C4)c(F)c3C2=O)C(=O)N1,GSPT1,,12.0,=,0,HEK293,Genentech,WO2025043225,PGDB_AS000025,% Degradation,,standardized
PGDB_C008070,O=C1CCC(N2Cc3ccc(CNC(=O)O[C@H]4C[C@@H](c5ccc(F)c6scnc65)C4)c(F)c3C2=O)C(=O)N1,CDK2,,74.0,=,0,HEK293,Genentech,WO2025043225,PGDB_AS000554,% Degradation,luminescence,standardized
PGDB_C008070,O=C1CCC(N2Cc3ccc(CNC(=O)O[C@H]4C[C@@H](c5ccc(F)c6scnc65)C4)c(F)c3C2=O)C(=O)N1,GSPT1,,0.57,=,0,HEK293,Genentech,WO2025043225,PGDB_AS000025,% Degradation,,standardized
PGDB_C008051,O=C1CCC(N2Cc3ccc(CNC(=O)O[C@H]4C[C@@H](c5cccc6cccnc65)C4)cc3C2=O)C(=O)N1,CDK2,,57.0,=,0,HEK293,Genentech,WO2025043225,PGDB_AS000554,% Degradation,luminescence,standardized
PGDB_C008051,O=C1CCC(N2Cc3ccc(CNC(=O)O[C@H]4C[C@@H](c5cccc6cccnc65)C4)cc3C2=O)C(=O)N1,GSPT1,,6.2,=,0,HEK293,Genentech,WO2025043225,PGDB_AS000025,% Degradation,,standardized
PGDB_C008050,O=C1CCC(N2Cc3ccc(CNC(=O)O[C@H]4C[C@@H](c5cccc6scnc65)C4)c(F)c3C2=O)C(=O)N1,CDK2,,73.0,=,0,HEK293,Genentech,WO2025043225,PGDB_AS000554,% Degradation,luminescence,standardized
PGDB_C008050,O=C1CCC(N2Cc3ccc(CNC(=O)O[C@H]4C[C@@H](c5cccc6scnc65)C4)c(F)c3C2=O)C(=O)N1,GSPT1,,9.7,=,0,HEK293,Genentech,WO2025043225,PGDB_AS000025,% Degradation,,standardized
PGDB_C008042,O=C1CCC(N2Cc3ccc(CNC(=O)O[C@H]4C[C@@H](c5cccc6scnc65)C4)cc3C2=O)C(=O)N1,CDK2,,53.0,=,0,HEK293,Genentech,WO2025043225,PGDB_AS000735,% Degradation,luminescence,standardized
PGDB_C008036,O=C1CCC(N2Cc3ccc(CNC(=O)O[C@H]4C[C@@H](c5ccccc5C(F)(F)F)C4)c(F)c3C2=O)C(=O)N1,CDK2,,53.0,=,0,HEK293,Genentech,WO2025043225,PGDB_AS000735,% Degradation,luminescence,standardized
PGDB_C008054,O=C1CCC(N2Cc3ccc(CNC(=O)O[C@H]4C[C@@H](c5ccccc5OC(F)(F)F)C4)c(F)c3C2=O)C(=O)N1,CDK2,,72.0,=,0,HEK293,Genentech,WO2025043225,PGDB_AS000554,% Degradation,luminescence,standardized
PGDB_C008054,O=C1CCC(N2Cc3ccc(CNC(=O)O[C@H]4C[C@@H](c5ccccc5OC(F)(F)F)C4)c(F)c3C2=O)C(=O)N1,GSPT1,,12.0,=,0,HEK293,Genentech,WO2025043225,PGDB_AS000025,% Degradation,,standardized
PGDB_C008061,O=C1CCC(N2Cc3ccc(CNC(=O)O[C@H]4C[C@@H](c5cccnc5OC(F)(F)F)C4)c(F)c3C2=O)C(=O)N1,CDK2,,75.0,=,0,HEK293,Genentech,WO2025043225,PGDB_AS000554,% Degradation,luminescence,standardized
PGDB_C008061,O=C1CCC(N2Cc3ccc(CNC(=O)O[C@H]4C[C@@H](c5cccnc5OC(F)(F)F)C4)c(F)c3C2=O)C(=O)N1,GSPT1,,13.0,=,0,HEK293,Genentech,WO2025043225,PGDB_AS000025,% Degradation,,standardized
PGDB_C008111,O=C1CCC(N2Cc3ccc(CNC(=O)O[C@H]4C[C@@H](c5ccnc6scnc65)C4)c(F)c3C2=O)C(=O)N1,CDK2,,71.0,=,0,HEK293,Genentech,WO2025043225,PGDB_AS000554,% Degradation,luminescence,standardized
PGDB_C008111,O=C1CCC(N2Cc3ccc(CNC(=O)O[C@H]4C[C@@H](c5ccnc6scnc65)C4)c(F)c3C2=O)C(=O)N1,GSPT1,,2.5,=,0,HEK293,Genentech,WO2025043225,PGDB_AS000025,% Degradation,,standardized
PGDB_C008072,O=C1CCC(N2Cc3ccc(CNC(=O)O[C@H]4C[C@@H](c5cncc6scnc65)C4)c(F)c3C2=O)C(=O)N1,CDK2,,67.0,=,0,HEK293,Genentech,WO2025043225,PGDB_AS000554,% Degradation,luminescence,standardized
PGDB_C008072,O=C1CCC(N2Cc3ccc(CNC(=O)O[C@H]4C[C@@H](c5cncc6scnc65)C4)c(F)c3C2=O)C(=O)N1,GSPT1,,3.5,=,0,HEK293,Genentech,WO2025043225,PGDB_AS000025,% Degradation,,standardized
PGDB_C008071,O=C1CCC(N2Cc3ccc(CNC(=O)O[C@H]4C[C@@H](c5nccc6scnc65)C4)c(F)c3C2=O)C(=O)N1,CDK2,,62.0,=,0,HEK293,Genentech,WO2025043225,PGDB_AS000554,% Degradation,luminescence,standardized
PGDB_C008071,O=C1CCC(N2Cc3ccc(CNC(=O)O[C@H]4C[C@@H](c5nccc6scnc65)C4)c(F)c3C2=O)C(=O)N1,GSPT1,,3.2,=,0,HEK293,Genentech,WO2025043225,PGDB_AS000025,% Degradation,,standardized
PGDB_C008058,O=C1CCC(N2Cc3ccc(CNC(=O)O[C@H]4C[C@@H](c5ncccc5OC(F)(F)F)C4)c(F)c3C2=O)C(=O)N1,CDK2,,75.0,=,0,HEK293,Genentech,WO2025043225,PGDB_AS000554,% Degradation,luminescence,standardized
PGDB_C008058,O=C1CCC(N2Cc3ccc(CNC(=O)O[C@H]4C[C@@H](c5ncccc5OC(F)(F)F)C4)c(F)c3C2=O)C(=O)N1,GSPT1,,6.7,=,0,HEK293,Genentech,WO2025043225,PGDB_AS000025,% Degradation,,standardized
PGDB_C008076,O=C1CCC(N2Cc3ccc(CNC(=O)O[C@H]4C[C@@H](c5nccnc5C(F)(F)F)C4)c(F)c3C2=O)C(=O)N1,CDK2,,60.0,=,0,HEK293,Genentech,WO2025043225,PGDB_AS000554,% Degradation,luminescence,standardized
PGDB_C008076,O=C1CCC(N2Cc3ccc(CNC(=O)O[C@H]4C[C@@H](c5nccnc5C(F)(F)F)C4)c(F)c3C2=O)C(=O)N1,GSPT1,,0.84,=,0,HEK293,Genentech,WO2025043225,PGDB_AS000025,% Degradation,,standardized
PGDB_C008080,O=C1CCC(N2Cc3ccc(CNC(=O)O[C@H]4C[C@@H](n5c(C(F)(F)F)cc6cccnc65)C4)c(F)c3C2=O)C(=O)N1,CDK2,,74.0,=,0,HEK293,Genentech,WO2025043225,PGDB_AS000554,% Degradation,luminescence,standardized
PGDB_C008080,O=C1CCC(N2Cc3ccc(CNC(=O)O[C@H]4C[C@@H](n5c(C(F)(F)F)cc6cccnc65)C4)c(F)c3C2=O)C(=O)N1,GSPT1,,2.5,=,0,HEK293,Genentech,WO2025043225,PGDB_AS000025,% Degradation,,standardized
PGDB_C008106,O=C1CCC(N2Cc3ccc(CNC(=O)O[C@H]4C[C@@H](n5c(C(F)(F)F)nc6ccccc65)C4)c(F)c3C2=O)C(=O)N1,CDK2,,69.0,=,0,HEK293,Genentech,WO2025043225,PGDB_AS000554,% Degradation,luminescence,standardized
PGDB_C008106,O=C1CCC(N2Cc3ccc(CNC(=O)O[C@H]4C[C@@H](n5c(C(F)(F)F)nc6ccccc65)C4)c(F)c3C2=O)C(=O)N1,GSPT1,,2.6,=,0,HEK293,Genentech,WO2025043225,PGDB_AS000025,% Degradation,,standardized
PGDB_C008101,O=C1CCC(N2Cc3ccc(CNC(=O)O[C@H]4C[C@@H](n5cncc5C(F)(F)F)C4)c(F)c3C2=O)C(=O)N1,CDK2,,61.0,=,0,HEK293,Genentech,WO2025043225,PGDB_AS000554,% Degradation,luminescence,standardized
PGDB_C008101,O=C1CCC(N2Cc3ccc(CNC(=O)O[C@H]4C[C@@H](n5cncc5C(F)(F)F)C4)c(F)c3C2=O)C(=O)N1,GSPT1,,4.2,=,0,HEK293,Genentech,WO2025043225,PGDB_AS000025,% Degradation,,standardized
PGDB_C008093,O=C1CCC(N2Cc3ccc(CNC(=O)O[C@H]4C[C@@H](n5ncc6cccnc65)C4)c(F)c3C2=O)C(=O)N1,CDK2,,52.0,=,0,HEK293,Genentech,WO2025043225,PGDB_AS000554,% Degradation,luminescence,standardized
PGDB_C008093,O=C1CCC(N2Cc3ccc(CNC(=O)O[C@H]4C[C@@H](n5ncc6cccnc65)C4)c(F)c3C2=O)C(=O)N1,GSPT1,,1.5,=,0,HEK293,Genentech,WO2025043225,PGDB_AS000025,% Degradation,,standardized
PGDB_C008066,O=C1CCC(N2Cc3ccc(CNC(=O)O[C@H]4C[C@@H](n5nccc5C(F)(F)F)C4)c(F)c3C2=O)C(=O)N1,CDK2,,59.0,=,0,HEK293,Genentech,WO2025043225,PGDB_AS000554,% Degradation,luminescence,standardized
PGDB_C008066,O=C1CCC(N2Cc3ccc(CNC(=O)O[C@H]4C[C@@H](n5nccc5C(F)(F)F)C4)c(F)c3C2=O)C(=O)N1,GSPT1,,0.2,=,0,HEK293,Genentech,WO2025043225,PGDB_AS000025,% Degradation,,standardized
PGDB_C008089,O=C1CCC(N2Cc3ccc(CNC(=O)O[C@H]4C[C@@H](n5nccc5C5CC5)C4)c(F)c3C2=O)C(=O)N1,CDK2,,65.0,=,0,HEK293,Genentech,WO2025043225,PGDB_AS000554,% Degradation,luminescence,standardized
PGDB_C008089,O=C1CCC(N2Cc3ccc(CNC(=O)O[C@H]4C[C@@H](n5nccc5C5CC5)C4)c(F)c3C2=O)C(=O)N1,GSPT1,,5.4,=,0,HEK293,Genentech,WO2025043225,PGDB_AS000025,% Degradation,,standardized
PGDB_C008114,O=C1CCC(N2Cc3ccc(CNC(=O)O[C@H]4C[C@@H](n5nccc5OC(F)F)C4)c(F)c3C2=O)C(=O)N1,CDK2,,50.0,=,0,HEK293,Genentech,WO2025043225,PGDB_AS000554,% Degradation,luminescence,standardized
PGDB_C008114,O=C1CCC(N2Cc3ccc(CNC(=O)O[C@H]4C[C@@H](n5nccc5OC(F)F)C4)c(F)c3C2=O)C(=O)N1,GSPT1,,2.8,=,0,HEK293,Genentech,WO2025043225,PGDB_AS000025,% Degradation,,standardized
PGDB_C008142,O=C1CCC(N2Cc3ccc(CNC(=O)O[C@H]4C[C@H](C(=O)N5CCC(F)(F)CC5)C4)c(F)c3C2=O)C(=O)N1,CDK2,,52.0,=,0,HEK293,Genentech,WO2025043225,PGDB_AS000872,% Degradation,luminescence,standardized
PGDB_C008142,O=C1CCC(N2Cc3ccc(CNC(=O)O[C@H]4C[C@H](C(=O)N5CCC(F)(F)CC5)C4)c(F)c3C2=O)C(=O)N1,GSPT1,,1.2,=,0,HEK293,Genentech,WO2025043225,PGDB_AS001266,% Degradation,luminescence,standardized
PGDB_C008141,O=C1CCC(N2Cc3ccc(CNC(=O)O[C@H]4C[C@H](C(=O)N5CCCCC5)C4)c(F)c3C2=O)C(=O)N1,CDK2,,62.0,=,0,HEK293,Genentech,WO2025043225,PGDB_AS000872,% Degradation,luminescence,standardized
PGDB_C008141,O=C1CCC(N2Cc3ccc(CNC(=O)O[C@H]4C[C@H](C(=O)N5CCCCC5)C4)c(F)c3C2=O)C(=O)N1,GSPT1,,4.1,=,0,HEK293,Genentech,WO2025043225,PGDB_AS001266,% Degradation,luminescence,standardized
PGDB_C008069,O=C1CCC(N2Cc3ccc(CNC(=O)O[C@H]4C[C@H](c5c(Cl)ccc6scnc65)C4)c(F)c3C2=O)C(=O)N1,CDK2,,72.0,=,0,HEK293,Genentech,WO2025043225,PGDB_AS000554,% Degradation,luminescence,standardized
PGDB_C008069,O=C1CCC(N2Cc3ccc(CNC(=O)O[C@H]4C[C@H](c5c(Cl)ccc6scnc65)C4)c(F)c3C2=O)C(=O)N1,GSPT1,,4.9,=,0,HEK293,Genentech,WO2025043225,PGDB_AS000025,% Degradation,,standardized
PGDB_C008062,O=C1CCC(N2Cc3ccc(CNC(=O)O[C@H]4C[C@H](c5c(F)ccc6scnc65)C4)c(F)c3C2=O)C(=O)N1,CDK2,,58.0,=,0,HEK293,Genentech,WO2025043225,PGDB_AS000554,% Degradation,luminescence,standardized
PGDB_C008062,O=C1CCC(N2Cc3ccc(CNC(=O)O[C@H]4C[C@H](c5c(F)ccc6scnc65)C4)c(F)c3C2=O)C(=O)N1,GSPT1,,15.0,=,0,HEK293,Genentech,WO2025043225,PGDB_AS000025,% Degradation,,standardized
PGDB_C008043,O=C1CCC(N2Cc3ccc(CNC(=O)O[C@H]4C[C@H](c5cccc6scnc65)C4)cc3C2=O)C(=O)N1,CDK2,,20.0,=,0,HEK293,Genentech,WO2025043225,PGDB_AS000735,% Degradation,luminescence,standardized
PGDB_C008035,O=C1CCC(N2Cc3ccc(CNC(=O)O[C@H]4C[C@H](c5ccccc5C(F)(F)F)C4)c(F)c3C2=O)C(=O)N1,CDK2,,72.0,=,0,HEK293,Genentech,WO2025043225,PGDB_AS000735,% Degradation,luminescence,standardized
PGDB_C008022,O=C1CCC(N2Cc3ccc(CNC(=O)O[C@H]4C[C@H](c5ccccc5F)C4)cc3C2=O)C(=O)N1,CDK2,,36.0,=,0,HEK293,Genentech,WO2025043225,PGDB_AS000735,% Degradation,luminescence,standardized
PGDB_C008053,O=C1CCC(N2Cc3ccc(CNC(=O)O[C@H]4C[C@H](c5ccccc5OC(F)(F)F)C4)c(F)c3C2=O)C(=O)N1,CDK2,,60.0,=,0,HEK293,Genentech,WO2025043225,PGDB_AS000554,% Degradation,luminescence,standardized
PGDB_C008053,O=C1CCC(N2Cc3ccc(CNC(=O)O[C@H]4C[C@H](c5ccccc5OC(F)(F)F)C4)c(F)c3C2=O)C(=O)N1,GSPT1,,2.0,=,0,HEK293,Genentech,WO2025043225,PGDB_AS000025,% Degradation,,standardized
PGDB_C008060,O=C1CCC(N2Cc3ccc(CNC(=O)O[C@H]4C[C@H](c5cccnc5OC(F)(F)F)C4)c(F)c3C2=O)C(=O)N1,CDK2,,62.0,=,0,HEK293,Genentech,WO2025043225,PGDB_AS000554,% Degradation,luminescence,standardized
PGDB_C008060,O=C1CCC(N2Cc3ccc(CNC(=O)O[C@H]4C[C@H](c5cccnc5OC(F)(F)F)C4)c(F)c3C2=O)C(=O)N1,GSPT1,,11.0,=,0,HEK293,Genentech,WO2025043225,PGDB_AS000025,% Degradation,,standardized
PGDB_C008057,O=C1CCC(N2Cc3ccc(CNC(=O)O[C@H]4C[C@H](c5ncccc5OC(F)(F)F)C4)c(F)c3C2=O)C(=O)N1,CDK2,,72.0,=,0,HEK293,Genentech,WO2025043225,PGDB_AS000554,% Degradation,luminescence,standardized
PGDB_C008057,O=C1CCC(N2Cc3ccc(CNC(=O)O[C@H]4C[C@H](c5ncccc5OC(F)(F)F)C4)c(F)c3C2=O)C(=O)N1,GSPT1,,7.7,=,0,HEK293,Genentech,WO2025043225,PGDB_AS000025,% Degradation,,standardized
PGDB_C008096,O=C1CCC(N2Cc3ccc(CNC(=O)O[C@H]4C[C@H](c5nccnc5C(F)(F)F)C4)c(F)c3C2=O)C(=O)N1,CDK2,,55.0,=,0,HEK293,Genentech,WO2025043225,PGDB_AS000554,% Degradation,luminescence,standardized
PGDB_C008096,O=C1CCC(N2Cc3ccc(CNC(=O)O[C@H]4C[C@H](c5nccnc5C(F)(F)F)C4)c(F)c3C2=O)C(=O)N1,GSPT1,,8.4,=,0,HEK293,Genentech,WO2025043225,PGDB_AS000025,% Degradation,,standardized
PGDB_C008105,O=C1CCC(N2Cc3ccc(CNC(=O)O[C@H]4C[C@H](n5c(C(F)(F)F)nc6ccccc65)C4)c(F)c3C2=O)C(=O)N1,CDK2,,61.0,=,0,HEK293,Genentech,WO2025043225,PGDB_AS000554,% Degradation,luminescence,standardized
PGDB_C008105,O=C1CCC(N2Cc3ccc(CNC(=O)O[C@H]4C[C@H](n5c(C(F)(F)F)nc6ccccc65)C4)c(F)c3C2=O)C(=O)N1,GSPT1,,6.3,=,0,HEK293,Genentech,WO2025043225,PGDB_AS000025,% Degradation,,standardized
PGDB_C008100,O=C1CCC(N2Cc3ccc(CNC(=O)O[C@H]4C[C@H](n5cncc5C(F)(F)F)C4)c(F)c3C2=O)C(=O)N1,CDK2,,64.0,=,0,HEK293,Genentech,WO2025043225,PGDB_AS000554,% Degradation,luminescence,standardized
PGDB_C008100,O=C1CCC(N2Cc3ccc(CNC(=O)O[C@H]4C[C@H](n5cncc5C(F)(F)F)C4)c(F)c3C2=O)C(=O)N1,GSPT1,,9.6,=,0,HEK293,Genentech,WO2025043225,PGDB_AS000025,% Degradation,,standardized
PGDB_C008124,O=C1CCC(N2Cc3ccc(CNC(=O)O[C@H]4C[C@H](n5ncc6ccc(-c7ccccc7)cc65)C4)c(F)c3C2=O)C(=O)N1,CDK2,,63.0,=,0,HEK293,Genentech,WO2025043225,PGDB_AS000554,% Degradation,luminescence,standardized
PGDB_C008124,O=C1CCC(N2Cc3ccc(CNC(=O)O[C@H]4C[C@H](n5ncc6ccc(-c7ccccc7)cc65)C4)c(F)c3C2=O)C(=O)N1,GSPT1,,5.1,=,0,HEK293,Genentech,WO2025043225,PGDB_AS000025,% Degradation,,standardized
PGDB_C008073,O=C1CCC(N2Cc3ccc(CNC(=O)O[C@H]4C[C@H](n5ncc6ccccc65)C4)c(F)c3C2=O)C(=O)N1,CDK2,,57.0,=,0,HEK293,Genentech,WO2025043225,PGDB_AS000554,% Degradation,luminescence,standardized
PGDB_C008073,O=C1CCC(N2Cc3ccc(CNC(=O)O[C@H]4C[C@H](n5ncc6ccccc65)C4)c(F)c3C2=O)C(=O)N1,GSPT1,,0.51,=,0,HEK293,Genentech,WO2025043225,PGDB_AS000025,% Degradation,,standardized
PGDB_C008090,O=C1CCC(N2Cc3ccc(CNC(=O)O[C@H]4C[C@H](n5nccc5C5CC5)C4)c(F)c3C2=O)C(=O)N1,CDK2,,66.0,=,0,HEK293,Genentech,WO2025043225,PGDB_AS000554,% Degradation,luminescence,standardized
PGDB_C008090,O=C1CCC(N2Cc3ccc(CNC(=O)O[C@H]4C[C@H](n5nccc5C5CC5)C4)c(F)c3C2=O)C(=O)N1,GSPT1,,5.5,=,0,HEK293,Genentech,WO2025043225,PGDB_AS000025,% Degradation,,standardized
PGDB_C008115,O=C1CCC(N2Cc3ccc(CNC(=O)O[C@H]4C[C@H](n5nccc5OC(F)F)C4)c(F)c3C2=O)C(=O)N1,CDK2,,50.0,=,0,HEK293,Genentech,WO2025043225,PGDB_AS000554,% Degradation,luminescence,standardized
PGDB_C008115,O=C1CCC(N2Cc3ccc(CNC(=O)O[C@H]4C[C@H](n5nccc5OC(F)F)C4)c(F)c3C2=O)C(=O)N1,GSPT1,,0.16,=,0,HEK293,Genentech,WO2025043225,PGDB_AS000025,% Degradation,,standardized
PGDB_C001472,O=C1CCC(N2Cc3ccc(CNc4c(Nc5cc(OC(F)(F)F)ccc5F)c(=O)c4=O)cc3C2=O)C(=O)N1,GSPT1,,7.33,=,0,HEK293,Nanjing Sanhome Pharmaceutical,CN118852145A,PGDB_AS002339,% Degradation,luminescence,standardized
PGDB_C001479,O=C1CCC(N2Cc3ccc(COC(=O)Nc4cc(OC(F)(F)F)ccc4F)cc3C2=O)C(=O)N1,GSPT1,,86.63,=,1,HEK293,Nanjing Sanhome Pharmaceutical,CN118852145A,PGDB_AS002339,% Degradation,luminescence,standardized
PGDB_C001470,O=C1CCC(N2Cc3ccc(COC(=O)Nc4ccc(C#CC5CC5)c(Cl)c4)cc3C2=O)C(=O)N1,GSPT1,,93.56,=,1,HEK293,Nanjing Sanhome Pharmaceutical,CN118852145A,PGDB_AS002339,% Degradation,luminescence,standardized
PGDB_C001465,O=C1CCC(N2Cc3ccc(COC(=O)Nc4ccc(C(F)(F)F)c(C#CC5CC5)c4)cc3C2=O)C(=O)N1,GSPT1,,93.8,=,1,HEK293,Nanjing Sanhome Pharmaceutical,CN118852145A,PGDB_AS002339,% Degradation,luminescence,standardized
PGDB_C001468,O=C1CCC(N2Cc3ccc(COC(=O)Nc4ccc(OC(F)F)c(C#CC5CC5)c4)cc3C2=O)C(=O)N1,GSPT1,,93.1,=,1,HEK293,Nanjing Sanhome Pharmaceutical,CN118852145A,PGDB_AS002339,% Degradation,luminescence,standardized
PGDB_C001028,O=C1CCC(N2Cc3ccc(COC(=O)Nc4ccc5c(c4)C4(CC4)CN(C4CC4)C5=O)cc3C2=O)C(=O)N1,GSPT1,,93.8,=,1,HEK293,Nanjing Sanhome Pharmaceutical,CN121318922A,PGDB_AS000392,% Degradation,,standardized
PGDB_C001471,O=C1CCC(N2Cc3ccc(COC(=O)Nc4nc5ccccc5s4)cc3C2=O)C(=O)N1,GSPT1,,91.05,=,1,HEK293,Nanjing Sanhome Pharmaceutical,CN118852145A,PGDB_AS002339,% Degradation,luminescence,standardized
PGDB_C010154,O=C1CCC(N2Cc3nc(C4(O)CCN(Cc5cccnc5)CC4)ccc3C2=O)C(=O)N1,ARNT,,60.0,<=,0,7860-O,Neomorph,WO2025097092,PGDB_AS001935,% Degradation,luminescence,manual_curated
PGDB_C010145,O=C1CCC(N2Cc3nc(C4(O)CCN(Cc5ccncc5)CC4)ccc3C2=O)C(=O)N1,ARNT,,60.0,<=,0,7860-O,Neomorph,WO2025097092,PGDB_AS001935,% Degradation,luminescence,manual_curated
PGDB_C001073,O=C1CCC(c2c(F)cc(C3=CCC(C(=O)Nc4cccc(Br)c4)CC3)cc2F)C(=O)N1,GSPT1,,29.0,=,0,293A,Hangzhou Dituo Biopharmaceutical,CN121591645A,PGDB_AS000716,% Degradation,luminescence,standardized
PGDB_C001075,O=C1CCC(c2c(F)cc(C3=CCN(C(=O)Nc4cccc(Br)c4)CC3)cc2F)C(=O)N1,GSPT1,,99.5,=,1,293A,Hangzhou Dituo Biopharmaceutical,CN121591645A,PGDB_AS000716,% Degradation,luminescence,standardized
PGDB_C001072,O=C1CCC(c2c(F)cc(C3CCN(C(=O)Nc4cccc(Br)c4)CC3)cc2F)C(=O)N1,GSPT1,,99.3,=,1,293A,Hangzhou Dituo Biopharmaceutical,CN121591645A,PGDB_AS000716,% Degradation,luminescence,standardized
PGDB_C000684,O=C1CCC(c2c(F)cc(N3CC(OC(=O)Nc4ccc(C#CC5CC5)c(Cl)c4)C3)cc2F)C(=O)N1,GSPT1,,93.56,=,1,HEK293,Nanjing Sanhome Pharmaceutical,CN119431327A,PGDB_AS000252,% Degradation,,standardized
PGDB_C001070,O=C1CCC(c2c(F)cc(N3CCC(C(=O)Nc4cccc(Br)c4)CC3)cc2F)C(=O)N1,GSPT1,,61.0,=,0,293A,Hangzhou Dituo Biopharmaceutical,CN121591645A,PGDB_AS000716,% Degradation,luminescence,standardized
PGDB_C001076,O=C1CCC(c2c(F)cc(N3CCC(NC(=O)Cc4cccc(Br)c4)CC3)cc2F)C(=O)N1,GSPT1,,26.0,=,0,293A,Hangzhou Dituo Biopharmaceutical,CN121591645A,PGDB_AS000716,% Degradation,luminescence,standardized
PGDB_C001078,O=C1CCC(c2c(F)cc(N3CCCC(NC(=O)Cc4cccc(Br)c4)C3)cc2F)C(=O)N1,GSPT1,,34.0,=,0,293A,Hangzhou Dituo Biopharmaceutical,CN121591645A,PGDB_AS000716,% Degradation,luminescence,standardized
PGDB_C001071,O=C1CCC(c2c(F)cc(N3CCN(C(=O)Nc4cccc(Br)c4)CC3)cc2F)C(=O)N1,GSPT1,,97.9,=,1,293A,Hangzhou Dituo Biopharmaceutical,CN121591645A,PGDB_AS000716,% Degradation,luminescence,standardized
PGDB_C001074,O=C1CCC(c2c(F)cc([C@H]3CC[C@@H](C(=O)Nc4cccc(Br)c4)CC3)cc2F)C(=O)N1,GSPT1,,77.0,=,0,293A,Hangzhou Dituo Biopharmaceutical,CN121591645A,PGDB_AS000716,% Degradation,luminescence,standardized
PGDB_C032016,O=C1CCC(c2cccc(-c3cc(C(F)(F)F)c(-n4ccccc4=O)s3)c2Cl)C(=O)N1,VAV1,,91.8,=,1,,Changchun Genescience Pharmaceutical Co Ltd,WO2026119120A1,PGDB_AS000657,% Degradation,luminescence,standardized
PGDB_C032017,O=C1CCC(c2cccc(-c3cc(C(F)F)c(-n4ccccc4=O)s3)c2Cl)C(=O)N1,VAV1,,95.1,=,1,,Changchun Genescience Pharmaceutical Co Ltd,WO2026119120A1,PGDB_AS000657,% Degradation,luminescence,standardized
PGDB_C032019,O=C1CCC(c2cccc(-c3cc(C4(F)CC4)c(-n4ccccc4=O)s3)c2Cl)C(=O)N1,VAV1,,96.0,=,1,,Changchun Genescience Pharmaceutical Co Ltd,WO2026119120A1,PGDB_AS000657,% Degradation,luminescence,standardized
PGDB_C032013,O=C1CCC(c2cccc(-c3cc(C4CC4)c(-n4ccccc4=O)s3)c2Cl)C(=O)N1,VAV1,,97.4,=,1,,Changchun Genescience Pharmaceutical Co Ltd,WO2026119120A1,PGDB_AS000657,% Degradation,luminescence,standardized
PGDB_C032018,O=C1CCC(c2cccc(-c3cc(CC(F)(F)F)c(-n4ccccc4=O)s3)c2Cl)C(=O)N1,VAV1,,99.6,=,1,,Changchun Genescience Pharmaceutical Co Ltd,WO2026119120A1,PGDB_AS000657,% Degradation,luminescence,standardized
PGDB_C032007,O=C1CCC(c2cccc(-c3cc(Cl)c(-n4ccccc4=O)s3)c2Cl)C(=O)N1,VAV1,,97.1,=,1,,Changchun Genescience Pharmaceutical Co Ltd,WO2026119120A1,PGDB_AS000657,% Degradation,luminescence,standardized
PGDB_C032033,O=C1CCC(c2cccc(-c3cc(Cl)c4c(c3)CCCC(=O)N4)c2Cl)C(=O)N1,VAV1,,90.5,=,1,,Changchun Genescience Pharmaceutical Co Ltd,WO2026119120A1,PGDB_AS000657,% Degradation,luminescence,standardized
PGDB_C032006,O=C1CCC(c2cccc(-c3cc(F)c(-n4ccccc4=O)s3)c2Cl)C(=O)N1,VAV1,,90.2,=,1,,Changchun Genescience Pharmaceutical Co Ltd,WO2026119120A1,PGDB_AS000657,% Degradation,luminescence,standardized
PGDB_C032012,O=C1CCC(c2cccc(-c3cc(F)c(Oc4ccccn4)s3)c2Cl)C(=O)N1,VAV1,,82.6,=,1,,Changchun Genescience Pharmaceutical Co Ltd,WO2026119120A1,PGDB_AS000657,% Degradation,luminescence,standardized
PGDB_C032020,O=C1CCC(c2cccc(-c3cc4c(s3)NC(=O)CC4)c2Cl)C(=O)N1,VAV1,,92.3,=,1,,Changchun Genescience Pharmaceutical Co Ltd,WO2026119120A1,PGDB_AS000657,% Degradation,luminescence,standardized
PGDB_C032051,O=C1CCC(c2cccc(-c3cc4c(s3)NC(=O)CCC4)c2Cl)C(=O)N1,VAV1,,93.9,=,1,,Changchun Genescience Pharmaceutical Co Ltd,WO2026119120A1,PGDB_AS000657,% Degradation,luminescence,standardized
PGDB_C033002,O=C1CCC(c2cccc(-c3ccc(-c4c(OCC(F)(F)F)cc[nH]c4=O)cc3)c2Cl)C(=O)N1,VAV1,,90.0,>,1,Jurkat,,WO2026145172A1,PGDB_AS002627,% Degradation,luminescence,standardized
PGDB_C033030,O=C1CCC(c2cccc(-c3ccc(-c4c(OCC(F)(F)F)ccn(C5CC5)c4=O)cc3)c2Cl)C(=O)N1,VAV1,,90.0,>,1,Jurkat,,WO2026145172A1,PGDB_AS002627,% Degradation,luminescence,standardized
PGDB_C032762,O=C1CCC(c2cccc(-c3ccc(-c4ccc5n(c4=O)C4(CC4)COC5)cc3)c2Cl)C(=O)N1,VAV1,,98.2,=,1,Jurkat,,WO2026139100A1,PGDB_AS002618,% Degradation,luminescence,standardized
PGDB_C029550,O=C1CCC(c2cccc(-c3ccc(-c4cccc(OC(F)F)[n+]4[O-])cc3)c2Cl)C(=O)N1,VAV1,,97.9,=,1,,Shanghai Qilu Pharmaceutical Research And Development Centre,WO2026051943A1,PGDB_AS000777,% Degradation,luminescence,standardized
PGDB_C024758,O=C1CCC(c2cccc(-c3ccc(-c4cccc5c4nc4n5CCC4)cc3)c2Cl)C(=O)N1,VAV1,,100.0,=,1,Jurkat,Shanghai Meiyue Biotech Development Co Ltd,WO2026061428A1,PGDB_AS000765,% Degradation,fluorescence,standardized
PGDB_C029481,O=C1CCC(c2cccc(-c3ccc(-c4cccc[n+]4[O-])cc3)c2Cl)C(=O)N1,VAV1,,96.32,=,1,,Shanghai Qilu Pharmaceutical Research And Development Centre,WO2026051943A1,PGDB_AS000777,% Degradation,luminescence,standardized
PGDB_C024837,O=C1CCC(c2cccc(-c3ccc(-n4c(=O)c(F)cc5nc6n(c54)CCC6)cc3)c2Cl)C(=O)N1,VAV1,,97.6,=,1,Jurkat,Shanghai Meiyue Biotech Development,CN121698875A,PGDB_AS000398,% Degradation,,standardized
PGDB_C024741,O=C1CCC(c2cccc(-c3ccc(-n4c(=O)ccc5c4nc4n5CCC4)cc3)c2Cl)C(=O)N1,VAV1,,101.6,=,1,Jurkat,Shanghai Meiyue Biotech Development Co Ltd,WO2026061428A1,PGDB_AS000765,% Degradation,fluorescence,standardized
PGDB_C024812,O=C1CCC(c2cccc(-c3ccc(-n4c(=O)ccc5c4nc4n5CCCC4)cc3)c2Cl)C(=O)N1,VAV1,,94.9,=,1,Jurkat,Shanghai Meiyue Biotech Development,CN121698875A,PGDB_AS000398,% Degradation,,standardized
PGDB_C024747,O=C1CCC(c2cccc(-c3ccc(-n4c(=O)ccc5nc6n(c54)CCC6)cc3)c2Cl)C(=O)N1,VAV1,,99.2,=,1,Jurkat,Shanghai Meiyue Biotech Development Co Ltd,WO2026061428A1,PGDB_AS000765,% Degradation,fluorescence,standardized
PGDB_C024793,O=C1CCC(c2cccc(-c3ccc(-n4c(=O)ccc5nc6n(c54)[C@H](C(F)(F)F)CC6)cc3)c2Cl)C(=O)N1,VAV1,,96.6,=,1,Jurkat,Shanghai Meiyue Biotech Development,CN121698875A,PGDB_AS000398,% Degradation,,standardized
PGDB_C032930,O=C1CCC(c2cccc(-c3ccc(-n4c(OCC(F)(F)F)cc(C(F)(F)F)cc4=O)cc3)c2Cl)C(=O)N1,VAV1,,90.0,>,1,Jurkat,,WO2026145172A1,PGDB_AS002627,% Degradation,luminescence,standardized
PGDB_C033047,O=C1CCC(c2cccc(-c3ccc(-n4c(OCC(F)(F)F)cccc4=O)cc3)c2Cl)C(=O)N1,VAV1,,90.0,>,1,Jurkat,,WO2026145172A1,PGDB_AS002627,% Degradation,luminescence,standardized
PGDB_C032974,O=C1CCC(c2cccc(-c3ccc(-n4c(OCCC(F)(F)F)cc(C(F)(F)F)cc4=O)cc3)c2Cl)C(=O)N1,VAV1,,90.0,>,1,Jurkat,,WO2026145172A1,PGDB_AS002627,% Degradation,luminescence,standardized
PGDB_C033069,O=C1CCC(c2cccc(-c3ccc(-n4c(OCCC(F)(F)F)cccc4=O)cc3)c2Cl)C(=O)N1,VAV1,,90.0,>,1,Jurkat,,WO2026145172A1,PGDB_AS002627,% Degradation,luminescence,standardized
PGDB_C032914,O=C1CCC(c2cccc(-c3ccc(-n4c5c(c(C(F)(F)F)cc4=O)CCCCC5)cc3)c2Cl)C(=O)N1,VAV1,,90.0,>,1,Jurkat,,WO2026145172A1,PGDB_AS002627,% Degradation,luminescence,standardized
PGDB_C032957,O=C1CCC(c2cccc(-c3ccc(-n4c5c(ccc4=O)C4CCC5C4)cc3)c2Cl)C(=O)N1,VAV1,,90.0,>,1,Jurkat,,WO2026145172A1,PGDB_AS002627,% Degradation,luminescence,standardized
PGDB_C033011,O=C1CCC(c2cccc(-c3ccc(-n4c5c(ccc4=O)CCCCC5)cc3)c2Cl)C(=O)N1,VAV1,,90.0,>,1,Jurkat,,WO2026145172A1,PGDB_AS002627,% Degradation,luminescence,standardized
PGDB_C033024,O=C1CCC(c2cccc(-c3ccc(-n4c5c(ccc4=O)CCCCCC5)cc3)c2Cl)C(=O)N1,VAV1,,90.0,>,1,Jurkat,,WO2026145172A1,PGDB_AS002627,% Degradation,luminescence,standardized
PGDB_C032036,O=C1CCC(c2cccc(-c3ccc(-n4cc(F)ccc4=O)s3)c2Cl)C(=O)N1,VAV1,,82.7,=,1,,Changchun Genescience Pharmaceutical Co Ltd,WO2026119120A1,PGDB_AS000657,% Degradation,luminescence,standardized
PGDB_C029520,O=C1CCC(c2cccc(-c3ccc(-n4cc(OC(F)F)ccc4=O)cc3)c2Cl)C(=O)N1,VAV1,,96.67,=,1,,Shanghai Qilu Pharmaceutical Research And Development Centre,WO2026051943A1,PGDB_AS000777,% Degradation,luminescence,standardized
PGDB_C029474,O=C1CCC(c2cccc(-c3ccc(-n4cc(OC5CC5)ccc4=O)cc3)c2Cl)C(=O)N1,VAV1,,97.7,=,1,,Shanghai Qilu Pharmaceutical Research And Development Centre,WO2026051943A1,PGDB_AS000777,% Degradation,luminescence,standardized
PGDB_C024809,O=C1CCC(c2cccc(-c3ccc(-n4cc5c(cc4=O)nc4n5CCC4)cc3)c2Cl)C(=O)N1,VAV1,,86.0,=,1,Jurkat,Shanghai Meiyue Biotech Development Co Ltd,WO2026061428A1,PGDB_AS000765,% Degradation,fluorescence,standardized
PGDB_C024875,O=C1CCC(c2cccc(-c3ccc(-n4cc5cc6n(c5cc4=O)CCC6)cc3)c2Cl)C(=O)N1,VAV1,,93.52,=,1,Jurkat,Shanghai Meiyue Biotech Development,CN121698875A,PGDB_AS000398,% Degradation,,standardized
PGDB_C024888,O=C1CCC(c2cccc(-c3ccc(-n4cc5nc6n(c5cc4=O)CC(C(F)(F)F)C6)cc3)c2Cl)C(=O)N1,VAV1,,94.25,=,1,Jurkat,Shanghai Meiyue Biotech Development,CN121698875A,PGDB_AS000398,% Degradation,,standardized
PGDB_C024857,O=C1CCC(c2cccc(-c3ccc(-n4cc5nc6n(c5cc4=O)CC(C(F)F)C6)cc3)c2Cl)C(=O)N1,VAV1,,99.02,=,1,Jurkat,Shanghai Meiyue Biotech Development,CN121698875A,PGDB_AS000398,% Degradation,,standardized
PGDB_C024853,O=C1CCC(c2cccc(-c3ccc(-n4cc5nc6n(c5cc4=O)CC(CF)C6)cc3)c2Cl)C(=O)N1,VAV1,,94.9,=,1,Jurkat,Shanghai Meiyue Biotech Development,CN121698875A,PGDB_AS000398,% Degradation,,standardized
PGDB_C024810,O=C1CCC(c2cccc(-c3ccc(-n4cc5nc6n(c5cc4=O)CC(CO)C6)cc3)c2Cl)C(=O)N1,VAV1,,96.1,=,1,Jurkat,Shanghai Meiyue Biotech Development,CN121698875A,PGDB_AS000398,% Degradation,,standardized
PGDB_C024820,O=C1CCC(c2cccc(-c3ccc(-n4cc5nc6n(c5cc4=O)CC(F)(F)C6)cc3)c2Cl)C(=O)N1,VAV1,,95.7,=,1,Jurkat,Shanghai Meiyue Biotech Development Co Ltd,WO2026061428A1,PGDB_AS000765,% Degradation,fluorescence,standardized
PGDB_C024854,O=C1CCC(c2cccc(-c3ccc(-n4cc5nc6n(c5cc4=O)CC4(C6)CC(F)(F)C4)cc3)c2Cl)C(=O)N1,VAV1,,89.4,=,1,Jurkat,Shanghai Meiyue Biotech Development,CN121698875A,PGDB_AS000398,% Degradation,,standardized
PGDB_C024815,O=C1CCC(c2cccc(-c3ccc(-n4cc5nc6n(c5cc4=O)CC4(CC4)C6)cc3)c2Cl)C(=O)N1,VAV1,,89.1,=,1,Jurkat,Shanghai Meiyue Biotech Development Co Ltd,WO2026061428A1,PGDB_AS000765,% Degradation,fluorescence,standardized
PGDB_C024811,O=C1CCC(c2cccc(-c3ccc(-n4cc5nc6n(c5cc4=O)CC4(CCOC4)C6)cc3)c2Cl)C(=O)N1,VAV1,,96.1,=,1,Jurkat,Shanghai Meiyue Biotech Development Co Ltd,WO2026061428A1,PGDB_AS000765,% Degradation,fluorescence,standardized
PGDB_C024748,O=C1CCC(c2cccc(-c3ccc(-n4cc5nc6n(c5cc4=O)CCC6)cc3)c2Cl)C(=O)N1,VAV1,,106.5,=,1,Jurkat,Shanghai Meiyue Biotech Development,CN121698875A,PGDB_AS000398,% Degradation,,standardized
PGDB_C024761,O=C1CCC(c2cccc(-c3ccc(-n4cc5nc6n(c5cc4=O)CCCC6)cc3)c2Cl)C(=O)N1,VAV1,,89.6,=,1,Jurkat,Shanghai Meiyue Biotech Development Co Ltd,WO2026061428A1,PGDB_AS000765,% Degradation,fluorescence,standardized
PGDB_C024905,O=C1CCC(c2cccc(-c3ccc(-n4cc5nc6n(c5cc4=O)C[C@H](C(F)F)C6)cc3)c2Cl)C(=O)N1,VAV1,,97.78,=,1,Jurkat,Shanghai Meiyue Biotech Development,CN121698875A,PGDB_AS000398,% Degradation,,standardized
PGDB_C024866,O=C1CCC(c2cccc(-c3ccc(-n4cc5oc6c(c5cc4=O)CCC6)cc3)c2Cl)C(=O)N1,VAV1,,92.31,=,1,Jurkat,Shanghai Meiyue Biotech Development,CN121698875A,PGDB_AS000398,% Degradation,,standardized
PGDB_C032030,O=C1CCC(c2cccc(-c3ccc(-n4ccc(F)cc4=O)s3)c2Cl)C(=O)N1,VAV1,,90.4,=,1,,Changchun Genescience Pharmaceutical Co Ltd,WO2026119120A1,PGDB_AS000657,% Degradation,luminescence,standardized
PGDB_C024738,O=C1CCC(c2cccc(-c3ccc(-n4ccc5c(nc6n5CCC6)c4=O)cc3)c2Cl)C(=O)N1,VAV1,,96.7,=,1,Jurkat,Shanghai Meiyue Biotech Development,CN121698875A,PGDB_AS000398,% Degradation,,standardized
PGDB_C024749,O=C1CCC(c2cccc(-c3ccc(-n4ccc5c(nc6n5CCCC6)c4=O)cc3)c2Cl)C(=O)N1,VAV1,,89.3,=,1,Jurkat,Shanghai Meiyue Biotech Development Co Ltd,WO2026061428A1,PGDB_AS000765,% Degradation,fluorescence,standardized
PGDB_C024849,O=C1CCC(c2cccc(-c3ccc(-n4ccc5nn6c(c5c4=O)CCC6)cc3)c2Cl)C(=O)N1,VAV1,,97.8,=,1,Jurkat,Shanghai Meiyue Biotech Development,CN121698875A,PGDB_AS000398,% Degradation,,standardized
PGDB_C032034,O=C1CCC(c2cccc(-c3ccc(-n4cccc(Cl)c4=O)s3)c2Cl)C(=O)N1,VAV1,,84.9,=,1,,Changchun Genescience Pharmaceutical Co Ltd,WO2026119120A1,PGDB_AS000657,% Degradation,luminescence,standardized
PGDB_C032027,O=C1CCC(c2cccc(-c3ccc(-n4cccc(F)c4=O)s3)c2Cl)C(=O)N1,VAV1,,89.0,=,1,,Changchun Genescience Pharmaceutical Co Ltd,WO2026119120A1,PGDB_AS000657,% Degradation,luminescence,standardized
PGDB_C029636,O=C1CCC(c2cccc(-c3ccc(-n4cccc(OC(F)F)c4=O)c(F)c3)c2Cl)C(=O)N1,VAV1,,98.0,=,1,,Shanghai Qilu Pharmaceutical Research And Development Centre,WO2026051943A1,PGDB_AS000777,% Degradation,luminescence,standardized
PGDB_C029477,O=C1CCC(c2cccc(-c3ccc(-n4cccc(OC(F)F)c4=O)cc3)c2Cl)C(=O)N1,VAV1,,98.28,=,1,,Shanghai Qilu Pharmaceutical Research And Development Centre,WO2026051943A1,PGDB_AS000777,% Degradation,luminescence,standardized
PGDB_C029572,O=C1CCC(c2cccc(-c3ccc(-n4cccc(OC5(CO)CC5)c4=O)cc3)c2Cl)C(=O)N1,VAV1,,98.8,=,1,,Shanghai Qilu Pharmaceutical Research And Development Centre,WO2026051943A1,PGDB_AS000777,% Degradation,luminescence,standardized
PGDB_C029566,O=C1CCC(c2cccc(-c3ccc(-n4cccc(OC5CC5)c4=O)cc3)c2Cl)C(=O)N1,VAV1,,98.8,=,1,,Shanghai Qilu Pharmaceutical Research And Development Centre,WO2026051943A1,PGDB_AS000777,% Degradation,luminescence,standardized
PGDB_C009248,O=C1CCC(c2cccc(-c3ccc(-n4cccc(OCCO)c4=O)s3)c2Cl)C(=O)N1,VAV1,,96.0,=,1,Jurkat,Wuhan Humanwell Innovative Drug Research And Development Center,WO2026041143A1,PGDB_AS000206,% Degradation,Western_blot,standardized
PGDB_C031198,O=C1CCC(c2cccc(-c3ccc(-n4ccccc4=O)cc3)c2Cl)C(=O)N1,VAV1,,99.2,=,1,,Jiangsu Hengrui Pharmaceuticals Co Ltd;Shanghai Hengrui Pharmaceutical,WO2026098637A1,PGDB_AS002286,% Degradation,luminescence,standardized
PGDB_C009245,O=C1CCC(c2cccc(-c3ccc(-n4ccccc4=O)s3)c2Cl)C(=O)N1,VAV1,,98.1,=,1,Jurkat,Wuhan Humanwell Innovative Drug Research And Development Center,WO2026041143A1,PGDB_AS000206,% Degradation,Western_blot,standardized
PGDB_C024743,O=C1CCC(c2cccc(-c3ccc(-n4ccn5c6c(cc5c4=O)CCCC6)cc3)c2Cl)C(=O)N1,VAV1,,92.4,=,1,Jurkat,Shanghai Meiyue Biotech Development,CN121698875A,PGDB_AS000398,% Degradation,,standardized
PGDB_C024742,O=C1CCC(c2cccc(-c3ccc(-n4ccn5cc6c(c5c4=O)CCC6)cc3)c2Cl)C(=O)N1,VAV1,,88.5,=,1,Jurkat,Shanghai Meiyue Biotech Development Co Ltd,WO2026061428A1,PGDB_AS000765,% Degradation,fluorescence,standardized
PGDB_C032001,O=C1CCC(c2cccc(-c3ccc(C#CCn4ccccc4=O)cc3)c2Cl)C(=O)N1,VAV1,,90.4,=,1,,Changchun Genescience Pharmaceutical Co Ltd,WO2026119120A1,PGDB_AS000657,% Degradation,luminescence,standardized
PGDB_C027641,O=C1CCC(c2cccc(-c3ccc(C4COC(=O)N4)c(F)c3)c2Cl)C(=O)N1,VAV1,,27.04,=,0,Jurkat,Monte Rosa Therapeutics,WO2024151547A1,PGDB_AS000862,% Degradation,luminescence,standardized
PGDB_C027640,O=C1CCC(c2cccc(-c3ccc(C4COC(=O)N4)cc3)c2Cl)C(=O)N1,VAV1,,13.98,=,0,Jurkat,Monte Rosa Therapeutics,WO2024151547A1,PGDB_AS000862,% Degradation,luminescence,standardized
PGDB_C029668,O=C1CCC(c2cccc(-c3ccc(N(C(=O)NCC(F)F)C4CC4)cc3)c2Cl)C(=O)N1,VAV1,,98.7,=,1,,Shanghai Qilu Pharmaceutical Research And Development Centre,WO2026051943A1,PGDB_AS000777,% Degradation,luminescence,standardized
PGDB_C029635,O=C1CCC(c2cccc(-c3ccc(N(C(=O)NCCO)C4CC4)cc3)c2Cl)C(=O)N1,VAV1,,98.7,=,1,,Shanghai Qilu Pharmaceutical Research And Development Centre,WO2026051943A1,PGDB_AS000777,% Degradation,luminescence,standardized
PGDB_C024740,O=C1CCC(c2cccc(-c3ccc(N4C(=O)Cn5ccc6cccc4c65)cc3)c2Cl)C(=O)N1,VAV1,,100.0,=,1,Jurkat,Shanghai Meiyue Biotech Development Co Ltd,WO2026061428A1,PGDB_AS000765,% Degradation,fluorescence,standardized
PGDB_C031405,O=C1CCC(c2cccc(-c3ccc(N4C(=O)c5ccnn5CC45CC5)cc3)c2Cl)C(=O)N1,VAV1,,98.8,=,1,Jurkat,,WO2026139100A1,PGDB_AS002618,% Degradation,luminescence,standardized
PGDB_C029435,O=C1CCC(c2cccc(-c3ccc(N4CCCCC4=O)cc3)c2Cl)C(=O)N1,VAV1,,97.52,=,1,,Shanghai Qilu Pharmaceutical Research And Development Centre,WO2026051943A1,PGDB_AS000777,% Degradation,luminescence,standardized
PGDB_C030185,O=C1CCC(c2cccc(-c3ccc(N4CCc5c(cc6n5CC(F)(F)C6)C4=O)cc3)c2Cl)C(=O)N1,VAV1,,96.1,=,1,Jurkat,Shanghai Meiyue Biotech Development Co Ltd,WO2026061428A1,PGDB_AS000765,% Degradation,fluorescence,standardized
PGDB_C030186,O=C1CCC(c2cccc(-c3ccc(N4CCc5c(cc6n5CCC6=O)C4=O)cc3)c2Cl)C(=O)N1,VAV1,,94.9,=,1,Jurkat,Shanghai Meiyue Biotech Development Co Ltd,WO2026061428A1,PGDB_AS000765,% Degradation,fluorescence,standardized
PGDB_C024766,O=C1CCC(c2cccc(-c3ccc(N4CCc5c(nc6n5CCCC6)C4=O)cc3)c2Cl)C(=O)N1,VAV1,,98.2,=,1,Jurkat,Shanghai Meiyue Biotech Development,CN121698875A,PGDB_AS000398,% Degradation,,standardized
PGDB_C024744,O=C1CCC(c2cccc(-c3ccc(N4CCc5cc6c(cc5C4=O)CCC6)cc3)c2Cl)C(=O)N1,VAV1,,96.9,=,1,Jurkat,Shanghai Meiyue Biotech Development,CN121698875A,PGDB_AS000398,% Degradation,,standardized
PGDB_C024736,O=C1CCC(c2cccc(-c3ccc(N4CCn5c(cc6c5CCCC6)C4=O)cc3)c2Cl)C(=O)N1,VAV1,,83.6,=,1,Jurkat,Shanghai Meiyue Biotech Development Co Ltd,WO2026061428A1,PGDB_AS000765,% Degradation,fluorescence,standardized
PGDB_C024739,O=C1CCC(c2cccc(-c3ccc(N4CCn5cc6c(c5C4=O)CCC6)cc3)c2Cl)C(=O)N1,VAV1,,88.8,=,1,Jurkat,Shanghai Meiyue Biotech Development,CN121698875A,PGDB_AS000398,% Degradation,,standardized
PGDB_C024750,O=C1CCC(c2cccc(-c3ccc(N4CCn5cc6c(c5C4=O)CCCC6)cc3)c2Cl)C(=O)N1,VAV1,,93.3,=,1,Jurkat,Shanghai Meiyue Biotech Development,CN121698875A,PGDB_AS000398,% Degradation,,standardized
PGDB_C029532,O=C1CCC(c2cccc(-c3ccc(OC(=O)N4CCCC4)c(C(F)F)c3)c2Cl)C(=O)N1,VAV1,,93.71,=,1,,Shanghai Qilu Pharmaceutical Research And Development Centre,WO2026051943A1,PGDB_AS000777,% Degradation,luminescence,standardized
PGDB_C029467,O=C1CCC(c2cccc(-c3ccc(OC(=O)N4CCCC4)c(F)c3)c2Cl)C(=O)N1,VAV1,,94.84,=,1,,Shanghai Qilu Pharmaceutical Research And Development Centre,WO2026051943A1,PGDB_AS000777,% Degradation,luminescence,standardized
PGDB_C029458,O=C1CCC(c2cccc(-c3ccc(OC(=O)N4CCCC4)cc3)c2Cl)C(=O)N1,VAV1,,92.0,=,1,,Shanghai Qilu Pharmaceutical Research And Development Centre,WO2026051943A1,PGDB_AS000777,% Degradation,luminescence,standardized
PGDB_C029439,O=C1CCC(c2cccc(-c3ccc(OC(=O)N4CCCC45CC5)cc3)c2Cl)C(=O)N1,VAV1,,97.37,=,1,,Shanghai Qilu Pharmaceutical Research And Development Centre,WO2026051943A1,PGDB_AS000777,% Degradation,luminescence,standardized
PGDB_C029450,O=C1CCC(c2cccc(-c3ccc(OC(=O)N4CCC[C@@H]4CO)cc3)c2Cl)C(=O)N1,VAV1,,97.05,=,1,,Shanghai Qilu Pharmaceutical Research And Development Centre,WO2026051943A1,PGDB_AS000777,% Degradation,luminescence,standardized
PGDB_C029479,O=C1CCC(c2cccc(-c3ccc(OC(=O)N4CCC[C@H]4CO)cc3)c2Cl)C(=O)N1,VAV1,,93.33,=,1,,Shanghai Qilu Pharmaceutical Research And Development Centre,WO2026051943A1,PGDB_AS000777,% Degradation,luminescence,standardized
PGDB_C029478,O=C1CCC(c2cccc(-c3ccc(OC(=O)N4CC[C@@H](F)C4)cc3)c2Cl)C(=O)N1,VAV1,,94.8,=,1,,Shanghai Qilu Pharmaceutical Research And Development Centre,WO2026051943A1,PGDB_AS000777,% Degradation,luminescence,standardized
PGDB_C029449,O=C1CCC(c2cccc(-c3ccc(OC(=O)N4CC[C@H](F)C4)cc3)c2Cl)C(=O)N1,VAV1,,94.65,=,1,,Shanghai Qilu Pharmaceutical Research And Development Centre,WO2026051943A1,PGDB_AS000777,% Degradation,luminescence,standardized
PGDB_C027637,O=C1CCC(c2cccc(-c3ccc(OCc4ccccn4)cc3)c2Cl)C(=O)N1,VAV1,,93.6,=,1,Jurkat,Monte Rosa Therapeutics,WO2024151547A1,PGDB_AS000862,% Degradation,luminescence,standardized
PGDB_C024855,O=C1CCC(c2cccc(-c3ccc(Oc4cc5c(cn4)nc4n5CC5(C4)CC(F)(F)C5)cc3)c2Cl)C(=O)N1,VAV1,,102.9,=,1,Jurkat,Shanghai Meiyue Biotech Development,CN121698875A,PGDB_AS000398,% Degradation,,standardized
PGDB_C024816,O=C1CCC(c2cccc(-c3ccc(Oc4cc5c(cn4)nc4n5CC5(CC5)C4)cc3)c2Cl)C(=O)N1,VAV1,,85.3,=,1,Jurkat,Shanghai Meiyue Biotech Development,CN121698875A,PGDB_AS000398,% Degradation,,standardized
PGDB_C024819,O=C1CCC(c2cccc(-c3ccc(Oc4cc5c(cn4)nc4n5CCC4)cc3)c2Cl)C(=O)N1,VAV1,,88.0,=,1,Jurkat,Shanghai Meiyue Biotech Development Co Ltd,WO2026061428A1,PGDB_AS000765,% Degradation,fluorescence,standardized
PGDB_C030155,O=C1CCC(c2cccc(-c3ccc4c(c3)C(=O)NCCC4)c2Cl)C(=O)N1,VAV1,,96.6,=,1,Jurkat,Shanghai Meiyue Biotech Development Co Ltd,WO2026061428A1,PGDB_AS000765,% Degradation,fluorescence,standardized
PGDB_C024901,O=C1CCC(c2cccc(-c3ccc4c(c3)C=CC3(CC(F)(F)C3)NC4=O)c2Cl)C(=O)N1,VAV1,,101.5,=,1,Jurkat,Shanghai Meiyue Biotech Development,CN121698875A,PGDB_AS000398,% Degradation,,standardized
PGDB_C024902,O=C1CCC(c2cccc(-c3ccc4c(c3)C=CC3(CC3)C(=O)N4)c2Cl)C(=O)N1,VAV1,,97.69,=,1,Jurkat,Shanghai Meiyue Biotech Development,CN121698875A,PGDB_AS000398,% Degradation,,standardized
PGDB_C024889,O=C1CCC(c2cccc(-c3ccc4c(c3)C=CC3(CC3)NC4=O)c2Cl)C(=O)N1,VAV1,,102.2,=,1,Jurkat,Shanghai Meiyue Biotech Development,CN121698875A,PGDB_AS000398,% Degradation,,standardized
PGDB_C024881,O=C1CCC(c2cccc(-c3ccc4c(c3)C=CC3(CCC3)NC4=O)c2Cl)C(=O)N1,VAV1,,100.8,=,1,Jurkat,Shanghai Meiyue Biotech Development,CN121698875A,PGDB_AS000398,% Degradation,,standardized
PGDB_C024908,O=C1CCC(c2cccc(-c3ccc4c(c3)C=CC3(CCOC3)C(=O)N4)c2Cl)C(=O)N1,VAV1,,93.37,=,1,Jurkat,Shanghai Meiyue Biotech Development,CN121698875A,PGDB_AS000398,% Degradation,,standardized
PGDB_C024871,O=C1CCC(c2cccc(-c3ccc4c(c3)C=CC3(CCOCC3)NC4=O)c2Cl)C(=O)N1,VAV1,,90.47,=,1,Jurkat,Shanghai Meiyue Biotech Development,CN121698875A,PGDB_AS000398,% Degradation,,standardized
PGDB_C024861,O=C1CCC(c2cccc(-c3ccc4c(c3)C=CCNC4=O)c2Cl)C(=O)N1,VAV1,,92.67,=,1,Jurkat,Shanghai Meiyue Biotech Development,CN121698875A,PGDB_AS000398,% Degradation,,standardized
PGDB_C024791,O=C1CCC(c2cccc(-c3ccc4c(c3)CC(F)(F)CNC4=O)c2Cl)C(=O)N1,VAV1,,85.2,=,1,Jurkat,Shanghai Meiyue Biotech Development,CN121698875A,PGDB_AS000398,% Degradation,,standardized
PGDB_C024778,O=C1CCC(c2cccc(-c3ccc4c(c3)CC(F)CNC4=O)c2Cl)C(=O)N1,VAV1,,94.6,=,1,Jurkat,Shanghai Meiyue Biotech Development,CN121698875A,PGDB_AS000398,% Degradation,,standardized
PGDB_C024864,O=C1CCC(c2cccc(-c3ccc4c(c3)CCC(C(F)(F)F)NC4=O)c2Cl)C(=O)N1,VAV1,,88.32,=,1,Jurkat,Shanghai Meiyue Biotech Development,CN121698875A,PGDB_AS000398,% Degradation,,standardized
PGDB_C024843,O=C1CCC(c2cccc(-c3ccc4c(c3)CCC(F)C(=O)N4)c2Cl)C(=O)N1,VAV1,,91.8,=,1,Jurkat,Shanghai Meiyue Biotech Development,CN121698875A,PGDB_AS000398,% Degradation,,standardized
PGDB_C024822,O=C1CCC(c2cccc(-c3ccc4c(c3)CCC(O)C(=O)N4)c2Cl)C(=O)N1,VAV1,,92.7,=,1,Jurkat,Shanghai Meiyue Biotech Development Co Ltd,WO2026061428A1,PGDB_AS000765,% Degradation,fluorescence,standardized
PGDB_C024909,O=C1CCC(c2cccc(-c3ccc4c(c3)CCC3(CC3)NC4=O)c2Cl)C(=O)N1,VAV1,,96.3,=,1,Jurkat,Shanghai Meiyue Biotech Development,CN121698875A,PGDB_AS000398,% Degradation,,standardized
PGDB_C024832,O=C1CCC(c2cccc(-c3ccc4c(c3)CCC3(CCCC3)C(=O)N4)c2Cl)C(=O)N1,VAV1,,100.6,=,1,Jurkat,Shanghai Meiyue Biotech Development,CN121698875A,PGDB_AS000398,% Degradation,,standardized
PGDB_C024831,O=C1CCC(c2cccc(-c3ccc4c(c3)CCC3(CCCC3)NC4=O)c2Cl)C(=O)N1,VAV1,,89.9,=,1,Jurkat,Shanghai Meiyue Biotech Development,CN121698875A,PGDB_AS000398,% Degradation,,standardized
PGDB_C024735,O=C1CCC(c2cccc(-c3ccc4c(c3)CCCC(=O)N4)c2Cl)C(=O)N1,VAV1,,81.2,=,1,Jurkat,Changchun Genescience Pharmaceutical Co Ltd,WO2026119120A1,PGDB_AS000246,% Degradation,HTRF,standardized
PGDB_C032010,O=C1CCC(c2cccc(-c3ccc4c(c3)CCCC3(CC3)N4)c2Cl)C(=O)N1,VAV1,,89.6,=,1,,Changchun Genescience Pharmaceutical Co Ltd,WO2026119120A1,PGDB_AS000657,% Degradation,luminescence,standardized
PGDB_C032002,O=C1CCC(c2cccc(-c3ccc4c(c3)CCCCN4)c2Cl)C(=O)N1,VAV1,,94.8,=,1,,Changchun Genescience Pharmaceutical Co Ltd,WO2026119120A1,PGDB_AS000657,% Degradation,luminescence,standardized
PGDB_C032004,O=C1CCC(c2cccc(-c3ccc4c(c3)CCCCO4)c2Cl)C(=O)N1,VAV1,,92.5,=,1,,Changchun Genescience Pharmaceutical Co Ltd,WO2026119120A1,PGDB_AS000657,% Degradation,luminescence,standardized
PGDB_C032031,O=C1CCC(c2cccc(-c3ccc4c(c3)CCCNC4)c2Cl)C(=O)N1,VAV1,,92.2,=,1,,Changchun Genescience Pharmaceutical Co Ltd,WO2026119120A1,PGDB_AS000657,% Degradation,luminescence,standardized
PGDB_C024751,O=C1CCC(c2cccc(-c3ccc4c(c3)CCCNC4=O)c2Cl)C(=O)N1,VAV1,,96.6,=,1,Jurkat,Shanghai Meiyue Biotech Development,CN121698875A,PGDB_AS000398,% Degradation,,standardized
PGDB_C032050,O=C1CCC(c2cccc(-c3ccc4c(c3)CCNC(=O)N4)c2Cl)C(=O)N1,VAV1,,92.7,=,1,,Changchun Genescience Pharmaceutical Co Ltd,WO2026119120A1,PGDB_AS000657,% Degradation,luminescence,standardized
PGDB_C024800,O=C1CCC(c2cccc(-c3ccc4c(c3)CCc3c-4cnn3C3CC3)c2Cl)C(=O)N1,VAV1,,105.5,=,1,Jurkat,Shanghai Meiyue Biotech Development Co Ltd,WO2026061428A1,PGDB_AS000765,% Degradation,fluorescence,standardized
PGDB_C024807,O=C1CCC(c2cccc(-c3ccc4c(c3)CCc3c-4cnn3C3COC3)c2Cl)C(=O)N1,VAV1,,86.2,=,1,Jurkat,Shanghai Meiyue Biotech Development Co Ltd,WO2026061428A1,PGDB_AS000765,% Degradation,fluorescence,standardized
PGDB_C024755,O=C1CCC(c2cccc(-c3ccc4c(c3)CCc3c-4cnn3CC(F)(F)F)c2Cl)C(=O)N1,VAV1,,106.2,=,1,Jurkat,Shanghai Meiyue Biotech Development,CN121698875A,PGDB_AS000398,% Degradation,,standardized
PGDB_C024802,O=C1CCC(c2cccc(-c3ccc4c(c3)CCc3c-4cnn3CCCO)c2Cl)C(=O)N1,VAV1,,100.0,=,1,Jurkat,Shanghai Meiyue Biotech Development Co Ltd,WO2026061428A1,PGDB_AS000765,% Degradation,fluorescence,standardized
PGDB_C024774,O=C1CCC(c2cccc(-c3ccc4c(c3)CCc3c-4cnn3CCF)c2Cl)C(=O)N1,VAV1,,95.4,=,1,Jurkat,Shanghai Meiyue Biotech Development,CN121698875A,PGDB_AS000398,% Degradation,,standardized
PGDB_C024768,O=C1CCC(c2cccc(-c3ccc4c(c3)CCc3c-4cnn3CCO)c2Cl)C(=O)N1,VAV1,,96.9,=,1,Jurkat,Shanghai Meiyue Biotech Development,CN121698875A,PGDB_AS000398,% Degradation,,standardized
PGDB_C024759,O=C1CCC(c2cccc(-c3ccc4c(c3)CCc3c[nH]nc3-4)c2Cl)C(=O)N1,VAV1,,116.2,=,1,Jurkat,Shanghai Meiyue Biotech Development Co Ltd,WO2026061428A1,PGDB_AS000765,% Degradation,fluorescence,standardized
PGDB_C024745,O=C1CCC(c2cccc(-c3ccc4c(c3)CCc3cccnc3-4)c2Cl)C(=O)N1,VAV1,,92.0,=,1,Jurkat,Shanghai Meiyue Biotech Development Co Ltd,WO2026061428A1,PGDB_AS000765,% Degradation,fluorescence,standardized
PGDB_C024796,O=C1CCC(c2cccc(-c3ccc4c(c3)CCc3cn(CC5(O)CC5)nc3-4)c2Cl)C(=O)N1,VAV1,,112.2,=,1,Jurkat,Shanghai Meiyue Biotech Development Co Ltd,WO2026061428A1,PGDB_AS000765,% Degradation,fluorescence,standardized
PGDB_C024797,O=C1CCC(c2cccc(-c3ccc4c(c3)CCc3cn(CCCO)nc3-4)c2Cl)C(=O)N1,VAV1,,121.8,=,1,Jurkat,Shanghai Meiyue Biotech Development Co Ltd,WO2026061428A1,PGDB_AS000765,% Degradation,fluorescence,standardized
PGDB_C024869,O=C1CCC(c2cccc(-c3ccc4c(c3)CCc3cn(CCNC(=O)C(F)(F)F)nc3-4)c2Cl)C(=O)N1,VAV1,,98.88,=,1,Jurkat,Shanghai Meiyue Biotech Development,CN121698875A,PGDB_AS000398,% Degradation,,standardized
PGDB_C024884,O=C1CCC(c2cccc(-c3ccc4c(c3)CCc3cn(CCNC(=O)C5CC5)nc3-4)c2Cl)C(=O)N1,VAV1,,99.22,=,1,Jurkat,Shanghai Meiyue Biotech Development,CN121698875A,PGDB_AS000398,% Degradation,,standardized
PGDB_C024846,O=C1CCC(c2cccc(-c3ccc4c(c3)CCc3cn(CCO)nc3-4)c2Cl)C(=O)N1,VAV1,,91.9,=,1,Jurkat,Shanghai Meiyue Biotech Development,CN121698875A,PGDB_AS000398,% Degradation,,standardized
PGDB_C024799,O=C1CCC(c2cccc(-c3ccc4c(c3)CCc3cn(CF)nc3-4)c2Cl)C(=O)N1,VAV1,,105.4,=,1,Jurkat,Shanghai Meiyue Biotech Development Co Ltd,WO2026061428A1,PGDB_AS000765,% Degradation,fluorescence,standardized
PGDB_C024798,O=C1CCC(c2cccc(-c3ccc4c(c3)CCc3cnn(CF)c3-4)c2Cl)C(=O)N1,VAV1,,104.8,=,1,Jurkat,Shanghai Meiyue Biotech Development,CN121698875A,PGDB_AS000398,% Degradation,,standardized
PGDB_C024772,O=C1CCC(c2cccc(-c3ccc4c(c3)CCc3cnoc3-4)c2Cl)C(=O)N1,VAV1,,102.4,=,1,Jurkat,Shanghai Meiyue Biotech Development,CN121698875A,PGDB_AS000398,% Degradation,,standardized
PGDB_C024746,O=C1CCC(c2cccc(-c3ccc4c(c3)CCc3n[nH]cc3-4)c2Cl)C(=O)N1,VAV1,,100.0,=,1,Jurkat,Shanghai Meiyue Biotech Development Co Ltd,WO2026061428A1,PGDB_AS000765,% Degradation,fluorescence,standardized
PGDB_C024765,O=C1CCC(c2cccc(-c3ccc4c(c3)CCc3nn(C(F)F)cc3-4)c2Cl)C(=O)N1,VAV1,,94.7,=,1,Jurkat,Shanghai Meiyue Biotech Development Co Ltd,WO2026061428A1,PGDB_AS000765,% Degradation,fluorescence,standardized
PGDB_C024806,O=C1CCC(c2cccc(-c3ccc4c(c3)CCc3nn(C5COC5)cc3-4)c2Cl)C(=O)N1,VAV1,,103.9,=,1,Jurkat,Shanghai Meiyue Biotech Development,CN121698875A,PGDB_AS000398,% Degradation,,standardized
PGDB_C024754,O=C1CCC(c2cccc(-c3ccc4c(c3)CCc3nn(CC(F)(F)F)cc3-4)c2Cl)C(=O)N1,VAV1,,98.8,=,1,Jurkat,Shanghai Meiyue Biotech Development Co Ltd,WO2026061428A1,PGDB_AS000765,% Degradation,fluorescence,standardized
PGDB_C024801,O=C1CCC(c2cccc(-c3ccc4c(c3)CCc3nn(CCCO)cc3-4)c2Cl)C(=O)N1,VAV1,,97.2,=,1,Jurkat,Shanghai Meiyue Biotech Development,CN121698875A,PGDB_AS000398,% Degradation,,standardized
PGDB_C024773,O=C1CCC(c2cccc(-c3ccc4c(c3)CCc3nn(CCF)cc3-4)c2Cl)C(=O)N1,VAV1,,101.5,=,1,Jurkat,Shanghai Meiyue Biotech Development,CN121698875A,PGDB_AS000398,% Degradation,,standardized
PGDB_C024767,O=C1CCC(c2cccc(-c3ccc4c(c3)CCc3nn(CCO)cc3-4)c2Cl)C(=O)N1,VAV1,,97.9,=,1,Jurkat,Shanghai Meiyue Biotech Development,CN121698875A,PGDB_AS000398,% Degradation,,standardized
PGDB_C024780,O=C1CCC(c2cccc(-c3ccc4c(c3)CCc3nn(CF)cc3-4)c2Cl)C(=O)N1,VAV1,,116.9,=,1,Jurkat,Shanghai Meiyue Biotech Development,CN121698875A,PGDB_AS000398,% Degradation,,standardized
PGDB_C024760,O=C1CCC(c2cccc(-c3ccc4c(c3)CCc3ocnc3-4)c2Cl)C(=O)N1,VAV1,,97.1,=,1,Jurkat,Shanghai Meiyue Biotech Development,CN121698875A,PGDB_AS000398,% Degradation,,standardized
PGDB_C030184,O=C1CCC(c2cccc(-c3ccc4c(c3)CCc3oncc3-4)c2Cl)C(=O)N1,VAV1,,97.2,=,1,Jurkat,Shanghai Meiyue Biotech Development Co Ltd,WO2026061428A1,PGDB_AS000765,% Degradation,fluorescence,standardized
PGDB_C024752,O=C1CCC(c2cccc(-c3ccc4c(c3)CCc3scnc3-4)c2Cl)C(=O)N1,VAV1,,108.3,=,1,Jurkat,Shanghai Meiyue Biotech Development Co Ltd,WO2026061428A1,PGDB_AS000765,% Degradation,fluorescence,standardized
PGDB_C029543,O=C1CCC(c2cccc(-c3ccc4c(c3)COCCN4C(=O)OCCO)c2Cl)C(=O)N1,VAV1,,98.21,=,1,,Shanghai Qilu Pharmaceutical Research And Development Centre,WO2026051943A1,PGDB_AS000777,% Degradation,luminescence,standardized
PGDB_C029461,O=C1CCC(c2cccc(-c3ccc4c(c3)COCc3cccc(=O)n3-4)c2Cl)C(=O)N1,VAV1,,98.6,=,1,,Shanghai Qilu Pharmaceutical Research And Development Centre,WO2026051943A1,PGDB_AS000777,% Degradation,luminescence,standardized
PGDB_C024894,O=C1CCC(c2cccc(-c3ccc4c(c3)C[C@@H](F)CNC4=O)c2Cl)C(=O)N1,VAV1,,97.03,=,1,Jurkat,Shanghai Meiyue Biotech Development,CN121698875A,PGDB_AS000398,% Degradation,,standardized
PGDB_C024895,O=C1CCC(c2cccc(-c3ccc4c(c3)C[C@H](F)CNC4=O)c2Cl)C(=O)N1,VAV1,,97.02,=,1,Jurkat,Shanghai Meiyue Biotech Development,CN121698875A,PGDB_AS000398,% Degradation,,standardized
PGDB_C029451,O=C1CCC(c2cccc(-c3ccc4c(c3)OCCC3CCC(=O)N43)c2Cl)C(=O)N1,VAV1,,97.61,=,1,,Shanghai Qilu Pharmaceutical Research And Development Centre,WO2026051943A1,PGDB_AS000777,% Degradation,luminescence,standardized
PGDB_C029427,O=C1CCC(c2cccc(-c3ccc4c(c3)OCCCN4C(=O)c3ccccn3)c2Cl)C(=O)N1,VAV1,,84.0,=,1,,Shanghai Qilu Pharmaceutical Research And Development Centre,WO2026051943A1,PGDB_AS000777,% Degradation,luminescence,standardized
PGDB_C029431,O=C1CCC(c2cccc(-c3ccc4c(c3)OCCc3cccc(=O)n3-4)c2Cl)C(=O)N1,VAV1,,98.3,=,1,,Shanghai Qilu Pharmaceutical Research And Development Centre,WO2026051943A1,PGDB_AS000777,% Degradation,luminescence,standardized
PGDB_C024887,O=C1CCC(c2cccc(-c3ccc4c(ccc5cn(CCNC(=O)C(F)(F)F)nc54)c3)c2Cl)C(=O)N1,VAV1,,98.65,=,1,Jurkat,Shanghai Meiyue Biotech Development,CN121698875A,PGDB_AS000398,% Degradation,,standardized
PGDB_C024862,O=C1CCC(c2cccc(-c3ccc4c(ccc5cn(CCO)nc54)c3)c2Cl)C(=O)N1,VAV1,,103.7,=,1,Jurkat,Shanghai Meiyue Biotech Development,CN121698875A,PGDB_AS000398,% Degradation,,standardized
PGDB_C024899,O=C1CCC(c2cccc(-c3ccc4c(ccc5nn(CCO)cc54)c3)c2Cl)C(=O)N1,VAV1,,93.64,=,1,Jurkat,Shanghai Meiyue Biotech Development,CN121698875A,PGDB_AS000398,% Degradation,,standardized
PGDB_C007340,O=C1CCC(c2cccc(-c3ccc4cc(-n5ccccc5=O)ccc4c3)c2Cl)C(=O)N1,VAV1,,90.0,>,1,Jurkat,,WO2026145172A1,PGDB_AS002599,% Degradation,luminescence,standardized
PGDB_C033035,O=C1CCC(c2cccc(-c3ccc4cc(C(=O)N5CCC(C(F)(F)F)C5)ccc4c3)c2Cl)C(=O)N1,VAV1,,90.0,>,1,Jurkat,,WO2026145172A1,PGDB_AS002599,% Degradation,luminescence,standardized
PGDB_C033065,O=C1CCC(c2cccc(-c3ccc4cc(C(=O)N5CCCC(C(F)(F)F)C5)ccc4c3)c2Cl)C(=O)N1,VAV1,,90.0,>,1,Jurkat,,WO2026145172A1,PGDB_AS002599,% Degradation,luminescence,standardized
PGDB_C032968,O=C1CCC(c2cccc(-c3ccc4cc(C(=O)N5CCCC5C(F)(F)F)ccc4c3)c2Cl)C(=O)N1,VAV1,,90.0,>,1,Jurkat,,WO2026145172A1,PGDB_AS002599,% Degradation,luminescence,standardized
PGDB_C032953,O=C1CCC(c2cccc(-c3ccc4cc(C(=O)N5CCCCC5)ccc4c3)c2Cl)C(=O)N1,VAV1,,90.0,>,1,Jurkat,,WO2026145172A1,PGDB_AS002599,% Degradation,luminescence,standardized
PGDB_C032921,O=C1CCC(c2cccc(-c3ccc4cc(C(=O)N5CCOCC5)ccc4c3)c2Cl)C(=O)N1,VAV1,,90.0,>,1,Jurkat,,WO2026145172A1,PGDB_AS002599,% Degradation,luminescence,standardized
PGDB_C033044,O=C1CCC(c2cccc(-c3ccc4cc(C(=O)NCC(F)(F)F)ccc4c3)c2Cl)C(=O)N1,VAV1,,90.0,>,1,Jurkat,,WO2026145172A1,PGDB_AS002599,% Degradation,luminescence,standardized
PGDB_C031193,O=C1CCC(c2cccc(-c3ccn4c(-n5ccccc5=O)ccc4c3)c2Cl)C(=O)N1,VAV1,,98.8,=,1,Jurkat,Jiangsu Hengrui Pharmaceuticals Co Ltd;Shanghai Hengrui Pharmaceutical,WO2026098637A1,PGDB_AS001360,% Degradation,luminescence,standardized
PGDB_C031194,O=C1CCC(c2cccc(-c3ccn4c(-n5ccccc5=O)ncc4c3)c2Cl)C(=O)N1,VAV1,,97.1,=,1,Jurkat,Jiangsu Hengrui Pharmaceuticals Co Ltd;Shanghai Hengrui Pharmaceutical,WO2026098632A1,PGDB_AS002277,% Degradation,luminescence,standardized
PGDB_C031197,O=C1CCC(c2cccc(-c3ccn4c(Oc5cccnc5)ccc4c3)c2Cl)C(=O)N1,VAV1,,98.7,=,1,Jurkat,Jiangsu Hengrui Pharmaceuticals Co Ltd;Shanghai Hengrui Pharmaceutical,WO2026098637A1,PGDB_AS001360,% Degradation,luminescence,standardized
PGDB_C031195,O=C1CCC(c2cccc(-c3ccn4nccc4c3)c2Cl)C(=O)N1,VAV1,,98.2,=,1,Jurkat,Jiangsu Hengrui Pharmaceuticals Co Ltd;Shanghai Hengrui Pharmaceutical,WO2026098637A1,PGDB_AS001360,% Degradation,luminescence,standardized
PGDB_C032011,O=C1CCC(c2cccc(-c3sc(-n4ccccc4=O)cc3F)c2Cl)C(=O)N1,VAV1,,82.8,=,1,,Changchun Genescience Pharmaceutical Co Ltd,WO2026119120A1,PGDB_AS000657,% Degradation,luminescence,standardized
PGDB_C012257,O=C1CCC(c2cccc(C3CCN(c4cc(C(F)F)nc5ccnn45)CC3)c2Cl)C(=O)N1,VAV1,,59.447,=,0,Jurkat,Monte Rosa Therapeutics,WO2026013577A1,PGDB_AS002157,% Degradation,luminescence,standardized
PGDB_C012245,O=C1CCC(c2cccc(C3CCN(c4cccc5ccnn45)CC3)c2Cl)C(=O)N1,VAV1,,86.321,=,1,Jurkat,Monte Rosa Therapeutics,WO2026013577A1,PGDB_AS002157,% Degradation,luminescence,standardized
PGDB_C012256,O=C1CCC(c2cccc(C3CCN(c4cccc5conc45)CC3)c2Cl)C(=O)N1,VAV1,,59.696,=,0,Jurkat,Monte Rosa Therapeutics,WO2026013577A1,PGDB_AS002157,% Degradation,luminescence,standardized
PGDB_C012265,O=C1CCC(c2cccc(C3CCN(c4cccc5nonc45)CC3)c2Cl)C(=O)N1,VAV1,,45.057,=,0,Jurkat,Monte Rosa Therapeutics,WO2026013577A1,PGDB_AS002157,% Degradation,luminescence,standardized
PGDB_C012179,O=C1CCC(c2cccc(C3CCN(c4cccn(CC(F)F)c4=O)CC3)c2Cl)C(=O)N1,VAV1,,92.632,=,1,Jurkat,Monte Rosa Therapeutics,WO2026013577A1,PGDB_AS002157,% Degradation,luminescence,standardized
PGDB_C012213,O=C1CCC(c2cccc(C3CCN(c4ccnn(CC(F)F)c4=O)CC3)c2Cl)C(=O)N1,VAV1,,48.237,=,0,Jurkat,Monte Rosa Therapeutics,WO2026013577A1,PGDB_AS002157,% Degradation,luminescence,standardized
PGDB_C012184,O=C1CCC(c2cccc(C3CCN(c4ccnn(CC5CC5)c4=O)CC3)c2Cl)C(=O)N1,VAV1,,90.644,=,1,Jurkat,Monte Rosa Therapeutics,WO2026013577A1,PGDB_AS002157,% Degradation,luminescence,standardized
PGDB_C012162,O=C1CCC(c2cccc(C3CCN(c4cncn(CC5CC5)c4=O)CC3)c2Cl)C(=O)N1,VAV1,,97.327,=,1,Jurkat,Monte Rosa Therapeutics,WO2026013577A1,PGDB_AS002157,% Degradation,luminescence,standardized
PGDB_C012225,O=C1CCC(c2cccc(N3CCC4(CCCN(Cc5ccccc5Cl)C4=O)CC3)c2Cl)C(=O)N1,VAV1,,50.451,=,0,Jurkat,Monte Rosa Therapeutics,WO2026013577A1,PGDB_AS002157,% Degradation,luminescence,standardized
PGDB_C012230,O=C1CCC(c2cccc(N3CCC4(CCN(Cc5ccccc5Cl)C4=O)CC3)c2Cl)C(=O)N1,VAV1,,32.53,=,0,Jurkat,Monte Rosa Therapeutics,WO2026013577A1,PGDB_AS002157,% Degradation,luminescence,standardized
PGDB_C012229,O=C1CCC(c2cccc(N3CCN(C(=O)OC4CCCC4)CC3)c2Cl)C(=O)N1,VAV1,,35.293,=,0,Jurkat,Monte Rosa Therapeutics,WO2026013577A1,PGDB_AS002157,% Degradation,luminescence,standardized
PGDB_C012233,O=C1CCC(c2cccc(N3CCN(CC(=O)N4CCCC4)CC3)c2Cl)C(=O)N1,VAV1,,30.739,=,0,Jurkat,Monte Rosa Therapeutics,WO2026013577A1,PGDB_AS002157,% Degradation,luminescence,standardized
PGDB_C012234,O=C1CCC(c2cccc(N3CCN(Cc4ccccc4Cl)C(=O)C3)c2Cl)C(=O)N1,VAV1,,29.3,=,0,Jurkat,Monte Rosa Therapeutics,WO2026013577A1,PGDB_AS002157,% Degradation,luminescence,standardized
PGDB_C012224,O=C1CCC(c2cccc(N3CCN(Cc4ccccc4Cl)CC3)c2Cl)C(=O)N1,VAV1,,56.486,=,0,Jurkat,Monte Rosa Therapeutics,WO2026013577A1,PGDB_AS002157,% Degradation,luminescence,standardized
PGDB_C012228,O=C1CCC(c2cccc(N3CCN(Cc4ccccc4F)CC3)c2Cl)C(=O)N1,VAV1,,37.34,=,0,Jurkat,Monte Rosa Therapeutics,WO2026013577A1,PGDB_AS002157,% Degradation,luminescence,standardized
PGDB_C012266,O=C1CCC(c2cccc(N3CCN(c4c(F)cnc5ccnn45)CC3)c2Cl)C(=O)N1,VAV1,,44.383,=,0,Jurkat,Monte Rosa Therapeutics,WO2026013577A1,PGDB_AS002157,% Degradation,luminescence,standardized
PGDB_C012202,O=C1CCC(c2cccc(N3CCN(c4cc(=O)n(CC(F)F)cn4)CC3)c2Cl)C(=O)N1,VAV1,,70.357,=,0,Jurkat,Monte Rosa Therapeutics,WO2026013577A1,PGDB_AS002157,% Degradation,luminescence,standardized
PGDB_C012260,O=C1CCC(c2cccc(N3CCN(c4cc(C(F)(F)F)nc5ccnn45)CC3)c2Cl)C(=O)N1,VAV1,,56.24,=,0,Jurkat,Monte Rosa Therapeutics,WO2026013577A1,PGDB_AS002157,% Degradation,luminescence,standardized
PGDB_C012251,O=C1CCC(c2cccc(N3CCN(c4cc(C(F)F)nc5ccnn45)CC3)c2Cl)C(=O)N1,VAV1,,65.345,=,0,Jurkat,Monte Rosa Therapeutics,WO2026013577A1,PGDB_AS002157,% Degradation,luminescence,standardized
PGDB_C012250,O=C1CCC(c2cccc(N3CCN(c4cc(F)cc5ccnn45)CC3)c2Cl)C(=O)N1,VAV1,,71.296,=,0,Jurkat,Monte Rosa Therapeutics,WO2026013577A1,PGDB_AS002157,% Degradation,luminescence,standardized
PGDB_C012210,O=C1CCC(c2cccc(N3CCN(c4cc(F)cn(CC(F)F)c4=O)CC3)c2Cl)C(=O)N1,VAV1,,52.728,=,0,Jurkat,Monte Rosa Therapeutics,WO2026013577A1,PGDB_AS002157,% Degradation,luminescence,standardized
PGDB_C012248,O=C1CCC(c2cccc(N3CCN(c4ccc(F)c5ccnn45)CC3)c2Cl)C(=O)N1,VAV1,,83.323,=,1,Jurkat,Monte Rosa Therapeutics,WO2026013577A1,PGDB_AS002157,% Degradation,luminescence,standardized
PGDB_C012198,O=C1CCC(c2cccc(N3CCN(c4ccc5n(c4=O)CCC5)CC3)c2Cl)C(=O)N1,VAV1,,75.688,=,0,Jurkat,Monte Rosa Therapeutics,WO2026013577A1,PGDB_AS002157,% Degradation,luminescence,standardized
PGDB_C012252,O=C1CCC(c2cccc(N3CCN(c4cccc5c(F)cnn45)CC3)c2Cl)C(=O)N1,VAV1,,65.292,=,0,Jurkat,Monte Rosa Therapeutics,WO2026013577A1,PGDB_AS002157,% Degradation,luminescence,standardized
PGDB_C012244,O=C1CCC(c2cccc(N3CCN(c4cccc5ccnn45)CC3)c2Cl)C(=O)N1,VAV1,,89.277,=,1,Jurkat,Monte Rosa Therapeutics,WO2026013577A1,PGDB_AS002157,% Degradation,luminescence,standardized
PGDB_C012270,O=C1CCC(c2cccc(N3CCN(c4cccc5conc45)CC3)c2Cl)C(=O)N1,VAV1,,39.506,=,0,Jurkat,Monte Rosa Therapeutics,WO2026013577A1,PGDB_AS002157,% Degradation,luminescence,standardized
PGDB_C012271,O=C1CCC(c2cccc(N3CCN(c4cccc5ncnn45)CC3)c2Cl)C(=O)N1,VAV1,,38.875,=,0,Jurkat,Monte Rosa Therapeutics,WO2026013577A1,PGDB_AS002157,% Degradation,luminescence,standardized
PGDB_C012261,O=C1CCC(c2cccc(N3CCN(c4cccc5nonc45)CC3)c2Cl)C(=O)N1,VAV1,,56.199,=,0,Jurkat,Monte Rosa Therapeutics,WO2026013577A1,PGDB_AS002157,% Degradation,luminescence,standardized
PGDB_C012253,O=C1CCC(c2cccc(N3CCN(c4cccc5nsnc45)CC3)c2Cl)C(=O)N1,VAV1,,62.78,=,0,Jurkat,Monte Rosa Therapeutics,WO2026013577A1,PGDB_AS002157,% Degradation,luminescence,standardized
PGDB_C012263,O=C1CCC(c2cccc(N3CCN(c4cccc5ocnc45)CC3)c2Cl)C(=O)N1,VAV1,,52.289,=,0,Jurkat,Monte Rosa Therapeutics,WO2026013577A1,PGDB_AS002157,% Degradation,luminescence,standardized
PGDB_C012249,O=C1CCC(c2cccc(N3CCN(c4cccc5scnc45)CC3)c2Cl)C(=O)N1,VAV1,,77.39,=,0,Jurkat,Monte Rosa Therapeutics,WO2026013577A1,PGDB_AS002157,% Degradation,luminescence,standardized
PGDB_C012216,O=C1CCC(c2cccc(N3CCN(c4cccn(C(F)F)c4=O)CC3)c2Cl)C(=O)N1,VAV1,,42.856,=,0,Jurkat,Monte Rosa Therapeutics,WO2026013577A1,PGDB_AS002157,% Degradation,luminescence,standardized
PGDB_C012188,O=C1CCC(c2cccc(N3CCN(c4cccn(C5CCC5)c4=O)CC3)c2Cl)C(=O)N1,VAV1,,88.138,=,1,Jurkat,Monte Rosa Therapeutics,WO2026013577A1,PGDB_AS002157,% Degradation,luminescence,standardized
PGDB_C012185,O=C1CCC(c2cccc(N3CCN(c4cccn(CC(F)(F)F)c4=O)CC3)c2Cl)C(=O)N1,VAV1,,90.368,=,1,Jurkat,Monte Rosa Therapeutics,WO2026013577A1,PGDB_AS002157,% Degradation,luminescence,standardized
PGDB_C012192,O=C1CCC(c2cccc(N3CCN(c4cccn(CC(F)F)c4=O)CC3)c2Cl)C(=O)N1,VAV1,,80.291,=,1,Jurkat,Monte Rosa Therapeutics,WO2026013577A1,PGDB_AS002157,% Degradation,luminescence,standardized
PGDB_C012165,O=C1CCC(c2cccc(N3CCN(c4cccn(CC5CC5)c4=O)CC3)c2Cl)C(=O)N1,VAV1,,96.664,=,1,Jurkat,Monte Rosa Therapeutics,WO2026013577A1,PGDB_AS002157,% Degradation,luminescence,standardized
PGDB_C012173,O=C1CCC(c2cccc(N3CCN(c4cccn(CC5COC5)c4=O)CC3)c2Cl)C(=O)N1,VAV1,,94.627,=,1,Jurkat,Monte Rosa Therapeutics,WO2026013577A1,PGDB_AS002157,% Degradation,luminescence,standardized
PGDB_C012164,O=C1CCC(c2cccc(N3CCN(c4cccn(CCOC(F)F)c4=O)CC3)c2Cl)C(=O)N1,VAV1,,96.907,=,1,Jurkat,Monte Rosa Therapeutics,WO2026013577A1,PGDB_AS002157,% Degradation,luminescence,standardized
PGDB_C012241,O=C1CCC(c2cccc(N3CCN(c4cccn5cc(C(F)F)nc45)CC3)c2Cl)C(=O)N1,VAV1,,92.362,=,1,Jurkat,Monte Rosa Therapeutics,WO2026013577A1,PGDB_AS002157,% Degradation,luminescence,standardized
PGDB_C012262,O=C1CCC(c2cccc(N3CCN(c4cccn5ccnc45)CC3)c2Cl)C(=O)N1,VAV1,,52.322,=,0,Jurkat,Monte Rosa Therapeutics,WO2026013577A1,PGDB_AS002157,% Degradation,luminescence,standardized
PGDB_C012254,O=C1CCC(c2cccc(N3CCN(c4ccnc5c(F)cnn45)CC3)c2Cl)C(=O)N1,VAV1,,61.275,=,0,Jurkat,Monte Rosa Therapeutics,WO2026013577A1,PGDB_AS002157,% Degradation,luminescence,standardized
PGDB_C012268,O=C1CCC(c2cccc(N3CCN(c4ccnc5ccnn45)CC3)c2Cl)C(=O)N1,VAV1,,41.346,=,0,Jurkat,Monte Rosa Therapeutics,WO2026013577A1,PGDB_AS002157,% Degradation,luminescence,standardized
PGDB_C012220,O=C1CCC(c2cccc(N3CCN(c4ccnn(CC(F)(F)F)c4=O)CC3)c2Cl)C(=O)N1,VAV1,,37.154,=,0,Jurkat,Monte Rosa Therapeutics,WO2026013577A1,PGDB_AS002157,% Degradation,luminescence,standardized
PGDB_C012269,O=C1CCC(c2cccc(N3CCN(c4cnc5cccnn45)CC3)c2Cl)C(=O)N1,VAV1,,40.596,=,0,Jurkat,Monte Rosa Therapeutics,WO2026013577A1,PGDB_AS002157,% Degradation,luminescence,standardized
PGDB_C012193,O=C1CCC(c2cccc(N3CCN(c4cncn(CC(F)(F)F)c4=O)CC3)c2Cl)C(=O)N1,VAV1,,79.772,=,0,Jurkat,Monte Rosa Therapeutics,WO2026013577A1,PGDB_AS002157,% Degradation,luminescence,standardized
PGDB_C012207,O=C1CCC(c2cccc(N3CCN(c4cncn(CC(F)F)c4=O)CC3)c2Cl)C(=O)N1,VAV1,,62.556,=,0,Jurkat,Monte Rosa Therapeutics,WO2026013577A1,PGDB_AS002157,% Degradation,luminescence,standardized
PGDB_C012180,O=C1CCC(c2cccc(N3CCN(c4cncn(CC5CC5)c4=O)CC3)c2Cl)C(=O)N1,VAV1,,92.318,=,1,Jurkat,Monte Rosa Therapeutics,WO2026013577A1,PGDB_AS002157,% Degradation,luminescence,standardized
PGDB_C012161,O=C1CCC(c2cccc(N3CCN(c4cncn(CC5CCC5)c4=O)CC3)c2Cl)C(=O)N1,VAV1,,97.768,=,1,Jurkat,Monte Rosa Therapeutics,WO2026013577A1,PGDB_AS002157,% Degradation,luminescence,standardized
PGDB_C012272,O=C1CCC(c2cccc(N3CCN(c4cnn5cccnc45)CC3)c2Cl)C(=O)N1,VAV1,,25.847,=,0,Jurkat,Monte Rosa Therapeutics,WO2026013577A1,PGDB_AS002157,% Degradation,luminescence,standardized
PGDB_C012211,O=C1CCC(c2cccc(N3CCN(c4nccn(CC(F)(F)F)c4=O)CC3)c2Cl)C(=O)N1,VAV1,,52.277,=,0,Jurkat,Monte Rosa Therapeutics,WO2026013577A1,PGDB_AS002157,% Degradation,luminescence,standardized
PGDB_C032809,O=C1CCC(c2cccc3c2cnn3-c2cc(-n3c(=O)ccc4ccccc43)ccc2F)C(=O)N1,VAV1,,79.0,<=,0,Jurkat,,WO2026145172A1,PGDB_AS002624,% Degradation,luminescence,standardized
PGDB_C032799,O=C1CCC(c2cccc3c2cnn3-c2cc(Nc3ccc4ccccc4n3)ccc2F)C(=O)N1,VAV1,,90.0,>,1,Jurkat,,WO2026145172A1,PGDB_AS002622,% Degradation,,standardized
PGDB_C032803,O=C1CCC(c2cccc3c2cnn3-c2cc(Nc3ccc4ncccc4n3)ccc2F)C(=O)N1,VAV1,,90.0,>,1,Jurkat,,WO2026145172A1,PGDB_AS002622,% Degradation,,standardized
PGDB_C032800,O=C1CCC(c2cccc3c2cnn3-c2cc(Nc3cnc4ccccc4n3)ccc2F)C(=O)N1,VAV1,,90.0,>,1,Jurkat,,WO2026145172A1,PGDB_AS002622,% Degradation,,standardized
PGDB_C032802,O=C1CCC(c2cccc3c2cnn3-c2cc(Nc3ncc4ccccc4n3)ccc2F)C(=O)N1,VAV1,,90.0,>,1,Jurkat,,WO2026145172A1,PGDB_AS002622,% Degradation,,standardized
PGDB_C032811,O=C1CCC(c2cccc3c2cnn3-c2cc(Oc3ccc4ccccc4n3)ccc2F)C(=O)N1,VAV1,,90.0,>,1,Jurkat,,WO2026145172A1,PGDB_AS002624,% Degradation,luminescence,standardized
PGDB_C032795,O=C1CCC(c2cccc3c2cnn3-c2ccc(Oc3ccccn3)cc2)C(=O)N1,VAV1,,69.0,<=,0,Jurkat,,WO2026145172A1,PGDB_AS002622,% Degradation,,standardized
PGDB_C032937,O=C1CCC(c2cccc3c2cnn3-c2cccc(-c3c(OCC(F)(F)F)cc[nH]c3=O)c2)C(=O)N1,VAV1,,90.0,>,1,Jurkat,,WO2026145172A1,PGDB_AS002627,% Degradation,luminescence,standardized
PGDB_C033023,O=C1CCC(c2cccc3c2cnn3-c2cccc(-c3c(OCC(F)(F)F)ccn(C4CC4)c3=O)c2)C(=O)N1,VAV1,,90.0,>,1,Jurkat,,WO2026145172A1,PGDB_AS002627,% Degradation,luminescence,standardized
PGDB_C033058,O=C1CCC(c2cccc3c2cnn3-c2cccc(-c3c(OCC(F)(F)F)ccn(CC4CC4)c3=O)c2)C(=O)N1,VAV1,,90.0,>,1,Jurkat,,WO2026145172A1,PGDB_AS002627,% Degradation,luminescence,standardized
PGDB_C033068,O=C1CCC(c2cccc3c2cnn3-c2cccc(-c3c(OCCC(F)(F)F)cc[nH]c3=O)c2)C(=O)N1,VAV1,,90.0,>,1,Jurkat,,WO2026145172A1,PGDB_AS002627,% Degradation,luminescence,standardized
PGDB_C032986,O=C1CCC(c2cccc3c2cnn3-c2cccc(-n3c(-c4ccncc4)cc(C(F)(F)F)cc3=O)c2)C(=O)N1,VAV1,,90.0,>,1,Jurkat,,WO2026145172A1,PGDB_AS002599,% Degradation,luminescence,standardized
PGDB_C032929,O=C1CCC(c2cccc3c2cnn3-c2cccc(-n3c(-c4ccncn4)cc(C(F)(F)F)cc3=O)c2)C(=O)N1,VAV1,,90.0,>,1,Jurkat,,WO2026145172A1,PGDB_AS002627,% Degradation,luminescence,standardized
PGDB_C032938,O=C1CCC(c2cccc3c2cnn3-c2cccc(-n3c(-c4cnccn4)cc(C(F)(F)F)cc3=O)c2)C(=O)N1,VAV1,,90.0,>,1,Jurkat,,WO2026145172A1,PGDB_AS002627,% Degradation,luminescence,standardized
PGDB_C033027,O=C1CCC(c2cccc3c2cnn3-c2cccc(-n3c(-c4cncnc4)cc(C(F)(F)F)cc3=O)c2)C(=O)N1,VAV1,,90.0,>,1,Jurkat,,WO2026145172A1,PGDB_AS002627,% Degradation,luminescence,standardized
PGDB_C033009,O=C1CCC(c2cccc3c2cnn3-c2cccc(-n3c(-c4cnco4)cc(C(F)(F)F)cc3=O)c2)C(=O)N1,VAV1,,90.0,>,1,Jurkat,,WO2026145172A1,PGDB_AS002627,% Degradation,luminescence,standardized
PGDB_C032993,O=C1CCC(c2cccc3c2cnn3-c2cccc(-n3c(-c4cnn(C(F)(F)F)c4)cc(C(F)(F)F)cc3=O)c2)C(=O)N1,VAV1,,90.0,>,1,Jurkat,,WO2026145172A1,PGDB_AS002599,% Degradation,luminescence,standardized
PGDB_C032936,O=C1CCC(c2cccc3c2cnn3-c2cccc(-n3c(-c4cnn(C5CC5)c4)cc(C(F)(F)F)cc3=O)c2)C(=O)N1,VAV1,,90.0,>,1,Jurkat,,WO2026145172A1,PGDB_AS002599,% Degradation,luminescence,standardized
PGDB_C032925,O=C1CCC(c2cccc3c2cnn3-c2cccc(-n3c(-c4ncccn4)cc(C(F)(F)F)cc3=O)c2)C(=O)N1,VAV1,,90.0,>,1,Jurkat,,WO2026145172A1,PGDB_AS002627,% Degradation,luminescence,standardized
PGDB_C033019,O=C1CCC(c2cccc3c2cnn3-c2cccc(-n3c(-c4ncco4)cc(C(F)(F)F)cc3=O)c2)C(=O)N1,VAV1,,90.0,>,1,Jurkat,,WO2026145172A1,PGDB_AS002627,% Degradation,luminescence,standardized
PGDB_C033040,O=C1CCC(c2cccc3c2cnn3-c2cccc(-n3c(-n4cc(Cl)cn4)cc(C(F)(F)F)cc3=O)c2)C(=O)N1,VAV1,,90.0,>,1,Jurkat,,WO2026145172A1,PGDB_AS002599,% Degradation,luminescence,standardized
PGDB_C033014,O=C1CCC(c2cccc3c2cnn3-c2cccc(-n3c(-n4cc(F)cn4)cc(C(F)(F)F)cc3=O)c2)C(=O)N1,VAV1,,50.0,<,0,Jurkat,,WO2026145172A1,PGDB_AS002599,% Degradation,luminescence,standardized
PGDB_C033071,O=C1CCC(c2cccc3c2cnn3-c2cccc(-n3c(-n4cccn4)cc(C(F)(F)F)cc3=O)c2)C(=O)N1,VAV1,,90.0,>,1,Jurkat,,WO2026145172A1,PGDB_AS002599,% Degradation,luminescence,standardized
PGDB_C032992,O=C1CCC(c2cccc3c2cnn3-c2cccc(-n3c(-n4cccn4)cc(C(F)F)cc3=O)c2)C(=O)N1,VAV1,,90.0,>,1,Jurkat,,WO2026145172A1,PGDB_AS002599,% Degradation,luminescence,standardized
PGDB_C033033,O=C1CCC(c2cccc3c2cnn3-c2cccc(-n3c(-n4ccnc4)cc(C(F)(F)F)cc3=O)c2)C(=O)N1,VAV1,,90.0,>,1,Jurkat,,WO2026145172A1,PGDB_AS002599,% Degradation,luminescence,standardized
PGDB_C032904,O=C1CCC(c2cccc3c2cnn3-c2cccc(-n3c(-n4cncn4)cc(C(F)(F)F)cc3=O)c2)C(=O)N1,VAV1,,50.0,<,0,Jurkat,,WO2026145172A1,PGDB_AS002599,% Degradation,luminescence,standardized
PGDB_C032798,O=C1CCC(c2cccc3c2cnn3-c2cccc(-n3c(=O)ccc4ccccc43)c2)C(=O)N1,VAV1,,79.0,<=,0,Jurkat,,WO2026145172A1,PGDB_AS002622,% Degradation,,standardized
PGDB_C032819,O=C1CCC(c2cccc3c2cnn3-c2cccc(-n3c(=O)ccc4cccnc43)c2)C(=O)N1,VAV1,,80.0,>=,1,Jurkat,,WO2026145172A1,PGDB_AS002624,% Degradation,luminescence,standardized
PGDB_C032810,O=C1CCC(c2cccc3c2cnn3-c2cccc(-n3c(=O)cnc4ccccc43)c2)C(=O)N1,VAV1,,69.0,<=,0,Jurkat,,WO2026145172A1,PGDB_AS002624,% Degradation,luminescence,standardized
PGDB_C033026,O=C1CCC(c2cccc3c2cnn3-c2cccc(-n3c(C(F)(F)F)cc(C(F)F)cc3=O)c2)C(=O)N1,VAV1,,90.0,>,1,Jurkat,,WO2026145172A1,PGDB_AS002627,% Degradation,luminescence,standardized
PGDB_C033060,O=C1CCC(c2cccc3c2cnn3-c2cccc(-n3c(C(F)(F)F)cc(C4CC4)cc3=O)c2)C(=O)N1,VAV1,,90.0,>,1,Jurkat,,WO2026145172A1,PGDB_AS002624,% Degradation,luminescence,standardized
PGDB_C032779,O=C1CCC(c2cccc3c2cnn3-c2cccc(-n3c(C(F)(F)F)cccc3=O)c2)C(=O)N1,VAV1,,90.0,>,1,Jurkat,,WO2026145172A1,PGDB_AS002622,% Degradation,,standardized
PGDB_C032765,O=C1CCC(c2cccc3c2cnn3-c2cccc(-n3c(C(F)F)cccc3=O)c2)C(=O)N1,VAV1,,90.0,>,1,Jurkat,,WO2026145172A1,PGDB_AS002622,% Degradation,,standardized
PGDB_C033010,O=C1CCC(c2cccc3c2cnn3-c2cccc(-n3c(C4CC4)cc(C(F)(F)F)cc3=O)c2)C(=O)N1,VAV1,,90.0,>,1,Jurkat,,WO2026145172A1,PGDB_AS002622,% Degradation,,standardized
PGDB_C032805,O=C1CCC(c2cccc3c2cnn3-c2cccc(-n3c(C4CC4)cc(Cl)cc3=O)c2)C(=O)N1,VAV1,,90.0,>,1,Jurkat,,WO2026145172A1,PGDB_AS002624,% Degradation,luminescence,standardized
PGDB_C032782,O=C1CCC(c2cccc3c2cnn3-c2cccc(-n3c(C4CC4)ccc(F)c3=O)c2)C(=O)N1,VAV1,,90.0,>,1,Jurkat,,WO2026145172A1,PGDB_AS002622,% Degradation,,standardized
PGDB_C032767,O=C1CCC(c2cccc3c2cnn3-c2cccc(-n3c(C4CC4)cccc3=O)c2)C(=O)N1,VAV1,,90.0,>,1,Jurkat,,WO2026145172A1,PGDB_AS002622,% Degradation,,standardized
PGDB_C032844,O=C1CCC(c2cccc3c2cnn3-c2cccc(-n3c(C4CCCCC4)cc(C(F)F)cc3=O)c2)C(=O)N1,VAV1,,90.0,>,1,Jurkat,,WO2026145172A1,PGDB_AS002624,% Degradation,luminescence,standardized
PGDB_C033052,O=C1CCC(c2cccc3c2cnn3-c2cccc(-n3c(CC4CC4)cc(C(F)(F)F)cc3=O)c2)C(=O)N1,VAV1,,90.0,>,1,Jurkat,,WO2026145172A1,PGDB_AS002599,% Degradation,luminescence,standardized
PGDB_C032815,O=C1CCC(c2cccc3c2cnn3-c2cccc(-n3c(CC4CC4)cccc3=O)c2)C(=O)N1,VAV1,,90.0,>,1,Jurkat,,WO2026145172A1,PGDB_AS002624,% Degradation,luminescence,standardized
PGDB_C032970,O=C1CCC(c2cccc3c2cnn3-c2cccc(-n3c(Cl)cc(C(F)F)cc3=O)c2)C(=O)N1,VAV1,,90.0,>,1,Jurkat,,WO2026145172A1,PGDB_AS002599,% Degradation,luminescence,standardized
PGDB_C032821,O=C1CCC(c2cccc3c2cnn3-c2cccc(-n3c(Cl)cccc3=O)c2)C(=O)N1,VAV1,,80.0,>=,1,Jurkat,,WO2026145172A1,PGDB_AS002624,% Degradation,luminescence,standardized
PGDB_C032944,O=C1CCC(c2cccc3c2cnn3-c2cccc(-n3c(N4C5CCC4CC5)nc(C(F)(F)F)cc3=O)c2)C(=O)N1,VAV1,,90.0,>,1,Jurkat,,WO2026145172A1,PGDB_AS002599,% Degradation,luminescence,standardized
PGDB_C032960,O=C1CCC(c2cccc3c2cnn3-c2cccc(-n3c(N4CC(C(F)(F)F)C4)cc(C(F)(F)F)cc3=O)c2)C(=O)N1,VAV1,,90.0,>,1,Jurkat,,WO2026145172A1,PGDB_AS002599,% Degradation,luminescence,standardized
PGDB_C032836,O=C1CCC(c2cccc3c2cnn3-c2cccc(-n3c(N4CC(F)(F)C4)cc(C(F)(F)F)cc3=O)c2)C(=O)N1,VAV1,,90.0,>,1,Jurkat,,WO2026145172A1,PGDB_AS002624,% Degradation,luminescence,standardized
PGDB_C032972,O=C1CCC(c2cccc3c2cnn3-c2cccc(-n3c(N4CC5CC5C4)nc(C(F)(F)F)cc3=O)c2)C(=O)N1,VAV1,,90.0,>,1,Jurkat,,WO2026145172A1,PGDB_AS002627,% Degradation,luminescence,standardized
PGDB_C032849,O=C1CCC(c2cccc3c2cnn3-c2cccc(-n3c(N4CC5CCC4C5)cc(C(F)(F)F)cc3=O)c2)C(=O)N1,VAV1,,90.0,>,1,Jurkat,,WO2026145172A1,PGDB_AS002624,% Degradation,luminescence,standardized
PGDB_C032988,O=C1CCC(c2cccc3c2cnn3-c2cccc(-n3c(N4CC5CCC4C5)cc(C(F)F)cc3=O)c2)C(=O)N1,VAV1,,90.0,>,1,Jurkat,,WO2026145172A1,PGDB_AS002624,% Degradation,luminescence,standardized
PGDB_C032903,O=C1CCC(c2cccc3c2cnn3-c2cccc(-n3c(N4CCC(C(F)(F)F)C4)cc(C(F)(F)F)cc3=O)c2)C(=O)N1,VAV1,,90.0,>,1,Jurkat,,WO2026145172A1,PGDB_AS002599,% Degradation,luminescence,standardized
PGDB_C032861,O=C1CCC(c2cccc3c2cnn3-c2cccc(-n3c(N4CCC(F)(F)C4)cc(C(F)(F)F)cc3=O)c2)C(=O)N1,VAV1,,90.0,>,1,Jurkat,,WO2026145172A1,PGDB_AS002624,% Degradation,luminescence,standardized
PGDB_C032830,O=C1CCC(c2cccc3c2cnn3-c2cccc(-n3c(N4CCC(F)(F)CC4)cc(C(F)(F)F)cc3=O)c2)C(=O)N1,VAV1,,90.0,>,1,Jurkat,,WO2026145172A1,PGDB_AS002624,% Degradation,luminescence,standardized
PGDB_C032859,O=C1CCC(c2cccc3c2cnn3-c2cccc(-n3c(N4CCC(F)(F)CC4)cc(C(F)F)cc3=O)c2)C(=O)N1,VAV1,,90.0,>,1,Jurkat,,WO2026145172A1,PGDB_AS002624,% Degradation,luminescence,standardized
PGDB_C032847,O=C1CCC(c2cccc3c2cnn3-c2cccc(-n3c(N4CCC5CC54)cc(C(F)(F)F)cc3=O)c2)C(=O)N1,VAV1,,90.0,>,1,Jurkat,,WO2026145172A1,PGDB_AS002624,% Degradation,luminescence,standardized
PGDB_C032845,O=C1CCC(c2cccc3c2cnn3-c2cccc(-n3c(N4CCC5CC54)cc(C(F)F)cc3=O)c2)C(=O)N1,VAV1,,90.0,>,1,Jurkat,,WO2026145172A1,PGDB_AS002624,% Degradation,luminescence,standardized
PGDB_C032868,O=C1CCC(c2cccc3c2cnn3-c2cccc(-n3c(N4CCCC(F)(F)C4)cc(C(F)(F)F)cc3=O)c2)C(=O)N1,VAV1,,90.0,>,1,Jurkat,,WO2026145172A1,PGDB_AS002624,% Degradation,luminescence,standardized
PGDB_C032838,O=C1CCC(c2cccc3c2cnn3-c2cccc(-n3c(N4CCCC4)cc(C(F)(F)F)cc3=O)c2)C(=O)N1,VAV1,,90.0,>,1,Jurkat,,WO2026145172A1,PGDB_AS002624,% Degradation,luminescence,standardized
PGDB_C032774,O=C1CCC(c2cccc3c2cnn3-c2cccc(-n3c(N4CCCC4)cccc3=O)c2)C(=O)N1,VAV1,,90.0,>,1,Jurkat,,WO2026145172A1,PGDB_AS002622,% Degradation,,standardized
PGDB_C032984,O=C1CCC(c2cccc3c2cnn3-c2cccc(-n3c(N4CCCCC4)nc(C(F)(F)F)cc3=O)c2)C(=O)N1,VAV1,,90.0,>,1,Jurkat,,WO2026145172A1,PGDB_AS002627,% Degradation,luminescence,standardized
PGDB_C032858,O=C1CCC(c2cccc3c2cnn3-c2cccc(-n3c(N4CCOCC4)cc(C(F)F)cc3=O)c2)C(=O)N1,VAV1,,90.0,>,1,Jurkat,,WO2026145172A1,PGDB_AS002624,% Degradation,luminescence,standardized
PGDB_C032966,O=C1CCC(c2cccc3c2cnn3-c2cccc(-n3c(N4CC[C@@H](O)C4)cc(C(F)(F)F)cc3=O)c2)C(=O)N1,VAV1,,90.0,>,1,Jurkat,,WO2026145172A1,PGDB_AS002627,% Degradation,luminescence,standardized
PGDB_C032951,O=C1CCC(c2cccc3c2cnn3-c2cccc(-n3c(N4CC[C@H](O)C4)cc(C(F)(F)F)cc3=O)c2)C(=O)N1,VAV1,,90.0,>,1,Jurkat,,WO2026145172A1,PGDB_AS002627,% Degradation,luminescence,standardized
PGDB_C032994,O=C1CCC(c2cccc3c2cnn3-c2cccc(-n3c(N4C[C@@H](F)[C@@H](F)C4)cc(C(F)F)cc3=O)c2)C(=O)N1,VAV1,,90.0,>,1,Jurkat,,WO2026145172A1,PGDB_AS002599,% Degradation,luminescence,standardized
PGDB_C033054,O=C1CCC(c2cccc3c2cnn3-c2cccc(-n3c(NCC(F)(F)F)nc(C(F)(F)F)cc3=O)c2)C(=O)N1,VAV1,,50.0,<,0,Jurkat,,WO2026145172A1,PGDB_AS002599,% Degradation,luminescence,standardized
PGDB_C032983,O=C1CCC(c2cccc3c2cnn3-c2cccc(-n3c(OC4CC(F)(F)C4)cc(C(F)(F)F)cc3=O)c2)C(=O)N1,VAV1,,90.0,>,1,Jurkat,,WO2026145172A1,PGDB_AS002599,% Degradation,luminescence,standardized
PGDB_C032995,O=C1CCC(c2cccc3c2cnn3-c2cccc(-n3c(OC4CC(F)(F)C4)cc(C(F)F)cc3=O)c2)C(=O)N1,VAV1,,90.0,>,1,Jurkat,,WO2026145172A1,PGDB_AS002599,% Degradation,luminescence,standardized
PGDB_C032850,O=C1CCC(c2cccc3c2cnn3-c2cccc(-n3c(OC4CC4)cc(C(F)(F)F)cc3=O)c2)C(=O)N1,VAV1,,90.0,>,1,Jurkat,,WO2026145172A1,PGDB_AS002624,% Degradation,luminescence,standardized
PGDB_C033053,O=C1CCC(c2cccc3c2cnn3-c2cccc(-n3c(OC4CC4)cc(C(F)F)cc3=O)c2)C(=O)N1,VAV1,,90.0,>,1,Jurkat,,WO2026145172A1,PGDB_AS002627,% Degradation,luminescence,standardized
PGDB_C032775,O=C1CCC(c2cccc3c2cnn3-c2cccc(-n3c(OC4CC4)cccc3=O)c2)C(=O)N1,VAV1,,90.0,>,1,Jurkat,,WO2026145172A1,PGDB_AS002622,% Degradation,,standardized
PGDB_C033042,O=C1CCC(c2cccc3c2cnn3-c2cccc(-n3c(OC4CC5(COC5)C4)cc(C(F)(F)F)cc3=O)c2)C(=O)N1,VAV1,,90.0,>,1,Jurkat,,WO2026145172A1,PGDB_AS002599,% Degradation,luminescence,standardized
PGDB_C032917,O=C1CCC(c2cccc3c2cnn3-c2cccc(-n3c(OC4CCC4)cc(C(F)(F)F)cc3=O)c2)C(=O)N1,VAV1,,90.0,>,1,Jurkat,,WO2026145172A1,PGDB_AS002627,% Degradation,luminescence,standardized
PGDB_C032913,O=C1CCC(c2cccc3c2cnn3-c2cccc(-n3c(OC4CCC4)cc(C(F)F)cc3=O)c2)C(=O)N1,VAV1,,90.0,>,1,Jurkat,,WO2026145172A1,PGDB_AS002627,% Degradation,luminescence,standardized
PGDB_C032869,O=C1CCC(c2cccc3c2cnn3-c2cccc(-n3c(OC4CCCC4)cc(C(F)F)cc3=O)c2)C(=O)N1,VAV1,,90.0,>,1,Jurkat,,WO2026145172A1,PGDB_AS002624,% Degradation,luminescence,standardized
PGDB_C032977,O=C1CCC(c2cccc3c2cnn3-c2cccc(-n3c(OC4CCCC4=O)cc(C(F)(F)F)cc3=O)c2)C(=O)N1,VAV1,,90.0,>,1,Jurkat,,WO2026145172A1,PGDB_AS002624,% Degradation,luminescence,standardized
PGDB_C032924,O=C1CCC(c2cccc3c2cnn3-c2cccc(-n3c(OC4CCCOC4)cc(C(F)(F)F)cc3=O)c2)C(=O)N1,VAV1,,90.0,>,1,Jurkat,,WO2026145172A1,PGDB_AS002599,% Degradation,luminescence,standardized
PGDB_C033039,O=C1CCC(c2cccc3c2cnn3-c2cccc(-n3c(OC4CCOC4)cc(C(F)F)cc3=O)c2)C(=O)N1,VAV1,,90.0,>,1,Jurkat,,WO2026145172A1,PGDB_AS002599,% Degradation,luminescence,standardized
PGDB_C032941,O=C1CCC(c2cccc3c2cnn3-c2cccc(-n3c(OC4CCOCC4)cc(C(F)(F)F)cc3=O)c2)C(=O)N1,VAV1,,90.0,>,1,Jurkat,,WO2026145172A1,PGDB_AS002599,% Degradation,luminescence,standardized
PGDB_C032922,O=C1CCC(c2cccc3c2cnn3-c2cccc(-n3c(OC4COC4)cc(C(F)(F)F)cc3=O)c2)C(=O)N1,VAV1,,90.0,>,1,Jurkat,,WO2026145172A1,PGDB_AS002599,% Degradation,luminescence,standardized
PGDB_C032959,O=C1CCC(c2cccc3c2cnn3-c2cccc(-n3c(OC4COC4)cc(C(F)F)cc3=O)c2)C(=O)N1,VAV1,,90.0,>,1,Jurkat,,WO2026145172A1,PGDB_AS002599,% Degradation,luminescence,standardized
PGDB_C032856,O=C1CCC(c2cccc3c2cnn3-c2cccc(-n3c(OCC(F)(F)F)cc(C(F)(F)F)cc3=O)c2)C(=O)N1,VAV1,,90.0,>,1,Jurkat,,WO2026145172A1,PGDB_AS002624,% Degradation,luminescence,standardized
PGDB_C032857,O=C1CCC(c2cccc3c2cnn3-c2cccc(-n3c(OCC(F)(F)F)cc(C(F)F)cc3=O)c2)C(=O)N1,VAV1,,90.0,>,1,Jurkat,,WO2026145172A1,PGDB_AS002624,% Degradation,luminescence,standardized
PGDB_C033012,O=C1CCC(c2cccc3c2cnn3-c2cccc(-n3c(OCC(F)(F)F)cncc3=O)c2)C(=O)N1,VAV1,,90.0,>,1,Jurkat,,WO2026145172A1,PGDB_AS002599,% Degradation,luminescence,standardized
PGDB_C032955,O=C1CCC(c2cccc3c2cnn3-c2cccc(-n3c(OCC(F)F)cc(C(F)(F)F)cc3=O)c2)C(=O)N1,VAV1,,90.0,>,1,Jurkat,,WO2026145172A1,PGDB_AS002599,% Degradation,luminescence,standardized
PGDB_C032999,O=C1CCC(c2cccc3c2cnn3-c2cccc(-n3c(OCC4CCCO4)cc(C(F)(F)F)cc3=O)c2)C(=O)N1,VAV1,,90.0,>,1,Jurkat,,WO2026145172A1,PGDB_AS002599,% Degradation,luminescence,standardized
PGDB_C033017,O=C1CCC(c2cccc3c2cnn3-c2cccc(-n3c(OCC4CCCO4)cc(C(F)F)cc3=O)c2)C(=O)N1,VAV1,,90.0,>,1,Jurkat,,WO2026145172A1,PGDB_AS002599,% Degradation,luminescence,standardized
PGDB_C032837,O=C1CCC(c2cccc3c2cnn3-c2cccc(-n3c(OCCC(F)(F)F)cc(C(F)(F)F)cc3=O)c2)C(=O)N1,VAV1,,90.0,>,1,Jurkat,,WO2026145172A1,PGDB_AS002624,% Degradation,luminescence,standardized
PGDB_C032832,O=C1CCC(c2cccc3c2cnn3-c2cccc(-n3c(OCCC(F)(F)F)cc(C(F)F)cc3=O)c2)C(=O)N1,VAV1,,90.0,>,1,Jurkat,,WO2026145172A1,PGDB_AS002624,% Degradation,luminescence,standardized
PGDB_C032919,O=C1CCC(c2cccc3c2cnn3-c2cccc(-n3c(OCCC(F)(F)F)cc(OC4CC4)cc3=O)c2)C(=O)N1,VAV1,,90.0,>,1,Jurkat,,WO2026145172A1,PGDB_AS002627,% Degradation,luminescence,standardized
PGDB_C032931,O=C1CCC(c2cccc3c2cnn3-c2cccc(-n3c(OCCOC(F)(F)F)cc(C(F)(F)F)cc3=O)c2)C(=O)N1,VAV1,,90.0,>,1,Jurkat,,WO2026145172A1,PGDB_AS002599,% Degradation,luminescence,standardized
PGDB_C033070,O=C1CCC(c2cccc3c2cnn3-c2cccc(-n3c(OCCOC(F)(F)F)cc(C(F)F)cc3=O)c2)C(=O)N1,VAV1,,90.0,>,1,Jurkat,,WO2026145172A1,PGDB_AS002599,% Degradation,luminescence,standardized
PGDB_C033072,O=C1CCC(c2cccc3c2cnn3-c2cccc(-n3c(O[C@@H]4CCOC4)cc(C(F)(F)F)cc3=O)c2)C(=O)N1,VAV1,,90.0,>,1,Jurkat,,WO2026145172A1,PGDB_AS002599,% Degradation,luminescence,standardized
PGDB_C033048,O=C1CCC(c2cccc3c2cnn3-c2cccc(-n3c(O[C@@H]4CCOC4)cc(C(F)F)cc3=O)c2)C(=O)N1,VAV1,,90.0,>,1,Jurkat,,WO2026145172A1,PGDB_AS002599,% Degradation,luminescence,standardized
PGDB_C032982,O=C1CCC(c2cccc3c2cnn3-c2cccc(-n3c(O[C@H]4CCOC4)cc(C(F)(F)F)cc3=O)c2)C(=O)N1,VAV1,,90.0,>,1,Jurkat,,WO2026145172A1,PGDB_AS002599,% Degradation,luminescence,standardized
PGDB_C032833,O=C1CCC(c2cccc3c2cnn3-c2cccc(-n3c4c(c(C(F)(F)F)cc3=O)CCCCC4)c2)C(=O)N1,VAV1,,80.0,>=,1,Jurkat,,WO2026145172A1,PGDB_AS002624,% Degradation,luminescence,standardized
PGDB_C032787,O=C1CCC(c2cccc3c2cnn3-c2cccc(-n3c4c(ccc3=O)CCC4)c2)C(=O)N1,VAV1,,80.0,>=,1,Jurkat,,WO2026145172A1,PGDB_AS002622,% Degradation,,standardized
PGDB_C033043,O=C1CCC(c2cccc3c2cnn3-c2cccc(-n3c4c(ccc3=O)CCCC4)c2)C(=O)N1,VAV1,,80.0,>=,1,Jurkat,,WO2026145172A1,PGDB_AS002599,% Degradation,luminescence,standardized
PGDB_C032763,O=C1CCC(c2cccc3c2cnn3-c2cccc(-n3ccccc3=O)c2)C(=O)N1,VAV1,,69.0,<=,0,Jurkat,,WO2026145172A1,PGDB_AS002622,% Degradation,,standardized
PGDB_C032771,O=C1CCC(c2cccc3c2cnn3-c2cccc(N3C(=O)CCCC34CC4)c2)C(=O)N1,VAV1,,79.0,<=,0,Jurkat,,WO2026145172A1,PGDB_AS002622,% Degradation,,standardized
PGDB_C032783,O=C1CCC(c2cccc3c2cnn3-c2cccc(Nc3ccc4cnccc4n3)c2)C(=O)N1,VAV1,,90.0,>,1,Jurkat,,WO2026145172A1,PGDB_AS002622,% Degradation,,standardized
PGDB_C032781,O=C1CCC(c2cccc3c2cnn3-c2cccc(Nc3ccc4ncccc4n3)c2)C(=O)N1,VAV1,,80.0,>=,1,Jurkat,,WO2026145172A1,PGDB_AS002622,% Degradation,,standardized
PGDB_C032814,O=C1CCC(c2cccc3c2cnn3-c2cccc(Nc3cnc4ccccc4n3)c2)C(=O)N1,VAV1,,90.0,>,1,Jurkat,,WO2026145172A1,PGDB_AS002624,% Degradation,luminescence,standardized
PGDB_C032801,O=C1CCC(c2cccc3c2cnn3-c2cccc(Nc3ncc4ccccc4n3)c2)C(=O)N1,VAV1,,90.0,>,1,Jurkat,,WO2026145172A1,PGDB_AS002622,% Degradation,,standardized
PGDB_C032786,O=C1CCC(c2cccc3c2cnn3-c2cccc(Oc3ccc4c(n3)CCC4)c2)C(=O)N1,VAV1,,90.0,>,1,Jurkat,,WO2026145172A1,PGDB_AS002622,% Degradation,,standardized
PGDB_C033016,O=C1CCC(c2cccc3c2cnn3-c2cccc(Oc3ccc4c(n3)CCCC4)c2)C(=O)N1,VAV1,,90.0,>,1,Jurkat,,WO2026145172A1,PGDB_AS002599,% Degradation,luminescence,standardized
PGDB_C032975,O=C1CCC(c2cccc3c2cnn3-c2cccc(Oc3ccc4cccc(F)c4n3)c2)C(=O)N1,VAV1,,90.0,>,1,Jurkat,,WO2026145172A1,PGDB_AS002599,% Degradation,luminescence,standardized
PGDB_C032796,O=C1CCC(c2cccc3c2cnn3-c2cccc(Oc3ccc4ccccc4n3)c2)C(=O)N1,VAV1,,90.0,>,1,Jurkat,,WO2026145172A1,PGDB_AS002622,% Degradation,,standardized
PGDB_C032979,O=C1CCC(c2cccc3c2cnn3-c2cccc(Oc3ccc4cnccc4n3)c2)C(=O)N1,VAV1,,90.0,>,1,Jurkat,,WO2026145172A1,PGDB_AS002599,% Degradation,luminescence,standardized
PGDB_C032980,O=C1CCC(c2cccc3c2cnn3-c2cccc(Oc3cccc(Cl)n3)c2)C(=O)N1,VAV1,,69.0,<=,0,Jurkat,,WO2026145172A1,PGDB_AS002599,% Degradation,luminescence,standardized
PGDB_C032812,O=C1CCC(c2cccc3c2cnn3-c2cccc(Oc3cnc4ccccc4n3)c2)C(=O)N1,VAV1,,90.0,>,1,Jurkat,,WO2026145172A1,PGDB_AS002624,% Degradation,luminescence,standardized
PGDB_C032788,O=C1CCC(c2cccc3c2cnn3-c2cccc(Oc3ncc4ccccc4n3)c2)C(=O)N1,VAV1,,79.0,<=,0,Jurkat,,WO2026145172A1,PGDB_AS002622,% Degradation,,standardized
PGDB_C000685,O=C1CCN(c2c(F)cc(N3CC(OC(=O)Nc4cc(C#CC5CC5)ccc4F)C3)cc2F)C(=O)N1,GSPT1,,91.97,=,1,HEK293,Nanjing Sanhome Pharmaceutical,CN119431327A,PGDB_AS000252,% Degradation,,standardized
PGDB_C000676,O=C1CCN(c2c(F)cc(N3CC(OC(=O)Nc4cc(OC(F)(F)F)ccc4F)C3)cc2F)C(=O)N1,GSPT1,,93.33,=,1,HEK293,Nanjing Sanhome Pharmaceutical,CN119431327A,PGDB_AS000252,% Degradation,,standardized
PGDB_C000683,O=C1CCN(c2c(F)cc(N3CC(OC(=O)Nc4ccc(C#CC5CC5)c(Cl)c4)C3)cc2F)C(=O)N1,GSPT1,,89.86,=,1,HEK293,Nanjing Sanhome Pharmaceutical,CN119431327A,PGDB_AS000252,% Degradation,,standardized
PGDB_C000677,O=C1CCN(c2c(F)cc(N3CC(OC(=O)Nc4ccc(Cl)c(C#CC5CC5)c4)C3)cc2F)C(=O)N1,GSPT1,,91.05,=,1,HEK293,Nanjing Sanhome Pharmaceutical,CN119431327A,PGDB_AS000252,% Degradation,,standardized
PGDB_C000682,O=C1CCN(c2c(F)cc(N3CC(OC(=O)Nc4ccc(OC(F)F)c(C#CC5CC5)c4)C3)cc2F)C(=O)N1,GSPT1,,91.8,=,1,HEK293,Nanjing Sanhome Pharmaceutical,CN119431327A,PGDB_AS000252,% Degradation,,standardized
PGDB_C000679,O=C1CCN(c2c(F)cc(N3CC(OC(=O)Nc4nc5ccccc5s4)C3)cc2F)C(=O)N1,GSPT1,,93.24,=,1,HEK293,Nanjing Sanhome Pharmaceutical,CN119431327A,PGDB_AS000252,% Degradation,,standardized
PGDB_C032882,O=C1CCN(c2cccc(-c3ccc(-n4c(C(F)(F)F)cc(C(F)F)cc4=O)cc3)c2Cl)C(=O)N1,VAV1,,80.0,>=,1,Jurkat,,WO2026145172A1,PGDB_AS002624,% Degradation,luminescence,standardized
PGDB_C032935,O=C1CCN(c2cccc(-c3ccc(-n4c(C5CC5)cc(C(F)(F)F)cc4=O)cc3)c2Cl)C(=O)N1,VAV1,,80.0,>=,1,Jurkat,,WO2026145172A1,PGDB_AS002624,% Degradation,luminescence,standardized
PGDB_C032822,O=C1CCN(c2cccc(-c3ccc(-n4c(C5CC5)cccc4=O)cc3)c2Cl)C(=O)N1,VAV1,,80.0,>=,1,Jurkat,,WO2026145172A1,PGDB_AS002624,% Degradation,luminescence,standardized
PGDB_C032883,O=C1CCN(c2cccc(-c3ccc(-n4c(C5CCCCC5)cc(C(F)F)cc4=O)cc3)c2Cl)C(=O)N1,VAV1,,90.0,>,1,Jurkat,,WO2026145172A1,PGDB_AS002624,% Degradation,luminescence,standardized
PGDB_C032872,O=C1CCN(c2cccc(-c3ccc(-n4c(N5CC6CC6C5)cc(C(F)F)cc4=O)cc3)c2Cl)C(=O)N1,VAV1,,90.0,>,1,Jurkat,,WO2026145172A1,PGDB_AS002624,% Degradation,luminescence,standardized
PGDB_C032835,O=C1CCN(c2cccc(-c3ccc(-n4c(N5CCOCC5)cc(C(F)F)cc4=O)cc3)c2Cl)C(=O)N1,VAV1,,90.0,>,1,Jurkat,,WO2026145172A1,PGDB_AS002624,% Degradation,luminescence,standardized
PGDB_C033032,O=C1CCN(c2cccc(-c3ccc(-n4c(OCC(F)(F)F)cc(C(F)(F)F)cc4=O)cc3)c2Cl)C(=O)N1,VAV1,,90.0,>,1,Jurkat,,WO2026145172A1,PGDB_AS002624,% Degradation,luminescence,standardized
PGDB_C032867,O=C1CCN(c2cccc(-c3ccc(-n4c(OCC(F)(F)F)cc(C(F)F)cc4=O)cc3)c2Cl)C(=O)N1,VAV1,,90.0,>,1,Jurkat,,WO2026145172A1,PGDB_AS002624,% Degradation,luminescence,standardized
PGDB_C032920,O=C1CCN(c2cccc(-c3ccc(-n4c(OCCC(F)(F)F)cc(C(F)(F)F)cc4=O)cc3)c2Cl)C(=O)N1,VAV1,,90.0,>,1,Jurkat,,WO2026145172A1,PGDB_AS002599,% Degradation,luminescence,standardized
PGDB_C009208,O=C1CCN(c2cccc(-c3ccc(-n4ccccc4=O)cc3)c2Cl)C(=O)N1,VAV1,,80.0,>=,1,Jurkat,,WO2026145172A1,PGDB_AS002622,% Degradation,,standardized
PGDB_C033029,O=C1CCN(c2cccc3c2cnn3-c2cccc(-n3c(OCC(F)(F)F)cc(C(F)(F)F)cc3=O)c2)C(=O)N1,VAV1,,90.0,>,1,Jurkat,,WO2026145172A1,PGDB_AS002627,% Degradation,luminescence,standardized
PGDB_C008110,O=C1CC[C@@H](N2Cc3c(Cl)cc(CNC(=O)O[C@H]4C[C@H](n5nccc5C(F)(F)F)C4)c(F)c3C2=O)C(=O)N1,CDK2,,76.0,=,0,HEK293,Genentech,WO2025043225,PGDB_AS000554,% Degradation,luminescence,standardized
PGDB_C008110,O=C1CC[C@@H](N2Cc3c(Cl)cc(CNC(=O)O[C@H]4C[C@H](n5nccc5C(F)(F)F)C4)c(F)c3C2=O)C(=O)N1,GSPT1,,0.35,=,0,HEK293,Genentech,WO2025043225,PGDB_AS000025,% Degradation,,standardized
PGDB_C008666,O=C1CC[C@@H](N2Cc3c(ccc(C[C@H]4CCCC[C@@H]4NC4CCC(F)(F)CC4)c3F)C2=O)C(=O)N1,IKZF1,,62.0,=,0,HEK293,Gilead Sciences,JP2026020265A,PGDB_AS000216,% Degradation,luminescence,standardized
PGDB_C008666,O=C1CC[C@@H](N2Cc3c(ccc(C[C@H]4CCCC[C@@H]4NC4CCC(F)(F)CC4)c3F)C2=O)C(=O)N1,IKZF2,,97.0,=,1,HEK293,Gilead Sciences,JP2026020265A,PGDB_AS000211,% Degradation,luminescence,standardized
PGDB_C008664,O=C1CC[C@@H](N2Cc3c(ccc(C[C@H]4OCCC[C@@H]4NC4CCC(F)(F)CC4)c3F)C2=O)C(=O)N1,IKZF2,,94.0,=,1,HEK293,Gilead Sciences,JP2026020265A,PGDB_AS000211,% Degradation,luminescence,standardized
PGDB_C008670,O=C1CC[C@@H](N2Cc3c(ccc(C[C@H]4OCCC[C@@H]4NC4CCCCC4)c3F)C2=O)C(=O)N1,IKZF2,,93.0,=,1,HEK293,Gilead Sciences,JP2026020265A,PGDB_AS000211,% Degradation,luminescence,standardized
PGDB_C008696,O=C1CC[C@@H](N2Cc3c(ccc(C[C@H]4OCCC[C@@H]4N[C@H]4CC[C@@H](F)CC4)c3F)C2=O)C(=O)N1,IKZF2,,94.0,=,1,HEK293,Gilead Sciences,JP2026020265A,PGDB_AS000211,% Degradation,luminescence,standardized
PGDB_C008662,O=C1CC[C@@H](N2Cc3c(ccc(C[C@H]4OCCC[C@@H]4N[C@H]4CC[C@H](C(F)F)CC4)c3F)C2=O)C(=O)N1,IKZF2,,96.0,=,1,HEK293,Gilead Sciences,JP2026020265A,PGDB_AS000211,% Degradation,luminescence,standardized
PGDB_C008695,O=C1CC[C@@H](N2Cc3c(ccc(C[C@H]4OCCC[C@@H]4N[C@H]4CC[C@H](F)CC4)c3F)C2=O)C(=O)N1,IKZF2,,94.0,=,1,HEK293,Gilead Sciences,JP2026020265A,PGDB_AS000211,% Degradation,luminescence,standardized
PGDB_C032749,O=C1CC[C@@H](N2Cc3c4c(cc(Cl)c3C2=O)C2(CCN(C(=O)N[C@H](c3ncccc3Cl)C(F)(F)F)CC2)CO4)C(=O)N1,CSNK1A1,,50.0,<,0,HEK293,,WO2026139085A1,PGDB_AS002607,% Degradation,luminescence,standardized
PGDB_C032741,O=C1CC[C@@H](N2Cc3c4c(cc(Cl)c3C2=O)C2(CCN(C3CCC5(CC3)CN(c3ccc(C(=O)N[C@H]6CC[C@H](Oc7ccccc7)CC6)nn3)C5)CC2)CO4)C(=O)N1,CSNK1A1,,90.0,>,1,HEK293,,WO2026139085A1,PGDB_AS002607,% Degradation,luminescence,standardized
PGDB_C033127,O=C1CC[C@@H](N2Cc3c4c(cc(Cl)c3C2=O)C2(CCN(CC3CCN(c5ccc(C(=O)N[C@H]6CC[C@H](Oc7ccccc7)CC6)cn5)CC3)CC2)CO4)C(=O)N1,CSNK1A1,,90.0,>,1,HEK293,,WO2026139085A1,PGDB_AS002607,% Degradation,luminescence,standardized
PGDB_C033135,O=C1CC[C@@H](N2Cc3c4c(cc(Cl)c3C2=O)C2(CCN(CC3CCN(c5ccc(C(=O)N[C@H]6CC[C@H](Oc7ccccc7F)CC6)cc5F)CC3)CC2)CO4)C(=O)N1,CSNK1A1,,90.0,>,1,HEK293,,WO2026139085A1,PGDB_AS002607,% Degradation,luminescence,standardized
PGDB_C033147,O=C1CC[C@@H](N2Cc3c4c(cc(Cl)c3C2=O)C2(CCN(CC3CCN(c5ncc(C(=O)N[C@H]6CC[C@H](Oc7ccccc7)CC6)nn5)CC3)CC2)CO4)C(=O)N1,CSNK1A1,,90.0,>,1,HEK293,,WO2026139085A1,PGDB_AS002607,% Degradation,luminescence,standardized
PGDB_C033130,O=C1CC[C@@H](N2Cc3c4c(cc(Cl)c3C2=O)C2(CCN([C@@H]3CCC5(CCN(c6ccc(C(=O)N[C@H]7CC[C@H](Oc8ccccc8)CC7)nn6)C5)C3)CC2)CO4)C(=O)N1,CSNK1A1,,90.0,>,1,HEK293,,WO2026139085A1,PGDB_AS002607,% Degradation,luminescence,standardized
PGDB_C001816,O=C1CC[C@@H](N2Cc3cc(C(=O)N[C@H](c4ccc(Cl)cc4F)C4CCC4)ccc3C2=O)C(=O)N1,CSNK1A1,CRBN,56.5,=,0,HT-1080,Hangzhou Glubio Pharmaceutical,WO2022257897A1,PGDB_AS000920,% Degradation,,standardized
PGDB_C001816,O=C1CC[C@@H](N2Cc3cc(C(=O)N[C@H](c4ccc(Cl)cc4F)C4CCC4)ccc3C2=O)C(=O)N1,GSPT1,CRBN,15.3,=,0,HT-1080,Hangzhou Glubio Pharmaceutical,WO2022257897A1,PGDB_AS000618,% Degradation,,standardized
PGDB_C001792,O=C1CC[C@@H](N2Cc3cc(C(=O)N[C@H](c4ccc(F)cc4)C4CCC4)ccc3C2=O)C(=O)N1,CSNK1A1,CRBN,72.9,=,0,HT-1080,Hangzhou Glubio Pharmaceutical,WO2022257897A1,PGDB_AS000920,% Degradation,,standardized
PGDB_C001792,O=C1CC[C@@H](N2Cc3cc(C(=O)N[C@H](c4ccc(F)cc4)C4CCC4)ccc3C2=O)C(=O)N1,GSPT1,CRBN,23.4,=,0,HT-1080,Hangzhou Glubio Pharmaceutical,WO2022257897A1,PGDB_AS000618,% Degradation,,standardized
PGDB_C001814,O=C1CC[C@@H](N2Cc3cc(C(=O)N[C@H](c4ccc(F)cc4Cl)C4CCC4)ccc3C2=O)C(=O)N1,CSNK1A1,CRBN,63.1,=,0,HT-1080,Hangzhou Glubio Pharmaceutical,WO2022257897A1,PGDB_AS000920,% Degradation,,standardized
PGDB_C001814,O=C1CC[C@@H](N2Cc3cc(C(=O)N[C@H](c4ccc(F)cc4Cl)C4CCC4)ccc3C2=O)C(=O)N1,GSPT1,CRBN,28.5,=,0,HT-1080,Hangzhou Glubio Pharmaceutical,WO2022257897A1,PGDB_AS000618,% Degradation,,standardized
PGDB_C008660,O=C1CC[C@@H](N2Cc3cc(C[C@H]4CCCC[C@@H]4NC4CCC(F)(F)CC4)ccc3C2=O)C(=O)N1,IKZF1,,53.0,=,0,HEK293,Gilead Sciences,JP2026020265A,PGDB_AS000216,% Degradation,luminescence,standardized
PGDB_C008660,O=C1CC[C@@H](N2Cc3cc(C[C@H]4CCCC[C@@H]4NC4CCC(F)(F)CC4)ccc3C2=O)C(=O)N1,IKZF2,,98.0,=,1,HEK293,Gilead Sciences,JP2026020265A,PGDB_AS000211,% Degradation,luminescence,standardized
PGDB_C008668,O=C1CC[C@@H](N2Cc3cc(C[C@H]4CCCC[C@@H]4NC4CCCCC4)ccc3C2=O)C(=O)N1,IKZF2,,95.0,=,1,HEK293,Gilead Sciences,JP2026020265A,PGDB_AS000211,% Degradation,luminescence,standardized
PGDB_C029570,O=C1CC[C@@H](c2cccc(-c3ccc(-n4cccc(OC5CC(O)C5)c4=O)cc3)c2Cl)C(=O)N1,VAV1,,98.7,=,1,,Shanghai Qilu Pharmaceutical Research And Development Centre,WO2026051943A1,PGDB_AS000777,% Degradation,luminescence,standardized
PGDB_C032967,O=C1CC[C@@H](c2cccc3c2cnn3-c2cccc(-c3c(OCCC(F)(F)F)ccn(C4CC4)c3=O)c2)C(=O)N1,VAV1,,90.0,>,1,Jurkat,,WO2026145172A1,PGDB_AS002627,% Degradation,luminescence,standardized
PGDB_C029594,O=C1CC[C@@](F)(c2cccc(-c3ccc(-n4cccc(OC(F)F)c4=O)cc3)c2Cl)C(=O)N1,VAV1,,99.5,=,1,,Shanghai Qilu Pharmaceutical Research And Development Centre,WO2026051943A1,PGDB_AS000777,% Degradation,luminescence,standardized
PGDB_C033111,O=C1CC[C@H](N2CC3=C(C2=O)C2=C3OCC34CCN(CC5(F)CCN(c6ccc(C(=O)NC7CCC(OC8CCC8)CC7)cc6F)CC5)CCCOC3=C24)C(=O)N1,CSNK1A1,,90.0,>,1,HEK293,,WO2026139085A1,PGDB_AS002607,% Degradation,luminescence,standardized
PGDB_C008109,O=C1CC[C@H](N2Cc3c(Cl)cc(CNC(=O)O[C@H]4C[C@H](n5nccc5C(F)(F)F)C4)c(F)c3C2=O)C(=O)N1,CDK2,,75.0,=,0,HEK293,Genentech,WO2025043225,PGDB_AS000554,% Degradation,luminescence,standardized
PGDB_C008109,O=C1CC[C@H](N2Cc3c(Cl)cc(CNC(=O)O[C@H]4C[C@H](n5nccc5C(F)(F)F)C4)c(F)c3C2=O)C(=O)N1,GSPT1,,2.8,=,0,HEK293,Genentech,WO2025043225,PGDB_AS000025,% Degradation,,standardized
PGDB_C009988,O=C1CC[C@H](N2Cc3c(OCc4ccc(CN5CCN6c7ccc(F)cc7OCCC6C5)cc4)cccc3C2=O)C(=O)N1,IKZF1,CRBN,92.9,=,1,HT-1080,Hangzhou Glubio Pharmaceutical,WO2023025136A1,PGDB_AS000619,% Degradation,luminescence,standardized
PGDB_C009988,O=C1CC[C@H](N2Cc3c(OCc4ccc(CN5CCN6c7ccc(F)cc7OCCC6C5)cc4)cccc3C2=O)C(=O)N1,SALL4,CRBN,65.7,=,0,HT-1080,Hangzhou Glubio Pharmaceutical,WO2023025136A1,PGDB_AS001792,% Degradation,luminescence,standardized
PGDB_C008665,O=C1CC[C@H](N2Cc3c(ccc(C[C@H]4CCCC[C@@H]4NC4CCC(F)(F)CC4)c3F)C2=O)C(=O)N1,IKZF1,,59.0,=,0,HEK293,Gilead Sciences,JP2026020265A,PGDB_AS000216,% Degradation,luminescence,standardized
PGDB_C008665,O=C1CC[C@H](N2Cc3c(ccc(C[C@H]4CCCC[C@@H]4NC4CCC(F)(F)CC4)c3F)C2=O)C(=O)N1,IKZF2,,97.0,=,1,HEK293,Gilead Sciences,JP2026020265A,PGDB_AS000211,% Degradation,luminescence,standardized
PGDB_C008663,O=C1CC[C@H](N2Cc3c(ccc(C[C@H]4OCCC[C@@H]4NC4CCC(F)(F)CC4)c3F)C2=O)C(=O)N1,IKZF2,,95.0,=,1,HEK293,Gilead Sciences,JP2026020265A,PGDB_AS000211,% Degradation,luminescence,standardized
PGDB_C008669,O=C1CC[C@H](N2Cc3c(ccc(C[C@H]4OCCC[C@@H]4NC4CCCCC4)c3F)C2=O)C(=O)N1,IKZF2,,92.0,=,1,HEK293,Gilead Sciences,JP2026020265A,PGDB_AS000211,% Degradation,luminescence,standardized
PGDB_C008692,O=C1CC[C@H](N2Cc3c(ccc(C[C@H]4OCCC[C@@H]4N[C@H]4CC[C@@H](C(F)F)CC4)c3F)C2=O)C(=O)N1,IKZF2,,96.0,=,1,HEK293,Gilead Sciences,JP2026020265A,PGDB_AS000211,% Degradation,luminescence,standardized
PGDB_C008661,O=C1CC[C@H](N2Cc3c(ccc(C[C@H]4OCCC[C@@H]4N[C@H]4CC[C@H](C(F)F)CC4)c3F)C2=O)C(=O)N1,IKZF1,,28.0,=,0,HEK293,Gilead Sciences,JP2026020265A,PGDB_AS000216,% Degradation,luminescence,standardized
PGDB_C008661,O=C1CC[C@H](N2Cc3c(ccc(C[C@H]4OCCC[C@@H]4N[C@H]4CC[C@H](C(F)F)CC4)c3F)C2=O)C(=O)N1,IKZF2,,94.0,=,1,HEK293,Gilead Sciences,JP2026020265A,PGDB_AS000211,% Degradation,luminescence,standardized
PGDB_C008693,O=C1CC[C@H](N2Cc3c(ccc(C[C@H]4OCCC[C@@H]4N[C@H]4CC[C@H](F)CC4)c3F)C2=O)C(=O)N1,IKZF2,,97.0,=,1,HEK293,Gilead Sciences,JP2026020265A,PGDB_AS000211,% Degradation,luminescence,standardized
PGDB_C033149,O=C1CC[C@H](N2Cc3c4c(cc(Cl)c3C2=O)C2(CCN(C(=O)C3CCN(c5ccc(C(=O)N[C@H]6CC[C@H](Oc7ccccc7)CC6)nn5)CC3)CC2)CO4)C(=O)N1,CSNK1A1,,90.0,>,1,HEK293,,WO2026139085A1,PGDB_AS002607,% Degradation,luminescence,standardized
PGDB_C033086,O=C1CC[C@H](N2Cc3c4c(cc(Cl)c3C2=O)C2(CCN(C3CC(CN5C=C(c6ccc(C(=O)N[C@H]7CC[C@H](Oc8ccccc8Cl)CC7)nn6)C5)C3)CC2)CO4)C(=O)N1,CSNK1A1,,90.0,>,1,HEK293,,WO2026139085A1,PGDB_AS002607,% Degradation,luminescence,standardized
PGDB_C033115,O=C1CC[C@H](N2Cc3c4c(cc(Cl)c3C2=O)C2(CCN(C3CC(CN5C=C(c6ccc(C(=O)N[C@H]7CC[C@H](Oc8ncccc8Cl)CC7)nn6)C5)C3)CC2)CO4)C(=O)N1,CSNK1A1,,90.0,>,1,HEK293,,WO2026139085A1,PGDB_AS002607,% Degradation,luminescence,standardized
PGDB_C033138,O=C1CC[C@H](N2Cc3c4c(cc(Cl)c3C2=O)C2(CCN(C3CC(Cn5ccc(C(=O)N[C@H]6CC[C@H](Oc7ccccc7)CC6)n5)C3)CC2)CO4)C(=O)N1,CSNK1A1,,90.0,>,1,HEK293,,WO2026139085A1,PGDB_AS002607,% Degradation,luminescence,standardized
PGDB_C033146,O=C1CC[C@H](N2Cc3c4c(cc(Cl)c3C2=O)C2(CCN(C3CC5(C3)CN(c3ccc(C(=O)NC6CCC(Oc7ccc(Cl)cc7)CC6)nn3)C5)CC2)CO4)C(=O)N1,CSNK1A1,,90.0,>,1,HEK293,,WO2026139085A1,PGDB_AS002607,% Degradation,luminescence,standardized
PGDB_C032973,O=C1CC[C@H](N2Cc3c4c(cc(Cl)c3C2=O)C2(CCN(CC3(F)CCN(c5cc(F)c(C(=O)N[C@H]6CC[C@H](OC7CC7)CC6)cc5F)CC3)CC2)CO4)C(=O)N1,CSNK1A1,,90.0,>,1,HEK293,,WO2026139085A1,PGDB_AS002607,% Degradation,luminescence,standardized
PGDB_C033103,O=C1CC[C@H](N2Cc3c4c(cc(Cl)c3C2=O)C2(CCN(CC3(F)CCN(c5ccc(C(=O)N6CCOCC6)cc5F)CC3)CC2)CO4)C(=O)N1,CSNK1A1,,50.0,<,0,HEK293,,WO2026139085A1,PGDB_AS002607,% Degradation,luminescence,standardized
PGDB_C033079,O=C1CC[C@H](N2Cc3c4c(cc(Cl)c3C2=O)C2(CCN(CC3(F)CCN(c5ccc(C(=O)NC6CCC7(CCOCC7)CC6)cc5F)CC3)CC2)CO4)C(=O)N1,CSNK1A1,,50.0,<,0,HEK293,,WO2026139085A1,PGDB_AS002607,% Degradation,luminescence,standardized
PGDB_C033145,O=C1CC[C@H](N2Cc3c4c(cc(Cl)c3C2=O)C2(CCN(CC3(F)CCN(c5ccc(C(=O)N[C@H]6CC[C@H](OC7CC(F)(F)C7)CC6)c(F)c5)CC3)CC2)CO4)C(=O)N1,CSNK1A1,,90.0,>,1,HEK293,,WO2026139085A1,PGDB_AS002607,% Degradation,luminescence,standardized
PGDB_C033117,O=C1CC[C@H](N2Cc3c4c(cc(Cl)c3C2=O)C2(CCN(CC3(F)CCN(c5ccc(C(=O)N[C@H]6CC[C@H](OC7CC7)CC6)c(F)c5)CC3)CC2)CO4)C(=O)N1,CSNK1A1,,90.0,>,1,HEK293,,WO2026139085A1,PGDB_AS002607,% Degradation,luminescence,standardized
PGDB_C033144,O=C1CC[C@H](N2Cc3c4c(cc(Cl)c3C2=O)C2(CCN(CC3(F)CCN(c5ccc(C(=O)N[C@H]6CC[C@H](OC7CC7)CC6)cc5F)CC3)CC2)CO4)C(=O)N1,CSNK1A1,,90.0,>,1,HEK293,,WO2026139085A1,PGDB_AS002607,% Degradation,luminescence,standardized
PGDB_C033101,O=C1CC[C@H](N2Cc3c4c(cc(Cl)c3C2=O)C2(CCN(CC3(F)CCN(c5ccc(C(=O)N[C@H]6CC[C@H](OC7CCCC7)CC6)cc5F)CC3)CC2)CO4)C(=O)N1,CSNK1A1,,90.0,>,1,HEK293,,WO2026139085A1,PGDB_AS002607,% Degradation,luminescence,standardized
PGDB_C033128,O=C1CC[C@H](N2Cc3c4c(cc(Cl)c3C2=O)C2(CCN(CC3(F)CCN(c5ccc(C(=O)N[C@H]6CC[C@H](OC7CCCCC7)CC6)c(F)c5)CC3)CC2)CO4)C(=O)N1,CSNK1A1,,90.0,>,1,HEK293,,WO2026139085A1,PGDB_AS002607,% Degradation,luminescence,standardized
PGDB_C033125,O=C1CC[C@H](N2Cc3c4c(cc(Cl)c3C2=O)C2(CCN(CC3(F)CCN(c5ccc(C(=O)N[C@H]6CC[C@H](Oc7ccccc7Cl)CC6)cc5F)CC3)CC2)CO4)C(=O)N1,CSNK1A1,,90.0,>,1,HEK293,,WO2026139085A1,PGDB_AS002607,% Degradation,luminescence,standardized
PGDB_C032743,O=C1CC[C@H](N2Cc3c4c(cc(Cl)c3C2=O)C2(CCN(CC3CCN(c5ccc(C(=O)NC6CCC(Oc7ccccc7)CC6)nn5)CC3)CC2)CO4)C(=O)N1,CSNK1A1,,90.0,>,1,HEK293,,WO2026139085A1,PGDB_AS002607,% Degradation,luminescence,standardized
PGDB_C033139,O=C1CC[C@H](N2Cc3c4c(cc(Cl)c3C2=O)C2(CCN(CC3CCN(c5ccc(C(=O)N[C@H]6CC[C@H](Oc7cccc(Cl)c7)CC6)cc5F)CC3)CC2)CO4)C(=O)N1,CSNK1A1,,22.0,=,0,VCaP,,WO2026139085A1,PGDB_AS002626,% Degradation,luminescence,standardized
PGDB_C032747,O=C1CC[C@H](N2Cc3c4c(cc(Cl)c3C2=O)C2(CCN(CC3CCN(c5ccc(C(=O)N[C@H]6CC[C@H](Oc7ccccc7)CC6)cc5F)CC3)CC2)CO4)C(=O)N1,CSNK1A1,,90.0,>,1,HEK293,,WO2026139085A1,PGDB_AS002607,% Degradation,luminescence,standardized
PGDB_C033116,O=C1CC[C@H](N2Cc3c4c(cc(Cl)c3C2=O)C2(CCN(CC3CCN(c5ccc(C(=O)N[C@H]6CC[C@H](Oc7ccccc7Cl)CC6)cc5F)CC3)CC2)CO4)C(=O)N1,CSNK1A1,,12.0,=,0,VCaP,,WO2026139085A1,PGDB_AS002626,% Degradation,luminescence,standardized
PGDB_C033122,O=C1CC[C@H](N2Cc3c4c(cc(Cl)c3C2=O)C2(CCN(CC3CCN(c5ccc(C(=O)N[C@H]6CC[C@H](Oc7ccccc7Cl)CC6)nn5)CC3)CC2)CO4)C(=O)N1,CSNK1A1,,90.0,>,1,HEK293,,WO2026139085A1,PGDB_AS002607,% Degradation,luminescence,standardized
PGDB_C033129,O=C1CC[C@H](N2Cc3c4c(cc(Cl)c3C2=O)C2(CCN(CC3CCN(c5ccc(C(=O)N[C@H]6CC[C@H](Oc7ncccc7Cl)CC6)cc5F)CC3)CC2)CO4)C(=O)N1,CSNK1A1,,90.0,>,1,HEK293,,WO2026139085A1,PGDB_AS002607,% Degradation,luminescence,standardized
PGDB_C033090,O=C1CC[C@H](N2Cc3c4c(cc(Cl)c3C2=O)C2(CCN(CC3CCN(c5ccc(C(=O)N[C@H]6CC[C@H](Oc7ncccc7Cl)CC6)nn5)CC3)CC2)CO4)C(=O)N1,CSNK1A1,,90.0,>,1,HEK293,,WO2026139085A1,PGDB_AS002607,% Degradation,luminescence,standardized
PGDB_C033108,O=C1CC[C@H](N2Cc3c4c(cc(Cl)c3C2=O)C2(CCN(CC3CCN(c5ccc(NC(=O)C6CCCCC6)nn5)CC3)CC2)CO4)C(=O)N1,CSNK1A1,,50.0,<,0,HEK293,,WO2026139085A1,PGDB_AS002607,% Degradation,luminescence,standardized
PGDB_C033099,O=C1CC[C@H](N2Cc3c4c(cc(Cl)c3C2=O)C2(CCN(CC3CCN(c5ccc6c(c5)CN([C@H]5CC[C@H](Oc7ccccc7)CC5)C6=O)CC3)CC2)CO4)C(=O)N1,CSNK1A1,,50.0,<,0,HEK293,,WO2026139085A1,PGDB_AS002607,% Degradation,luminescence,standardized
PGDB_C001817,O=C1CC[C@H](N2Cc3cc(C(=O)N[C@H](c4ccc(Cl)cc4F)C4CCC4)ccc3C2=O)C(=O)N1,CSNK1A1,CRBN,57.8,=,0,HT-1080,Hangzhou Glubio Pharmaceutical,WO2022257897A1,PGDB_AS000920,% Degradation,,standardized
PGDB_C001817,O=C1CC[C@H](N2Cc3cc(C(=O)N[C@H](c4ccc(Cl)cc4F)C4CCC4)ccc3C2=O)C(=O)N1,GSPT1,CRBN,19.1,=,0,HT-1080,Hangzhou Glubio Pharmaceutical,WO2022257897A1,PGDB_AS000618,% Degradation,,standardized
PGDB_C001841,O=C1CC[C@H](N2Cc3cc(C(=O)N[C@H](c4ccc(Cl)cn4)C4CCC4)ccc3C2=O)C(=O)N1,CSNK1A1,CRBN,66.3,=,0,HT-1080,Hangzhou Glubio Pharmaceutical,WO2022257897A1,PGDB_AS000920,% Degradation,,standardized
PGDB_C001841,O=C1CC[C@H](N2Cc3cc(C(=O)N[C@H](c4ccc(Cl)cn4)C4CCC4)ccc3C2=O)C(=O)N1,GSPT1,CRBN,16.2,=,0,HT-1080,Hangzhou Glubio Pharmaceutical,WO2022257897A1,PGDB_AS000618,% Degradation,,standardized
PGDB_C001812,O=C1CC[C@H](N2Cc3cc(C(=O)N[C@H](c4ccc(F)c(F)c4)C4CCC4)ccc3C2=O)C(=O)N1,CSNK1A1,CRBN,54.6,=,0,HT-1080,Hangzhou Glubio Pharmaceutical,WO2022257897A1,PGDB_AS000920,% Degradation,,standardized
PGDB_C001812,O=C1CC[C@H](N2Cc3cc(C(=O)N[C@H](c4ccc(F)c(F)c4)C4CCC4)ccc3C2=O)C(=O)N1,GSPT1,CRBN,26.2,=,0,HT-1080,Hangzhou Glubio Pharmaceutical,WO2022257897A1,PGDB_AS000618,% Degradation,,standardized
PGDB_C001793,O=C1CC[C@H](N2Cc3cc(C(=O)N[C@H](c4ccc(F)cc4)C4CCC4)ccc3C2=O)C(=O)N1,CSNK1A1,CRBN,71.6,=,0,HT-1080,Hangzhou Glubio Pharmaceutical,WO2022257897A1,PGDB_AS000920,% Degradation,,standardized
PGDB_C001793,O=C1CC[C@H](N2Cc3cc(C(=O)N[C@H](c4ccc(F)cc4)C4CCC4)ccc3C2=O)C(=O)N1,GSPT1,CRBN,22.6,=,0,HT-1080,Hangzhou Glubio Pharmaceutical,WO2022257897A1,PGDB_AS000618,% Degradation,,standardized
PGDB_C001844,O=C1CC[C@H](N2Cc3cc(C(=O)N[C@H](c4ccc(F)cc4)C4CCCC4)ccc3C2=O)C(=O)N1,CSNK1A1,CRBN,49.0,=,0,HT-1080,Hangzhou Glubio Pharmaceutical,WO2022257897A1,PGDB_AS000920,% Degradation,,standardized
PGDB_C001844,O=C1CC[C@H](N2Cc3cc(C(=O)N[C@H](c4ccc(F)cc4)C4CCCC4)ccc3C2=O)C(=O)N1,GSPT1,CRBN,27.4,=,0,HT-1080,Hangzhou Glubio Pharmaceutical,WO2022257897A1,PGDB_AS000618,% Degradation,,standardized
PGDB_C001815,O=C1CC[C@H](N2Cc3cc(C(=O)N[C@H](c4ccc(F)cc4Cl)C4CCC4)ccc3C2=O)C(=O)N1,CSNK1A1,CRBN,62.3,=,0,HT-1080,Hangzhou Glubio Pharmaceutical,WO2022257897A1,PGDB_AS000920,% Degradation,,standardized
PGDB_C001815,O=C1CC[C@H](N2Cc3cc(C(=O)N[C@H](c4ccc(F)cc4Cl)C4CCC4)ccc3C2=O)C(=O)N1,GSPT1,CRBN,24.2,=,0,HT-1080,Hangzhou Glubio Pharmaceutical,WO2022257897A1,PGDB_AS000618,% Degradation,,standardized
PGDB_C008678,O=C1CC[C@H](N2Cc3cc(C[C@H]4CCCC[C@@H]4NC4CCC(F)(F)CC4)cc(F)c3C2=O)C(=O)N1,IKZF2,,75.0,=,0,HEK293,Gilead Sciences,JP2026020265A,PGDB_AS000211,% Degradation,luminescence,standardized
PGDB_C008659,O=C1CC[C@H](N2Cc3cc(C[C@H]4CCCC[C@@H]4NC4CCC(F)(F)CC4)ccc3C2=O)C(=O)N1,IKZF1,,62.0,=,0,HEK293,Gilead Sciences,JP2026020265A,PGDB_AS000216,% Degradation,luminescence,standardized
PGDB_C008659,O=C1CC[C@H](N2Cc3cc(C[C@H]4CCCC[C@@H]4NC4CCC(F)(F)CC4)ccc3C2=O)C(=O)N1,IKZF2,,98.0,=,1,HEK293,Gilead Sciences,JP2026020265A,PGDB_AS000211,% Degradation,luminescence,standardized
PGDB_C008667,O=C1CC[C@H](N2Cc3cc(C[C@H]4CCCC[C@@H]4NC4CCCCC4)ccc3C2=O)C(=O)N1,IKZF2,,97.0,=,1,HEK293,Gilead Sciences,JP2026020265A,PGDB_AS000211,% Degradation,luminescence,standardized
PGDB_C010187,O=C1CC[C@H](N2Cc3nc([C@]4(O)CCN(Cc5ccc(C(F)(F)F)cc5)CC45CCCCC5)ccc3C2=O)C(=O)N1,ARNT,,60.0,<=,0,7860-O,Neomorph,WO2025097092,PGDB_AS001935,% Degradation,luminescence,manual_curated
PGDB_C029602,O=C1CC[C@H](c2cccc(-c3ccc(-n4cccc(OC5CC(O)C5)c4=O)cc3)c2Cl)C(=O)N1,VAV1,,99.0,=,1,,Shanghai Qilu Pharmaceutical Research And Development Centre,WO2026051943A1,PGDB_AS000777,% Degradation,luminescence,standardized
PGDB_C008156,O=C1NC(O)CCC1N1C(=O)c2ccc(NS(=O)(=O)c3cccc(CN4CCOCC4)c3Cl)cc2C1=O,GSPT1,,37.3,=,0,HEK293,Cyrus Therapeutics;Wooseok Han;Joonwoo Nam;Min Sung Joo;Dong Hyuk Ki;Kim Eun Jung;Jaeyung Lee,IL323841A,PGDB_AS002464,% Degradation,luminescence,standardized
PGDB_C031196,O=c1cccc2n1C1(CCC1)COC2,VAV1,,99.5,=,1,Jurkat,Jiangsu Hengrui Pharmaceuticals Co Ltd;Shanghai Hengrui Pharmaceutical,WO2026098637A1,PGDB_AS001360,% Degradation,luminescence,standardized
PGDB_C029547,[2H]C(F)(F)Oc1cccn(-c2ccc(-c3cccc(C4CCC(=O)NC4=O)c3Cl)cc2)c1=O,VAV1,,98.24,=,1,,Shanghai Qilu Pharmaceutical Research And Development Centre,WO2026051943A1,PGDB_AS000777,% Degradation,luminescence,standardized
PGDB_C008605,[2H]C([2H])(N[C@H]1CCCC[C@@H]1Cc1ccc2c(c1)CN(C1CCC(=O)NC1=O)C2=O)c1ccccc1,IKZF1,,28.0,=,0,HEK293,Gilead Sciences,JP2026020265A,PGDB_AS000216,% Degradation,luminescence,standardized
PGDB_C008605,[2H]C([2H])(N[C@H]1CCCC[C@@H]1Cc1ccc2c(c1)CN(C1CCC(=O)NC1=O)C2=O)c1ccccc1,IKZF2,,97.0,=,1,HEK293,Gilead Sciences,JP2026020265A,PGDB_AS000211,% Degradation,luminescence,standardized
PGDB_C024880,[2H]C([2H])([2H])C1(C([2H])([2H])[2H])C=Cc2cc(-c3cccc(C4CCC(=O)NC4=O)c3Cl)ccc2C(=O)N1,VAV1,,90.9,=,1,Jurkat,Shanghai Meiyue Biotech Development,CN121698875A,PGDB_AS000398,% Degradation,,standardized
PGDB_C024879,[2H]C([2H])([2H])C1(C([2H])([2H])[2H])C=Cc2cc(-c3cccc(C4CCC(=O)NC4=O)c3Cl)ccc2NC1=O,VAV1,,101.5,=,1,Jurkat,Shanghai Meiyue Biotech Development,CN121698875A,PGDB_AS000398,% Degradation,,standardized
PGDB_C024829,[2H]C([2H])([2H])C1(C([2H])([2H])[2H])CCc2cc(-c3cccc(C4CCC(=O)NC4=O)c3Cl)ccc2C(=O)N1,VAV1,,86.1,=,1,Jurkat,Shanghai Meiyue Biotech Development,CN121698875A,PGDB_AS000398,% Degradation,,standardized
PGDB_C024830,[2H]C([2H])([2H])C1(C([2H])([2H])[2H])CCc2cc(-c3cccc(C4CCC(=O)NC4=O)c3Cl)ccc2NC1=O,VAV1,,89.3,=,1,Jurkat,Shanghai Meiyue Biotech Development,CN121698875A,PGDB_AS000398,% Degradation,,standardized
PGDB_C024900,[2H]C([2H])([2H])C1C=Cc2cc(-c3cccc(C4CCC(=O)NC4=O)c3Cl)ccc2C(=O)N1,VAV1,,95.89,=,1,Jurkat,Shanghai Meiyue Biotech Development,CN121698875A,PGDB_AS000398,% Degradation,,standardized
PGDB_C024826,[2H]C([2H])([2H])C1CCc2cc(-c3cccc(C4CCC(=O)NC4=O)c3Cl)ccc2C(=O)N1,VAV1,,99.5,=,1,Jurkat,Shanghai Meiyue Biotech Development,CN121698875A,PGDB_AS000398,% Degradation,,standardized
PGDB_C024827,[2H]C([2H])([2H])C1CCc2cc(-c3cccc(C4CCC(=O)NC4=O)c3Cl)ccc2NC1=O,VAV1,,90.2,=,1,Jurkat,Shanghai Meiyue Biotech Development,CN121698875A,PGDB_AS000398,% Degradation,,standardized
PGDB_C029676,[2H]C([2H])([2H])N(C(=O)Nc1c(C)cc(-c2cccc(C3CCC(=O)NC3=O)c2Cl)cc1F)C([2H])([2H])[2H],VAV1,,98.78,=,1,,Shanghai Qilu Pharmaceutical Research And Development Centre,WO2026051943A1,PGDB_AS000777,% Degradation,luminescence,standardized
PGDB_C029645,[2H]C([2H])([2H])N(C(=O)Nc1ccc(-c2cccc(C3CCC(=O)NC3=O)c2Cl)cc1C)C([2H])([2H])[2H],VAV1,,98.54,=,1,,Shanghai Qilu Pharmaceutical Research And Development Centre,WO2026051943A1,PGDB_AS000777,% Degradation,luminescence,standardized
PGDB_C029609,[2H]C([2H])([2H])NC(=O)N(c1ccc(-c2cccc(C3CCC(=O)NC3=O)c2Cl)cc1)C1CC1,VAV1,,99.0,=,1,,Shanghai Qilu Pharmaceutical Research And Development Centre,WO2026051943A1,PGDB_AS000777,% Degradation,luminescence,standardized
PGDB_C029677,[2H]C([2H])([2H])NC(=O)Nc1c(C)cc(-c2cccc(C3CCC(=O)NC3=O)c2Cl)cc1F,VAV1,,98.89,=,1,,Shanghai Qilu Pharmaceutical Research And Development Centre,WO2026051943A1,PGDB_AS000777,% Degradation,luminescence,standardized
PGDB_C029646,[2H]C([2H])([2H])NC(=O)Nc1ccc(-c2cccc(C3CCC(=O)NC3=O)c2Cl)cc1C,VAV1,,98.71,=,1,,Shanghai Qilu Pharmaceutical Research And Development Centre,WO2026051943A1,PGDB_AS000777,% Degradation,luminescence,standardized
PGDB_C029621,[2H]C([2H])([2H])O[C@@H]1CCN(C(=O)Nc2ccc(-c3cccc(C4CCC(=O)NC4=O)c3Cl)cc2C)C1,VAV1,,98.8,=,1,,Shanghai Qilu Pharmaceutical Research And Development Centre,WO2026051943A1,PGDB_AS000777,% Degradation,luminescence,standardized
PGDB_C029654,[2H]C([2H])([2H])O[C@H]1CCN(C(=O)Nc2ccc(-c3cccc(C4CCC(=O)NC4=O)c3Cl)cc2C)C1,VAV1,,99.0,=,1,,Shanghai Qilu Pharmaceutical Research And Development Centre,WO2026051943A1,PGDB_AS000777,% Degradation,luminescence,standardized
PGDB_C032879,[2H]C([2H])([2H])Oc1cc(C(F)(F)F)n(-c2ccc(-c3cccc(C4CCC(=O)NC4=O)c3C#C)cc2)c(=O)c1,VAV1,,90.0,>,1,Jurkat,,WO2026145172A1,PGDB_AS002624,% Degradation,luminescence,standardized
PGDB_C032981,[2H]C([2H])([2H])Oc1cc(OCCC(F)(F)F)n(-c2cccc(-n3ncc4c(C5CCC(=O)NC5=O)cccc43)c2)c(=O)c1,VAV1,,90.0,>,1,Jurkat,,WO2026145172A1,PGDB_AS002627,% Degradation,luminescence,standardized
PGDB_C024890,[2H]C([2H])([2H])[C@@H]1C=Cc2cc(-c3cccc(C4CCC(=O)NC4=O)c3Cl)ccc2NC1=O,VAV1,,97.06,=,1,Jurkat,Shanghai Meiyue Biotech Development,CN121698875A,PGDB_AS000398,% Degradation,,standardized
PGDB_C029553,[2H]C([2H])([2H])c1cc(-c2cccc(C3CCC(=O)NC3=O)c2Cl)ccc1NC(=O)N(C)C,VAV1,,98.51,=,1,,Shanghai Qilu Pharmaceutical Research And Development Centre,WO2026051943A1,PGDB_AS000777,% Degradation,luminescence,standardized
PGDB_C029622,[2H]C([2H])([2H])c1cc(-c2cccc(C3CCC(=O)NC3=O)c2Cl)ccc1NC(=O)N1CC[C@H](OC)C1,VAV1,,99.0,=,1,,Shanghai Qilu Pharmaceutical Research And Development Centre,WO2026051943A1,PGDB_AS000777,% Degradation,luminescence,standardized
PGDB_C024786,[2H]C([2H])([2H])n1cc2c(n1)-c1ccc(-c3cccc(C4CCC(=O)NC4=O)c3Cl)cc1CC2,VAV1,,94.9,=,1,Jurkat,Shanghai Meiyue Biotech Development,CN121698875A,PGDB_AS000398,% Degradation,,standardized
PGDB_C024775,[2H]C([2H])([2H])n1cc2c(n1)CCc1cc(-c3cccc(C4CCC(=O)NC4=O)c3Cl)ccc1-2,VAV1,,97.6,=,1,Jurkat,Shanghai Meiyue Biotech Development,CN121698875A,PGDB_AS000398,% Degradation,,standardized
PGDB_C010318,[2H]C1(N[C@H]2CCCC[C@@H]2Cc2ccc3c(c2)CN(C2CCC(=O)NC2=O)C3=O)CCC(F)(F)CC1,IKZF1,,54.0,=,0,HEK293,Gilead Sciences,JP2026020265A,PGDB_AS000216,% Degradation,luminescence,standardized
PGDB_C010318,[2H]C1(N[C@H]2CCCC[C@@H]2Cc2ccc3c(c2)CN(C2CCC(=O)NC2=O)C3=O)CCC(F)(F)CC1,IKZF2,,98.0,=,1,HEK293,Gilead Sciences,JP2026020265A,PGDB_AS000211,% Degradation,luminescence,standardized
PGDB_C008583,[2H]C1(N[C@H]2CCCC[C@@H]2Cc2ccc3c(c2F)CN(C2CCC(=O)NC2=O)C3=O)CC2(CC2)C1,IKZF1,,45.0,=,0,HEK293,Gilead Sciences,JP2026020265A,PGDB_AS000216,% Degradation,luminescence,standardized
PGDB_C008583,[2H]C1(N[C@H]2CCCC[C@@H]2Cc2ccc3c(c2F)CN(C2CCC(=O)NC2=O)C3=O)CC2(CC2)C1,IKZF2,,98.0,=,1,HEK293,Gilead Sciences,JP2026020265A,PGDB_AS000211,% Degradation,luminescence,standardized
PGDB_C008581,[2H]C1(N[C@H]2CCCC[C@@H]2Cc2ccc3c(c2F)CN(C2CCC(=O)NC2=O)C3=O)CCCCC1,IKZF1,,37.0,=,0,HEK293,Gilead Sciences,JP2026020265A,PGDB_AS000216,% Degradation,luminescence,standardized
PGDB_C008581,[2H]C1(N[C@H]2CCCC[C@@H]2Cc2ccc3c(c2F)CN(C2CCC(=O)NC2=O)C3=O)CCCCC1,IKZF2,,98.0,=,1,HEK293,Gilead Sciences,JP2026020265A,PGDB_AS000211,% Degradation,luminescence,standardized
PGDB_C024904,[2H]C1(c2cccc(-c3ccc(-n4cc5nc6n(c5cc4=O)CC(F)(F)C6)cc3)c2Cl)CCC(=O)NC1=O,VAV1,,95.87,=,1,Jurkat,Shanghai Meiyue Biotech Development,CN121698875A,PGDB_AS000398,% Degradation,,standardized
PGDB_C024898,[2H]C1(c2cccc(-c3ccc4c(c3)CCC(C)(C)C(=O)N4)c2Cl)CCC(=O)NC1=O,VAV1,,95.13,=,1,Jurkat,Shanghai Meiyue Biotech Development,CN121698875A,PGDB_AS000398,% Degradation,,standardized
PGDB_C024910,[2H]C1CNC(=O)c2ccc(-c3cccc(C4CCC(=O)NC4=O)c3Cl)cc2C1,VAV1,,89.51,=,1,Jurkat,Shanghai Meiyue Biotech Development,CN121698875A,PGDB_AS000398,% Degradation,,standardized
PGDB_C024860,[2H]C1Cc2cc(-c3cccc(C4CCC(=O)NC4=O)c3Cl)ccc2NC(=O)C1(C)C,VAV1,,97.13,=,1,Jurkat,Shanghai Meiyue Biotech Development,CN121698875A,PGDB_AS000398,% Degradation,,standardized
PGDB_C024834,[2H]C1Cc2nc3ccc(=O)n(-c4ccc(-c5cccc(C6CCC(=O)NC6=O)c5Cl)cc4)c3n2C1,VAV1,,106.9,=,1,Jurkat,Shanghai Meiyue Biotech Development,CN121698875A,PGDB_AS000398,% Degradation,,standardized
PGDB_C024835,[2H]C1Cc2nc3ccc(Oc4ccc(-c5cccc(C6CCC(=O)NC6=O)c5Cl)cc4)nc3n2C1,VAV1,,89.4,=,1,Jurkat,Shanghai Meiyue Biotech Development,CN121698875A,PGDB_AS000398,% Degradation,,standardized
PGDB_C024892,[2H]C1Cc2nc3cn(-c4ccc(-c5cccc(C6CCC(=O)NC6=O)c5Cl)cc4)c(=O)cc3n2C1,VAV1,,96.58,=,1,Jurkat,Shanghai Meiyue Biotech Development,CN121698875A,PGDB_AS000398,% Degradation,,standardized
PGDB_C024893,[2H]C1Cc2nc3cnc(Oc4ccc(-c5cccc(C6CCC(=O)NC6=O)c5Cl)cc4)cc3n2C1,VAV1,,95.62,=,1,Jurkat,Shanghai Meiyue Biotech Development Co Ltd,WO2026061428A1,PGDB_AS000765,% Degradation,fluorescence,standardized
PGDB_C024896,[2H][C@@]1(c2cccc(-c3ccc4c(c3)CCC(C)(C)C(=O)N4)c2Cl)CCC(=O)NC1=O,VAV1,,94.61,=,1,Jurkat,Shanghai Meiyue Biotech Development,CN121698875A,PGDB_AS000398,% Degradation,,standardized
PGDB_C024897,[2H][C@]1(c2cccc(-c3ccc4c(c3)CCC(C)(C)C(=O)N4)c2Cl)CCC(=O)NC1=O,VAV1,,97.33,=,1,Jurkat,Shanghai Meiyue Biotech Development,CN121698875A,PGDB_AS000398,% Degradation,,standardized
PGDB_C008606,[2H]c1c([2H])c([2H])c(C([2H])([2H])N[C@H]2CCCC[C@@H]2Cc2ccc3c(c2)CN(C2CCC(=O)NC2=O)C3=O)c([2H])c1[2H],IKZF1,,37.0,=,0,HEK293,Gilead Sciences,JP2026020265A,PGDB_AS000216,% Degradation,luminescence,standardized
PGDB_C008606,[2H]c1c([2H])c([2H])c(C([2H])([2H])N[C@H]2CCCC[C@@H]2Cc2ccc3c(c2)CN(C2CCC(=O)NC2=O)C3=O)c([2H])c1[2H],IKZF2,,98.0,=,1,HEK293,Gilead Sciences,JP2026020265A,PGDB_AS000211,% Degradation,luminescence,standardized
PGDB_C011214,[2H]c1c([2H])c([2H])c(C([2H])N[C@H]2CCCC[C@@H]2Cc2ccc3c(c2)CN(C2CCC(=O)NC2=O)C3=O)c([2H])c1[2H],IKZF1,,29.0,=,0,HEK293,Gilead Sciences,JP2026020265A,PGDB_AS000216,% Degradation,luminescence,standardized
PGDB_C011214,[2H]c1c([2H])c([2H])c(C([2H])N[C@H]2CCCC[C@@H]2Cc2ccc3c(c2)CN(C2CCC(=O)NC2=O)C3=O)c([2H])c1[2H],IKZF2,,90.0,=,1,HEK293,Gilead Sciences,JP2026020265A,PGDB_AS000211,% Degradation,luminescence,standardized
PGDB_C008407,[2H]c1c([2H])c([2H])c(CN(Cc2c([2H])c([2H])c([2H])c([2H])c2[2H])[C@H]2CCCC[C@@H]2Cc2ccc3c(c2)CN(C2CCC(=O)NC2=O)C3=O)c([2H])c1[2H],IKZF2,,57.0,=,0,HEK293,Gilead Sciences,JP2026020265A,PGDB_AS000211,% Degradation,luminescence,standardized
PGDB_C008406,[2H]c1c([2H])c([2H])c(CN[C@H]2CCCC[C@@H]2Cc2ccc3c(c2)CN(C2CCC(=O)NC2=O)C3=O)c([2H])c1[2H],IKZF2,,87.0,=,1,HEK293,Gilead Sciences,JP2026020265A,PGDB_AS000211,% Degradation,luminescence,standardized
PGDB_C033038,[Th]=[Th],VAV1,,98.9,=,1,Jurkat,,WO2026139100A1,PGDB_AS002618,% Degradation,luminescence,standardized
